{
	"Platinum Coin": 11455.153221544673,
	"Gold Coin": 6641.4036511635095,
	"Crystal Coin": 2007.0164379002968,
	"Lost Soul (Item)": 1119.345875975976,
	"Great Health Potion": 427.64711717942083,
	"Great Spirit Potion": 406.3516455523328,
	"Great Mana Potion": 387.53024844181766,
	"Frazzle Tongue": 331.8237348108962,
	"Meat": 300.7663936657068,
	"Ham": 286.78965349400113,
	"Frazzle Skin": 285.4159564867847,
	"Brown Crystal Splinter": 285.18295255406247,
	"Red Crystal Fragment": 272.3405992509353,
	"Gold Ingot": 270.1133293297445,
	"Arrow": 265.232067453628,
	"Fishbone": 255.84110277355637,
	"Bone": 254.61802109430425,
	"Skull": 237.59897952819077,
	"Flask of Demonic Blood": 235.63130825936742,
	"Silencer Claws": 232.73407544836118,
	"Ultimate Health Potion": 214.02503377686483,
	"Small Ruby": 211.55562969500374,
	"Fish Tail": 208.01411678887916,
	"Piece of Iron": 195.35966748357598,
	"Crystal Rubbish": 191.66980279511256,
	"Remains of a Fish": 187.66702880172164,
	"Banana Skin": 180.9862589505339,
	"Honeycomb": 176.38784579279135,
	"Small Sapphire": 172.08729467632386,
	"Wand of Cosmic Energy": 153.64851985066733,
	"Death Toll": 146.60910563495997,
	"Assassin Star": 146.4406400518705,
	"Silencer Resonating Chamber": 131.07513914656772,
	"Fish": 130.15203075904196,
	"Springsprout Rod": 129.4062668266258,
	"Demonic Essence": 118.49170586400658,
	"Red Gem": 110.38745569991714,
	"Small Emerald": 108.85771239332286,
	"Fish Fin": 106.16896547926534,
	"Soul Orb": 103.40295121800085,
	"Ensouled Essence": 99.2087726819689,
	"Roots": 95.12861582596223,
	"Green Crystal Shard": 94.77865977942443,
	"Worm": 93.38403432465519,
	"Hardened Bone": 93.1650364110926,
	"Big Bone": 93.01467068060012,
	"Dragon Ham": 92.52423020190751,
	"Golden Lotus Brooch": 91.39231755572945,
	"Terra Rod": 82.00277876315478,
	"Peacock Feather Fan": 78.12104212202664,
	"Leather Helmet": 77.24340913807636,
	"Violet Gem": 76.0312326753797,
	"Hailstorm Rod": 75.54004819269788,
	"Boar Man Hoof": 75.25708717221828,
	"Haunted Blade": 75.114869014156,
	"Cheese": 73.65019856854374,
	"Terra Legs": 73.00706114815925,
	"Violet Crystal Shard": 72.76814311233082,
	"Blue Gem": 72.52212466644926,
	"Wand of Starstorm": 72.19775977383227,
	"Leather Legs": 71.08736381798325,
	"Yellow Gem": 69.37034695711456,
	"Iron Ore": 62.6957564259189,
	"Titan Axe": 62.57790933061867,
	"Skull Staff": 61.95456297326438,
	"Green Gem": 59.76008223200057,
	"Underworld Rod": 59.06932897690132,
	"Strong Mana Potion": 57.90609987353392,
	"Liodile Fang": 57.353503184713375,
	"Sacred Tree Amulet": 56.96106260786857,
	"Two Handed Sword": 56.680879333878806,
	"Machete": 55.56070079861326,
	"Mutated Flesh": 55.05934527630274,
	"Assassin Dagger": 50.49675595263435,
	"Bow": 48.456453082023,
	"Roll": 47.324141303639706,
	"Wand of Voodoo": 47.2188206202609,
	"Necklace of the Deep": 46.742934846872416,
	"Sapphire Hammer": 45.61597782413678,
	"Cursed Bone": 40.461008631902565,
	"Small Diamond": 40.44708133225872,
	"Torch": 40.130255131765075,
	"Glorious Axe": 39.44127354041127,
	"Orange": 35.382991930477964,
	"Carnivostrich Feather": 35.31401551891368,
	"Mercenary Sword": 34.560450248004386,
	"Mould Heart": 33.86413762681959,
	"Crystal Mace": 32.2726689600872,
	"Giant Shimmering Pearl (Green)": 31.929745632631892,
	"Scythe": 30.434416647182605,
	"Terra Amulet": 30.131568883181863,
	"Blue Crystal Shard": 29.772985653104406,
	"Dark Shield": 29.447756397604422,
	"Wand of Defiance": 28.178198341183975,
	"Sai": 28.023546881353752,
	"Health Potion": 27.67519030476105,
	"Guardian Halberd": 27.45219373822585,
	"Nightmare Blade": 26.370446111252473,
	"Mana Potion": 25.840262203839497,
	"Glacial Rod": 25.80318079697292,
	"Cluster of Solace": 25.578451229069007,
	"Blank Rune": 25.558246086940777,
	"Small Topaz": 25.38165292112872,
	"Diamond Sceptre": 25.334021519245397,
	"Giant Sword": 24.597166727206684,
	"Crystal Sword": 23.841071270447085,
	"White Mushroom": 23.76337436498143,
	"Scale Armor": 23.114483602871804,
	"Stealth Ring": 22.951606332601713,
	"Bashmu Tongue": 22.69866979429327,
	"Bashmu Feather": 22.56832105947609,
	"White Pearl": 22.539800359477066,
	"Crawler's Essence": 21.273487927324886,
	"Dead Frog": 19.666185286880186,
	"Fire Axe": 19.42425555624342,
	"Fir Cone": 18.97283008395188,
	"Ivory Comb": 18.83786293567758,
	"Wyvern Talisman": 18.141253351206434,
	"Mould Robe": 18.060873400970447,
	"Crystal Crossbow": 17.986532967213165,
	"Hunter's Quiver": 17.86219739292365,
	"Beetroot": 17.369483530540453,
	"Twiceslicer": 16.956151861179137,
	"Sword": 16.308714777105113,
	"Magic Light Wand": 16.16698831817225,
	"Rainbow Quartz": 16.148500737978715,
	"War Axe": 16.047542546153785,
	"Mystical Hourglass": 16.006780453588963,
	"Tower Shield": 15.687699103610196,
	"Dowser": 15.312626015927453,
	"Crystal Ring": 15.299851317094605,
	"Poison Arrow": 15.235262762145354,
	"Silver Brooch": 14.968474073310038,
	"Black Pearl": 14.727262504484727,
	"Swampling Moss": 14.563062964820833,
	"Shadow Sceptre": 14.292003789909366,
	"Hellspawn Tail": 14.08999290276792,
	"Strange Talisman": 14.01941864824927,
	"Terra Boots": 13.850249468366234,
	"Hammer of Wrath": 13.546095116369788,
	"Brass Helmet": 13.221800524427424,
	"Boots of Haste": 12.429680958512225,
	"Warrior's Axe": 12.314245031882622,
	"Crab Man Claws": 12.157544956997654,
	"Rat Cheese": 12.088829776014167,
	"Small Amethyst": 11.887982796396832,
	"Soft Cheese": 11.884547736687946,
	"Swampling Club": 11.787134292613084,
	"Rhindeer Antlers": 11.542857142857143,
	"Piece of Swampling Wood": 10.901201718610281,
	"Lightning Legs": 10.620878386330272,
	"Battle Shield": 10.361179467750784,
	"Leviathan's Amulet": 10.251592356687897,
	"Short Sword": 10.229514656543815,
	"Shadow Herb": 10.101222501672268,
	"Stone Skin Amulet": 10.071493088571057,
	"Ruthless Axe": 9.633277551996175,
	"Harpy Feathers": 9.557856272838002,
	"Wood Cape": 9.317108608790411,
	"Cyan Crystal Fragment": 9.195543428831288,
	"Glob of Mercury": 9.05229793977813,
	"Burst Arrow": 9.040347610180012,
	"Ring of Blue Plasma": 9.030436700485224,
	"Brass Armor": 9.013035381750466,
	"Nettle Spit": 8.933518005540165,
	"Collar of Blue Plasma": 8.641754775051073,
	"Ornate Crossbow": 8.583526442786859,
	"Fur Armor": 8.571739920087177,
	"Cherry": 8.486617117322512,
	"Bashmu Fang": 8.279905295822585,
	"Necrotic Rod": 8.156556046744692,
	"Slightly Rusted Armor": 8.103767440448049,
	"Bamboo Stick": 8.080882352941178,
	"Red Piece of Cloth": 8.077082981805702,
	"Spellbook of Mind Control": 8.072951871242484,
	"Tribal Mask": 8.0023107302755,
	"Mystic Turban": 7.7601136550279035,
	"Strong Health Potion": 7.680393530848436,
	"Spider Fangs": 7.647157402571479,
	"Pelvis Bone": 7.498421384971585,
	"Cyclops Toe": 7.321071541663399,
	"Viking Helmet": 7.280862131867044,
	"Morning Star": 7.220382972164833,
	"Earflap": 7.170109340394087,
	"Crystalline Sword": 7.147566727223438,
	"Bola": 7.092446899825688,
	"Cheese Cutter": 7.020712126195152,
	"Magma Coat": 6.688268812013028,
	"Red Mushroom": 6.565423770581128,
	"Centipede Leg": 6.105521264902342,
	"Sling Herb": 5.937785550607219,
	"Lightning Pendant": 5.794452023647112,
	"Hatchet": 5.751920185770642,
	"Voluminous Piece of Cloth": 5.729314710446786,
	"Heavily Rusted Armor": 5.63826607095602,
	"Ludicrous Piece of Cloth": 5.595033896920689,
	"Silky Fur": 5.520770229337948,
	"Dragon Necklace": 5.503414028553694,
	"Ominous Piece of Cloth": 5.415992812219228,
	"Luminous Piece of Cloth": 5.393612676631545,
	"Winter Wolf Fur": 5.2,
	"Obvious Piece of Cloth": 5.169811320754717,
	"Power Bolt": 5.13622654155496,
	"War Hammer": 4.849704411095953,
	"Thick Fur": 4.74504261068385,
	"Dubious Piece of Cloth": 4.722208609001061,
	"Mammoth Tusk": 4.618748700893785,
	"Mace": 4.487381917148933,
	"Silver Amulet": 4.4555081994320345,
	"Poison Spider Shell": 4.438342333881193,
	"Wand of Inferno": 4.433344781485136,
	"Glacier Kilt": 4.431893103153895,
	"Badger Fur": 4.345378957467221,
	"Rubber Cap": 4.099527787867781,