{
	"Platinum Coin": 22252.744646116756,
	"Envenomed Arrow": 5157.584942949841,
	"Gold Coin": 2623.108414983102,
	"Crystal Coin": 1903.3660702728835,
	"Meat": 1443.7029036478032,
	"Blue Crystal Shard": 857.9388672488506,
	"Goanna Meat": 825.6596846013601,
	"Lost Soul (Item)": 757.9419654895486,
	"Terra Rod": 750.2463803129566,
	"Ham": 660.0113738963128,
	"Small Sapphire": 645.1096253217269,
	"Small Enchanted Emerald": 569.1614544463498,
	"Beetroot": 500.1821968449908,
	"Earth Arrow": 485.3481329020876,
	"Snakebite Rod": 464.05531743905703,
	"Red Gem": 454.9368732234501,
	"Yellow Gem": 416.2066764327757,
	"Green Crystal Shard": 408.87086821862886,
	"Ogre Ear Stud": 404.70418602207076,
	"Great Health Potion": 398.2341025284768,
	"Emerald Bangle": 393.3837766774143,
	"Blue Goanna Scale": 383.4595499598178,
	"Goanna Claw": 376.026773967695,
	"Terra Amulet": 368.78791916467924,
	"Ogre Nose Ring": 367.0213215824448,
	"Great Spirit Potion": 341.82826511886924,
	"Flaming Arrow": 338.8178953336262,
	"Onyx Chip": 327.5449309295917,
	"Green Crystal Splinter": 302.66783196304294,
	"Blue Gem": 299.67940900290836,
	"Small Emerald": 298.15517511364106,
	"Terra Hood": 286.475680305051,
	"Red Crystal Fragment": 276.538840436971,
	"Red Goanna Scale": 271.0320493972361,
	"Violet Gem": 269.3334028763015,
	"Serpent Sword": 256.96507830499735,
	"Green Gem": 254.84531217067186,
	"Wand of Inferno": 237.8001123775635,
	"Springsprout Rod": 234.89639355660427,
	"Cyan Crystal Fragment": 228.4063634093914,
	"Gold Ingot": 227.28500659352355,
	"Rainbow Quartz": 220.18592685785518,
	"Leaf Star": 217.86043396731853,
	"Magma Amulet": 207.56690460434223,
	"Sphinx Feather": 202.0471627157924,
	"Scared Frog": 201.40055976980975,
	"Skull Fetish": 184.94912318284236,
	"Sacred Tree Amulet": 177.25372924353923,
	"Small Ruby": 175.54881748102991,
	"Wand of Draconia": 174.17957242264697,
	"Dragon Necklace": 167.76928814074043,
	"Ultimate Health Potion": 164.5508678509521,
	"Sphinx Tiara": 159.59887904539158,
	"Silver Brooch": 151.90979084396284,
	"Violet Crystal Shard": 140.63919512762726,
	"Opal": 137.2934098633776,
	"Thick Fur": 132.05062183500243,
	"Axe": 129.21173469258193,
	"Green Crystal Fragment": 125.54132155075457,
	"Badger Fur": 125.0054365206268,
	"Worm": 123.08615569461621,
	"Werehyaena Nose": 108.86580086580086,
	"Manticore Tail": 107.12283560806682,
	"Wand of Cosmic Energy": 106.94710254643736,
	"Magma Boots": 102.90157139779548,
	"Death Toll": 99.31143534583688,
	"Mammoth Tusk": 98.48364165454167,
	"Fire Axe": 97.93663155687666,
	"Lizard Heart": 97.92617568949049,
	"Knife": 97.85744129742667,
	"Lamassu Horn": 95.52449567723342,
	"Small Amethyst": 92.42090461543705,
	"Roots": 90.93593114989243,
	"Halberd": 88.21015268755013,
	"Prismatic Quartz": 88.11406923272638,
	"Wand of Starstorm": 86.95770196933964,
	"Strong Mana Potion": 85.79936096992954,
	"Small Tortoise": 85.50613885564772,
	"Silver Amulet": 84.37369407982855,
	"Manticore Ear": 83.8455897331432,
	"Raw Meat": 81.05581301632077,
	"White Mushroom": 81.01622793999107,
	"Bolt": 78.93603629393225,
	"Flask of Demonic Blood": 78.08370025563836,
	"Great Mana Potion": 76.10858819079947,
	"Magma Monocle": 74.68491063618065,
	"White Pearl": 71.94374909159227,
	"Winter Wolf Fur": 68.60000000000001,
	"Ensouled Essence": 67.11661582004194,
	"Fur Armor": 66.19650754055638,
	"Boar Man Hoof": 65.0099220411056,
	"Acorn": 63.39075941574664,
	"Wood Cape": 61.97620332198012,
	"Hailstorm Rod": 61.85422895657021,
	"Lamassu Hoof": 56.4121037463977,
	"Terra Legs": 56.340379403260016,
	"Underworld Rod": 53.14023392527451,
	"Piece of Crocodile Leather": 52.88850225965925,
	"Liodile Fang": 52.118396403147244,
	"Magma Legs": 51.67177593783116,
	"Fish": 50.757289537130994,
	"Wand of Voodoo": 49.680465986401025,
	"Plate Shield": 47.85334533491623,
	"Combat Knife": 47.02697938287874,
	"Shamanic Talisman": 45.39235412474849,
	"Blue Crystal Splinter": 45.33511920707206,
	"Wand of Defiance": 44.74958576943,
	"Coral Brooch": 43.94422063069473,
	"Gemmed Figurine": 43.80707820719893,
	"Broken Shamanic Staff": 41.042644757433486,
	"Giant Shimmering Pearl (Green)": 40.82680928665256,
	"Sapphire Hammer": 39.39262934089299,
	"Skull Staff": 38.46158608308054,
	"Mace": 38.44139877617169,
	"Chain Armor": 37.650273134089346,
	"Life Preserver": 36.78691694974881,
	"Brown Crystal Splinter": 36.609448200201626,
	"Machete": 36.1701654096766,
	"Magma Coat": 36.016043038818616,
	"Jalapeno Pepper": 35.78413654618474,
	"Leather Boots": 35.334447909076594,
	"Carnivostrich Feather": 34.024005819592624,
	"Small Enchanted Amethyst": 33.86311804493623,
	"Assassin Dagger": 33.78276622796043,
	"Stone Skin Amulet": 33.23616014655303,
	"Hardened Bone": 32.97901230234239,
	"Titan Axe": 32.932445370420965,
	"Terra Boots": 32.91588843196788,
	"Necklace of the Deep": 32.505261913207995,
	"Mammoth Whopper": 32.25998752858033,
	"Mould Heart": 32.07763564181738,
	"Diamond Sceptre": 31.335311572700295,
	"Lightning Headband": 30.884209434167015,
	"Silky Fur": 29.05668541756815,
	"Mercenary Sword": 28.50567266191954,
	"Cursed Bone": 28.13678018209767,
	"Crystal Mace": 25.3756201275691,
	"Crab Pincers": 24.982770503101307,
	"Wand of Everblazing": 24.783191433487055,
	"Demonic Essence": 24.384147767126493,
	"Giant Sword": 23.062840537595353,
	"Bone": 22.899428965069383,
	"Hydrophytes": 22.643079535805263,
	"Ratana": 22.07723986131066,
	"Skull": 21.057188136418084,
	"Dagger": 20.907335013280665,
	"War Hammer": 20.832994517824137,
	"Scythe": 20.7191956979191,
	"Lightning Pendant": 20.581500679382014,
	"Crystal Sword": 20.384068879331366,
	"Crawler's Essence": 20.335883337317714,
	"Wand of Dragonbreath": 19.95192503564881,
	"Piercing Bolt": 18.608381459056236,
	"Glacial Rod": 17.94365614284025,
	"Two-Headed Turtle Heads": 17.63005943956977,
	"Crystal Crossbow": 17.131734926832735,
	"Mould Robe": 17.108072342302602,
	"Brass Helmet": 17.01854872915919,
	"Wooden Spellbook": 17.000669702652022,
	"Scorpion Tail": 15.93687239164186,
	"War Axe": 15.125310872875472,
	"Glacier Shoes": 15.002728093470571,
	"Giant Shimmering Pearl (Brown)": 14.807228915662652,
	"Ogre Choppa": 14.807228915662652,
	"Twiceslicer": 14.44719382617798,
	"Bone Fetish": 14.374245472837023,
	"Elven Amulet": 13.538904899135447,
	"Tower Shield": 13.533664068036853,
	"Sword Ring": 13.216613393224437,
	"Venison": 13.114709607381943,
	"Hammer of Wrath": 12.908458171567144,
	"Cheese": 12.271079122673076,
	"Orichalcum Pearl": 12.245906910243153,
	"Ivory Comb": 12.203243979446542,
	"Sword": 12.06271021711896,
	"Crystal Ring": 11.845181446072404,
	"Rhindeer Antlers": 11.714285714285714,
	"Brass Shield": 11.605853039880554,
	"Leather Legs": 11.4777355698442,
	"Crab Man Claws": 11.407740422204848,
	"Carrot": 11.210268975682308,
	"Mystical Hourglass": 10.8971241524433,
	"Dragon Ham": 10.838715573970266,
	"Metal Spats": 10.445103857566767,
	"Pair of Iron Fists": 10.445103857566767,
	"Guardian Halberd": 10.408522283033621,
	"Magic Light Wand": 10.261865793780686,
	"Nightmare Blade": 10.15162103017709,
	"Staff": 10.144832604177791,
	"Royal Star": 9.975962517824405,
	"Doublet": 9.714285714285714,
	"Small Diamond": 9.653195312316626,
	"Leviathan's Amulet": 9.315848632446608,
	"Short Sword": 9.29790635208144,
	"Ruthless Axe": 9.208701888596702,
	"Furry Club": 8.955432832812077,
	"Tusk Shield": 8.852894566748837,
	"Torch": 8.7314227415946,
	"Harpy Feathers": 8.695493300852618,
	"Soul Orb": 8.630105443151631,
	"Corncob": 8.590045997706833,
	"Ring of Blue Plasma": 8.554036171151301,
	"Spike Sword": 8.527813712807244,
	"Cobra Tongue": 8.486845888441634,
	"Banana": 8.461538461538462,
	"Protection Amulet": 8.35164835164835,
	"Small Tropical Fish": 8.167279932069064,
	"Elven Hoof": 8.112877691333454,
	"Ornate Crossbow": 8.093985408773293,
	"Warrior's Axe": 7.982337967078911,
	"Haunted Blade": 7.834767535442333,
	"Scale Armor": 7.821273200312229,
	"Brown Bread": 7.6795747911921035,
	"Soldier Helmet": 7.455022889870984,
	"Twigs": 7.010903237036276,