{
	"Gold Coin": 4357.267608246442,
	"Platinum Coin": 1669.9201468122046,
	"Meat": 709.4876630476799,
	"Ham": 628.8839226233696,
	"Great Spirit Potion": 388.5637011772134,
	"Lion's Mane": 219.95521217217635,
	"Fish": 187.94829074142902,
	"Spear": 158.85698995142613,
	"Dark Armor": 134.40126883425853,
	"Chain Armor": 124.84536617681434,
	"Crystal Sword": 122.36450345118948,
	"Soul Orb": 119.22939133613599,
	"Cheese": 105.2110286986818,
	"Great Health Potion": 104.99103623544704,
	"Dead Snake": 93.3972602739726,
	"Worm": 85.44687752057541,
	"Rare Earth": 84.0955266955267,
	"Dragon Ham": 83.45440188636246,
	"Rapier": 79.75579528631226,
	"Orc Leather": 76.70449291402983,
	"Leather Helmet": 73.03827222649313,
	"Short Sword": 70.60129972408399,
	"Scale Armor": 66.18551523510976,
	"Coal": 62.902114908836644,
	"Leather Boots": 62.165589594982336,
	"Small Enchanted Sapphire": 60.26032101486239,
	"Bone": 57.456102927251145,
	"Ankh": 56.836044598793634,
	"Broken Helmet": 56.60120582458954,
	"Great Mana Potion": 54.653785740322185,
	"Torch": 54.57424574073528,
	"Glob of Acid Slime": 52.734776334776335,
	"Black Pearl": 51.791896074030156,
	"Axe": 51.709390451044804,
	"Piece of Crocodile Leather": 45.47609853387367,
	"Hunting Spear": 44.583083820022765,
	"Stonerefiner's Skull": 42.321789321789325,
	"Sword": 41.97802169894477,
	"Poisonous Slime": 41.588300563453636,
	"Ivory Carving": 40.866688476808946,
	"Steel Helmet": 39.34416549861207,
	"Silver Brooch": 39.32842516441604,
	"Serpent Sword": 37.22741094901548,
	"Terra Boots": 35.76218652909651,
	"Ice Rapier": 34.43740251210902,
	"Pirate Coin": 32.44842790470105,
	"Halberd": 32.435101881495754,
	"Half-Digested Stones": 31.035978835978835,
	"Small Enchanted Ruby": 30.17151504458994,
	"Small Diamond": 29.573055078838774,
	"War Hammer": 29.117598126829282,
	"Warwolf Fur": 28.99277349912844,
	"Cobra Tongue": 28.916259344450836,
	"Mouldy Cheese": 28.835486987718422,
	"Wolf Tooth Chain": 28.645370135671588,
	"Lizard Leather": 27.633093364773185,
	"Orc Tooth": 27.416677332517384,
	"Lizard Scale": 26.67584204013737,
	"Shaggy Tail": 26.56113828360407,
	"Twin Hooks": 25.808513816280804,
	"Orcish Axe": 24.857623472912802,
	"Pirat's Tail": 22.931228800957502,
	"White Pearl": 21.95956126509699,
	"Rat Cheese": 21.942376142376144,
	"Cape": 17.397260273972602,
	"Dark Shield": 17.357652656621728,
	"Flask of Embalming Fluid": 16.820361185298232,
	"Health Potion": 16.623618291039133,
	"Plate Shield": 16.399252982546876,
	"Moonlight Crystals": 16.38808691602222,
	"Heavy Old Tome": 16.3552667098517,
	"Obsidian Lance": 15.800784362202835,
	"Doublet": 15.719185453721536,
	"Mace": 15.578629689114655,
	"Knife": 15.552686586523038,
	"Studded Legs": 15.45880058508045,
	"Studded Helmet": 15.33842450323398,
	"Werehyaena Nose": 15.097402597402597,
	"Steel Shield": 14.141447754660346,
	"Lightning Headband": 14.019557667702433,
	"Gauze Bandage": 13.915688986391961,
	"Plate Armor": 13.775896756408684,
	"Morning Star": 13.672736691410941,
	"Rainbow Quartz": 13.500396510705789,
	"Orcish Gear": 12.975240449611803,
	"Broken Crossbow": 12.946878213715374,
	"Knight Axe": 12.883999671619735,
	"Crowbar": 12.66562679582957,
	"Yellow Gem": 12.45579134239323,
	"Glorious Axe": 12.415543219666931,
	"Bow": 12.290337507928951,
	"Green Crystal Shard": 12.00537714712472,
	"Spirit Cloak": 11.692307692307693,
	"Crossbow": 11.185968175000482,
	"Red Crystal Fragment": 10.722610722610723,
	"Shark Fins": 10.656596338560052,
	"Onyx Chip": 10.486915146708961,
	"Skull": 10.411401185698132,
	"Combat Knife": 10.153138860634863,
	"Dragon's Tail": 10.021608791066818,
	"Spiked Squelcher": 9.635785514051296,
	"Tarantula Egg": 9.468393374593067,
	"Wand of Inferno": 9.326692223251028,
	"Cyan Crystal Fragment": 9.323973114264376,
	"Lump of Dirt": 9.203585103859577,
	"Swamp Grass": 8.741285081240768,
	"Small Emerald": 8.731962986929842,
	"Corncob": 8.421626984126984,
	"Magic Light Wand": 8.407970876255883,
	"Titan Axe": 8.196669310071373,
	"Burst Arrow": 8.135925747491216,
	"Bolt": 8.110184996950599,
	"Grappling Hook": 8.092241379310344,
	"Knight Armor": 7.99244725392004,
	"Broken Shamanic Staff": 7.944444444444444,
	"Strong Health Potion": 7.880455990052441,
	"Green Crystal Fragment": 7.782180279267658,
	"Glob of Glooth": 7.436929821114074,
	"Coral Brooch": 7.352894528152261,
	"Battle Axe": 7.227393873846035,
	"Skull Belt": 7.1863653368597165,
	"Strange Talisman": 6.92083174360931,
	"Medicine Pouch": 6.848301329394387,
	"Red Gem": 6.526806526806526,
	"Magma Legs": 6.44141838786328,
	"Pelvis Bone": 6.19869501157651,
	"Throwing Star": 6.079076590101587,
	"Hand Axe": 6.029052553663952,
	"Wand of Starstorm": 6.0213140725035075,
	"Crown Helmet": 5.936209102540669,
	"Shamanic Hood": 5.85515873015873,
	"Life Preserver": 5.827505827505827,
	"Wood": 5.825775480059084,
	"Small Amethyst": 5.822913205864678,
	"Strong Mana Potion": 5.7698665690300395,
	"Small Topaz": 5.665248758422855,
	"Focus Cape": 5.61714812129472,
	"Glooth Injection Tube": 5.545839210155148,
	"Small Enchanted Amethyst": 5.461149006603552,
	"Noble Axe": 5.303727200634417,
	"Bony Tail": 5.174386686432977,
	"Necromantic Rust": 5.147741147741147,
	"Crab Pincers": 4.996554100620262,
	"Spider Fangs": 4.935702889137595,
	"Machete": 4.916869819600195,
	"White Silk Flower": 4.913779250727395,
	"Longsword": 4.898677595918151,
	"Viking Helmet": 4.886932642300272,
	"Piece of Scarab Shell": 4.877438745372103,
	"Brass Helmet": 4.873856678303806,
	"Lion Figurine": 4.689989941919987,
	"Beetroot": 4.347358043766888,
	"Springsprout Rod": 4.1873522235042655,
	"Mouldy Powder": 3.9703075291622483,
	"Hatchet": 3.818145922317887,
	"Glooth Sandwich": 3.746121297602257,
	"Templar Scytheblade": 3.739446463516914,
	"Wand of Voodoo": 3.6594005192751276,
	"Arrow": 3.6396697378623384,
	"Magma Boots": 3.6272233487040877,
	"Troll Green": 3.5651541363141432,
	"Ratana": 3.4965034965034967,
	"Plate Legs": 3.4531352359472107,
	"Brass Legs": 3.179008866946936,
	"Small Sapphire": 3.1776422025100803,
	"Cookie": 3.153712151143996,
	"Bone Club": 3.0747231699777817,
	"Small Ruby": 2.9960599757812973,
	"Battle Shield": 2.959326326754937,
	"Sentinel Shield": 2.8543385193693225,
	"Ultimate Health Potion": 2.8174382075300204,
	"Life Crystal": 2.6312210413522945,
	"Wolf Paw": 2.5924823719734533,
	"Copper Shield": 2.550121065166688,
	"Rope": 2.54700222057735,
	"Studded Armor": 2.474421770729927,
	"Bone Shoulderplate": 2.2903026277301093,
	"Minotaur Horn": 2.266728513290574,
	"Wooden Shield": 2.258216870511795,
	"Ring of Blue Plasma": 2.171792152704136,
	"Terra Rod": 2.107424343318433,
	"Glooth Spear": 2.1004297773764273,
	"Green Crystal Splinter": 2.083333333333333,
	"Crystal Ring": 2.0793431260333204,
	"Carrot": 2.075065824338633,
	"Mana Potion": 1.9992820126896047,
	"Broadsword": 1.9445824127447742,
	"Bronze Gear Wheel": 1.9360636229465569,
	"Studded Club": 1.8870073783755332,
	"Gearwheel Chain": 1.734867076192887,
	"Glooth Axe": 1.648208099259756,
	"Brown Mushroom": 1.6402610344106756,
	"Centipede Leg": 1.6281390039739578,
	"Wood Cape": 1.6118769883351007,
	"Grapes": 1.6055746468117602,
	"Weaver's Wandtip": 1.6005588398897843,
	"Sword Ring": 1.567951105966881,
	"Lightning Boots": 1.5440084835630965,
	"Small Enchanted Emerald": 1.5370748299319725,
	"Zaoan Halberd": 1.5299809953358543,
	"Chicken Feather": 1.5277731162946804,
	"Leather Legs": 1.5262582179349469,
	"Small Stone": 1.5262548525505686,
	"Protection Amulet": 1.50623625301083,
	"Glooth Blade": 1.505110417196967,
	"Zaogun Shoulderplates": 1.499349321435211,
	"Studded Shield": 1.4796637127925472,
	"Scimitar": 1.4386208821673219,
	"Green Mushroom": 1.4375374175100668,
	"Flask of Rust Remover": 1.4114774114774113,
	"Glooth Club": 1.3944758132837967,
	"Poison Arrow": 1.3661702940053455,
	"Brown Crystal Splinter": 1.3392857142857142,
	"Warmaster's Wristguards": 1.3284693106474257,
	"Yellow Piece of Cloth": 1.315886112170927,
	"Iron Ore": 1.2373113292627655,
	"Scroll": 1.2189704445971856,