{
	"Gold Coin": 4365.5234728003825,
	"Platinum Coin": 1142.0694118592062,
	"Glob of Glooth": 233.95021423224253,
	"Ham": 169.60032506912856,
	"Meat": 132.89743062663587,
	"Slimy Leaf Tentacle": 127.54605143169798,
	"Small Topaz": 125.55212916868861,
	"Strong Health Potion": 100.430092372766,
	"Strong Mana Potion": 93.98526715412109,
	"Small Emerald": 85.24682182599265,
	"Small Ruby": 74.67428936192756,
	"Bowl of Glooth Soup": 69.61626846616817,
	"Great Health Potion": 69.3989886936976,
	"Dragon Ham": 68.6920636762441,
	"Small Sapphire": 63.2475905852747,
	"Flask of Demonic Blood": 59.19898782629855,
	"Coal": 51.754398428276915,
	"Piece of Crocodile Leather": 51.08548513717086,
	"Ultimate Health Potion": 50.64698717316553,
	"Great Mana Potion": 50.33896219772159,
	"Worm": 43.577706074482535,
	"Demonic Essence": 42.150122586798936,
	"Green Crystal Splinter": 34.29110677963122,
	"Small Amethyst": 34.057215887167985,
	"Rare Earth": 33.47878787878788,
	"Lump of Earth": 32.92074889867841,
	"Soul Orb": 31.506170294392188,
	"Brown Crystal Splinter": 29.88517157575392,
	"Wyrm Scale": 29.098785726776335,
	"Tainted Glooth Capsule": 29.065083510644627,
	"Glooth Whip": 27.89677184023345,
	"Glooth Club": 27.810984224856327,
	"Glooth Bag": 26.652800502062533,
	"Glooth Axe": 26.566038436889922,
	"White Mushroom": 25.875751436058597,
	"Glooth Blade": 25.154035403927065,
	"Assassin Star": 24.928978930474944,
	"Small Diamond": 22.020536693537355,
	"Blue Crystal Splinter": 21.838898678414097,
	"Glob of Acid Slime": 20.993939393939392,
	"Glooth Amulet": 20.302115533218288,
	"Green Mushroom": 20.221349592194606,
	"Pick": 19.86002447140051,
	"Poisonous Slime": 19.57659197706947,
	"Battle Stone": 19.168949379588682,
	"Hellspawn Tail": 18.052803406671398,
	"Great Spirit Potion": 17.945214175873772,
	"Fish": 17.358065430107324,
	"Glooth Spear": 16.90729485136782,
	"Stonerefiner's Skull": 16.848484848484848,
	"Vein of Ore": 16.043920704845814,
	"Crab Pincers": 15.389386629910407,
	"Cheese": 14.85601944973241,
	"Crossbow": 14.472535896883162,
	"Bone": 14.141854156639264,
	"Double Axe": 12.93268033985041,
	"Glooth Sandwich": 12.705639504234416,
	"Slime Heart": 12.6231241473397,
	"Half-Digested Stones": 12.355555555555554,
	"Burst Arrow": 12.170853879585954,
	"Glooth Steak": 11.53838440519146,
	"Pulverized Ore": 11.355198237885462,
	"Glooth Capsule": 11.127028555956493,
	"Drill Bolt": 10.966079295154184,
	"Dark Armor": 10.837266242373373,
	"Poisoned Fang": 10.831855388813096,
	"Spear": 10.715619360536266,
	"Hand Axe": 9.724278312361214,
	"Plate Armor": 9.58078506410909,
	"Hatchet": 9.421358722356107,
	"Battle Shield": 9.413706553810355,
	"Crowbar": 9.074774704211187,
	"Morning Star": 8.991483321504612,
	"Rat Cheese": 8.735353535353536,
	"Scythe": 8.624736965162498,
	"Two Handed Sword": 7.78376203270617,
	"Necromantic Rust": 7.57020757020757,
	"Axe": 7.475622088314919,
	"Talon": 7.262065236236617,
	"Red Mushroom": 7.105890702625976,
	"Glooth Cape": 7.065972494749873,
	"Magic Light Wand": 6.893340646689103,
	"Banana": 6.769230769230769,
	"Leather Boots": 6.467651226831448,
	"Terra Amulet": 6.367887769472202,
	"Small Enchanted Sapphire": 6.1112494811124956,
	"Leather Helmet": 5.96780162842339,
	"Yellow Gem": 5.896068202892338,
	"Studded Armor": 5.595690219397872,
	"Glooth Injection Tube": 5.545839210155148,
	"Plate Shield": 5.356660043910318,
	"Violet Crystal Shard": 5.3061224489795915,
	"Dwarven Ring": 5.281453854969434,
	"Viper Star": 5.1875852660300135,
	"Iron Ore": 4.937433698348526,
	"War Hammer": 4.882098114974827,
	"Lump of Dirt": 4.601792551929789,
	"Onyx Chip": 4.572851805728519,
	"Steel Boots": 4.545173965344563,
	"Mystical Hourglass": 4.536123451017068,
	"Metal Spike": 4.240255591054313,
	"Bolt": 4.1607245486434525,
	"Gold Ingot": 4.128831430699013,
	"Rope": 4.108068097705404,
	"Opal": 4.051893482034719,
	"Saw": 4.034351145038168,
	"Giant Shimmering Pearl (Green)": 3.987696574335948,
	"Slightly Rusted Armor": 3.9587344805320432,
	"Mace": 3.91148415991959,
	"Copper Shield": 3.7598713292972636,
	"Lion's Mane": 3.6349494304470813,
	"Crystal Necklace": 3.629164386742922,
	"Fire Mushroom": 3.626997894140337,
	"Leather Legs": 3.5923831534433166,
	"Wooden Shield": 3.4252666141040593,
	"Orichalcum Pearl": 3.417091151499142,
	"Studded Club": 3.3130032719936073,
	"Springsprout Rod": 3.2414955876008023,
	"Rotten Feather": 3.2155437517472745,
	"Letter": 2.9446807464411284,
	"Rubber Cap": 2.894055274479482,
	"Carrion Worm Fang": 2.796923953289661,
	"Knight Legs": 2.7760113555713275,
	"Gold-Brocaded Cloth": 2.6555342895851703,
	"Rusted Armor": 2.5839602555003545,
	"Dark Shield": 2.5833528173953706,
	"Giant Sword": 2.5810014993374457,
	"Terra Hood": 2.4739111239951965,
	"Wand of Draconia": 2.472139157306855,
	"Gearwheel Chain": 2.3893237306495414,
	"Bronze Gear Wheel": 2.3267840136669475,
	"Spiked Squelcher": 2.2762769267989005,
	"Kongra's Shoulderpad": 2.2564102564102564,
	"Terra Mantle": 2.174693720041871,
	"Terra Rod": 2.1327482172243553,
	"Voluminous Piece of Cloth": 2.1119006779384137,
	"Studded Shield": 2.08498068620768,
	"Flask of Rust Remover": 2.0757020757020754,
	"Underworld Rod": 2.074527266825593,
	"Ludicrous Piece of Cloth": 2.062403005799232,
	"Scarab Coin": 2.0430117586160814,
	"Heavy Old Tome": 2.0314873419248918,
	"Sword": 2.012336086188561,
	"Ominous Piece of Cloth": 1.996406109613657,
	"Luminous Piece of Cloth": 1.9881564975904598,
	"Pelvis Bone": 1.9112388962716995,
	"Obvious Piece of Cloth": 1.9056603773584906,
	"Torch": 1.8944846274215703,
	"Death Ring": 1.873371570963081,
	"Demon Horn": 1.8074863646551937,
	"Scarab Pincers": 1.790160342595359,
	"Terra Legs": 1.7769827135214926,
	"Terra Boots": 1.773888533026195,
	"Lightning Pendant": 1.7519055740631946,
	"Dubious Piece of Cloth": 1.7406681368945518,
	"Chain Armor": 1.7282191315929434,
	"Beetroot": 1.7184136662252485,
	"Sabre": 1.7116564417177915,
	"Clay Lump": 1.6400881057268721,
	"Cat's Paw": 1.5896946564885497,
	"Slightly Rusted Legs": 1.5873015873015872,
	"Warrior Helmet": 1.572453973191374,
	"Beastslayer Axe": 1.5101120988922676,
	"Nail": 1.465201465201465,
	"Tiger Eye": 1.3846153846153846,
	"White Pearl": 1.3805585095907675,
	"Vexclaw Talon": 1.3262467713093582,
	"Soldier Helmet": 1.3016706633108068,
	"Perfect Behemoth Fang": 1.2832424541668455,
	"Green Gem": 1.2630482141517172,
	"Fafnar Symbol": 1.2429090296661078,
	"Cyan Crystal Fragment": 1.2130196177379675,
	"Royal Spear": 1.1790335450974778,
	"Shovel": 1.1194986977360484,
	"Wand of Starstorm": 1.1103232584520084,
	"Crystal Ring": 1.0761837928609062,
	"Lamassu Horn": 1.074118463382325,
	"Strange Symbol": 1.0634150530247735,
	"Power Bolt": 1.0572025202297881,
	"Studded Helmet": 1.0486923376640498,
	"Steel Shield": 1.0432109925872355,
	"Orc Leather": 1.0274151231351412,
	"Lightning Legs": 1.0131897701849133,
	"Broken Helmet": 0.9913072103581229,
	"Bunch of Troll Hair": 0.9787266671376461,
	"Secret Instruction": 0.9718976919704969,
	"Black Pearl": 0.9240742082909268,
	"Unholy Bone": 0.9223069590085796,
	"Scarab Amulet": 0.9129236795803871,
	"Big Bone": 0.8867457305165616,
	"Berserk Potion": 0.8748086126917505,
	"Snakebite Rod": 0.8657874321179209,
	"Heat Core": 0.8370496120361905,
	"Red Gem": 0.8227136071829242,
	"Blue Crystal Shard": 0.8068269976726143,
	"Skull Staff": 0.7897130831752239,
	"Dragon's Tail": 0.7837167595319905,
	"Brass Helmet": 0.7673689199180582,
	"Arrow": 0.7587850570890146,
	"Nightmare Blade": 0.740719336403914,
	"Focus Cape": 0.7011337937778864,
	"Some Grimeleech Wings": 0.69418288344842,
	"Brown Mushroom": 0.6878338120655301,
	"Butcher's Axe": 0.6789838626025396,
	"Broken Iks Sandals": 0.6712328767123288,
	"Empty Honey Glass": 0.6627061819310939,
	"Gear Wheel": 0.6600846262341326,
	"Jewelled Backpack": 0.6545801526717557,
	"Knight Axe": 0.6350488356973476,
	"Lamassu Hoof": 0.6324355011669716,
	"Ancient Amulet": 0.6199581714968628,
	"Fire Axe": 0.6185228942173199,
	"Behemoth Claw": 0.5962818255978705,