{
	"Gold Coin": 6024.639052925881,
	"Platinum Coin": 1543.3082096903756,
	"Meat": 266.7575102266876,
	"Dragon Ham": 255.75388982331498,
	"Great Mana Potion": 238.1011266187451,
	"Great Health Potion": 224.1697814797414,
	"Dagger": 203.3896121803942,
	"Skull": 199.25974847592164,
	"Ham": 147.42642435605086,
	"Tainted Glooth Capsule": 144.43925132168332,
	"Glooth Bag": 132.04148753428294,
	"Glob of Glooth": 124.73962795316703,
	"Worm": 103.54631665053006,
	"Rare Earth": 98.44357864357865,
	"Ice Rapier": 94.57899653234354,
	"Coal": 91.06836791593568,
	"Pirate Coin": 89.3005632358859,
	"Ultimate Health Potion": 76.45623189466863,
	"Brown Bread": 72.95596051632498,
	"Shrimp": 71.41076349768036,
	"Fish": 67.89172451517797,
	"Pirat's Tail": 63.136038415685206,
	"Great Spirit Potion": 63.08331575703384,
	"Glob of Acid Slime": 61.73217893217893,
	"Poisonous Slime": 61.689956425144544,
	"Crystal Sword": 61.013843496107484,
	"Small Topaz": 60.413984471874194,
	"Small Emerald": 58.92635727539134,
	"Arrow": 58.14124244462532,
	"Sabre": 57.333257403189066,
	"Strong Health Potion": 56.16408181720625,
	"Glooth Steak": 55.47630106664759,
	"Glooth Capsule": 55.28982867467629,
	"Bone": 52.93890059488569,
	"Slime Heart": 52.434515688949524,
	"Flask of Demonic Blood": 50.472527472527474,
	"Stonerefiner's Skull": 49.542568542568546,
	"Small Sapphire": 48.509731563746726,
	"Cheese": 48.08979113537589,
	"Poisoned Fang": 44.993860845839016,
	"Glooth Sandwich": 44.52327446224533,
	"Spear": 43.06255033141823,
	"Quara Tentacle": 40.20436668105957,
	"Glooth Spear": 37.60837172551835,
	"Longsword": 37.101846086040794,
	"Half-Digested Stones": 36.33121693121693,
	"Knight Axe": 35.358344963467694,
	"Crowbar": 34.75905098103604,
	"Quara Bone": 34.005857612341856,
	"Flaming Arrow": 33.65670539251897,
	"Quara Eye": 33.43252627627628,
	"Scale Armor": 30.670373642847505,
	"Strong Mana Potion": 30.66653851742661,
	"Quara Pincers": 29.439054572453905,
	"Shark Fins": 29.32580883635486,
	"Glooth Axe": 28.721931902845593,
	"Small Diamond": 28.149632209213603,
	"Glooth Club": 28.103046157540398,
	"Girlish Hair Decoration": 27.323177227715455,
	"Gloom Wolf Fur": 27.21341187131853,
	"Glooth Blade": 27.166941633188436,
	"Rat Cheese": 25.686099086099087,
	"Wand of Inferno": 25.290826674432225,
	"Leather Helmet": 24.956231009990997,
	"Terra Boots": 24.898841756134694,
	"Wolf Tooth Chain": 24.737236884356214,
	"Steel Shield": 24.57681450456522,
	"Glooth Amulet": 24.016555245292015,
	"Grapes": 23.77443252370219,
	"Small Ruby": 23.645664249470347,
	"Knight Armor": 23.487621969614516,
	"Grappling Hook": 22.27293103448276,
	"Viper Star": 21.548431105047747,
	"Double Axe": 21.264191791800506,
	"Small Amethyst": 20.934018053676652,
	"Torch": 18.41566394613184,
	"Wyvern Talisman": 17.90097184986595,
	"Brass Armor": 17.334601318644452,
	"Demonic Essence": 16.450549450549453,
	"Dragon's Tail": 16.26350669994234,
	"Short Sword": 15.860135998785868,
	"Hand Axe": 15.558845299777941,
	"Crossbow": 15.440814112663688,
	"Plate Armor": 15.167731252822245,
	"Focus Cape": 14.802561366061898,
	"Protective Charm": 14.600064683189657,
	"Burst Arrow": 14.5197331142196,
	"Small Stone": 14.135350555680825,
	"Scythe": 13.978021978021978,
	"Wand of Starstorm": 13.602931034482758,
	"Fish Fin": 13.121940370575487,
	"Bow": 13.051236497822261,
	"Giant Shimmering Pearl (Green)": 12.805962634487368,
	"Springsprout Rod": 12.485734957534946,
	"Rubber Cap": 12.31572492079967,
	"Terra Hood": 11.749739110605201,
	"Axe": 11.51780339973984,
	"Two Handed Sword": 11.184372722750908,
	"Mouldy Powder": 11.068305851506599,
	"Wolf Paw": 10.966850055250893,
	"Terra Mantle": 10.807224531110775,
	"Leather Legs": 10.659336665152203,
	"Mace": 10.36874335770153,
	"Brass Shield": 10.06851598456201,
	"Leather Boots": 10.053876869380137,
	"Health Potion": 9.978498411652675,
	"Magma Boots": 9.714916931778014,
	"Roll": 9.200448596244978,
	"Orange": 9.056877794525485,
	"Power Bolt": 9.000995653590541,
	"Terra Legs": 8.829493666207432,
	"Black Pearl": 8.766296358035182,
	"Wand of Voodoo": 8.378628853989355,
	"White Pearl": 7.983108108108109,
	"Green Mushroom": 7.925337126953116,
	"Small Axe": 7.697386653770975,
	"Beastslayer Axe": 7.5746580279543,
	"Mana Potion": 7.530807528371107,
	"Mystical Hourglass": 7.351648351648351,
	"Halberd": 7.2509643636121,
	"Magic Light Wand": 6.953276945551358,
	"Rope": 6.874070027367392,
	"Egg": 6.868928042153796,
	"Elvish Talisman": 6.724875467374497,
	"Leather Armor": 6.69608750155159,
	"Voluminous Piece of Cloth": 6.64935064935065,
	"Ludicrous Piece of Cloth": 6.4935064935064934,
	"Pelvis Bone": 6.403222724300944,
	"Cyclops Toe": 6.334251168489892,
	"Ominous Piece of Cloth": 6.2857142857142865,
	"Luminous Piece of Cloth": 6.259740259740259,
	"Heavy Old Tome": 6.065299953848741,
	"Obvious Piece of Cloth": 6,
	"Ring of Blue Plasma": 5.949805585012372,
	"Glooth Cape": 5.910365043674306,
	"Rotten Piece of Cloth": 5.888587077525939,
	"Demonic Skeletal Hand": 5.748085872992043,
	"Shaggy Tail": 5.696539825553533,
	"Poison Arrow": 5.680911573953317,
	"Blank Rune": 5.643599472337244,
	"Dubious Piece of Cloth": 5.48051948051948,
	"Royal Spear": 5.471719794994369,
	"Book (Gemmed)": 5.4593091402174165,
	"Wooden Shield": 5.316403176673058,
	"Viking Helmet": 5.2541232732839305,
	"Chain Armor": 5.160002566127151,
	"Studded Club": 4.997069507443402,
	"Throwing Star": 4.795676324876145,
	"Talon": 4.769477738896524,
	"Steel Helmet": 4.698084145745433,
	"Red Apple": 4.66657245578996,
	"Hunter's Quiver": 4.567039106145252,
	"Wood Cape": 4.41587133262637,
	"Life Ring": 4.358150004481866,
	"Battle Shield": 4.348664357367846,
	"Obsidian Lance": 4.290553395700734,
	"Lightning Boots": 4.2299399080947335,
	"Dark Shield": 4.186813186813187,
	"Skull Staff": 3.9707457644561757,
	"Bone Club": 3.9513053838888013,
	"Terra Amulet": 3.720450523271296,
	"Slightly Rusted Armor": 3.659340659340659,
	"Green Gem": 3.5549768766144063,
	"Yellow Gem": 3.5209126008873706,
	"Beetroot": 3.334179576042965,
	"Hatchet": 3.323370518487336,
	"Northwind Rod": 3.196298125223492,
	"Plate Shield": 3.066833975134744,
	"Life Crystal": 3.0567093958182316,
	"Energy Ring": 3.043368343637241,
	"Broadsword": 3.042849394322907,
	"Ring of Healing": 3.001054125933492,
	"Plate Legs": 2.9216623188780124,
	"Hunting Spear": 2.906571114691479,
	"Chain Helmet": 2.792030298040507,
	"Cookie": 2.6508927530665165,
	"Wand of Cosmic Energy": 2.5446321939184053,
	"Mouldy Cheese": 2.3981795188386803,
	"Brass Helmet": 2.253840782122905,
	"Scroll": 2.227411369739275,
	"Morning Star": 2.2213484397040837,
	"Battle Hammer": 2.1960106832594395,
	"Iron Helmet": 2.1621354357362166,
	"Ghoul Snack": 2.055483813510264,
	"Bread": 1.9695339216609469,
	"Sling Herb": 1.9666148237239507,
	"Orichalcum Pearl": 1.8791208791208793,
	"Golden Mug": 1.8464296384822227,
	"Fox Paw": 1.8082895013675575,
	"Underworld Rod": 1.6229789866153503,
	"Green Dragon Scale": 1.5859699873440607,
	"Terra Rod": 1.575594750845025,
	"Green Dragon Leather": 1.555673218482837,
	"Cleaver": 1.530011819978744,
	"Melon": 1.5267156242086604,
	"Goat Grass": 1.4470130244629211,
	"Dragon Necklace": 1.418003849100515,
	"Sword": 1.409370478306297,
	"Bunch of Troll Hair": 1.381725886575538,
	"Small Flask of Eyedrops": 1.3645654758865196,
	"Spellbook": 1.3482174772579716,
	"Heat Core": 1.3424181520290208,
	"Mercenary Sword": 1.2470358096480114,
	"Hydra Head": 1.2189062752056783,
	"Dead Frog": 1.1918900173866778,
	"Red Dragon Scale": 1.1790122038105306,
	"Dark Rosary": 1.173643485365502,
	"Emerald Bangle": 1.1654349480469741,
	"Nightmare Blade": 1.153846153846154,
	"Heaven Blossom": 1.0976504186328335,
	"War Axe": 0.9609932309833716,
	"White Mushroom": 0.9129244755862835,
	"Scorpion Tail": 0.9106784223795348,
	"Book of Necromantic Rituals": 0.9064039408866995,
	"Throwing Knife": 0.9029484415949076,
	"Dreaded Cleaver": 0.8702844494838721,
	"Cherry": 0.8426428343440792,
	"Dark Mushroom": 0.829321442682297,
	"Swampling Moss": 0.797976052866895,