{
	"Gold Coin": 6403.172077026865,
	"Skull": 1006.305875245515,
	"Dagger": 984.9788916888011,
	"Spear": 628.1465982509419,
	"Bone": 551.8528743205895,
	"Meat": 517.6969538835134,
	"Worm": 460.25462055738507,
	"Brown Bread": 364.50068306712154,
	"Sabre": 285.7378132118451,
	"Platinum Coin": 280.79086918436064,
	"Rotten Piece of Cloth": 280.73838892104914,
	"Torch": 231.18858670690014,
	"Great Health Potion": 203.4936265312415,
	"Girlish Hair Decoration": 188.3146019792528,
	"Chain Armor": 147.39415704301288,
	"Flask of Embalming Fluid": 142.06549662978506,
	"Great Mana Potion": 124.14977357335997,
	"Dragon Ham": 118.40031194891289,
	"Gauze Bandage": 117.53250985628894,
	"Pelvis Bone": 103.78272177713191,
	"Protective Charm": 100.39168670525481,
	"Viking Helmet": 99.86258866304114,
	"Ghoul Snack": 97.99519080910184,
	"Ham": 93.39445819228862,
	"Mace": 90.06002033034333,
	"Red Apple": 84.39847009735745,
	"Small Stone": 83.6334178134287,
	"Flask of Demonic Blood": 83.16266276673855,
	"Magic Light Wand": 77.39706367825609,
	"Bolt": 76.45155534401955,
	"Ice Rapier": 67.5663881624547,
	"Stone Wing": 65.1622924289333,
	"Heavy Old Tome": 62.240720275325934,
	"Plate Shield": 61.01580226050281,
	"Pirate Coin": 60.89069640844998,
	"Demonic Essence": 60.18435540261454,
	"Strange Talisman": 58.453643647462805,
	"Hunting Spear": 56.49870193118043,
	"Hatchet": 56.274612414663245,
	"Vampire Teeth": 55.572603673315776,
	"Cookie": 54.978077537186486,
	"Potato": 53.87207993245145,
	"Candlestick": 52.78942642290818,
	"Strong Mana Potion": 48.38257658817902,
	"Silver Brooch": 47.209137961464286,
	"Pirat's Tail": 43.180282268290966,
	"Crystal Sword": 42.64215372544038,
	"Crowbar": 36.19185769069465,
	"Sword": 35.83382932503456,
	"Soul Orb": 30.984661556239278,
	"Strong Health Potion": 30.87173264629511,
	"Ultimate Health Potion": 30.464004819194095,
	"Battle Shield": 29.706878400672327,
	"Blood Preservation": 28.671722155814695,
	"Steel Shield": 28.2803409466208,
	"Bone Sword": 26.118418949797153,
	"Hellspawn Tail": 25.83165365507452,
	"Black Pearl": 24.975114405962366,
	"Wolf Tooth Chain": 24.89716444019995,
	"Axe": 24.72457798649354,
	"Brass Helmet": 24.047940261084324,
	"Knight Axe": 23.97586405057056,
	"Arrow": 22.257723835956334,
	"Minotaur Horn": 21.652149891693185,
	"Morning Star": 21.35454369803796,
	"Scale Armor": 20.603656856485312,
	"Burst Arrow": 20.365216907489735,
	"Shark Fins": 19.83088416386175,
	"Star Herb": 19.58569706030628,
	"Pile of Grave Earth": 19.106514672485194,
	"Brown Piece of Cloth": 19.04071529445744,
	"Flaming Arrow": 18.304523985405055,
	"Witch Broom": 18.241370972616817,
	"Crystal Ring": 18.14923227089499,
	"Wand of Inferno": 18.130951867692477,
	"Plate Armor": 17.912217634406616,
	"Assassin Star": 17.82877095020025,
	"Grapes": 16.986143111853707,
	"Fish": 16.887314293573176,
	"Grappling Hook": 16.569827586206895,
	"Sniper Arrow": 16.274539239491354,
	"Half-Digested Piece of Meat": 15.649084700996534,
	"Knight Armor": 15.225885154612508,
	"Dragon's Tail": 13.671828120727362,
	"Crossbow": 13.214032779993476,
	"Small Amethyst": 13.11148982934666,
	"Scythe": 12.887537993920972,
	"Broken Crossbow": 12.855865013214068,
	"Protection Amulet": 12.782322328070617,
	"Leather Boots": 12.680951417771336,
	"Knife": 12.559041528104329,
	"Moonlight Rod": 12.300327555289899,
	"Werehyaena Nose": 11.824675324675326,
	"Carrot": 11.676088645849743,
	"Small Ruby": 11.484797102124391,
	"Brass Shield": 11.215092763981263,
	"Wand of Starstorm": 11.161494252873563,
	"Leather Legs": 11.127521337688744,
	"Yellow Piece of Cloth": 11.114030904235024,
	"Small Topaz": 11.113323744895203,
	"Tooth File": 10.803250025712229,
	"Frosty Heart": 10.68783550931142,
	"Strawberry": 10.6597945398255,
	"Piercing Bolt": 10.316949037637295,
	"Terra Boots": 10.273594909862142,
	"Red Mushroom": 10.16777856635912,
	"Leather Helmet": 10.067150458954375,
	"Focus Cape": 10.03735325506937,
	"Steel Helmet": 9.910501350472043,
	"Ice Cube": 9.781683343473457,
	"Coal": 9.484655160835404,
	"Beetroot": 9.4066008342108,
	"Dark Armor": 9.30292411398728,
	"Cape": 9.115154445989239,
	"Heavily Rusted Armor": 8.858307590512332,
	"Halberd": 8.819849445791586,
	"Longsword": 8.747938039507508,
	"Vampire's Cape Chain": 7.894682711097397,
	"Silver Amulet": 7.841660094854458,
	"Red Crystal Fragment": 7.827505827505828,
	"Springsprout Rod": 7.78448275862069,
	"Piece of Dead Brain": 7.73071253071253,
	"Minotaur Leather": 7.4680220967966,
	"Small Diamond": 7.37823619927214,
	"Wand of Voodoo": 7.192491910631222,
	"Piece of Warrior Armor": 7.159280830590023,
	"Sickle": 7.14610409236535,
	"Poison Dagger": 7.108865165592118,
	"Brass Armor": 7.051896152628439,
	"Health Potion": 6.9707120795364705,
	"Mouldy Powder": 6.9480381760339345,
	"Red Gem": 6.7948957384401565,
	"Mystical Hourglass": 6.778115501519756,
	"Piece of Archer Armor": 6.748119536491157,
	"Two Handed Sword": 6.6977058301532155,
	"Great Spirit Potion": 6.631588826631944,
	"Iron Helmet": 6.597885887780995,
	"Rusted Armor": 6.468972596540131,
	"Double Axe": 6.380582411993067,
	"Rotten Meat": 6.265693012102624,
	"Pick": 6.2355413459282385,
	"Magma Boots": 6.224355203379953,
	"Elvish Talisman": 6.150414362380216,
	"Metal Spike": 6.007028753993611,
	"Compass": 5.7141398108967225,
	"Bow": 5.554909808618508,
	"Poison Arrow": 5.503902627445393,
	"Hand Axe": 5.44559585492228,
	"Dirty Cape": 5.349386960556927,
	"Scroll": 5.180624389538039,
	"Saw": 5.082234559333796,
	"Steel Boots": 5.079207482575867,
	"Yellow Gem": 5.020486953489225,
	"Garlic Necklace": 5.003790901192277,
	"Combat Knife": 4.90884565556111,
	"Purple Robe": 4.670049099836334,
	"Orichalcum Pearl": 4.576554718628781,
	"Simple Dress": 4.557402243596244,
	"Bonelord Eye": 4.528746928746929,
	"Grave Flower": 4.487110586662459,
	"Fire Mushroom": 4.441545395139906,
	"Obsidian Lance": 4.376237623762377,
	"Knight Legs": 4.285545485735465,
	"Life Preserver": 4.254079254079254,
	"Small Enchanted Amethyst": 4.213283849647486,
	"Wooden Shield": 4.013847634766359,
	"Crystal Necklace": 3.9161004450399544,
	"Dark Shield": 3.8601823708206684,
	"Coat": 3.8419671507408095,
	"Ring of Blue Plasma": 3.8006362672322376,
	"Roll": 3.7511578616664276,
	"Melon": 3.707737944506747,
	"Slightly Rusted Armor": 3.684694918735118,
	"Bone Shield": 3.637497990429609,
	"Green Mushroom": 3.613394634122705,
	"Life Ring": 3.599208711100919,
	"Hair of a Banshee": 3.578269383263476,
	"Short Sword": 3.5765847126071635,
	"Throwing Star": 3.517695549557185,
	"Bat Wing": 3.481490542134463,
	"Emerald Bangle": 3.473642315735952,
	"Clerical Mace": 3.4589776898961495,
	"Piece of Crocodile Leather": 3.4056990091447243,
	"Mutated Bat Ear": 3.3663366336633667,
	"Gold Ingot": 3.2674339132820744,
	"Katana": 3.223219086972519,
	"Petrified Scream": 3.0772417587752656,
	"Spellbook": 3.066673200483185,
	"Blank Rune": 3.05032015338422,
	"Fox Paw": 3.02747738270566,
	"Cheese": 2.8454190761826084,
	"White Mushroom": 2.8294999348977594,
	"Plate Legs": 2.8225306663678196,
	"Wood Cape": 2.820784729586426,
	"Black Shield": 2.812931640632314,
	"Small Emerald": 2.7622271672778185,
	"Lightning Boots": 2.73486973713395,
	"Green Crystal Fragment": 2.722610722610723,
	"Werebadger Claws": 2.685727049363413,
	"Elven Scouting Glass": 2.625259853209452,
	"Piece of Marble Rock": 2.5789825499577823,
	"Ratana": 2.5524475524475525,
	"Werebadger Skull": 2.510833147196784,
	"Broadsword": 2.446212258181161,
	"Death Ring": 2.423392695903737,
	"Demon Horn": 2.4099818195402585,
	"Dark Mushroom": 2.3946510491724653,
	"Bread": 2.3652280866765545,
	"Rope": 2.3495523571768864,
	"Velvet Tapestry": 2.3299748953974895,
	"Brown Mushroom": 2.300815988981344,
	"Spike Sword": 2.268191209351032,
	"Warrior Helmet": 2.2484031227821153,
	"Haunted Blade": 2.223323338402046,
	"Hibiscus Dress": 2.208937238493724,
	"Rapier": 2.1814461853227805,
	"Poisonous Slime": 2.1697280926986635,
	"Troll Green": 2.0962160338783717,
	"Green Crystal Splinter": 2.083333333333333,
	"Mana Potion": 2.0832982153079915,