{
	"Gold Coin": 3412.39053585235,
	"Platinum Coin": 1220.922015941179,
	"Meat": 333.59320966189193,
	"Great Health Potion": 225.85075898522294,
	"Great Mana Potion": 218.60056139249798,
	"Rare Earth": 187.72034632034632,
	"Coal": 140.5643008541463,
	"Glob of Acid Slime": 117.71601731601731,
	"Ice Rapier": 105.54162273406504,
	"Pirate Coin": 99.77815850875254,
	"Stonerefiner's Skull": 94.47186147186147,
	"Plate Shield": 92.79596015953992,
	"Tainted Glooth Capsule": 92.08158785207519,
	"Poisonous Slime": 91.84386724386725,
	"Glooth Bag": 82.87160353852155,
	"Worm": 80.28085698315296,
	"Pirat's Tail": 70.51523993107857,
	"Half-Digested Stones": 69.27936507936508,
	"Crystal Sword": 68.11181348000986,
	"Chain Armor": 62.201447884910024,
	"Ham": 56.3323007315818,
	"Mace": 55.98663035373837,
	"Ultimate Health Potion": 50.57946234780703,
	"White Mushroom": 49.353724697146745,
	"Rat Cheese": 49.27562839354534,
	"Great Spirit Potion": 41.310386632420915,
	"Bolt": 40.628519402429845,
	"Knight Axe": 39.475412527707086,
	"Crowbar": 38.98795295527981,
	"Banana": 37.02514823974364,
	"Glooth Capsule": 35.22854695748846,
	"Brass Helmet": 33.11426276016286,
	"Shark Fins": 32.65084968393399,
	"Green Mushroom": 30.61816425951365,
	"Glooth Steak": 29.315108858795696,
	"Small Stone": 28.8489941933122,
	"Glooth Sandwich": 28.380406513102997,
	"Spear": 27.13104757222959,
	"Knight Armor": 27.03557291853346,
	"Small Emerald": 26.416289336750037,
	"Fish": 26.21150843795014,
	"Wand of Inferno": 25.281114221410355,
	"Grappling Hook": 24.970344827586207,
	"Snake Skin": 24.84930718865786,
	"Short Sword": 24.609246329187055,
	"Terra Boots": 24.043346436682192,
	"Sword": 23.430300130216366,
	"Blank Rune": 22.28114426422648,
	"Lump of Earth": 21.727385559020362,
	"Small Sapphire": 21.6846944100847,
	"Battle Stone": 21.11579580095316,
	"Axe": 20.5931187514275,
	"Small Amethyst": 18.106970145445935,
	"Orc Leather": 17.151207352276902,
	"Cyclops Toe": 17.07454550380949,
	"Bone": 17.054973674896136,
	"Small Topaz": 16.932828225876662,
	"Focus Cape": 16.526147278548557,
	"Assassin Star": 15.569439243124133,
	"Wand of Starstorm": 15.250344827586208,
	"Double Axe": 14.880227384487197,
	"Plate Armor": 13.301211900599332,
	"Leather Boots": 13.295728721006967,
	"Minotaur Horn": 12.924481888549487,
	"Springsprout Rod": 12.924478866884941,
	"Magic Light Wand": 12.680945820042123,
	"Mouldy Powder": 12.283138918345704,
	"Life Ring": 11.98194653930021,
	"Glooth Spear": 11.52682137911025,
	"Glooth Axe": 11.52489497903845,
	"Glooth Club": 11.484662269703595,
	"Glooth Blade": 11.44885231747931,
	"Glooth Amulet": 11.291391584932985,
	"Strand of Medusa Hair": 11.23006676915311,
	"Magma Boots": 10.98023624809638,
	"Scarab Coin": 10.719173477846036,
	"Power Bolt": 10.146987666435448,
	"Energy Ring": 9.891417260222985,
	"Halberd": 9.839079550417015,
	"Orange": 9.599162338244454,
	"Orcish Gear": 9.473985090192746,
	"Dead Snake": 9.434066694340666,
	"Wand of Voodoo": 9.388624771822265,
	"Arrow": 8.864035692665619,
	"Two Handed Sword": 8.626873202498755,
	"Battle Shield": 8.466470002383511,
	"Battle Axe": 8.39486533650512,
	"Scarab Pincers": 8.377950403346281,
	"Heavy Old Tome": 8.000751449096466,
	"Terra Hood": 7.969307395747496,
	"Broken Helmet": 7.966317698430818,
	"Giant Shimmering Pearl (Green)": 7.897070150736339,
	"Terra Mantle": 7.889960594007382,
	"Rubber Cap": 7.878189489342457,
	"Hunting Spear": 7.722332613648383,
	"Scale Armor": 7.438228222344406,
	"Terra Amulet": 7.307570496643513,
	"Rope": 7.182989217815702,
	"Shovel": 6.77828242143498,
	"Ring of Blue Plasma": 6.71898197242842,
	"Soldier Helmet": 6.508353316554033,
	"Insectoid Eggs": 6.284153949689882,
	"Torch": 6.19343873744031,
	"Studded Legs": 6.14627011214042,
	"Terra Legs": 6.062956503141378,
	"Dark Armor": 5.896771570836235,
	"Cheese": 5.74744689746335,
	"Piece of Scarab Shell": 5.732247597653813,
	"Studded Helmet": 5.721366570316507,
	"Voluminous Piece of Cloth": 5.373846279506657,
	"Leather Helmet": 5.352130666167699,
	"Ludicrous Piece of Cloth": 5.247896757330719,
	"Minotaur Leather": 5.168689429399393,
	"Damselfly Wing": 5.082586607439176,
	"Ominous Piece of Cloth": 5.0799640610961365,
	"Luminous Piece of Cloth": 5.058972474066813,
	"Beastslayer Axe": 5.05244952235764,
	"Orc Tooth": 4.994875187488774,
	"Wood Cape": 4.986744432661718,
	"Kongra's Shoulderpad": 4.960654754373386,
	"Earth Arrow": 4.944264675644587,
	"Golden Mug": 4.92043243609048,
	"Obvious Piece of Cloth": 4.849056603773585,
	"Piercing Bolt": 4.790029550814731,
	"Lightning Boots": 4.77677624602333,
	"Hand Axe": 4.667653589933383,
	"Dubious Piece of Cloth": 4.429224863187127,
	"Corncob": 4.426752645502646,
	"Carrot": 4.420346514097324,
	"Damselfly Eye": 4.2944014704756075,
	"Scarab Amulet": 4.2724828204362115,
	"Broken Shamanic Staff": 4.175925925925926,
	"Leather Legs": 4.173598815605838,
	"Mercenary Sword": 4.121982219740567,
	"Health Potion": 4.068596585032264,
	"Glooth Cape": 3.6584007887519987,
	"Medusa Shield": 3.6360614909662528,
	"Crystal Necklace": 3.5838735992443436,
	"Throwing Knife": 3.5378071794997443,
	"Wolf Tooth Chain": 3.5168217591340065,
	"Broken Crossbow": 3.3670122653655894,
	"Longsword": 3.2220089214135537,
	"Shamanic Hood": 3.0777116402116405,
	"Brown Mushroom": 3.0034977412139092,
	"Ancient Amulet": 2.9014042426053184,
	"Banana Sash": 2.728126226455191,
	"Battle Hammer": 2.6675500036076523,
	"Skull Staff": 2.642178347431999,
	"Strong Health Potion": 2.6226916200558126,
	"Swampling Moss": 2.5934221718174086,
	"Marsh Stalker Feather": 2.592851026039519,
	"Sulphurous Stone": 2.4162412442122756,
	"Brass Armor": 2.4051945234868697,
	"Cobra Tongue": 2.3885135135135136,
	"Piece of Warrior Armor": 2.3864269435300076,
	"Wooden Shield": 2.2625468171973164,
	"Crossbow": 2.169707959803658,
	"Stone Wing": 2.160075992119336,
	"Green Gem": 2.1517936872584116,
	"Leather Armor": 2.072556537795581,
	"Rorc Feather": 2.045422943221321,
	"Mana Potion": 2.0184172840083034,
	"Warwolf Fur": 2.0159297481230833,
	"Royal Spear": 2.014693186696218,
	"Lizard Leather": 1.9928080112941635,
	"Machete": 1.9549000487567039,
	"Dragon Ham": 1.9532505101118371,
	"Piece of Swampling Wood": 1.9413098950949814,
	"Hydra Head": 1.929934935742324,
	"Lizard Scale": 1.929684416501107,
	"Studded Club": 1.8838527740450888,
	"Hatched Rorc Egg": 1.864194669756663,
	"Hatchet": 1.8595454635789328,
	"Marsh Stalker Beak": 1.8316470550921373,
	"Piece of Crocodile Leather": 1.8030171224883835,
	"Brass Shield": 1.7868757865020235,
	"Potato": 1.7858148043906559,
	"Piece of Archer Armor": 1.7673646405095886,
	"Rotten Piece of Cloth": 1.7665761232577815,
	"Cape": 1.7572990175729903,
	"Life Crystal": 1.680277519596844,
	"Dwarven Shield": 1.6709605818585387,
	"Snakebite Rod": 1.6678181456402332,
	"Titan Axe": 1.649226174273283,
	"Knife": 1.6089891935803178,
	"Skull Belt": 1.5765794040074677,
	"Small Diamond": 1.5756016641160995,
	"Winged Tail": 1.564315563300455,
	"Steel Helmet": 1.5493380608634244,
	"Pick": 1.4869087393788467,
	"Big Bone": 1.4286477481134445,
	"Tower Shield": 1.4182753311790481,
	"Perfect Behemoth Fang": 1.4135717659181657,
	"Power Ring": 1.4050593154873618,
	"Orcish Axe": 1.3884148327825996,
	"Giant Sword": 1.368167961873685,
	"Noble Axe": 1.3368298171113404,
	"Poison Arrow": 1.2572445274279187,
	"Soul Orb": 1.2333210468116476,
	"Morning Star": 1.2028694356109946,
	"Strange Symbol": 1.1916231512468727,
	"Ape Fur": 1.1902404882601254,
	"Warrior Helmet": 1.1242116465239191,
	"Sword Ring": 1.0946772549230026,
	"Obsidian Lance": 1.0930454903098419,
	"Flask of Demonic Blood": 1.089937338739403,
	"Strange Helmet": 1.0667335735896513,
	"Beetroot": 1.0611775718398389,
	"Small Ruby": 1.044066151163527,
	"Blueberry": 1.0233545647558386,
	"Necrotic Rod": 1.0060451797645562,
	"Studded Armor": 0.9898720556963111,
	"Sacred Tree Amulet": 0.9868526719133607,
	"Swampling Club": 0.9648426424723561,
	"Copper Shield": 0.9461019043543641,
	"Bow": 0.9385771218169934,
	"Cucumber": 0.9382337653026473,