{
	"Gold Coin": 5279.1567212021855,
	"Platinum Coin": 954.3866785258177,
	"Meat": 537.8517346520341,
	"Dragon Ham": 441.3791246173174,
	"Fish": 430.8824499665428,
	"Skull": 308.7045872443789,
	"Dagger": 305.6,
	"Spear": 242.07080515445722,
	"Arrow": 188.08077207269477,
	"Insectoid Eggs": 182.58958420487824,
	"Great Health Potion": 175.73006294995878,
	"Rope": 146.74618224425225,
	"Damselfly Wing": 143.1398228281126,
	"Worm": 132.0465964755325,
	"Cheese": 131.84606240143802,
	"Damselfly Eye": 120.94232978478978,
	"Brown Bread": 112.83067577828398,
	"Flask of Demonic Blood": 104.19736029798221,
	"Torch": 96.1578103889512,
	"Sabre": 91.87170227930183,
	"Swampling Moss": 91.76724607969292,
	"Soul Orb": 87.38105903958609,
	"Steel Shield": 83.53935003670514,
	"Longsword": 78.45315662986292,
	"Golden Lotus Brooch": 74.19782395090488,
	"Piece of Swampling Wood": 68.69250398028396,
	"Demonic Essence": 67.21374494598928,
	"Crossbow": 65.64691044287962,
	"Rat Cheese": 64.09436726909465,
	"Peacock Feather Fan": 63.19753576963072,
	"Leather Boots": 62.20328875676337,
	"Soft Cheese": 60.89059694832441,
	"White Mushroom": 58.509260405771386,
	"Burst Arrow": 57.28676715856732,
	"Marsh Stalker Feather": 56.35129563259221,
	"Dragon's Tail": 55.94824023935569,
	"Girlish Hair Decoration": 55.59113512925549,
	"Health Potion": 55.19329351786984,
	"Axe": 54.10292073258642,
	"Mouldy Cheese": 49.98375184638109,
	"Ham": 49.039775775239036,
	"Bone": 46.40392176553763,
	"Mana Potion": 43.48360674641509,
	"Werehyaena Nose": 41.86796536796537,
	"Great Mana Potion": 40.28584460745414,
	"Marsh Stalker Beak": 39.80779599733579,
	"Knife": 39.391787667165005,
	"Strong Health Potion": 38.02603237204783,
	"Earflap": 36.66911136702025,
	"Chain Armor": 36.096596709430486,
	"Bola": 35.88161330640796,
	"Swampling Club": 34.50022169471681,
	"Mace": 33.5864984522955,
	"Cheese Cutter": 32.57964064441045,
	"Halberd": 31.175403055384198,
	"Small Diamond": 29.962413325715563,
	"Protective Charm": 29.64520457312791,
	"Red Crystal Fragment": 29.187390419378893,
	"Small Ruby": 27.61879331033687,
	"Strong Mana Potion": 25.036927716311112,
	"Assassin Star": 25.013060397496233,
	"Wyrm Scale": 23.215420817798424,
	"Leather Helmet": 22.658655501723327,
	"Red Apple": 22.612134909596662,
	"Red Gem": 21.57525738357221,
	"Small Emerald": 20.966829658580973,
	"Small Topaz": 20.38573788609789,
	"Small Amethyst": 19.86353869748864,
	"Life Preserver": 19.44666098806222,
	"White Pearl": 19.0328019851442,
	"Cookie": 18.844062670600426,
	"Yellow Gem": 18.337321957166488,
	"Leather Legs": 17.7982398543363,
	"Steel Helmet": 17.369680891155323,
	"Grapes": 16.832361969750398,
	"Small Sapphire": 16.498390950005703,
	"Combat Knife": 16.378416546678007,
	"Bow": 16.124618145886583,
	"Swamp Grass": 15.204911373707533,
	"Hunting Spear": 15.17587136206994,
	"Small Enchanted Amethyst": 13.848808439717532,
	"Flaming Arrow": 13.580775860139234,
	"Scroll": 13.465202745585563,
	"Ratana": 13.37956359591773,
	"Silver Brooch": 13.005119086319443,
	"Brass Helmet": 12.200687539144056,
	"Black Pearl": 12.059888785779798,
	"Medicine Pouch": 11.91218611521418,
	"Hellspawn Tail": 11.301348474095102,
	"Beetroot": 11.159714508200569,
	"Broadsword": 11.017899114084253,
	"Plate Legs": 10.781221419406911,
	"Green Crystal Fragment": 10.31776741435412,
	"Rotten Piece of Cloth": 10.305027385670392,
	"Wood": 10.133567208271787,
	"Melon": 9.59649820931158,
	"Elvish Talisman": 9.488882629645849,
	"Pelvis Bone": 9.439106994483526,
	"Short Sword": 9.226173439975518,
	"Hand Axe": 9.14082161361954,
	"Heavy Old Tome": 8.916216090360896,
	"Wand of Inferno": 8.772263190704576,
	"Plate Shield": 8.72208838226228,
	"Poison Arrow": 8.508533077979362,
	"Blank Rune": 8.395289153436106,
	"Battle Shield": 8.301688722609489,
	"Morning Star": 8.053392135186561,
	"Studded Armor": 7.913664893856993,
	"Green Crystal Splinter": 7.8554274735830925,
	"Necrotic Rod": 7.800471602925349,
	"Bolt": 7.76525121395483,
	"Roll": 7.615472815444524,
	"Studded Helmet": 7.541131314576341,
	"Viking Helmet": 7.349735724037239,
	"Red Piece of Cloth": 7.110746812386157,
	"Coal": 7.066260353517269,
	"Mystic Turban": 6.839344262295081,
	"Double Axe": 6.8198880539695255,
	"Bread": 6.719136697098149,
	"Wolf Tooth Chain": 6.669222445720248,
	"Brass Shield": 6.505862227779867,
	"Lump of Dirt": 6.302455016773406,
	"Hatchet": 6.040559986837194,
	"Tribal Mask": 5.964456347435071,
	"Cyclops Toe": 5.934952615297237,
	"Protection Amulet": 5.871688522418703,
	"Small Enchanted Emerald": 5.751494065430672,
	"Ultimate Health Potion": 5.746014441620063,
	"Green Dragon Scale": 5.742662568553004,
	"Witch Broom": 5.681738499667533,
	"Green Dragon Leather": 5.632960542741776,
	"Plum": 5.612330224388313,
	"Troll Green": 5.44319204455405,
	"Wand of Starstorm": 5.196096585885671,
	"Star Herb": 5.121834008341897,
	"Flask of Embalming Fluid": 5.082411293399466,
	"Brown Crystal Splinter": 4.767857142857142,
	"Sword": 4.614120162672425,
	"Red Mushroom": 4.448403122782115,
	"Focus Cape": 4.349214846180592,
	"Elven Scouting Glass": 4.341775911077171,
	"Broken Helmet": 4.273879391001105,
	"Sword Ring": 4.238095238095238,
	"Gauze Bandage": 4.2047405570392975,
	"Magic Light Wand": 4.077237494528823,
	"Studded Shield": 3.900931606453079,
	"Ghoul Snack": 3.597096673642962,
	"Cape": 3.556436824609264,
	"Silver Amulet": 3.472238653373632,
	"Elven Astral Observer": 3.4333465976920015,
	"Small Stone": 3.4284176111798783,
	"Cheesy Figurine": 3.4199768212266406,
	"Blue Gem": 3.3765650521879778,
	"Underworld Rod": 3.296186512081132,
	"Doublet": 3.2761130621955363,
	"Green Tunic": 3.2105053720652603,
	"Hailstorm Rod": 3.1993024705790662,
	"Plate Armor": 3.1979538620446157,
	"Silky Fur": 3.1962353959324967,
	"Great Spirit Potion": 3.161457137245062,
	"Serpent Sword": 3.1093844474799153,
	"Orange": 3.015595903165736,
	"Mysterious Fetish": 3.0124093184124536,
	"Wooden Shield": 2.895400027892261,
	"Dragon Hammer": 2.857022324388081,
	"Studded Club": 2.805425085798515,
	"Sphinx Feather": 2.7958331236475265,
	"Badger Fur": 2.728493763991046,
	"Blue Crystal Shard": 2.6778197472293828,
	"Lamassu Horn": 2.6375487162222226,
	"Scimitar": 2.5746470719672834,
	"Wand of Voodoo": 2.5697028341432038,
	"Egg": 2.5440474230199244,
	"Tarantula Egg": 2.4916824669981756,
	"Carrot": 2.4506296458494923,
	"Magma Amulet": 2.425956039623146,
	"Spike Shield": 2.4056618271975685,
	"Stone Wing": 2.400084435688151,
	"Orc Leather": 2.340972822725987,
	"Strange Talisman": 2.2958430805029666,
	"Leather Harness": 2.275597824723907,
	"Sphinx Tiara": 2.256554778320165,
	"Lion's Mane": 2.256183485062154,
	"Lightning Pendant": 2.2504855833478636,
	"Fafnar Symbol": 2.2411472507964856,
	"Sickle": 2.225835700900683,
	"Ruby Necklace": 2.2255009107468124,
	"Piece of Crocodile Leather": 2.2036875941524685,
	"Black Shield": 2.1958312894024457,
	"Green Gem": 2.1869516210885513,
	"Sling Herb": 2.1520379269326724,
	"Oriental Shoes": 2.099074232805502,
	"Wolf Paw": 2.085513008112678,
	"Crystal Ring": 2.0239263612177947,
	"Potato": 1.9842386715451732,
	"Studded Legs": 1.8625060945880059,
	"Brass Armor": 1.82209779903037,
	"Werehyaena Talisman": 1.8041958041958042,
	"Secret Instruction": 1.7712935257008902,
	"Knight Legs": 1.7378282469836766,
	"Dragon Shield": 1.693226920129831,
	"Chain Helmet": 1.678313829808855,
	"Rusted Armor": 1.6176011355571327,
	"Wand of Draconia": 1.567905384756433,
	"Lamassu Hoof": 1.5563498922285095,
	"Violet Crystal Shard": 1.5331412103746398,
	"Hunter's Quiver": 1.5223463687150838,
	"Magma Coat": 1.5198542805100181,
	"Magma Boots": 1.5170222467829255,
	"Lightning Headband": 1.4503841782765268,
	"Garlic Necklace": 1.431632714743396,
	"Vampire Teeth": 1.4065604392494269,
	"Opal": 1.4023453831243307,
	"Acorn": 1.3620882635113527,
	"Blue Robe": 1.3498047516513996,
	"Wyvern Talisman": 1.321548257372654,
	"Elven Amulet": 1.3130765075798128,
	"Soldier Helmet": 1.3016706633108068,
	"Snakebite Rod": 1.2986811481768812,
	"Scarab Coin": 1.2457246890146505,