{
	"Gold Coin": 5238.359047277136,
	"Platinum Coin": 1151.5902535425857,
	"Meat": 674.8000058860157,
	"Great Health Potion": 426.43943637342284,
	"Dragon Ham": 284.77498730822134,
	"Great Mana Potion": 271.2160838867406,
	"Ice Rapier": 137.15106855512252,
	"Pirate Coin": 124.9900865192898,
	"Plate Shield": 108.06161120277605,
	"Longsword": 98.81094123116975,
	"Steel Shield": 93.2247290424622,
	"Pirat's Tail": 88.05226972591383,
	"Crystal Sword": 87.66784336261391,
	"Bone": 76.85089981351247,
	"Axe": 72.64570859619438,
	"Morning Star": 70.42917042707273,
	"Short Sword": 69.01669267464654,
	"Small Flask of Eyedrops": 68.5717098442387,
	"Bolt": 67.93774949582462,
	"Chain Armor": 66.4655139683722,
	"Cyclops Toe": 61.40244796898737,
	"Ham": 60.99780674638229,
	"Skull": 59.19100689718804,
	"Worm": 58.71061549332395,
	"Mace": 58.043013567292,
	"White Mushroom": 54.33831216951996,
	"Werehyaena Nose": 51.359307359307365,
	"Knight Axe": 50.80945735161317,
	"Crowbar": 49.94828010836549,
	"Spellbook": 49.555638287151694,
	"Halberd": 49.13186560439553,
	"Spear": 47.630875482553805,
	"Two Handed Sword": 45.76692501310827,
	"Knife": 45.151515151515156,
	"Poison Arrow": 44.478641507116436,
	"Crossbow": 42.70124147182601,
	"Shark Fins": 42.02544947048682,
	"Elder Bonelord Tentacle": 38.66594388593206,
	"Fairy Wings": 38.33814631579127,
	"Dagger": 36,
	"Brass Helmet": 32.65201547805866,
	"Dragon's Tail": 32.11070257491204,
	"Red Crystal Fragment": 31.953379953379955,
	"Wand of Inferno": 31.692106187697316,
	"Sniper Arrow": 31.638234277500985,
	"Knight Armor": 31.519087102865118,
	"Terra Boots": 28.873081338412753,
	"Grappling Hook": 28.207241379310343,
	"Heavy Old Tome": 27.530727625066817,
	"Vampire Teeth": 26.959138376101784,
	"Tainted Glooth Capsule": 26.497289387385695,
	"Battle Shield": 25.473555815048453,
	"Strong Mana Potion": 25.353575689549878,
	"Burst Arrow": 24.808204653788003,
	"Glooth Bag": 24.504240891348758,
	"Strong Health Potion": 24.479108402238445,
	"Bone Sword": 23.350471356855426,
	"Cheese": 22.972529885346766,
	"Sword": 22.82420996312338,
	"Wand of Starstorm": 22.6978964254856,
	"Green Mushroom": 22.228927616976414,
	"Small Amethyst": 22.18402392378068,
	"Book of Necromantic Rituals": 21.75802431697204,
	"Cultish Robe": 21.596125206753207,
	"Focus Cape": 21.51708976568364,
	"Dark Mushroom": 21.439692455550215,
	"Combat Knife": 20.851835099312254,
	"Frazzle Tongue": 20.262221213692946,
	"Red Gem": 19.77478980597171,
	"Sabre": 19.0588272286429,
	"Yellow Gem": 18.07523443699201,
	"Frazzle Skin": 17.69929979253112,
	"Broken Helmet": 17.602517313313903,
	"Bonelord Eye": 17.52192804275014,
	"Fish": 17.441227160344393,
	"Studded Helmet": 17.383029609311567,
	"Life Preserver": 17.365967365967364,
	"Remains of a Fish": 17.04875518672199,
	"Small Enchanted Amethyst": 16.40934577298214,
	"Torch": 16.28702615309316,
	"Orc Leather": 16.277407531524222,
	"Mouldy Powder": 15.757158006362673,
	"Leather Boots": 15.361615997850958,
	"Blood Preservation": 14.389045814439921,
	"Studded Legs": 14.341296928327646,
	"Beetroot": 14.260548111839647,
	"Minotaur Horn": 14.11505731406183,
	"Magma Boots": 14.086858849137691,
	"Wand of Voodoo": 13.747725183963428,
	"Springsprout Rod": 13.302400298601741,
	"Brown Bread": 13.291571753986332,
	"Studded Armor": 13.221540558963873,
	"Small Emerald": 13.12747797206406,
	"Small Diamond": 12.843009348183278,
	"Ultimate Health Potion": 12.537942916366717,
	"Flaming Arrow": 12.104604570993665,
	"Great Spirit Potion": 11.675925061884325,
	"Rotten Piece of Cloth": 11.62995947811373,
	"Green Crystal Fragment": 11.114219114219114,
	"Grapes": 11.019846387831448,
	"Green Crystal Splinter": 10.666666666666666,
	"Studded Shield": 10.49216087252897,
	"Battle Axe": 10.424426571128514,
	"Ratana": 10.41958041958042,
	"Glooth Capsule": 10.14704435586157,
	"Pelvis Bone": 10.018459321025475,
	"Soldier Helmet": 9.940030519827978,
	"Shovel": 9.67392472926781,
	"Steel Helmet": 9.445476416995675,
	"Big Bone": 9.292704268212617,
	"Terra Amulet": 9.254532316668609,
	"Battle Hammer": 9.244873108647504,
	"Fish Fin": 8.715054460580912,
	"Ring of Blue Plasma": 8.61930010604454,
	"Piece of Iron": 8.496336877593361,
	"Glooth Steak": 8.420398782365229,
	"Glooth Sandwich": 8.168555501465136,
	"Small Enchanted Emerald": 7.978231292517006,
	"Rope Belt": 7.967441220220413,
	"Assassin Star": 7.944374444060546,
	"Viking Helmet": 7.9077606505913725,
	"Piece of Dead Brain": 7.73071253071253,
	"Arrow": 7.616600618266904,
	"Garlic Necklace": 7.456110922142148,
	"Bat Wing": 6.9816434406535315,
	"Brown Crystal Splinter": 6.857142857142857,
	"Sword Ring": 6.600589631717456,
	"Mana Potion": 6.407056828247835,
	"Wood Cape": 6.397136797454931,
	"Coal": 6.364933725498738,
	"Small Ruby": 6.3406091535108615,
	"Piercing Bolt": 6.267270572160308,
	"Brown Mushroom": 6.145205274764816,
	"Lightning Boots": 6.1423858846496,
	"Girlish Hair Decoration": 6.054085179048349,
	"Plate Legs": 5.98588589890837,
	"Broadsword": 5.885035422592433,
	"Shadow Herb": 5.811056904457013,
	"Black Pearl": 5.748573066702225,
	"Moonlight Rod": 5.6350316796174535,
	"Scroll of Heroic Deeds": 5.5235843299975595,
	"Minotaur Leather": 5.456748516517173,
	"Warwolf Fur": 5.394634040325686,
	"Carrot": 5.177720830047054,
	"Iron Ore": 5.172528143012763,
	"Scale Armor": 4.948597787953004,
	"Hatchet": 4.877850277134638,
	"Health Potion": 4.856989082698076,
	"Double Axe": 4.753620557967603,
	"Terra Rod": 4.736225145989469,
	"Hailstorm Rod": 4.733013135619182,
	"Doublet": 4.571428571428571,
	"Machete": 4.561433447098976,
	"Tooth File": 4.49244060475162,
	"Protection Amulet": 4.3842185631308475,
	"Clerical Mace": 4.325974446560608,
	"Small Topaz": 4.2564294257208095,
	"Wyrm Scale": 4.175296478195606,
	"Ghoul Snack": 4.059580531682771,
	"Fox Paw": 4.030801598990111,
	"Silencer Claws": 4.029846138012658,
	"Throwing Star": 4.009511247245108,
	"Elvish Talisman": 3.881169728108573,
	"Werebadger Claws": 3.879383515747152,
	"Cape": 3.84758795990408,
	"Broken Crossbow": 3.826150301551806,
	"Haunted Blade": 3.8203120884950765,
	"Silver Amulet": 3.6354262505408186,
	"Royal Spear": 3.629010307001451,
	"Werebadger Skull": 3.6267589903953543,
	"Scarf": 3.597353459882217,
	"Wereboar Hooves": 3.553692795650204,
	"Orc Tooth": 3.5312305106235518,
	"Leather Helmet": 3.5302063454073838,
	"Wereboar Tusks": 3.491164476665156,
	"Troll Green": 3.469763255671532,
	"Glooth Spear": 3.315181777014713,
	"Glooth Axe": 3.3098349735456383,
	"Glooth Club": 3.3040936161004986,
	"Glooth Blade": 3.2938502322967604,
	"Vampire's Cape Chain": 3.282937365010799,
	"Book (Gemmed)": 3.27558548413045,
	"Glooth Amulet": 3.2446861524141006,
	"Protective Charm": 3.230160213660456,
	"Small Sapphire": 3.2090623091108275,
	"Demonic Skeletal Hand": 3.1135465145373566,
	"Black Shield": 3.1043719630065008,
	"Hunting Spear": 3.0815913644180437,
	"Scroll": 3.047426111492964,
	"Green Dragon Scale": 3.0164527210269387,
	"Werebear Fur": 3.0095475300954755,
	"Piece of Warrior Armor": 2.9830336794125096,
	"Green Dragon Leather": 2.9588294547614744,
	"Hand Axe": 2.917283493708364,
	"Orcish Gear": 2.8833867665804007,
	"Bow": 2.8427701955503166,
	"Werebear Skull": 2.82274802822748,
	"Corncob": 2.8072089947089944,
	"Grave Flower": 2.791920499187538,
	"Brass Armor": 2.7559460393700275,
	"Wolf Tooth Chain": 2.7024930620443857,
	"Heavy Machete": 2.7006495340299352,
	"Flask of Embalming Fluid": 2.6622154393997204,
	"Broken Shamanic Staff": 2.648148148148148,
	"Red Apple": 2.632084465195161,
	"Mutated Flesh": 2.593374958666433,
	"Power Bolt": 2.586651176148989,
	"Terra Mantle": 2.569003337305962,
	"Dwarven Shield": 2.5520125250203134,
	"Terra Legs": 2.4875958747419165,
	"Scorpion Tail": 2.4790690386998446,
	"Blank Rune": 2.4684816768394966,
	"Giant Shimmering Pearl (Green)": 2.438518585772712,
	"Voluminous Piece of Cloth": 2.3419096626643796,
	"Skull Belt": 2.3134864693936805,
	"War Hammer": 2.313249140254792,
	"Dark Helmet": 2.3052534532155837,