{
	"Gold Coin": 1299.2686207775978,
	"Skull": 692.4318468110322,
	"Dagger": 688,
	"Spear": 286.454714273301,
	"Brown Bread": 254.0167046317388,
	"Meat": 228.71073212143497,
	"Sabre": 199.95315622510725,
	"Fish": 149.55160176221958,
	"Girlish Hair Decoration": 110.34667839940523,
	"Platinum Coin": 83.9103304569287,
	"Protective Charm": 58.89525626687703,
	"Worm": 54.818255249585924,
	"Chain Armor": 52.26770630541628,
	"Torch": 49.82793896871558,
	"Leather Boots": 34.506810554827915,
	"Red Apple": 32.29224617524339,
	"Ham": 24.78981952096641,
	"Mouldy Cheese": 24.283604135893647,
	"Hunting Spear": 23.73925702916037,
	"Cookie": 23.301739614451204,
	"Bone": 19.322142971865826,
	"Beetroot": 17.546728583766697,
	"Lancer Beetle Shell": 14.603600320676335,
	"Hand Axe": 13.613989637305698,
	"Dragon Ham": 11.680208459994551,
	"Leather Helmet": 8.51414603476118,
	"Poisonous Slime": 8.10990452590919,
	"Wolf Tooth Chain": 8.100255298412108,
	"Witch Broom": 7.675330955691229,
	"Swamp Grass": 7.387001477104874,
	"Bolt": 7.209053330622755,
	"Plate Shield": 6.924469659059306,
	"Star Herb": 6.918968748110983,
	"Fox Paw": 6.718619819061645,
	"Cheese": 6.666353130275493,
	"Troll Green": 6.655180433296262,
	"Rotten Piece of Cloth": 6.183016431402235,
	"Orc Leather": 5.854533682611247,
	"Medicine Pouch": 5.787296898079763,
	"Rope": 5.751295336787565,
	"Dead Snake": 5.6604400166044,
	"Lump of Dirt": 5.417473580136538,
	"Piece of Crocodile Leather": 5.060559642698475,
	"Mace": 4.968696634175248,
	"Wood": 4.9231905465288035,
	"Cape": 4.910631587601001,
	"Protection Amulet": 4.772938836472801,
	"Werebadger Claws": 4.625418807236989,
	"Brown Mushroom": 4.465130646142038,
	"Werebadger Skull": 4.324212642394461,
	"Heavy Old Tome": 4.2123749090772,
	"Wooden Shield": 4.143786358770838,
	"Plate Armor": 4.029395293613615,
	"Banana": 3.8076923076923075,
	"Voluminous Piece of Cloth": 3.805603201829617,
	"Ludicrous Piece of Cloth": 3.716409376786735,
	"Ominous Piece of Cloth": 3.59748427672956,
	"Luminous Piece of Cloth": 3.582618639222413,
	"Studded Club": 3.5751295336787563,
	"Health Potion": 3.4954404787722835,
	"Mana Potion": 3.493520897733828,
	"Obvious Piece of Cloth": 3.433962264150943,
	"Dubious Piece of Cloth": 3.1366495140080044,
	"Werefox Tail": 3.1020408163265305,
	"Sickle": 3.0068306836728524,
	"Scale Armor": 2.9735229550078746,
	"Sword": 2.8696101259040336,
	"Broken Helmet": 2.7982647195943415,
	"Strong Mana Potion": 2.6790026476054134,
	"Studded Legs": 2.514383227693808,
	"Minotaur Horn": 2.4801664510877166,
	"Studded Helmet": 2.4412593055676033,
	"Badger Fur": 2.4253277902142627,
	"Ghoul Snack": 2.158258004185777,
	"Brass Helmet": 2.077381535014737,
	"Arrow": 2.0712729273546358,
	"Carrot": 2.0595518443173635,
	"Crystal Necklace": 2.0569476082004554,
	"Pelvis Bone": 2.0064337496802103,
	"Flask of Embalming Fluid": 1.9361566831997965,
	"Garlic Necklace": 1.933959983074412,
	"Wereboar Hooves": 1.8541005890348887,
	"Double Axe": 1.8486835858167474,
	"Wereboar Tusks": 1.8214771182600815,
	"Small Sapphire": 1.8176446719300856,
	"Great Mana Potion": 1.755387649919537,
	"Green Crystal Splinter": 1.74559686888454,
	"Viking Helmet": 1.7405086623743533,
	"Axe": 1.6842787278792657,
	"Halberd": 1.642279658045155,
	"Gauze Bandage": 1.601805926491161,
	"Corncob": 1.590434458075117,
	"Coat": 1.5838809152084854,
	"Great Health Potion": 1.5259935836077405,
	"Grapes": 1.468699754467975,
	"Short Sword": 1.4589228433264065,
	"Royal Spear": 1.4524506849682703,
	"Violet Crystal Shard": 1.4285714285714286,
	"Broken Shamanic Staff": 1.4259259259259258,
	"Strong Health Potion": 1.3848324572730313,
	"Small Ruby": 1.3261198842639879,
	"Cherry": 1.3241530253978386,
	"Centipede Leg": 1.3228629407288408,
	"Throwing Knife": 1.3019531040403498,
	"Orc Tooth": 1.2969130165117373,
	"Emerald Bangle": 1.2707608054029442,
	"Kongra's Shoulderpad": 1.2692307692307692,
	"Orcish Gear": 1.2357371856773147,
	"Small Amethyst": 1.2253388838867139,
	"Broken Crossbow": 1.224368096496578,
	"Scroll": 1.2189704445971856,
	"Acorn": 1.2107451231212023,
	"Brass Armor": 1.1848714447163438,
	"Throwing Star": 1.136869464044438,
	"Longsword": 1.126320188971957,
	"Green Mushroom": 1.091723931879295,
	"Assassin Star": 1.0857142857142856,
	"Moonlight Rod": 1.0857142857142856,
	"Moonlight Crystals": 1.0555126101843793,
	"Shamanic Hood": 1.050925925925926,
	"Cobra Tongue": 1.0163887291546867,
	"Piece of Warrior Armor": 0.9943445598041699,
	"Piercing Bolt": 0.9752659754692689,
	"Lizard Leather": 0.9692839139036088,
	"Magic Light Wand": 0.9678239857560728,
	"Lizard Scale": 0.9281877069570932,
	"Blank Rune": 0.913074548967503,
	"Hatchet": 0.9112467550691082,
	"Poison Arrow": 0.9107801960035637,
	"Small Emerald": 0.9083305054665325,
	"Melon": 0.8724089281192345,
	"Silky Fur": 0.8717005625270445,
	"Beetle Necklace": 0.8694337147438234,
	"Quara Tentacle": 0.867045982350209,
	"Demonic Skeletal Hand": 0.838262523144673,
	"Necrotic Rod": 0.833162062503778,
	"Book (Gemmed)": 0.8188963710326125,
	"Battle Shield": 0.8111385395404966,
	"Elvish Talisman": 0.810192682968193,
	"Machete": 0.7997318381277425,
	"Strange Talisman": 0.7966425028615033,
	"Ring of Healing": 0.7681993146155546,
	"White Mushroom": 0.7556596409055426,
	"Werebear Fur": 0.7523868825238689,
	"Bunch of Troll Hair": 0.7253886010362695,
	"Minotaur Leather": 0.7095524502734529,
	"Werebear Skull": 0.70568700705687,
	"Power Bolt": 0.6919640263227633,
	"Boggy Dreads": 0.6909759108788653,
	"Battle Axe": 0.6883232260805747,
	"Obsidian Lance": 0.6865453027528937,
	"Bag of Apple Slices": 0.6865441576497613,
	"Honeycomb": 0.6503175159188384,
	"Piece of Archer Armor": 0.6426780510943959,
	"Skull Belt": 0.6413597696384236,
	"Warwolf Fur": 0.6398776440003495,
	"Dark Mushroom": 0.6374547706750986,
	"Silver Brooch": 0.6281317563271016,
	"Small Enchanted Amethyst": 0.6230849412667595,
	"Small Enchanted Emerald": 0.6204081632653062,
	"Elven Scouting Glass": 0.605829196894489,
	"Brown Crystal Splinter": 0.6027397260273972,
	"Flaming Arrow": 0.5904685156582276,
	"Bread": 0.5565242556886011,
	"Crystal Ring": 0.5250631347540924,
	"Small Diamond": 0.5202181407428447,
	"Small Enchanted Sapphire": 0.5089248650892486,
	"Studded Armor": 0.5085207907293797,
	"Black Pearl": 0.5049496552848431,
	"Tarantula Egg": 0.4983364933996351,
	"Sword Ring": 0.4907173901378977,
	"Steel Shield": 0.4869865452069032,
	"Vampire Teeth": 0.46885347974980895,
	"Brass Legs": 0.46817720543072494,
	"Rapier": 0.46745275399773867,
	"Poison Spider Shell": 0.46386475698520785,
	"Shrimp": 0.45714169876528926,
	"Energy Ring": 0.4565052515455862,
	"Gold-Brocaded Cloth": 0.4558934216468463,
	"Silver Dagger": 0.42356283624493746,
	"Pile of Grave Earth": 0.4208042035890813,
	"Brown Piece of Cloth": 0.418933962684241,
	"Striped Fur": 0.4147557328015952,
	"Steel Helmet": 0.4107873130782277,
	"Studded Shield": 0.4035446489434219,
	"Earth Arrow": 0.40289218180046976,
	"Lump of Earth": 0.3990604738761947,
	"Ultimate Health Potion": 0.3953627899011421,
	"Crossbow": 0.37323608983251294,
	"Scimitar": 0.3731833372937091,
	"Orcish Axe": 0.37043274330025694,
	"Plate Legs": 0.36881758471528575,
	"Bunch of Ripe Rice": 0.36237108071828,
	"Rotten Feather": 0.36203522504892366,
	"Wyvern Talisman": 0.36042225201072386,
	"Dragon's Tail": 0.34249160720269406,
	"Werewolf Amulet": 0.3411671476289264,
	"Spider Fangs": 0.3393480112632671,
	"Morning Star": 0.3379535127366452,
	"Onyx Chip": 0.3287671232876712,
	"War Hammer": 0.3287671232876712,
	"Carniphila Seeds": 0.3202920754963002,
	"Bulb of Garlic": 0.3200455580865603,
	"Bow": 0.3195876716015382,
	"Coal": 0.31784691312197505,
	"Elven Astral Observer": 0.31212241797200013,
	"Wolf Paw": 0.30653795574842946,
	"Blood Preservation": 0.3039651317465259,
	"Purple Robe": 0.30324994154781393,
	"Knife": 0.30303030303030304,
	"Winter Wolf Fur": 0.30000000000000004,
	"Green Tunic": 0.2918641247332055,
	"Battle Hammer": 0.2828654356202772,
	"Fishing Rod": 0.28149801151286485,
	"Golden Mug": 0.2769644457723334,