{
	"Platinum Coin": 3438.8141649074582,
	"Gold Coin": 3393.9863633691793,
	"Great Mana Potion": 468.9221447019499,
	"Great Health Potion": 345.92212609602325,
	"Meat": 304.20519325460725,
	"Torch": 233.14653488186278,
	"Ham": 197.25135130485668,
	"Dark Mushroom": 188.3094666025949,
	"Flask of Demonic Blood": 180.9224801353015,
	"Soul Orb": 149.09541587248032,
	"Green Mushroom": 131.9661812680298,
	"Golden Lotus Brooch": 128.08073684572292,
	"Demonic Essence": 117.16705814986133,
	"Knife": 116.21214337432005,
	"Peacock Feather Fan": 109.07740316871156,
	"Bone": 107.19797450456667,
	"Brass Helmet": 77.69166867047917,
	"Terra Amulet": 76.26431637226908,
	"Poison Arrow": 68.12882810675272,
	"Werehyaena Nose": 66.55627705627705,
	"Piece of Crocodile Leather": 66.11062782457405,
	"Garlic Necklace": 63.97693416626622,
	"Axe": 62.867142891682334,
	"Skull": 62.129797712043874,
	"Bat Wing": 61.32128784238347,
	"Small Emerald": 57.12958762006359,
	"Bolt": 54.60086846390447,
	"Small Amethyst": 52.835793399953644,
	"Halberd": 51.09047048483617,
	"Assassin Star": 48.91905832346736,
	"Small Ruby": 47.91134932582127,
	"Small Diamond": 46.38243891022567,
	"Red Crystal Fragment": 41.710955710955716,
	"Small Topaz": 41.023460574524286,
	"White Pearl": 30.89230588380992,
	"Magic Light Wand": 30.36794190205028,
	"Plate Armor": 30.32030711225251,
	"Red Gem": 29.83488359173476,
	"Yellow Gem": 28.126686426672592,
	"Small Sapphire": 27.97690749392522,
	"Tainted Glooth Capsule": 27.703278214056688,
	"Glooth Bag": 25.83548991087839,
	"Silver Amulet": 25.826022219315654,
	"Scarab Coin": 25.760120645003557,
	"Dragon Ham": 24.924198760790006,
	"Viking Helmet": 24.212659299576295,
	"Combat Knife": 24.145341171479583,
	"Ultimate Health Potion": 22.984411944072903,
	"Life Preserver": 22.66899766899767,
	"Terra Boots": 21.864206078045193,
	"Hellspawn Tail": 21.72207239176721,
	"Arrow": 21.27317232791933,
	"Small Enchanted Amethyst": 21.082314017169967,
	"Scarab Pincers": 20.407827905587094,
	"Silver Brooch": 20.03392318857126,
	"Black Pearl": 19.801141504291262,
	"Fairy Wings": 19.716390946294247,
	"Bony Tail": 19.60296494667878,
	"Chain Armor": 19.027287775154186,
	"Spear": 18.343074938853686,
	"Great Spirit Potion": 18.006526430870856,
	"Fish": 17.748638524797634,
	"Scale Armor": 17.57421341791186,
	"Fir Cone": 17.484799215010895,
	"Piercing Bolt": 16.045142030034377,
	"Leather Helmet": 15.070406112887442,
	"Green Crystal Fragment": 14.587620793446037,
	"Worm": 14.390931250101902,
	"Dowser": 13.985421573269184,
	"Ratana": 13.601398601398602,
	"Green Crystal Splinter": 13.583333333333332,
	"Hand Axe": 13.419504071058475,
	"Venison": 12.994391170616971,
	"Red Piece of Cloth": 12.733191774926212,
	"Spider Silk": 12.687555488610176,
	"Necrotic Rod": 12.55392786834539,
	"Corncob": 12.371331828442438,
	"Piece of Scarab Shell": 12.369586921252964,
	"Health Potion": 12.111826970624328,
	"Mystic Turban": 11.964012639789914,
	"Morning Star": 11.568223896185904,
	"Battle Shield": 11.361132348112172,
	"Leather Boots": 10.634424130664032,
	"Glooth Capsule": 10.61206746480853,
	"Scarab Amulet": 10.407329947216413,
	"Tribal Mask": 10.222222222222223,
	"Frazzle Tongue": 10.189671939834025,
	"Bone Club": 9.776988188035006,
	"Small Enchanted Emerald": 9.718707482993198,
	"Frazzle Skin": 8.900803941908713,
	"Glooth Steak": 8.798619890936585,
	"Brown Crystal Splinter": 8.732142857142856,
	"Fur Bag": 8.696599887133182,
	"Remains of a Fish": 8.573651452282157,
	"Red Mushroom": 8.550177430801988,
	"Glooth Sandwich": 8.540942107072212,
	"Mana Potion": 8.216045640802243,
	"Elven Hoof": 8.038447620770762,
	"Chain Helmet": 7.978358069499205,
	"Strong Health Potion": 7.954153938775896,
	"Blank Rune": 7.953944709588435,
	"Sword Ring": 7.761904761904762,
	"Staff": 7.405262415349887,
	"Ancient Amulet": 7.067523155064237,
	"Wand of Starstorm": 6.791666666666666,
	"White Mushroom": 6.674445691350291,
	"Crossbow": 6.420087680826412,
	"Cheese": 6.284418584131717,
	"Wooden Shield": 6.25777386538015,
	"Small Stone": 6.137079687964757,
	"Hunting Spear": 6.010299097065463,
	"Lamp": 6.004385964912281,
	"Doublet": 5.99212643027076,
	"Dead Frog": 5.959450086933389,
	"Hailstorm Rod": 5.843152029880054,
	"Swampling Club": 5.748060897225585,
	"Terra Mantle": 5.742340550647169,
	"Rope": 5.669133974833457,
	"Leather Legs": 5.628120287389918,
	"Steel Shield": 5.483252469960543,
	"Wand of Inferno": 5.393706284440704,
	"Book (Grey)": 5.308831828442438,
	"Mysterious Fetish": 5.216416604386953,
	"Studded Club": 5.143980135940174,
	"Protection Amulet": 4.93198038026418,
	"Banana": 4.899200766964654,
	"Mutated Flesh": 4.787769154461108,
	"Fish Fin": 4.74907837979571,
	"Striped Fur": 4.726547173176387,
	"Big Bone": 4.599876815352697,
	"Battle Axe": 4.388484509145203,
	"Piece of Iron": 4.272724325726141,
	"Focus Cape": 4.252547208964516,
	"Bone Shield": 4.232831267367681,
	"Black Shield": 3.910680162132959,
	"Wand of Voodoo": 3.8847495665677485,
	"Ruby Necklace": 3.8684881602914394,
	"Underworld Rod": 3.668367416223334,
	"Dragon's Tail": 3.6469895682034617,
	"Bow": 3.6307706791196708,
	"Oriental Shoes": 3.629164518678902,
	"Sulphurous Stone": 3.624361866318414,
	"Roll": 3.5465115420703475,
	"Burst Arrow": 3.5402895603034685,
	"Warwolf Fur": 3.517570180702807,
	"Terra Hood": 3.4937774213922896,
	"Glooth Spear": 3.465488573224323,
	"Glooth Axe": 3.458323515970537,
	"Glooth Club": 3.4542386629955386,
	"Orange": 3.4527934323021974,
	"Glooth Blade": 3.443549191875166,
	"Glooth Amulet": 3.3908811805894112,
	"Knight Legs": 3.3732685864244236,
	"Lion's Mane": 3.2577621797176626,
	"Rotten Piece of Cloth": 3.238722892639266,
	"Brown Piece of Cloth": 3.1538013892330907,
	"Iron Ore": 3.125360963029504,
	"Rusted Armor": 3.1091554293825405,
	"Plate Shield": 3.0768509098587997,
	"Springsprout Rod": 3.0079406810268488,
	"Crab Pincers": 2.997932460372157,
	"Werehyaena Talisman": 2.7202797202797204,
	"Giant Shimmering Pearl (Green)": 2.7095677819029076,
	"Crystal Ring": 2.683373382028511,
	"Blue Gem": 2.6731346874248203,
	"Boggy Dreads": 2.6651927991041946,
	"Magma Coat": 2.6418943533697634,
	"Glob of Tar": 2.6336209534300226,
	"Sabretooth": 2.5770911360799,
	"Fishbone": 2.4160588200968665,
	"Rubber Cap": 2.3516836464820843,
	"Life Ring": 2.327881206348404,
	"Blue Robe": 2.318539558326319,
	"Chicken Feather": 2.2916596744420206,
	"Longsword": 2.2237508525454115,
	"Silencer Claws": 2.1699171512375854,
	"Terra Legs": 2.161866108479991,
	"Rapier": 2.0846039177925895,
	"Warrior Helmet": 2.032991809236488,
	"Heavy Old Tome": 2.0211094600497628,
	"Hardened Bone": 2.0179522739228157,
	"Power Ring": 1.8861126361440717,
	"Strange Talisman": 1.8858350207209773,
	"Death Ring": 1.698360655737705,
	"Bunch of Troll Hair": 1.697622071240795,
	"Flask of Embalming Fluid": 1.694137097799822,
	"Steel Helmet": 1.6455253541746246,
	"Assassin Dagger": 1.639412997903564,
	"Beastslayer Axe": 1.6210326836754454,
	"Quara Tentacle": 1.6028574448114759,
	"Shrimp": 1.5519942795716535,
	"Plate Legs": 1.5490309351659701,
	"Dark Armor": 1.547383029341792,
	"Book of Necromantic Rituals": 1.5106732348111658,
	"Glob of Mercury": 1.508716323296355,
	"Crystal Sword": 1.4936924950882033,
	"Beetroot": 1.4651190492942678,
	"Scarab Shield": 1.4570261926102979,
	"Gauze Bandage": 1.4015801856797658,
	"Hunter's Quiver": 1.319366852886406,
	"Sword": 1.2772928372035477,
	"Brass Armor": 1.2493282488765454,
	"Strong Mana Potion": 1.244503797217542,
	"Bloody Pincers": 1.1487907465825447,
	"Spiked Squelcher": 1.1356243457985926,
	"Ghoul Snack": 1.1305160974306452,
	"Tortoise Egg": 1.1088687926384262,
	"Vampire Teeth": 1.0939914527495542,
	"Battle Hammer": 1.0897827384595327,
	"Spellbook of Mind Control": 1.0545485788912945,
	"Berserk Potion": 1.0486907986392309,
	"Shadow Herb": 1.0207138304652645,
	"Hydra Head": 1.0157552293380654,
	"Wand of Dragonbreath": 1.0013966347752559,
	"Glooth Cape": 0.9887569699329727,
	"Werehyaena Trophy": 0.9702380952380952,
	"Small Pitchfork": 0.9698795180722891,