{
	"Platinum Coin": 3919.441939857198,
	"Gold Coin": 3620.316808427926,
	"Great Spirit Potion": 423.86255771204594,
	"Great Mana Potion": 406.6932131358984,
	"Great Health Potion": 364.1944604094757,
	"Meat": 309.5423331914385,
	"Worm": 155.77874904125446,
	"Dark Mushroom": 148.12878423834695,
	"Skull": 122.37593270714257,
	"Two Handed Sword": 117.24834312289136,
	"Spider Fangs": 106.87918449121766,
	"Bone": 103.95202775349406,
	"Green Mushroom": 102.29788895875775,
	"Werehyaena Nose": 82.55194805194805,
	"Dagger": 80.85366750664035,
	"Deepling Filet": 79.30724917248388,
	"Halberd": 77.24902947955177,
	"Fish": 76.73931067365903,
	"Axe": 75.85662071383986,
	"Spear": 73.46212252557191,
	"Knife": 70.30303030303031,
	"Tarantula Egg": 63.98640575251314,
	"Silver Amulet": 61.38969849994465,
	"Terra Rod": 59.7464747641287,
	"Terra Amulet": 59.441422393080245,
	"Garlic Necklace": 57.76160682786972,
	"Fairy Wings": 53.89377926722585,
	"Poison Arrow": 50.51813358935449,
	"Red Crystal Fragment": 49.752913752913756,
	"Essence of a Bad Dream": 49.40922258350576,
	"Bat Wing": 48.23680922633349,
	"Ham": 45.8249335727253,
	"Spellsinger's Seal": 45.10583520448991,
	"Sword Ring": 44.89655546759345,
	"Deeptags": 35.530796219510144,
	"Life Ring": 35.521715393414894,
	"Quara Pincers": 34.58232931726908,
	"Silver Brooch": 34.5604020759076,
	"Emerald Bangle": 33.78499766553295,
	"Shrimp": 33.33310206749091,
	"Key to the Drowned Library": 32.06501918609542,
	"Wand of Cosmic Energy": 31.68077232075753,
	"Mind Stone": 31.164637885915198,
	"Red Gem": 30.284382284382282,
	"Brown Bread": 29.832194381169323,
	"Twin Hooks": 29.17366975277241,
	"Hunting Spear": 28.573315662239228,
	"Yellow Gem": 28.28544115809376,
	"Energy Ring": 28.26875554241797,
	"Combat Knife": 28.261929593669556,
	"Frazzle Tongue": 28.2265625,
	"Eye of a Deepling": 27.987440681956894,
	"Life Preserver": 27.03962703962704,
	"Fish Fin": 26.41342846999205,
	"Deepling Ridge": 26.277526901576323,
	"Chain Armor": 26.039424477337985,
	"Deepling Breaktime Snack": 25.118149294923334,
	"Springsprout Rod": 25.045195981722234,
	"Small Enchanted Amethyst": 24.893097484006578,
	"Frazzle Skin": 24.65625,
	"Small Amethyst": 24.49843589302389,
	"Deepling Warts": 23.904279071329047,
	"Remains of a Fish": 23.75,
	"Short Sword": 23.710668239505637,
	"Sabre": 23.609607725309896,
	"Plate Shield": 22.10775434042205,
	"Quara Bone": 20.84111245465538,
	"Elven Amulet": 20.000303198580347,
	"Royal Spear": 19.706593029165784,
	"Deepling Guard Belt Buckle": 19.526125080559463,
	"Brass Legs": 19.455993205206568,
	"Underworld Rod": 19.17125670328652,
	"Small Ruby": 19.115915587935206,
	"Spider Silk": 18.424899438749314,
	"Green Crystal Splinter": 18.416666666666664,
	"Axe Ring": 18.354855486052756,
	"Green Ectoplasm": 18.091464034998477,
	"Quara Eye": 18.080321958581372,
	"Green Crystal Fragment": 17.305361305361306,
	"Power Ring": 17.067159326041974,
	"Ratana": 16.223776223776223,
	"Deepling Claw": 16.036472445532528,
	"Terra Boots": 15.817590030755374,
	"Cyclops Toe": 15.800989298303048,
	"Small Emerald": 15.351501327656871,
	"Bolt": 15.157430127563241,
	"Small Sapphire": 15.06802017802624,
	"Girlish Hair Decoration": 14.51441389637806,
	"Magma Amulet": 14.46024238841265,
	"Torch": 14.209645393655602,
	"Death Ring": 14.067187652981133,
	"Compound Eye": 13.79659492753079,
	"Small Enchanted Emerald": 13.154761904761903,
	"Big Bone": 12.957099780701755,
	"Orb": 12.627253916642033,
	"Assassin Star": 12.166973322191405,
	"Small Diamond": 11.865113959955307,
	"Brown Crystal Splinter": 11.839285714285714,
	"Piece of Iron": 11.8359375,
	"Cheese": 11.819566915699866,
	"Health Potion": 11.73898516381596,
	"Sacred Tree Amulet": 11.649660065031037,
	"Platinum Amulet": 11.329156180460831,
	"Leather Boots": 11.13905633059914,
	"Scale Armor": 10.950178892472508,
	"Coral Brooch": 10.703326889815852,
	"Serpent Sword": 10.424204316100433,
	"Collar of Red Plasma": 9.653739284658588,
	"White Mushroom": 9.612638155728796,
	"Voluminous Piece of Cloth": 9.514008004574043,
	"Ludicrous Piece of Cloth": 9.291023441966837,
	"Necklace of the Deep": 9.234523313370465,
	"Wand of Starstorm": 9.208333333333332,
	"Ring of Blue Plasma": 9.124209281702631,
	"Ominous Piece of Cloth": 8.9937106918239,
	"Luminous Piece of Cloth": 8.956546598056033,
	"Obvious Piece of Cloth": 8.584905660377359,
	"Ring of Healing": 8.346676724360632,
	"Assassin Dagger": 8.33533421507783,
	"Vortex Bolt": 8.214473971360942,
	"Doublet": 7.892857142857142,
	"Hailstorm Rod": 7.892857142857142,
	"Steel Helmet": 7.850835462725119,
	"Dubious Piece of Cloth": 7.841623785020011,
	"Protective Charm": 7.740758910703405,
	"Plate Armor": 7.441066863414567,
	"Protection Amulet": 7.396574276442148,
	"Hexagonal Ruby": 7.293417438193102,
	"Double Axe": 7.278613873123632,
	"Arrow": 7.141277564355705,
	"Centipede Leg": 7.123108142386066,
	"Swarmer Antenna": 6.869678526336236,
	"Mouldy Cheese": 6.809139449343593,
	"Iron Ore": 6.673466638756218,
	"Battle Shield": 6.579687404888612,
	"Longsword": 6.506020775030992,
	"Stone Skin Amulet": 6.485575058000263,
	"Piece of Crocodile Leather": 6.2103923107933205,
	"Hand Axe": 6.029052553663952,
	"Blank Rune": 5.957021268112847,
	"White Pearl": 5.932757608786786,
	"Deepling Staff": 5.927629918661308,
	"Quara Tentacle": 5.924814212726429,
	"Sword": 5.817781697305501,
	"Silencer Claws": 5.77352956311429,
	"Bony Tail": 5.771431304098321,
	"Red Apple": 5.747566063977747,
	"Leather Helmet": 5.6676861978248345,
	"Lump of Earth": 5.468629254829807,
	"Scarab Coin": 5.448910464539283,
	"Heavy Trident": 5.386302558410879,
	"Black Shield": 5.271045675042242,
	"Wand of Voodoo": 5.265701947520129,
	"Strange Symbol": 4.638196480075497,
	"Mace": 4.5062727716481294,
	"Battle Axe": 4.448051846813909,
	"Strange Talisman": 4.335643978699418,
	"Heavy Old Tome": 4.224942825495094,
	"Dung Ball": 4.216278986672384,
	"Black Pearl": 3.997794727044707,
	"Crawler Head Plating": 3.955551061678463,
	"Lizard Leather": 3.859476923381373,
	"Dead Snake": 3.773626677736267,
	"Lizard Scale": 3.7380001207753892,
	"Warrior Helmet": 3.6931545990697483,
	"Bone Shield": 3.6853703975263254,
	"Spike Sword": 3.660651330719386,
	"Rope": 3.5485538786173088,
	"Mantassin Tail": 3.4137298838867385,
	"Werehyaena Talisman": 3.2447552447552446,
	"Crossbow": 3.0980956190949382,
	"Poison Spider Shell": 3.0678328246067155,
	"Dragon Ham": 3.0596869642528937,
	"Bone Club": 3.026702733595793,
	"Cookie": 2.9022487592826165,
	"Terra Mantle": 2.7899033297529536,
	"Battle Hammer": 2.78632014531767,
	"Collar of Green Plasma": 2.7291161690806973,
	"Winter Wolf Fur": 2.7,
	"Small Stone": 2.696330917586698,
	"Rotten Piece of Cloth": 2.649864184886672,
	"Small Topaz": 2.613095587645951,
	"Shadow Herb": 2.5958799837472313,
	"Cobra Tongue": 2.5409718228867164,
	"Brass Armor": 2.5375941706153124,
	"Morning Star": 2.523252447783144,
	"Soldier Helmet": 2.4850076299569945,
	"Orc Leather": 2.4565200753466927,
	"Swampling Moss": 2.393928158600685,
	"Wooden Shield": 2.3158958208755416,
	"Haunted Blade": 2.2925436113826994,
	"Beetroot": 2.2730020042031263,
	"Stealth Ring": 2.263448671429553,
	"Shovel": 2.169288712742089,
	"Orcish Gear": 2.1625400749353005,
	"Flask of Demonic Blood": 2.114950827960411,
	"Studded Club": 2.0894978635397794,
	"Nettle Spit": 2.0844875346260388,
	"Swamp Grass": 2.062204579025111,
	"Demonic Essence": 1.9661016031432976,
	"Honeycomb": 1.8992202591270435,
	"Brass Helmet": 1.8458428835446148,
	"Piece of Swampling Wood": 1.7919783647030598,
	"Leather Legs": 1.781252830323369,
	"Obsidian Lance": 1.7728708672391191,
	"Broken Helmet": 1.6512715828867908,
	"Medicine Pouch": 1.6156203840472674,
	"Cape": 1.6128670425398268,
	"Warrior's Shield": 1.4463227517668584,
	"Wyvern Fang": 1.4391358436924344,
	"Leather Armor": 1.4162385790040795,
	"Shadow Sceptre": 1.403128698605465,
	"Glorious Axe": 1.3877939587299954,
	"Wolf Tooth Chain": 1.380666267676392,
	"Wood": 1.374390694239291,
	"Guardian Axe": 1.372882702658624,