{
	"Gold Coin": 3869.7913033685486,
	"Platinum Coin": 765.8138547225326,
	"Meat": 243.31263476529662,
	"Ham": 190.994109111725,
	"Glob of Glooth": 172.8269647703379,
	"Great Spirit Potion": 124.58710839755781,
	"Dragon Ham": 82.43053890112326,
	"Strong Health Potion": 79.39056395643608,
	"Lion's Mane": 69.44085772973413,
	"Small Topaz": 58.16074946873476,
	"Great Health Potion": 56.90186548745795,
	"Great Mana Potion": 56.40068520178596,
	"Shrimp": 54.7253249960491,
	"Slime Heart": 53.40552523874488,
	"Bone": 51.72465174211987,
	"Small Emerald": 51.68661532789222,
	"Small Sapphire": 51.28818743769701,
	"Fish": 50.333739930286924,
	"Crystal Sword": 50.111184918829366,
	"Poisoned Fang": 45.82708049113233,
	"Strong Mana Potion": 44.95738254487822,
	"Dark Armor": 44.69540800391529,
	"Striped Fur": 39.867397895487784,
	"Soul Orb": 38.41282606992715,
	"Flask of Demonic Blood": 38.30184708908113,
	"Small Diamond": 37.63161457803829,
	"Small Ruby": 34.105344221686074,
	"Worm": 34.02893998473907,
	"Quara Tentacle": 29.019693243471565,
	"Leather Helmet": 28.919930238519783,
	"Ice Rapier": 28.63054519462805,
	"Quara Bone": 27.245049125615136,
	"Pirate Coin": 27.04902491878199,
	"Plate Shield": 26.843366449272466,
	"Quara Eye": 26.33713400900901,
	"Rapier": 26.235843913610836,
	"Slimy Leaf Tentacle": 25.175998540944736,
	"Small Amethyst": 24.90709700548288,
	"Scale Armor": 24.31497993639712,
	"Quara Pincers": 22.500556861774534,
	"Longsword": 22.240769128428283,
	"Viper Star": 21.947476125511596,
	"Black Pearl": 21.834410584038043,
	"Sabretooth": 21.73720349563046,
	"Glooth Spear": 21.302945727734077,
	"Mace": 20.81242138069179,
	"Small Enchanted Sapphire": 19.84508738970981,
	"Double Axe": 19.575090191120573,
	"Pirat's Tail": 19.091015578773852,
	"Skull": 18.949597994276807,
	"Ankh": 17.766404679217693,
	"Axe": 17.589956784418952,
	"Plate Armor": 17.444701847060408,
	"Life Ring": 15.683628862687026,
	"Steel Shield": 15.459705762341232,
	"Glooth Axe": 14.971567249845066,
	"Crossbow": 14.892477261200634,
	"Glooth Club": 14.722493996822354,
	"Terra Boots": 14.61993812662115,
	"Fairy Wings": 14.422666850887355,
	"Chain Armor": 14.122078982612983,
	"Ultimate Health Potion": 14.038127860212134,
	"Bowl of Glooth Soup": 13.741382454860478,
	"Leather Boots": 13.618765408072168,
	"Poisonous Slime": 13.524897680763983,
	"Glooth Blade": 13.268865429068105,
	"Fish Fin": 13.109811678271786,
	"White Pearl": 12.973933031583675,
	"Ivory Carving": 12.966653094515658,
	"Demonic Essence": 12.48375029226093,
	"Serpent Sword": 11.816317264015176,
	"Two Handed Sword": 11.70428768554996,
	"Silver Brooch": 11.064502618246296,
	"Brass Helmet": 10.890165139571447,
	"Bone Sword": 10.815680016447027,
	"Knight Axe": 10.704375667022411,
	"Scythe": 10.607435118073417,
	"Crowbar": 10.56545125986389,
	"War Hammer": 10.105015621248969,
	"Brass Armor": 10.006450608020698,
	"Spear": 9.839903953414204,
	"Small Enchanted Ruby": 9.738979894912985,
	"Glooth Steak": 9.716916780354707,
	"Glooth Amulet": 9.530867888318557,
	"Bolt": 9.425333133702651,
	"Sword": 8.95668149697155,
	"Shark Fins": 8.853788687299893,
	"Steel Helmet": 8.793329772680503,
	"Dark Shield": 8.77278610838602,
	"Twin Hooks": 7.970276325616131,
	"Knight Armor": 7.760414713673118,
	"Sniper Arrow": 7.6124747307131555,
	"Wand of Inferno": 7.3995235084281665,
	"Dragon's Tail": 7.297208897864007,
	"Halberd": 7.132200669711024,
	"Torch": 6.713648993197543,
	"Frazzle Tongue": 6.675991960580913,
	"Hand Axe": 6.6125092524056255,
	"Obsidian Lance": 6.59869316000846,
	"Grappling Hook": 6.550862068965517,
	"Green Crystal Splinter": 6.384245072840554,
	"Glorious Axe": 6.29256281843169,
	"Green Mushroom": 6.164416038984959,
	"Yellow Gem": 6.148174147073858,
	"Heavily Rusted Armor": 6.113411341134114,
	"Bony Tail": 5.970446176653436,
	"Arrow": 5.916991667926248,
	"Talon": 5.889193636862315,
	"Frazzle Skin": 5.831561203319502,
	"Assassin Star": 5.8258758125519154,
	"Burst Arrow": 5.686389087911122,
	"Springsprout Rod": 5.620647095541642,
	"Remains of a Fish": 5.617219917012448,
	"Mystical Hourglass": 5.578910451250876,
	"Lump of Earth": 5.561953010279002,
	"Glooth Whip": 5.506474557723873,
	"Lump of Dirt": 5.402104300091491,
	"Magic Light Wand": 5.25368248772504,
	"Moonlight Crystals": 5.209392933745153,
	"Brown Crystal Splinter": 5.05282788922702,
	"Battle Stone": 4.941994761925207,
	"Doublet": 4.850968619009856,
	"Wyrm Scale": 4.793770170476826,
	"Leather Legs": 4.618738898708402,
	"Focus Cape": 4.542826336831795,
	"Coal": 4.514961047532173,
	"Lightning Headband": 4.382379820873698,
	"Health Potion": 4.378847241730255,
	"Rainbow Quartz": 4.3521015067406825,
	"Wand of Starstorm": 4.257768385537384,
	"Onyx Chip": 4.038184524132837,
	"Battle Shield": 4.010991278049053,
	"Spirit Cloak": 3.7692307692307696,
	"Wooden Shield": 3.7136364982984924,
	"Green Crystal Shard": 3.707542942494399,
	"Small Flask of Eyedrops": 3.69949465515955,
	"Blue Crystal Splinter": 3.6896769456681353,
	"Piece of Dead Brain": 3.637982367394132,
	"Mouldy Powder": 3.432661717921527,
	"Banana": 3.3846153846153846,
	"Spiked Squelcher": 3.3599236218723783,
	"Big Bone": 3.2397009755451105,
	"Magma Boots": 3.06914539905087,
	"Cheese": 3.0094105815164687,
	"Bone Club": 2.977762899909139,
	"Cyan Crystal Fragment": 2.879462285287528,
	"Piece of Iron": 2.799371109958506,
	"Rope": 2.7934863064396747,
	"Slightly Rusted Armor": 2.7769464577975214,
	"Vein of Ore": 2.710616740088106,
	"Beetroot": 2.6769434816575552,
	"Titan Axe": 2.666433900417471,
	"Minotaur Horn": 2.633310494088986,
	"Bonelord Eye": 2.626553106181098,
	"Northwind Rod": 2.5608323258467145,
	"Wand of Voodoo": 2.5134851987516567,
	"Spellbook": 2.4656864550907227,
	"Coral Brooch": 2.4528322345132274,
	"Bat Wing": 2.4259315888340396,
	"Morning Star": 2.388266791167266,
	"Mutated Bat Ear": 2.3762376237623766,
	"Studded Club": 2.2427177006974404,
	"Star Herb": 2.2178217821782176,
	"Ring of Healing": 2.157044570396843,
	"Iron Ore": 2.1315244811754743,
	"Pick": 2.0842400513808217,
	"Bone Shield": 2.032087699498543,
	"Magma Legs": 2.0135258636446722,
	"Terra Rod": 1.9792915178581807,
	"Wand of Cosmic Energy": 1.9421452702702702,
	"Pulverized Ore": 1.9184581497797357,
	"Knife": 1.9064725083745335,
	"Life Crystal": 1.8908206799123624,
	"Ring of Blue Plasma": 1.8776952986921174,
	"Combat Knife": 1.8609108354760857,
	"Crown Helmet": 1.8556022664960703,
	"Drill Bolt": 1.8527165932452276,
	"Silky Tapestry": 1.8510790083823792,
	"Noble Axe": 1.709754163362411,
	"Heavy Old Tome": 1.7032884704289557,
	"Pelvis Bone": 1.699642180593559,
	"Violet Crystal Shard": 1.6326530612244898,
	"Elder Bonelord Tentacle": 1.6027334253236087,
	"Haunted Blade": 1.598678410967997,
	"Glooth Cape": 1.589548666306038,
	"Shimmering Beetles": 1.5781876503608658,
	"White Silk Flower": 1.564287568610267,
	"Lion Figurine": 1.488440020635081,
	"Viking Helmet": 1.4822579171483887,
	"Wood Cape": 1.47980887604978,
	"Clerical Mace": 1.4719461395064612,
	"Terra Amulet": 1.468533337442433,
	"Wyvern Talisman": 1.4416890080428955,
	"Orichalcum Pearl": 1.4259995323825112,
	"Green Crystal Fragment": 1.4007151424627153,
	"Silencer Claws": 1.394946740081305,
	"Orc Leather": 1.3892025878410261,
	"Lightning Boots": 1.3849887403004184,
	"Bow": 1.3248471858765174,
	"Broadsword": 1.3077376722072445,
	"Minotaur Leather": 1.3071117056565194,
	"Plate Legs": 1.249170281971389,
	"Dark Mushroom": 1.247305825006244,
	"Orcish Gear": 1.2357371856773147,
	"Wild Flowers": 1.2354050273177648,
	"Underworld Rod": 1.22965643275121,
	"Scarab Coin": 1.2078212290502792,
	"Brass Shield": 1.1769772760095725,
	"Short Sword": 1.1665304233025668,
	"Kongra's Shoulderpad": 1.1282051282051282,
	"Roll": 1.1079769268581998,
	"Winter Wolf Fur": 1.1,
	"Nightmare Blade": 1.0714773371657917,
	"Thick Fur": 1.0714612346705468,
	"Power Bolt": 1.0620832919691612,
	"Mammoth Tusk": 1.042943255040532,
	"Guardian Shield": 1.0328814005486318,
	"Royal Spear": 1.0181253724308814,
	"Corncob": 1.0012988344765816,