{
	"Gold Coin": 1161.7992251735477,
	"Platinum Coin": 1061.9144796970884,
	"Great Mana Potion": 172.6868813070639,
	"Dark Mushroom": 88.00768861124459,
	"Rope Belt": 80.87885561719192,
	"Cultish Robe": 69.14640241961997,
	"Green Mushroom": 60.25141758769822,
	"Bone": 54.10274256059685,
	"Worm": 50.30946502498382,
	"Dragon Ham": 46.505866717571124,
	"Terra Amulet": 43.17793751480044,
	"Poison Arrow": 42.465306122448986,
	"Meat": 40.42316926687808,
	"Garlic Necklace": 30.484584987773122,
	"Bat Wing": 28.6589139836617,
	"Great Health Potion": 27.751450053705696,
	"Strong Health Potion": 26.78480330498805,
	"Cultish Mask": 24.508833922261484,
	"Rotten Piece of Cloth": 23.9959923409182,
	"Morning Star": 23.580036295953242,
	"Strong Mana Potion": 22.546846677389517,
	"Wyrm Scale": 18.27278283723489,
	"Torch": 17.526842247821016,
	"Silver Amulet": 17.254491758877315,
	"Red Gem": 15.514409221902017,
	"Lamassu Horn": 13.313040345821324,
	"Terra Boots": 12.603007518796993,
	"Pirate Voodoo Doll": 11.233070864254001,
	"Violet Crystal Shard": 10.622478386167147,
	"Red Crystal Fragment": 10.552593659942362,
	"Blue Crystal Shard": 10.168227665706052,
	"Shadow Herb": 10.061322043157608,
	"Book (Orange)": 9.925926278596682,
	"Burst Arrow": 9.690055620072123,
	"Pelvis Bone": 8.79814775836666,
	"Viking Helmet": 8.48391584105256,
	"Ghoul Snack": 8.376096540054325,
	"Spider Silk": 8.31922663802363,
	"Lamassu Hoof": 7.862031700288185,
	"Small Emerald": 7.561068322777519,
	"Crossbow": 7.3728684065766155,
	"Fish": 6.788672550494886,
	"Terra Hood": 6.499279538904899,
	"Cape": 6.286248510520034,
	"Sphinx Feather": 6.180262694378742,
	"Opal": 5.97514409221902,
	"Heavy Old Tome": 5.719326115359455,
	"Mace": 5.42501435533977,
	"Blue Gem": 5.141342966166355,
	"Sphinx Tiara": 4.9881737204972065,
	"Magma Amulet": 4.983946454632379,
	"Ham": 4.873632972247498,
	"Combat Knife": 4.8547527997814806,
	"Hatchet": 4.717042026240089,
	"Half-Digested Piece of Meat": 4.591056394929582,
	"Green Gem": 4.514719943636456,
	"Flaming Arrow": 4.428513867436707,
	"Clerical Mace": 3.9463650228774787,
	"Onyx Chip": 3.8436599423631126,
	"Scarf": 3.767529665587918,
	"Spear": 3.592702267588142,
	"Dragon Necklace": 3.5471877676617076,
	"Rainbow Quartz": 3.4243515850144095,
	"Green Crystal Fragment": 3.3544668587896256,
	"Cultish Symbol": 3.066219857602798,
	"Green Crystal Splinter": 3.039985590778098,
	"Grapes": 2.987374924451011,
	"Magma Boots": 2.975995168839012,
	"Lightning Pendant": 2.9195398195015754,
	"Chicken Feather": 2.8645745930525255,
	"White Pearl": 2.8532585004359197,
	"Lightning Headband": 2.565950379950682,
	"Amber Staff": 2.556627372853496,
	"Music Sheet (Third Verse)": 2.539400101677682,
	"Terra Mantle": 2.421267454350161,
	"Cheese": 2.3348366617578393,
	"Small Diamond": 2.3346873810006503,
	"Coal": 2.3008312390404204,
	"Life Ring": 2.264871739877164,
	"Wand of Starstorm": 2.2571209845954914,
	"Sword": 2.229922027266652,
	"Protection Amulet": 2.0975323992392263,
	"Voluminous Piece of Cloth": 1.9655313240218901,
	"Time Ring": 1.9217081850533808,
	"Ludicrous Piece of Cloth": 1.919464183615127,
	"Two Handed Sword": 1.9012106536007873,
	"Iron Helmet": 1.899608163407154,
	"Elven Amulet": 1.8868876080691643,
	"Ominous Piece of Cloth": 1.8580413297394431,
	"Luminous Piece of Cloth": 1.8503634730049825,
	"Rotten Meat": 1.8382001581247447,
	"Scale Armor": 1.8348972167578264,
	"Sacred Tree Amulet": 1.8170028818443804,
	"Violet Gem": 1.8170028818443804,
	"Obvious Piece of Cloth": 1.7735849056603772,
	"Wand of Defiance": 1.7712243973629913,
	"Leather Boots": 1.6980057349262367,
	"Magma Monocle": 1.6866790800664284,
	"Pile of Grave Earth": 1.6331210758338157,
	"Brown Piece of Cloth": 1.625862759941221,
	"Dubious Piece of Cloth": 1.620027770971167,
	"Chain Armor": 1.5591479873054332,
	"Skull": 1.5017903556899317,
	"Focus Cape": 1.500672330542143,
	"Cobra Tongue": 1.4737636572742956,
	"Music Sheet (Second Verse)": 1.4478317419027378,
	"Studded Armor": 1.440808907066576,
	"Plate Shield": 1.402139275887196,
	"Small Ruby": 1.398335491055255,
	"Small Sapphire": 1.3753534474638252,
	"Hand Axe": 1.36139896373057,
	"Music Sheet (First Verse)": 1.3357605177993528,
	"White Piece of Cloth": 1.333447145588637,
	"Music Sheet (Fourth Verse)": 1.3215547703180213,
	"Ghostly Tissue": 1.2737639989074023,
	"Wand of Draconia": 1.2340932705824827,
	"Axe": 1.2245578198263931,
	"Energy Ring": 1.198415745596572,
	"Sabre": 1.1707687577735233,
	"Studded Shield": 1.1433765053396954,
	"White Mushroom": 1.1044687071177137,
	"Green Crystal Shard": 1.048270893371758,
	"Bone Shield": 0.9639440829199211,
	"Throwing Star": 0.9324320802092112,
	"Bone Sword": 0.9259680796531681,
	"Magma Legs": 0.9130894268028785,
	"Longsword": 0.9008797260089987,
	"Skull Staff": 0.865017667844523,
	"Brass Shield": 0.864379428892163,
	"Leather Helmet": 0.8354922279792746,
	"Broken Key Ring": 0.8090357238420363,
	"Dagger": 0.8,
	"Elvish Talisman": 0.751796387079444,
	"Hailstorm Rod": 0.7377986781901372,
	"Mantassin Tail": 0.7129613807245385,
	"Terra Rod": 0.6722075944548425,
	"Dwarven Ring": 0.6439050701186624,
	"Sandcrawler Shell": 0.6264808362369337,
	"Cookie": 0.6185362730999232,
	"Quara Eye": 0.6013044294294294,
	"Quara Pincers": 0.594728375201089,
	"Bow": 0.5832381975690014,
	"Silky Fur": 0.581133708351363,
	"Wooden Shield": 0.5760578361288722,
	"Wand of Vortex": 0.5754045307443366,
	"Rope": 0.5751295336787565,
	"Brass Helmet": 0.5592950286578138,
	"Ancient Shield": 0.5559956296093963,
	"Shrimp": 0.4997184684684685,
	"Shaggy Tail": 0.495351289178568,
	"Studded Helmet": 0.48284480799818225,
	"Vampire Teeth": 0.46885347974980895,
	"Platinum Amulet": 0.46855123674911664,
	"Studded Club": 0.40813557465893724,
	"Poisonous Slime": 0.39449601685430247,
	"Carrot": 0.3808349633620186,
	"Hibiscus Dress": 0.38029460301937534,
	"Lunar Staff": 0.37747839349262835,
	"Wand of Inferno": 0.36042402826855124,
	"Red Robe": 0.3603202846975089,
	"Wolf Paw": 0.3413695517012199,
	"Girlish Hair Decoration": 0.3390553930995445,
	"Plate Armor": 0.3310227571246782,
	"Blood Preservation": 0.3039651317465259,
	"Red Apple": 0.30250347705146036,
	"Jewelled Backpack": 0.30035335689045933,
	"Lump of Dirt": 0.3001169055606384,
	"Brown Bread": 0.2953682611996963,
	"Honeycomb": 0.2736787456792221,
	"Piggy Bank": 0.2643109540636042,
	"Frosty Heart": 0.2529032691145868,
	"Black Pearl": 0.23876794525471046,
	"Mysterious Voodoo Skull": 0.20424028268551236,
	"Rainbow Trout": 0.20281150715933324,
	"Wolf Tooth Chain": 0.20238167200628665,
	"Hunting Spear": 0.2023643949930459,
	"Witch Broom": 0.1993592456023696,
	"Green Perch": 0.19932976454715587,
	"Blue Robe": 0.192226148409894,
	"Stealth Ring": 0.18790245429321611,
	"Fish Fin": 0.18501117707813566,
	"Protective Charm": 0.18014944192928042,
	"Star Herb": 0.17971347397690865,
	"Rapier": 0.1558175846659129,
	"Minotaur Horn": 0.14179364198940694,
	"Egg": 0.13844604799462998,
	"Heaven Blossom": 0.13565240749445973,
	"Composite Hornbow": 0.1304932461340994,
	"Halberd": 0.12325207276327188,
	"Battle Shield": 0.12021955730565002,
	"Grave Flower": 0.11700110378399795,
	"Dragonbone Staff": 0.11557973229020231,
	"Bunch of Troll Hair": 0.10324499024440957,
	"Shockwave Amulet": 0.10253040767679236,
	"Carrion Worm Fang": 0.09989014118891647,
	"Lion's Mane": 0.09349794238683128,
	"Katana": 0.08711402937763564,
	"Twigs": 0.0820545953803909,
	"Sickle": 0.07809949827721695,
	"Battle Hammer": 0.07702404391146113,
	"Obsidian Lance": 0.07671734234234234,
	"Minotaur Leather": 0.07038293799688951,
	"Spike Sword": 0.06130246511759545,
	"Cherry": 0.06018877388171994,
	"Orc Leather": 0.05794137695978187,
	"Health Potion": 0.05421799521602854,
	"Flintstone": 0.05305217916862534,
	"Coat": 0.05156545528408743,
	"Scorpion Tail": 0.050593245687751934,
	"Arrow": 0.05058567047260097,
	"Ring of Healing": 0.049033408408408405,
	"Life Crystal": 0.046900136121767105,
	"Wand of Cosmic Energy": 0.044341216216216214,
	"Polar Bear Paw": 0.03164000703111267,