{
	"Gold Coin": 11238.090872881732,
	"Skull": 1883.549280840375,
	"Dagger": 1872.8000000000002,
	"Meat": 819.9717759732533,
	"White Mushroom": 696.6821317594348,
	"Brown Bread": 691.457099468489,
	"Sabre": 602.7666539060365,
	"Bolt": 566.186093942624,
	"Spear": 541.6770961667959,
	"Dragon Ham": 383.8487174904375,
	"Bone": 374.3512185478607,
	"Torch": 332.0846344298682,
	"Platinum Coin": 326.5481754821106,
	"Girlish Hair Decoration": 284.7742246201645,
	"Ham": 283.7946366088013,
	"Chain Armor": 281.8704675415202,
	"Plate Shield": 269.7470163432981,
	"Leather Boots": 237.44962534243484,
	"Worm": 233.16629106286882,
	"Mace": 230.15860738390268,
	"Cookie": 171.0288594514219,
	"Swampling Moss": 153.809884190094,
	"Protective Charm": 152.05262983368235,
	"Bread": 148.702710903387,
	"Flaming Arrow": 148.50283168804424,
	"Piece of Swampling Wood": 115.1346099321716,
	"Brass Helmet": 104.55432611876444,
	"Grapes": 103.922979975818,
	"Short Sword": 99.51436357446917,
	"Compass": 94.28417633451049,
	"Insectoid Eggs": 90.77111260663163,
	"Rope": 88.03235691026781,
	"Sword": 83.8350579668052,
	"Minotaur Horn": 83.72610168282972,
	"Throwing Star": 80.9879906789933,
	"Axe": 79.57832338931158,
	"Coal": 78.06987893945697,
	"Fish": 76.88320463073825,
	"Cheese": 75.4361944416085,
	"Blank Rune": 73.61327944070877,
	"Dark Rosary": 73.12962962962962,
	"Battle Shield": 71.9698614532179,
	"Great Mana Potion": 70.69757901155305,
	"Piercing Bolt": 69.76341453398442,
	"Arrow": 69.11346429143872,
	"Pelvis Bone": 68.78551883813934,
	"Red Apple": 68.29015994436718,
	"Longsword": 68.26198754929952,
	"Great Health Potion": 67.1443108892642,
	"Small Stone": 66.78629553137569,
	"Soldier Helmet": 62.9535266255772,
	"Shadow Herb": 62.07971333350652,
	"Broken Crossbow": 61.98363488513926,
	"Knife": 60.82141818710817,
	"Scale Armor": 60.413367331143974,
	"Ogre Ear Stud": 60.29038320761587,
	"Carrot": 58.510063438564615,
	"Swampling Club": 57.222590565091274,
	"Shovel": 57.16763202191755,
	"Viking Helmet": 55.72506904774172,
	"Strong Health Potion": 55.24730499818839,
	"Wolf Tooth Chain": 53.68697080056971,
	"Frost Giant Pelt": 53.29356662955905,
	"Pear": 52.80101180438449,
	"Witch Broom": 51.93308347941728,
	"Hunting Spear": 50.315697644220904,
	"Nettle Spit": 49.23361034164358,
	"Ogre Nose Ring": 47.075210046600304,
	"Star Herb": 46.8153599709847,
	"Steel Shield": 43.731415845499875,
	"Rope Belt": 43.2964824120603,
	"Green Mushroom": 39.42336420675232,
	"Hatchet": 38.857793820472,
	"Crossbow": 37.513612998640724,
	"Dark Mushroom": 36.57396746748378,
	"Magic Light Wand": 35.90759641218551,
	"Ice Rapier": 34.59539500235173,
	"Steel Helmet": 33.726212574321394,
	"Minotaur Leather": 32.7140624032736,
	"Piece of Archer Armor": 32.53557633665379,
	"Sling Herb": 30.643537943670275,
	"Royal Spear": 30.258149079859006,
	"Pirate Coin": 29.58057386975857,
	"Book (Gemmed)": 29.57125784284434,
	"Brass Shield": 29.157038178149403,
	"Health Potion": 28.033174522593857,
	"Cape": 27.92154703831542,
	"Damselfly Wing": 27.895126496642924,
	"Leather Helmet": 27.833315329725853,
	"Elvish Talisman": 27.594651669522364,
	"Marsh Stalker Feather": 26.879222303276347,
	"Brass Armor": 26.547530057406476,
	"Rotten Piece of Cloth": 26.056997818052277,
	"Combat Knife": 26.04989394104586,
	"Leather Legs": 25.46676739408161,
	"Heavy Old Tome": 25.258594462458035,
	"Tainted Glooth Capsule": 24.893399112806353,
	"Mana Potion": 24.697057263680044,
	"Viper Star": 24.554161915621435,
	"Bow": 24.309159624780985,
	"Damselfly Eye": 23.569273186796355,
	"Piece of Warrior Armor": 23.565966067358826,
	"Purple Robe": 23.41089548749123,
	"Glooth Bag": 23.29754764873801,
	"Ice Cube": 23.206708248082045,
	"Lump of Dirt": 22.90892379112873,
	"Rat Cheese": 22.817232033755488,
	"Crystal Sword": 22.313931532714886,
	"Soft Cheese": 21.754498083496863,
	"Power Bolt": 21.744850786707477,
	"Sickle": 20.344919301215015,
	"Hand Axe": 20.226498889711323,
	"Pirat's Tail": 20.116953257959672,
	"Battle Hammer": 19.581183087421337,
	"Marsh Stalker Beak": 18.988074471121823,
	"Beetroot": 18.861200772537515,
	"Carniphila Seeds": 18.376757831600223,
	"Small Sapphire": 18.00088219933086,
	"Dragon's Tail": 17.51597685775069,
	"Geomancer's Robe": 17.343772584919297,
	"Scroll": 17.15772690232034,
	"Battle Axe": 16.553984084262446,
	"Energy Ring": 16.48491186136839,
	"Dwarven Shield": 16.16274599179532,
	"Burst Arrow": 15.379018221432586,
	"Egg": 15.03756900541648,
	"Battle Stone": 14.687926330150068,
	"Geomancer's Staff": 14.162370513129366,
	"Book of Prayers": 14.031267448352875,
	"Plate Armor": 13.611061730176553,
	"Skull Fetish": 13.10422437347841,
	"Earflap": 13.09714638857482,
	"Garlic Necklace": 13.08562534002297,
	"Knight Axe": 12.932435760610787,
	"Bola": 12.89282820634302,
	"Crowbar": 12.713241934159758,
	"Flask of Embalming Fluid": 12.706028233498664,
	"Cheese Cutter": 11.920879053830257,
	"Ultimate Health Potion": 11.920600453950382,
	"Small Ruby": 11.635131341011194,
	"Terra Boots": 11.512667480671182,
	"Worn Leather Boots": 11.076923076923077,
	"Throwing Knife": 11.063040849261807,
	"Great Spirit Potion": 10.87756064721842,
	"Coat": 10.83790528499694,
	"Wooden Shield": 10.802612110286367,
	"Shark Fins": 10.696658730810277,
	"Gauze Bandage": 10.511851392598244,
	"Double Axe": 10.4356636944403,
	"Haunch of Boar": 10.389838788470932,
	"Poison Arrow": 10.131684160199727,
	"Golden Mug": 10.00149387511204,
	"Protection Amulet": 9.751637220659436,
	"Voluminous Piece of Cloth": 9.681287266192927,
	"Life Crystal": 9.648341457079091,
	"Glooth Capsule": 9.536930063651681,
	"Ludicrous Piece of Cloth": 9.454382095891528,
	"Halberd": 9.419892874462649,
	"Ominous Piece of Cloth": 9.151841868823002,
	"Luminous Piece of Cloth": 9.114024340439435,
	"Ghoul Snack": 9.095515874782919,
	"Dark Armor": 8.928848641655886,
	"Obvious Piece of Cloth": 8.735849056603774,
	"Honeycomb": 8.34842288901452,
	"Knight Armor": 8.255534539553643,
	"Orc Leather": 8.112426436692397,
	"Morning Star": 8.026669667222446,
	"Dubious Piece of Cloth": 7.9794984889324505,
	"Club Ring": 7.922766039387428,
	"Glooth Steak": 7.904278102367005,
	"Warwolf Fur": 7.8278322331132895,
	"Glooth Sandwich": 7.674885550715303,
	"Plate Legs": 7.229992599593112,
	"Onyx Chip": 7.123769836054148,
	"Safety Pin": 6.882002605620697,
	"Brown Mushroom": 6.724817283826644,
	"Chain Helmet": 6.646219695914083,
	"Ankh": 6.581332588870278,
	"White Pearl": 6.478512960436562,
	"Sandals": 6.478006532406767,
	"Corncob": 6.46806691301223,
	"Red Dragon Scale": 6.386316103973708,
	"Mouldy Powder": 6.2036055143160125,
	"Two Handed Sword": 6.081887499062587,
	"Cyclops Toe": 5.992555831265508,
	"Strange Talisman": 5.871885041667078,
	"Orcish Gear": 5.869751631967245,
	"Studded Club": 5.817847234376197,
	"Fox Paw": 5.811487481590575,
	"Piece of Crocodile Leather": 5.809721839129235,
	"Necrotic Rod": 5.764445101645355,
	"Power Ring": 5.616214821771939,
	"Crystal Necklace": 5.5992027334851935,
	"Opal": 5.577598635364189,
	"Magma Boots": 5.542706846650029,
	"Pirate Backpack": 5.423664046173749,
	"Focus Cape": 5.414087513340448,
	"Dark Shield": 5.234152652005175,
	"Pirate Hat": 5.234152652005175,
	"Orange": 5.2270328988206085,
	"Grave Flower": 5.175755563513201,
	"Spellbook": 5.12084514524856,
	"Hook": 5.086433241075378,
	"Broken Helmet": 5.012367052487048,
	"Peg Leg": 4.9682242169801025,
	"Werebadger Claws": 4.923832923832923,
	"Troll Green": 4.877686583501863,
	"Rapier": 4.8303451246433,
	"Studded Helmet": 4.803926260719745,
	"Iron Ore": 4.79410467009487,
	"Treasure Map (Pirate)": 4.785379973339958,
	"Heaven Blossom": 4.7822998238431715,
	"Small Topaz": 4.703135093762533,
	"Light Shovel": 4.6877505567928734,
	"Bag of Apple Slices": 4.645318261500333,
	"Werebadger Skull": 4.603194103194103,
	"Lamp": 4.593532499127239,
	"Eye Patch": 4.553750378053001,
	"Seeds": 4.552531258554111,
	"Studded Legs": 4.470014627011214,
	"Nettle Blossom": 4.427208371806709,
	"Tarantula Egg": 4.285693843236862,
	"Wereboar Hooves": 4.1717263253285,