{
	"Gold Coin": 3932.6980616378773,
	"Platinum Coin": 638.7249968033954,
	"Bone": 458.9248806289069,
	"Meat": 349.77932201367247,
	"Worm": 305.9375832742101,
	"Skull": 279.93094999849666,
	"Great Health Potion": 226.29003155768115,
	"Dagger": 205.60000000000002,
	"Great Mana Potion": 194.37267984104028,
	"Rotten Piece of Cloth": 184.4599902035,
	"Torch": 135.9924380113067,
	"Dragon Ham": 127.05432420712924,
	"Ice Rapier": 123.5672070610042,
	"Spear": 121.04304181018588,
	"Pirate Coin": 114.85221825134374,
	"Flask of Embalming Fluid": 85.19089406079105,
	"Pirat's Tail": 80.98292766327755,
	"Crystal Sword": 80.7460703267738,
	"Brown Bread": 75.90964312832195,
	"Gauze Bandage": 70.47946076561108,
	"Pelvis Bone": 64.68638181435487,
	"Ghoul Snack": 64.38803045820902,
	"Viking Helmet": 62.90346036744401,
	"Sabre": 59.985730256997925,
	"Beetroot": 59.36319355567764,
	"Fairy Wings": 58.23065409814293,
	"Cheese": 57.78416274559103,
	"Ham": 57.21681659229165,
	"Heavy Old Tome": 46.14607804113948,
	"Knight Axe": 46.11115671948116,
	"Crowbar": 45.64782255295722,
	"Small Stone": 44.55908230546165,
	"Magic Light Wand": 43.01277897395545,
	"Mace": 42.873614874077134,
	"Shark Fins": 38.13939742221492,
	"Girlish Hair Decoration": 37.390713078043305,
	"Hatchet": 37.15485646207705,
	"Strange Talisman": 35.05227012590615,
	"Stone Wing": 34.561215873909376,
	"Bolt": 33.20124802508807,
	"Chain Armor": 31.60970690131753,
	"Frazzle Tongue": 31.505997147302903,
	"Knight Armor": 28.868902715381147,
	"Potato": 28.573036870250494,
	"Wand of Inferno": 28.099365814325594,
	"Arrow": 27.965997720461104,
	"Silver Brooch": 27.65084612339335,
	"Frazzle Skin": 27.520876556016596,
	"Grappling Hook": 26.82,
	"Remains of a Fish": 26.509336099585063,
	"White Mushroom": 25.080220440597238,
	"Plate Shield": 24.241843438819558,
	"Terra Boots": 22.776666131907724,
	"Fox Paw": 21.841279192089207,
	"Short Sword": 21.780213135444278,
	"Crossbow": 20.830909778196435,
	"Protective Charm": 19.9394589634004,
	"Focus Cape": 19.304162219850586,
	"Plate Armor": 18.56982013687657,
	"Sword": 18.524142529274286,
	"Fish": 18.17867176904545,
	"Bony Tail": 18.010845966237863,
	"Wand of Starstorm": 17.343816617180813,
	"Cyclops Toe": 16.62855888671849,
	"Werebadger Claws": 15.219119946392672,
	"Red Apple": 15.200799721835883,
	"Strong Mana Potion": 15.124086848485087,
	"Magma Boots": 14.666104192828474,
	"Assassin Star": 14.516604400427337,
	"Mouldy Powder": 14.51643690349947,
	"Werebadger Skull": 14.228054500781775,
	"Big Bone": 14.222607624481327,
	"Troll Green": 13.576516708984242,
	"Fish Fin": 13.551154045643154,
	"Piece of Iron": 13.378762459885447,
	"Scale Armor": 13.261382214462818,
	"Half-Digested Piece of Meat": 12.983310020069679,
	"Steel Shield": 12.915283650709826,
	"Springsprout Rod": 12.600000000000001,
	"Pile of Grave Earth": 12.553992073740927,
	"Brown Piece of Cloth": 12.49819655341319,
	"Brown Mushroom": 12.422049707010782,
	"Leather Helmet": 12.413447171412226,
	"Green Mushroom": 11.82919907877581,
	"Crystal Ring": 11.401727942614603,
	"Cookie": 10.96456766135149,
	"Wereboar Hooves": 10.66107838695061,
	"Wereboar Tusks": 10.473493429995468,
	"Wand of Voodoo": 10.467312932767479,
	"Werefox Tail": 10.448979591836734,
	"Mana Potion": 10.348752388731,
	"Frosty Heart": 10.260322088938963,
	"Hunting Spear": 10.168810848400556,
	"Battle Shield": 9.847185117152977,
	"Ice Cube": 9.458721670298221,
	"Bone Club": 8.982918081392569,
	"Leather Boots": 8.639953837014179,
	"Dragon's Tail": 8.389429495737462,
	"Badger Fur": 8.387591941157659,
	"Leather Legs": 8.264144715636473,
	"Black Pearl": 8.225629035626913,
	"Morning Star": 8.145212346200442,
	"Strong Health Potion": 8.082713833507501,
	"Wolf Tooth Chain": 8.030500032210904,
	"Ring of Blue Plasma": 7.9406150583244965,
	"Iron Ore": 7.539915308113275,
	"Banana": 7.522207802161725,
	"Small Sapphire": 7.406696152999347,
	"Hand Axe": 7.195965951147298,
	"Burst Arrow": 6.96209351136367,
	"Brass Helmet": 6.862982752704736,
	"Yellow Piece of Cloth": 6.664631819916062,
	"Two Handed Sword": 6.594863246615013,
	"Bone Shield": 6.472192970833285,
	"Brass Shield": 6.355153301059426,
	"Longsword": 6.303739004586631,
	"Green Crystal Splinter": 6.022412590946652,
	"Steel Helmet": 5.90482855485925,
	"Wood Cape": 5.893425238600212,
	"Silencer Claws": 5.812278083672104,
	"Book (Gemmed)": 5.807461345466285,
	"Royal Spear": 5.7791250535285705,
	"Violet Crystal Shard": 5.734282185496678,
	"Strawberry": 5.65381367858148,
	"Lightning Boots": 5.645281018027571,
	"Werebear Fur": 5.567662930676629,
	"Bow": 5.48977488385121,
	"Iron Helmet": 5.473521467130414,
	"Werebear Skull": 5.222083852220838,
	"Rotten Meat": 5.198350984804385,
	"Axe": 4.930975458334172,
	"Power Bolt": 4.914118162131535,
	"Red Gem": 4.857494363598143,
	"Small Emerald": 4.794091031936474,
	"Poison Arrow": 4.771560503748224,
	"Halberd": 4.764572460237082,
	"Lump of Dirt": 4.701831520450002,
	"Soldier Helmet": 4.615014169920133,
	"Small Diamond": 4.528494674480185,
	"Acorn": 4.516139504641269,
	"Emerald Bangle": 4.323319543323,
	"Moonlight Crystals": 4.2303773271452645,
	"Grapes": 4.206940935107191,
	"Shovel": 4.1570542354624465,
	"Lamassu Horn": 4.117435158501441,
	"Roll": 4.100052107261217,
	"Blank Rune": 3.7982006721465518,
	"Small Amethyst": 3.711205803571058,
	"Moonlight Rod": 3.657142857142857,
	"Scroll": 3.656911333791557,
	"Poison Dagger": 3.582691172447064,
	"Sphinx Feather": 3.5315786825021385,
	"Witch Broom": 3.2894275524390983,
	"Red Crystal Fragment": 3.2636887608069163,
	"Energy Ring": 3.23938971637838,
	"Blue Crystal Shard": 3.1448126801152734,
	"Brown Crystal Splinter": 3.143328492798341,
	"Health Potion": 3.138412500064338,
	"Rope": 3.0399703923019987,
	"Star Herb": 2.965272320618993,
	"Throwing Star": 2.936607588530808,
	"Terra Amulet": 2.9128632598769992,
	"Wooden Shield": 2.8880654982177294,
	"Sphinx Tiara": 2.850384983141261,
	"Magma Amulet": 2.847969402647074,
	"Ring of Healing": 2.7233638286801964,
	"Cape": 2.7196519122448524,
	"Opal": 2.6593631093552137,
	"Wyvern Talisman": 2.643096514745308,
	"Bone Sword": 2.6185979026750883,
	"Melon": 2.6172267843577037,
	"Green Gem": 2.5798399677922603,
	"Ultimate Health Potion": 2.516666604318194,
	"Blue Gem": 2.5165434487603546,
	"Lamassu Hoof": 2.431556195965418,
	"Elvish Talisman": 2.3804582897659494,
	"Protection Amulet": 2.350693132825114,
	"Studded Club": 2.34531491656404,
	"Life Ring": 2.343411853764973,
	"Haunted Blade": 2.3079298101168115,
	"Orange": 2.2618874207962745,
	"Honeycomb": 2.259624191597332,
	"Onyx Chip": 2.1750621767794405,
	"Battle Axe": 2.153846786565226,
	"Small Enchanted Emerald": 2.089795918367347,
	"Stealth Ring": 2.045665122465932,
	"Earth Arrow": 2.0144609090023486,
	"Terra Hood": 2.010086455331412,
	"Lump of Earth": 1.9953023693809735,
	"Kongra's Shoulderpad": 1.9730994708571292,
	"Golden Mug": 1.9697704878713447,
	"Double Axe": 1.854234888122289,
	"Hardened Bone": 1.8540576729950744,
	"Small Enchanted Sapphire": 1.8372768783727689,
	"Elven Scouting Glass": 1.8174875906834669,
	"Minotaur Horn": 1.7642925014799626,
	"Shadow Herb": 1.7598026354141307,
	"Small Enchanted Amethyst": 1.6973419700692427,
	"Battle Hammer": 1.6967918835726903,
	"War Hammer": 1.6856304412695908,
	"Bread": 1.6695727670658034,
	"Small Flask of Eyedrops": 1.617262786235875,
	"Spellbook": 1.607523612687089,
	"Werewolf Amulet": 1.579053237223409,
	"White Pearl": 1.5483870967741935,
	"Bear Paw": 1.5418732810454938,
	"Broadsword": 1.5313686494304828,
	"Piercing Bolt": 1.4947977565944628,
	"Flaming Arrow": 1.476171289145569,
	"Plate Legs": 1.470379075513771,
	"Lightning Headband": 1.4662573599718183,
	"Wolf Paw": 1.4515152320958957,
	"Sniper Arrow": 1.414660050173042,
	"Shadow Sceptre": 1.4125456697370453,
	"Glorious Axe": 1.3971080121442907,
	"Piece of Marble Rock": 1.3678581480439065,
	"Stone Skin Amulet": 1.3587911391119207,
	"Studded Armor": 1.3107728990075986,
	"Blue Crystal Splinter": 1.2909241227264376,
	"Sickle": 1.2886417215740795,