{
	"Gold Coin": 879.1411556907236,
	"Dragon Ham": 312.3716775950626,
	"Platinum Coin": 277.08667432110894,
	"Meat": 102.54897944934078,
	"Steel Shield": 66.57693442408119,
	"Crossbow": 61.83297875136592,
	"Bolt": 56.018196431578644,
	"Dragon's Tail": 45.04741090508737,
	"Burst Arrow": 35.8673035094447,
	"Scroll": 30.349788544450256,
	"Arrow": 25.22106806945685,
	"Bone": 20.196201896771203,
	"Longsword": 17.90712090296252,
	"Red Gem": 16.709797164424085,
	"Lamassu Horn": 14.136527377521613,
	"Red Rose": 13.640987786874245,
	"Grapes": 13.521842705677091,
	"Steel Helmet": 13.516601275335919,
	"Great Health Potion": 12.209435255656345,
	"Sphinx Feather": 11.845503497559257,
	"Violet Crystal Shard": 11.279538904899136,
	"Red Crystal Fragment": 11.205331412103746,
	"Blue Crystal Shard": 10.797190201729105,
	"Small Emerald": 10.487012198178501,
	"Worm": 9.874525797419832,
	"Bow": 9.581503391046219,
	"Sphinx Tiara": 9.560666297619646,
	"Magma Amulet": 9.552564038045393,
	"Broadsword": 8.850117519435907,
	"Green Gem": 8.824817286481709,
	"Plate Legs": 8.57660252520324,
	"Blue Gem": 8.48026133837024,
	"Lamassu Hoof": 8.348342939481268,
	"Terra Amulet": 8.348342939481268,
	"White Mushroom": 8.115236569810541,
	"Sniper Arrow": 7.719702053415649,
	"Axe": 7.413460944299436,
	"Skull": 7.007944621574429,
	"Plate Shield": 6.901849804747109,
	"Terra Hood": 6.901296829971181,
	"Small Diamond": 6.567217443016306,
	"Opal": 6.344740634005763,
	"Mace": 6.134551728619317,
	"Small Amethyst": 5.925128184725503,
	"Ham": 5.7887088154159025,
	"Magma Boots": 5.703990740274772,
	"Cheese": 5.572496497970619,
	"Green Tunic": 5.334552409072608,
	"Scroll of Heroic Deeds": 5.31983793862259,
	"White Pearl": 5.193548387096774,
	"Strong Health Potion": 5.097727862293527,
	"Short Sword": 4.987854251012146,
	"Lightning Headband": 4.920779798575905,
	"Broken Crossbow": 4.897472385986312,
	"Wand of Inferno": 4.728940833913634,
	"Green Dragon Scale": 4.612788525281745,
	"Double Axe": 4.5513750608024255,
	"Green Dragon Leather": 4.524670472057925,
	"Onyx Chip": 4.0814121037463975,
	"Piercing Bolt": 4.0543764922970205,
	"Halberd": 3.9195802255872354,
	"Chain Armor": 3.8796598017782866,
	"Lightning Pendant": 3.84857329777062,
	"Brass Shield": 3.78440160059411,
	"Rainbow Quartz": 3.6361671469740635,
	"Wedding Ring": 3.6036988317163305,
	"Green Crystal Fragment": 3.5619596541786747,
	"Bony Tail": 3.482760269714504,
	"Wand of Defiance": 3.3948467616124,
	"Hatchet": 3.323245625494947,
	"Magma Monocle": 3.232801570127321,
	"Wand of Starstorm": 3.232801570127321,
	"Cyclops Toe": 3.230769230769231,
	"Minotaur Horn": 3.230558132206847,
	"Green Crystal Splinter": 3.228025936599424,
	"Small Ruby": 2.889003110520568,
	"Plate Armor": 2.885621484945723,
	"Piece of Archer Armor": 2.5707122043775836,
	"Two Handed Sword": 2.5497594310602407,
	"Leather Helmet": 2.5461032775197654,
	"Egg": 2.5440474230199244,
	"Brass Helmet": 2.427978990011633,
	"Assassin Star": 2.401005789998434,
	"Leather Legs": 2.398314272365217,
	"Rope": 2.3617248282164427,
	"Hand Axe": 2.3338267949666913,
	"Dragon Hammer": 2.294900603524722,
	"Serpent Sword": 2.241263527649353,
	"Health Potion": 2.179976355692754,
	"Violet Gem": 2.0970779267407105,
	"Soul Orb": 2.0555350780194126,
	"Brass Armor": 2.0308388730030824,
	"Elven Amulet": 2.0036023054755043,
	"War Hammer": 1.932203880675731,
	"Sacred Tree Amulet": 1.9293948126801153,
	"Red Piece of Cloth": 1.922112012495505,
	"Heavy Old Tome": 1.8268047144425492,
	"Flask of Demonic Blood": 1.8165622312323382,
	"Battle Shield": 1.7780321876517797,
	"Magma Legs": 1.7500880680388504,
	"Bone Club": 1.737028358280331,
	"Great Mana Potion": 1.7249537321563426,
	"Spear": 1.690083819941333,
	"Blank Rune": 1.602199988797651,
	"Scarf": 1.5410812235989106,
	"Studded Armor": 1.466695066369501,
	"Great Spirit Potion": 1.4611960415770124,
	"Torch": 1.4190753342460398,
	"Orange": 1.40727808814401,
	"Bread": 1.3938630638882528,
	"Mana Potion": 1.3844118264956458,
	"Dragon Shield": 1.3600829954111457,
	"Sword": 1.3331007700282673,
	"Pick": 1.319720699235365,
	"Copper Shield": 1.3173026163622434,
	"Onyx Arrow": 1.2780248282281654,
	"Minotaur Leather": 1.2230918174824965,
	"Leather Boots": 1.1946706143597337,
	"Piece of Warrior Armor": 1.1434962437747953,
	"Small Notebook": 1.1402123976357157,
	"Green Crystal Shard": 1.1131123919308359,
	"Roll": 1.108723423921918,
	"Lyre": 1.052073547174876,
	"Letter": 1.0346175595603964,
	"Chain Helmet": 1.0340852955705582,
	"Wyvern Talisman": 0.9611260053619303,
	"Small Topaz": 0.9582690982113784,
	"Demonic Skeletal Hand": 0.9580143121653405,
	"Might Ring": 0.9386430169132756,
	"Carrot": 0.8801496375964462,
	"Dead Frog": 0.8343230121706745,
	"Throwing Star": 0.7992793874793575,
	"Voluminous Piece of Cloth": 0.7527566772849792,
	"Wolf Paw": 0.7448062946208435,
	"Ludicrous Piece of Cloth": 0.7351139426611124,
	"Bone Shield": 0.7244034240351969,
	"Ominous Piece of Cloth": 0.711590296495957,
	"Hunter's Quiver": 0.7104283054003725,
	"Luminous Piece of Cloth": 0.7086498407253125,
	"Obvious Piece of Cloth": 0.6792452830188679,
	"Sandcrawler Shell": 0.6668989547038328,
	"Crown Armor": 0.6336718574115422,
	"Wooden Shield": 0.6306439674315323,
	"Dubious Piece of Cloth": 0.6204361676059789,
	"Studded Club": 0.612879348630644,
	"Crown Legs": 0.5837897263595685,
	"Life Crystal": 0.5647563092488808,
	"Throwing Knife": 0.5556781135867833,
	"Poison Arrow": 0.5010458464066319,
	"Small Sapphire": 0.5000307257749276,
	"Green Mushroom": 0.49911529816842815,
	"Fire Sword": 0.48614232281102354,
	"Crown Helmet": 0.4849794109335586,
	"Shovel": 0.4812556908208442,
	"Soldier Helmet": 0.47333478665847517,
	"Dragonbone Staff": 0.47124002376217167,
	"Iron Helmet": 0.4699393078990626,
	"Knight Legs": 0.45670718695481066,
	"Rotten Piece of Cloth": 0.44164403081444537,
	"Guardian Shield": 0.41886203862193383,
	"Cobra Tongue": 0.40655549166187466,
	"Sling Herb": 0.40544047676262795,
	"Demon Horn": 0.40166363659004306,
	"Ultimate Health Potion": 0.3977784972480263,
	"Fire Mushroom": 0.3958359275770179,
	"Demonic Essence": 0.3941922147784723,
	"Spider Fangs": 0.3683681562624228,
	"Purple Robe": 0.3638999298573767,
	"Goat Grass": 0.3617532561157303,
	"Hardened Bone": 0.35851943952943427,
	"Book of Prayers": 0.35401877719258074,
	"Studded Shield": 0.3362872074528516,
	"Battle Hammer": 0.3232747835660311,
	"Orcish Gear": 0.3089342964193287,
	"Tarantula Egg": 0.29900189603978106,
	"Dark Rosary": 0.2934108713413755,
	"Sabre": 0.27607361963190186,
	"Power Bolt": 0.27211796246648795,
	"Battle Axe": 0.2719638799064573,
	"Brass Legs": 0.26766173756442924,
	"Warrior Helmet": 0.2644707291510705,
	"Orc Leather": 0.2547829585871223,
	"Black Pearl": 0.23893642929823683,
	"Red Apple": 0.22131974816167638,
	"Dragon Necklace": 0.21888578522656738,
	"Giant Shimmering Pearl (Green)": 0.21843789337447142,
	"Corncob": 0.21593915343915343,
	"Rope Belt": 0.20792305930844973,
	"Scale Armor": 0.20393520299064977,
	"Broken Shamanic Staff": 0.2037037037037037,
	"Piece of Crocodile Leather": 0.2003352358320426,
	"Pelvis Bone": 0.19995790359924226,
	"Crown Shield": 0.1973417979612727,
	"Titan Axe": 0.18921243395994597,
	"Wolf Tooth Chain": 0.1862348178137652,
	"Viking Helmet": 0.18600830885137795,
	"Powder Herb": 0.1848416398327486,
	"Old Rag": 0.18035822917197336,
	"Poison Spider Shell": 0.1792204742897394,
	"Strong Mana Potion": 0.1733118020333432,
	"Piggy Bank": 0.15656970631822945,
	"Ghoul Snack": 0.1541612860132698,
	"Ankh": 0.15136249141286925,
	"Black Hood": 0.1512471764310088,
	"Shamanic Hood": 0.15013227513227514,
	"Hunting Spear": 0.1473985090192746,
	"Dark Helmet": 0.14574898785425103,
	"Studded Helmet": 0.14201317882299477,
	"Wand of Dragonbreath": 0.1401955288685358,
	"Orc Tooth": 0.1365976118904422,
	"Spiked Squelcher": 0.13023712986853422,
	"Bunch of Troll Hair": 0.12435233160621761,
	"Dwarven Shield": 0.12152440595334826,
	"Cherry": 0.12037754776343988,
	"Fox Paw": 0.11782032400589101,
	"Knight Armor": 0.11236207498842625,