{
	"Gold Coin": 2663.18745949904,
	"Platinum Coin": 551.2414732646457,
	"Meat": 271.19116648954423,
	"Skull": 180.27175119032555,
	"Ham": 168.1975887108812,
	"Dagger": 144.8,
	"Fish": 142.93020443715366,
	"Spear": 128.13364126860154,
	"Bone": 127.92012435354408,
	"Cheese": 127.04383957536108,
	"Great Health Potion": 125.00970599248899,
	"Worm": 116.31865502301788,
	"Dragon Ham": 104.82669833019523,
	"Rat Cheese": 99.13100180261657,
	"Soft Cheese": 97.86378923274425,
	"Piece of Crocodile Leather": 71.92034966370329,
	"Earflap": 59.29561785676242,
	"Bola": 56.33526273831077,
	"Brown Bread": 53.46165527714503,
	"Cheese Cutter": 52.5999887539358,
	"Torch": 45.563157849727745,
	"Sabre": 44.71896110792795,
	"Werehyaena Nose": 44.32683982683982,
	"Axe": 41.24231098012817,
	"Knife": 36.41270692962515,
	"Arrow": 30.810921794657403,
	"Halberd": 30.77096353296705,
	"Red Crystal Fragment": 29.108307638567005,
	"Flask of Embalming Fluid": 28.43730128449701,
	"Girlish Hair Decoration": 28.044269544619787,
	"Leather Boots": 26.61860457158003,
	"Gauze Bandage": 23.526524545338926,
	"Great Mana Potion": 23.28531639466328,
	"Crossbow": 21.917162305189077,
	"Steel Shield": 21.828841913471617,
	"Life Preserver": 21.7322091646988,
	"Tarantula Egg": 21.229134618824457,
	"Red Gem": 20.884800632143193,
	"Mouldy Cheese": 20.6410635155096,
	"Small Stone": 19.959752321981423,
	"Chain Armor": 19.795435501479194,
	"Combat Knife": 18.360935656138928,
	"Small Amethyst": 17.516924326090294,
	"Bony Tail": 16.71724929462962,
	"Ratana": 15.949132933014399,
	"Stone Wing": 15.840557275541796,
	"Plate Armor": 15.540945079066358,
	"Magic Light Wand": 15.444274416327625,
	"Protective Charm": 14.949422656330029,
	"Yellow Gem": 14.711723867695571,
	"Dragon's Tail": 14.211478896749924,
	"Potato": 13.095975232198143,
	"Red Apple": 12.856397774687066,
	"Small Enchanted Amethyst": 12.813519813519815,
	"Strange Talisman": 12.263492164630012,
	"Green Crystal Splinter": 11.752881844380404,
	"Burst Arrow": 11.667181820742654,
	"Bolt": 11.63126216499476,
	"Spider Fangs": 10.850903043599878,
	"Green Crystal Fragment": 10.399489211085521,
	"Silver Brooch": 10.093609699356191,
	"Scroll": 10.05650616792678,
	"Leather Helmet": 9.593252449022557,
	"Longsword": 9.47486161401482,
	"Cookie": 9.470009183959785,
	"Crab Pincers": 9.393521709166093,
	"Health Potion": 9.377516543446314,
	"Plate Shield": 9.204943363196843,
	"Morning Star": 9.117218857614798,
	"Mace": 8.984103713987713,
	"Hunting Spear": 8.84442915161329,
	"Steel Helmet": 8.794865118115522,
	"Bone Club": 8.392166499492424,
	"Small Enchanted Emerald": 8.383510657948205,
	"Terramite Legs": 8.086914804301763,
	"Poison Arrow": 8.043797639221935,
	"Shadow Herb": 7.930197004602378,
	"Throwing Star": 7.554321181774132,
	"Flask of Demonic Blood": 7.459672506069042,
	"Demonic Skeletal Hand": 7.424610919281389,
	"Melon": 7.197373656983685,
	"Pelvis Bone": 7.111849666763136,
	"Grapes": 6.957490136184294,
	"Brown Crystal Splinter": 6.910714285714286,
	"Winter Wolf Fur": 6.9,
	"Brass Legs": 6.675005630264082,
	"Leather Legs": 6.467057342882469,
	"Soul Orb": 6.397993941527073,
	"Cape": 6.3563079674867815,
	"Lump of Dirt": 6.302455016773406,
	"Blank Rune": 6.295205937085748,
	"Swamp Grass": 6.278951255539143,
	"Lamassu Horn": 6.182128274705412,
	"Sword Ring": 6.180604634406212,
	"Wand of Starstorm": 6.158101001459413,
	"Cheesy Figurine": 5.867766534801675,
	"Studded Armor": 5.860621233276188,
	"Protection Amulet": 5.726673036903803,
	"Elvish Talisman": 5.694640607572897,
	"Battle Shield": 5.598410770560612,
	"Battle Hammer": 5.475756043946615,
	"Small Emerald": 5.408174781962927,
	"Golden Lotus Brooch": 5.377539702624762,
	"Blue Crystal Shard": 5.304298769831776,
	"Black Pearl": 5.247247411405251,
	"Bow": 5.200642262631589,
	"Studded Helmet": 5.174807999670673,
	"Medicine Pouch": 4.919202363367799,
	"Demonic Essence": 4.8908646746409685,
	"Viking Helmet": 4.872443744239499,
	"Rotten Piece of Cloth": 4.858084338958899,
	"Wolf Tooth Chain": 4.667224593589674,
	"Doublet": 4.607142857142857,
	"Hailstorm Rod": 4.607142857142857,
	"Bread": 4.591325109430959,
	"Peacock Feather Fan": 4.571874013878344,
	"Small Diamond": 4.558558783406014,
	"Half-Digested Piece of Meat": 4.54169019713464,
	"Heavy Old Tome": 4.534128091681267,
	"Bone Shield": 4.430715528149942,
	"Hand Axe": 4.278682457438934,
	"Wood": 4.184711964549483,
	"Voluminous Piece of Cloth": 4.056522094257943,
	"Terramite Shell": 4.025586694918642,
	"Iron Helmet": 4.006968533091066,
	"Ludicrous Piece of Cloth": 3.9614473576737725,
	"Elven Scouting Glass": 3.9378897798141783,
	"Spike Shield": 3.925918267413384,
	"Ominous Piece of Cloth": 3.8346810422282123,
	"Luminous Piece of Cloth": 3.8188352527975167,
	"Plum": 3.808366937977784,
	"Wand of Voodoo": 3.7913665078133656,
	"Mana Potion": 3.6693315075223127,
	"Obvious Piece of Cloth": 3.660377358490566,
	"Lamassu Hoof": 3.647719110974732,
	"Crystal Ring": 3.625022650613308,
	"Leather Harness": 3.5998957733653683,
	"Broken Helmet": 3.575333699776361,
	"Small Ruby": 3.5153469516794718,
	"Violet Crystal Shard": 3.5043227665706054,
	"Black Shield": 3.5010514888901,
	"Roll": 3.3750550356204334,
	"Dubious Piece of Cloth": 3.343461569876664,
	"Fafnar Symbol": 3.321138701530661,
	"Brass Helmet": 3.3155648391416888,
	"Studded Shield": 3.2956146330379457,
	"Sword": 3.2550789261824593,
	"Half-Eaten Brain": 3.1860939677483575,
	"Hatchet": 3.1089595172946045,
	"Witch Broom": 2.990388684035544,
	"Sphinx Feather": 2.8694076795329875,
	"Strong Health Potion": 2.860318401097776,
	"Plate Legs": 2.8530956461402823,
	"Broadsword": 2.851482287559055,
	"Opal": 2.8411065626609253,
	"Rope": 2.8076352995339984,
	"Magma Amulet": 2.7850875282681664,
	"Terramite Eggs": 2.6966777275816574,
	"Star Herb": 2.6957021096536296,
	"White Pearl": 2.6611963342807896,
	"Scorpion Tail": 2.6308487757631007,
	"Secret Instruction": 2.605833920981913,
	"Terra Amulet": 2.5936599423631126,
	"Strawberry": 2.591331269349845,
	"Small Sapphire": 2.5783202913424788,
	"Elven Astral Observer": 2.575009948269001,
	"Green Mushroom": 2.5297162117229592,
	"Green Gem": 2.4575657569637417,
	"Orc Leather": 2.421227713121895,
	"Green Tunic": 2.4078790290489454,
	"Two Handed Sword": 2.3404971146410753,
	"Sphinx Tiara": 2.3159377988022745,
	"Blue Gem": 2.2841531091198704,
	"Yellow Piece of Cloth": 2.224699542159481,
	"Troll Green": 2.1997045790251106,
	"Terra Hood": 2.195879889570915,
	"Double Axe": 2.1341690117408056,
	"Snakebite Rod": 2.0923196276183087,
	"Underworld Rod": 2.0639078106326374,
	"Wyvern Talisman": 2.042392761394102,
	"Cobra Tongue": 2.0327774583093734,
	"Cyan Crystal Fragment": 2.0216993628966127,
	"Honeycomb": 2.015412829696588,
	"Piece of Scarab Shell": 2.0113149465451974,
	"Wooden Shield": 1.9934160833986243,
	"Assassin Star": 1.9472447738901937,
	"Small Topaz": 1.9108346636830666,
	"Magma Boots": 1.8568826149812718,
	"Wand of Inferno": 1.8409402950350766,
	"Rotten Meat": 1.8184345650266291,
	"Heavily Rusted Armor": 1.8154491028557724,
	"Short Sword": 1.7739661574325116,
	"Scarab Coin": 1.762288336342402,
	"Hardened Bone": 1.7208933097412846,
	"Empty Honey Glass": 1.7108624122949623,
	"Ghoul Snack": 1.6957741461459679,
	"Werehyaena Talisman": 1.6713286713286712,
	"Elven Amulet": 1.6677432821079414,
	"Lightning Headband": 1.652961009259942,
	"Sling Herb": 1.6440005491302494,
	"Frosty Heart": 1.5675492080323417,
	"Violet Gem": 1.5368428191249537,
	"Centipede Leg": 1.5263803162255856,
	"Green Dragon Scale": 1.4823118182366057,
	"Studded Club": 1.4779704881936118,
	"Strong Mana Potion": 1.4719455201696683,
	"Green Dragon Leather": 1.4539952303467039,
	"Lightning Pendant": 1.4381555948197,
	"Lion's Mane": 1.349304795136453,
	"Onyx Chip": 1.2680115273775217,
	"Brass Shield": 1.2613759801729554,
	"Dirty Cape": 1.2154105736782903,
	"Poison Dagger": 1.205338928512865,
	"Sickle": 1.1714924741582542,
	"Rainbow Quartz": 1.1296829971181557,
	"Carrion Worm Fang": 1.0987915530780812,