{
	"Gold Coin": 5412.16843598555,
	"Platinum Coin": 679.687134858732,
	"Meat": 521.5593709243747,
	"Dragon Ham": 401.4722132443331,
	"Fish": 339.2160706596114,
	"Arrow": 329.4387818784228,
	"Bolt": 216.20641060138567,
	"Plate Shield": 172.25080974845395,
	"Ham": 166.53251140248966,
	"Torch": 147.29280524786716,
	"Spear": 135.94924201255122,
	"Worm": 131.43020090301837,
	"Chain Armor": 113.45610065103293,
	"Leather Helmet": 111.93589496327422,
	"Mace": 109.95437942253571,
	"White Mushroom": 96.93294585185201,
	"Skull": 92.69268132743099,
	"Strong Health Potion": 91.99355978809959,
	"Dagger": 89.90070696480556,
	"Leather Legs": 89.67006585345057,
	"Strong Mana Potion": 86.23514623078465,
	"Leather Boots": 85.9652015121675,
	"Coal": 81.5868011571468,
	"Rare Earth": 78.51572871572871,
	"Bone": 77.22203063142398,
	"Steel Shield": 76.63678143287483,
	"Leather Armor": 70.05453059048091,
	"Brass Helmet": 69.91590149579247,
	"Bow": 65.40937499358904,
	"Beetroot": 64.22669491525424,
	"Crossbow": 62.55397693863107,
	"Great Mana Potion": 59.758416946610694,
	"Poison Arrow": 59.33518063611711,
	"Blank Rune": 52.5594700253919,
	"Minotaur Horn": 52.450203385565686,
	"Mouldy Cheese": 52.135240822794636,
	"Dragon's Tail": 51.946455860987875,
	"Grapes": 51.738051089975094,
	"Roll": 51.50581130218282,
	"Burst Arrow": 50.744478499997925,
	"Glob of Acid Slime": 49.23578643578643,
	"Health Potion": 48.004603529564,
	"Sword": 44.710297126852595,
	"Flaming Arrow": 43.989904416537954,
	"Axe": 43.2935788433634,
	"Mana Potion": 43.19447253362476,
	"Short Sword": 41.75952787910712,
	"Brown Mushroom": 40.03932855859388,
	"Stonerefiner's Skull": 39.513708513708515,
	"Poisonous Slime": 38.53183251430898,
	"Orange": 38.3985878336437,
	"Longsword": 37.30817306615713,
	"Dead Frog": 36.47183453203234,
	"Throwing Knife": 33.936221107378906,
	"Dark Mushroom": 30.524485231458712,
	"Small Stone": 30.110631499574012,
	"Brown Bread": 29.832194381169323,
	"Hand Axe": 29.72140544826884,
	"Broken Crossbow": 29.38483431591787,
	"Half-Digested Stones": 28.976719576719574,
	"Scroll": 27.560759976915442,
	"Piercing Bolt": 26.961408217501734,
	"Sabre": 25.266049443101306,
	"Hatchet": 23.572110122099208,
	"Brass Armor": 23.073452308780293,
	"Small Diamond": 22.86674550319132,
	"Rat Cheese": 22.790513771133202,
	"Green Mushroom": 22.54603817985709,
	"Cheese": 21.783333367437393,
	"Minotaur Leather": 21.410493171162614,
	"Carrot": 21.09888119083955,
	"Terra Amulet": 20.582398176447533,
	"Terramite Legs": 19.917771647632122,
	"Hunter's Quiver": 19.384543761638735,
	"Elvish Talisman": 18.36523299061822,
	"Small Axe": 17.92317769024141,
	"Wood": 17.76076255225666,
	"Steel Helmet": 17.35453073491768,
	"Red Gem": 16.78058648710475,
	"Cyclops Toe": 16.525059026229513,
	"Lump of Dirt": 16.50642980583511,
	"Heavy Old Tome": 16.28251510147585,
	"Might Ring": 16.2379177244665,
	"Badger Fur": 16.06779661016949,
	"Cleaver": 15.939634797972577,
	"Studded Helmet": 15.628078816920969,
	"Piece of Archer Armor": 15.424273226265502,
	"Great Health Potion": 15.039400191260365,
	"Swamp Grass": 14.650886262924667,
	"Piece of Warrior Armor": 14.616865029121298,
	"Studded Armor": 14.55635883856468,
	"Lamassu Horn": 14.273775216138327,
	"Battle Shield": 13.937332904410633,
	"Orc Leather": 13.881169680838674,
	"Rope": 13.749718985704686,
	"Sphinx Feather": 13.096270947612096,
	"Girlish Hair Decoration": 12.830130168978894,
	"Broken Helmet": 12.803027839437839,
	"Plum": 12.627743004873706,
	"Hunting Spear": 11.890288448813324,
	"Wooden Shield": 11.868874747042398,
	"Thick Fur": 11.862606526709625,
	"Mammoth Tusk": 11.546871752234463,
	"Medicine Pouch": 11.478138847858197,
	"Red Crystal Fragment": 11.421347144690085,
	"Violet Crystal Shard": 11.389048991354468,
	"Blue Crystal Shard": 10.902017291066281,
	"Shovel": 10.783341069670174,
	"Garlic Necklace": 10.700318182405168,
	"Melon": 10.687009369460624,
	"Sphinx Tiara": 10.570177645815509,
	"Magma Amulet": 10.561219868149566,
	"Poison Dagger": 10.35942119795941,
	"Broadsword": 10.247566659724246,
	"Soldier Helmet": 10.058364216492597,
	"Scale Armor": 9.951427610394516,
	"Plate Legs": 9.938406522096125,
	"Terramite Shell": 9.914870933781101,
	"Bat Wing": 9.862181643440653,
	"Rotten Piece of Cloth": 9.716168677917798,
	"Silky Fur": 9.58870618779749,
	"Green Gem": 9.567455093581799,
	"Cowbell": 9.485037553952719,
	"Bone Club": 9.358731350083321,
	"Elven Scouting Glass": 9.28938101904883,
	"Blue Gem": 9.212045068211578,
	"Studded Club": 8.989049267302583,
	"Tarantula Egg": 8.970056881193432,
	"Voluminous Piece of Cloth": 8.928530588907947,
	"Pelvis Bone": 8.89812671016628,
	"Halberd": 8.821769965327173,
	"Ludicrous Piece of Cloth": 8.719268153230416,
	"Small Emerald": 8.640004812088684,
	"Ominous Piece of Cloth": 8.440251572327044,
	"Lamassu Hoof": 8.429394812680115,
	"Luminous Piece of Cloth": 8.405374499714123,
	"Wolf Tooth Chain": 8.311117826108404,
	"Copper Shield": 8.284034005295622,
	"Pick": 8.058632511567497,
	"Obvious Piece of Cloth": 8.056603773584905,
	"Cultish Robe": 8.030799403712809,
	"Acorn": 8.021186440677965,
	"Winter Wolf Fur": 7.9,
	"Viking Helmet": 7.625123228323243,
	"Bronze Amulet": 7.389300727965115,
	"Dubious Piece of Cloth": 7.359062321326472,
	"Lightning Pendant": 7.307057504726544,
	"Double Axe": 7.024333160717932,
	"Centipede Leg": 7.0213494546376936,
	"Purple Robe": 7.00280712526686,
	"Terra Hood": 6.968299711815561,
	"Protective Charm": 6.848315702543924,
	"Bread": 6.817422132185364,
	"Terramite Eggs": 6.641817366080749,
	"Battle Axe": 6.584150442414253,
	"Opal": 6.406340057636887,
	"Magma Boots": 6.311914574569885,
	"Wand of Dragonbreath": 6.128547404824566,
	"Wyvern Talisman": 6.127178284182305,
	"Dragon Necklace": 6.081264437622157,
	"Orcish Gear": 6.07570782958013,
	"Letter": 6.048533425122318,
	"Green Tunic": 5.804700713862857,
	"Wand of Inferno": 5.778031987235396,
	"Studded Legs": 5.773768893222818,
	"Red Rose": 5.751329986583512,
	"White Pearl": 5.741935483870968,
	"Lightning Headband": 5.437371043228826,
	"Green Dragon Scale": 5.317664075212439,
	"Green Dragon Leather": 5.2160807913836305,
	"Troll Green": 5.132644017725259,
	"Mino Shield": 5.082362728785358,
	"Corncob": 4.892737304145864,
	"Spider Fangs": 4.576971424991449,
	"Cobra Tongue": 4.319652098907418,
	"Broken Shamanic Staff": 4.277777777777778,
	"Orc Tooth": 4.219357540804617,
	"Onyx Chip": 4.121037463976945,
	"Red Apple": 4.072681220940877,
	"Talon": 3.9699629749759566,
	"Cookie": 3.938870384536886,
	"Mammoth Whopper": 3.876681696123605,
	"Elven Astral Observer": 3.8234996201570017,
	"Wand of Defiance": 3.753308842031101,
	"Rainbow Quartz": 3.6714697406340058,
	"Green Crystal Fragment": 3.6338378240395537,
	"Powder Herb": 3.5842971361343325,
	"Magma Monocle": 3.5741532887121936,
	"Wand of Starstorm": 3.5741532887121936,
	"Small Sapphire": 3.422004394273583,
	"Ghoul Snack": 3.3915482922919358,
	"Wand of Cosmic Energy": 3.2966131121521767,
	"Green Crystal Splinter": 3.2593659942363113,
	"Rope Belt": 3.257297233461255,
	"Sniper Arrow": 3.2261441417259427,
	"Sling Herb": 3.2106766916797165,
	"Shamanic Hood": 3.152777777777778,
	"Rorc Feather": 3.12829391316202,
	"Tribal Mask": 3.073323463592779,
	"Elven Amulet": 3.029891929011321,
	"Heaven Blossom": 3.0060001914647145,
	"Silver Amulet": 2.9465986471628542,
	"Bone Shield": 2.9165345653657786,
	"Closed Trap": 2.9164925034075417,
	"Brass Legs": 2.866960047058195,
	"Hatched Rorc Egg": 2.8511212596278375,
	"Small Amethyst": 2.834071346377209,
	"Dead Snake": 2.8302200083022,
	"Piece of Crocodile Leather": 2.804693301648596,
	"Gloom Wolf Fur": 2.803806071590394,
	"Warwolf Fur": 2.796068114544349,
	"Flask of Embalming Fluid": 2.7832252320997073,
	"Terra Boots": 2.7473684210526317,
	"Dragon Hammer": 2.6526309162437824,
	"Power Bolt": 2.652405018009375,
	"Glob of Tar": 2.6336209534300226,
	"Battle Hammer": 2.586278484059247,
	"Serpent Sword": 2.5837487408631867,
	"Dwarven Shield": 2.5823936265086505,
	"Honeycomb": 2.5783604255354113,