{
	"Gold Coin": 6318.728319187501,
	"Platinum Coin": 3840.7098846831695,
	"Great Health Potion": 1127.2543208809893,
	"Skull": 829.5430320293264,
	"Dagger": 771.2,
	"Meat": 701.4771488183807,
	"Bone": 655.2734380965898,
	"Worm": 520.4588821034697,
	"Dragon Ham": 500.0267076893225,
	"Werehyaena Nose": 352.36147186147184,
	"Axe": 330.7299646157365,
	"Knife": 315.3030303030303,
	"Brown Bread": 284.7350037965072,
	"Spear": 264.739579338334,
	"Rotten Piece of Cloth": 264.69198913479096,
	"Halberd": 247.15310936681303,
	"Red Crystal Fragment": 225.01601675802118,
	"Sabre": 223.7621867881549,
	"Torch": 209.2249455260809,
	"Flask of Demonic Blood": 181.8055512878742,
	"Great Mana Potion": 179.78785185494095,
	"Soul Orb": 152.61660257740317,
	"Cheese": 145.66907318966386,
	"Red Gem": 142.722916792838,
	"Flask of Embalming Fluid": 138.7982322268854,
	"Golden Lotus Brooch": 137.1087954478721,
	"Yellow Gem": 132.71651928367217,
	"Combat Knife": 127.88018052693005,
	"Life Preserver": 124.18285285545466,
	"Girlish Hair Decoration": 123.53229185477595,
	"Demonic Essence": 122.63786638620054,
	"Peacock Feather Fan": 118.30861760695414,
	"Gauze Bandage": 114.82946235533511,
	"Small Enchanted Amethyst": 114.53417978412541,
	"Small Amethyst": 105.24643753463924,
	"Pelvis Bone": 100.07893075142076,
	"Viking Helmet": 95.96221179292137,
	"Ghoul Snack": 92.39399741728637,
	"Strong Health Potion": 89.26148879574401,
	"Small Stone": 86.7946805516465,
	"Green Crystal Fragment": 78.16636773409107,
	"Ratana": 75.57199509097948,
	"Green Crystal Splinter": 70.58477425552353,
	"Magic Light Wand": 69.5196437230465,
	"Silver Brooch": 69.47851721552024,
	"Stone Wing": 68.88242330424993,
	"Strong Mana Potion": 66.66926695751528,
	"Crossbow": 66.45286982435758,
	"Protective Charm": 65.933417606289,
	"Small Diamond": 61.44885036051152,
	"Heavy Old Tome": 59.56736816994837,
	"Wyrm Scale": 57.81388668174317,
	"Strange Talisman": 57.109309423884014,
	"Potato": 56.94764987334647,
	"Hatchet": 55.14067925997268,
	"Chain Armor": 51.39762315738461,
	"Assassin Star": 50.76158014161343,
	"Small Enchanted Emerald": 50.12482993197279,
	"Small Ruby": 50.048412779546865,
	"Burst Arrow": 48.2360295131988,
	"Small Sapphire": 47.54403812681083,
	"Mace": 47.39117652464705,
	"Bolt": 46.568870257337984,
	"Brown Crystal Splinter": 45.05357142857142,
	"Small Emerald": 44.695212440021166,
	"Sword Ring": 40.047619047619044,
	"Small Topaz": 38.85406769045977,
	"Rat Cheese": 37.505961178629235,
	"Wand of Starstorm": 37.147700139439095,
	"Soft Cheese": 36.99396484164524,
	"Black Pearl": 36.44446733631267,
	"White Pearl": 36.34970784447761,
	"Red Apple": 35.997913769123784,
	"Green Mushroom": 33.733909239060694,
	"Steel Shield": 33.55521180948524,
	"Hailstorm Rod": 31.18628711713818,
	"Protection Amulet": 30.1604990396715,
	"Doublet": 30.035714285714285,
	"Hunting Spear": 27.682609689756497,
	"Royal Spear": 25.62117978341822,
	"Ham": 25.377061996453556,
	"Cookie": 25.099543689062394,
	"Bony Tail": 23.782277270336184,
	"White Mushroom": 23.68232813473471,
	"Plate Armor": 22.937807255940672,
	"Book (Gemmed)": 22.74712141757257,
	"Battle Shield": 22.72096967049685,
	"Morning Star": 22.664610398292513,
	"Dragon's Tail": 22.641047762829444,
	"Earflap": 22.420178293771684,
	"Black Shield": 22.12073499754728,
	"Bola": 21.229538004605445,
	"Sword": 20.549872081418386,
	"Wand of Voodoo": 20.04279545188636,
	"Cheese Cutter": 19.67109542620362,
	"Crystal Ring": 19.616398462379017,
	"Hellspawn Tail": 19.37374024130589,
	"Scale Armor": 18.79462352006909,
	"Arrow": 18.10656927896865,
	"Pile of Grave Earth": 18.014427572694483,
	"Brown Piece of Cloth": 17.934363450149174,
	"Half-Digested Piece of Meat": 17.426267821614434,
	"Power Bolt": 16.79483778808391,
	"Werehyaena Talisman": 14.552447552447552,
	"Wolf Tooth Chain": 14.081154079373428,
	"Tribal Mask": 12.893529856107714,
	"Energy Ring": 12.680701431821838,
	"Necrotic Rod": 11.986506207199046,
	"Bone Club": 11.861422217971404,
	"Longsword": 11.561267291736527,
	"Red Piece of Cloth": 11.54828593825232,
	"Strawberry": 11.268364762172812,
	"Steel Helmet": 11.150228788098303,
	"Yellow Piece of Cloth": 10.858427127050742,
	"Mystic Turban": 10.401500800873492,
	"Brass Shield": 9.832316003648355,
	"Ultimate Health Potion": 9.726241809247838,
	"Grapes": 9.148231747448369,
	"Blank Rune": 8.954974022085704,
	"Cyclops Toe": 8.802310743168555,
	"Bone Shield": 8.60548204316619,
	"Focus Cape": 8.600039640038784,
	"Scroll": 8.532793112180299,
	"Short Sword": 8.369998640222068,
	"Iron Helmet": 8.191616414310175,
	"Piece of Crocodile Leather": 8.02681703609386,
	"Two Handed Sword": 7.852907527839583,
	"Golden Mug": 7.693456827009262,
	"Red Mushroom": 7.62583392476934,
	"Health Potion": 7.6018817662123555,
	"Silver Amulet": 7.548792213463871,
	"Witch Broom": 7.27661246448649,
	"Rotten Meat": 6.977254363634784,
	"Wand of Inferno": 6.8240755491312886,
	"Leather Boots": 6.6700931757631565,
	"Star Herb": 6.559541800157166,
	"Throwing Star": 6.436619223847633,
	"Poison Arrow": 6.160409683205153,
	"Melon": 6.106862496834641,
	"Cape": 5.877632229173793,
	"Poison Dagger": 5.834923057357242,
	"Elvish Talisman": 5.366859428269188,
	"Werehyaena Trophy": 5.0059523809523805,
	"Soldier Helmet": 4.970015259913989,
	"Red Dragon Scale": 4.912550849210545,
	"Mysterious Fetish": 4.855496825763166,
	"Double Axe": 4.4110120657392144,
	"Broadsword": 4.355451093834749,
	"Purple Robe": 4.318633103642244,
	"Oriental Shoes": 4.231431576698586,
	"Shovel": 4.215898055847322,
	"Plate Legs": 4.181987240746959,
	"Blue Gem": 4.141507937826362,
	"Voluminous Piece of Cloth": 4.119251817365025,
	"Ludicrous Piece of Cloth": 4.022706852895531,
	"Elven Scouting Glass": 3.9378897798141783,
	"Wand of Draconia": 3.9045901839740846,
	"Bread": 3.8956697898202077,
	"Ominous Piece of Cloth": 3.8939802336028753,
	"Luminous Piece of Cloth": 3.8778894061912927,
	"Underworld Rod": 3.7588601405100337,
	"Ruby Necklace": 3.7444909689281687,
	"Obvious Piece of Cloth": 3.7169811320754715,
	"Shadow Herb": 3.645406537375945,
	"Knight Legs": 3.515172466777484,
	"Bone Sword": 3.5146960442749284,
	"Northwind Rod": 3.5122749590834696,
	"Demonic Skeletal Hand": 3.4728018815993593,
	"Dubious Piece of Cloth": 3.3951645838438287,
	"Life Ring": 3.3860922533810043,
	"Slime Heart": 3.301432469304229,
	"Flaming Arrow": 3.2475768361202517,
	"Lightning Pendant": 3.242769073961438,
	"Snakebite Rod": 3.2163830684854453,
	"Plate Shield": 3.050014009135843,
	"Bow": 3.0225391686362437,
	"Blue Robe": 2.9359932982110832,
	"Sickle": 2.8506316871184185,
	"Poisoned Fang": 2.8329467939972712,
	"Rusted Armor": 2.7730305180979418,
	"Battle Hammer": 2.7360255278501606,
	"Piece of Marble Rock": 2.7262172811708414,
	"Red Dragon Leather": 2.5453333639769253,
	"Minotaur Leather": 2.50891334976267,
	"Magma Coat": 2.451598914314262,
	"Hardened Bone": 2.448175601358137,
	"Leather Helmet": 2.442304924314397,
	"Assassin Dagger": 2.421836156020939,
	"Battle Axe": 2.38267041608957,
	"Bunch of Ripe Rice": 2.3608584826574144,
	"Crystal Necklace": 2.3056947608200455,
	"Green Dragon Scale": 2.270113903453263,
	"Leather Legs": 2.265601777132906,
	"Green Dragon Leather": 2.226747940181316,
	"Lamassu Horn": 2.195965417867435,
	"Elven Astral Observer": 2.184856925804001,
	"Cheesy Figurine": 2.1399527761833514,
	"Life Crystal": 2.118044870938531,
	"Spellbook": 2.0851838490307264,
	"Green Tunic": 2.0430488731324385,
	"Warrior Helmet": 2.002427510524975,
	"Minotaur Horn": 1.9900905927116803,
	"Mana Potion": 1.9410071414382217,
	"Garlic Necklace": 1.833494529408209,
	"Violet Crystal Shard": 1.7521613832853027,
	"Coal": 1.6943955502100538,
	"Spellbook of Mind Control": 1.6854356183118822,
	"Blue Crystal Shard": 1.6772334293948126,
	"Crystal Coin": 1.6688714465633243,
	"Piercing Bolt": 1.6097821994094215,
	"Obsidian Lance": 1.5932229815762804,
	"Death Ring": 1.5570206476002122,
	"Dark Armor": 1.554953560371517,
	"Gold Ingot": 1.516204468550436,
	"Coat": 1.4807500046403104,