{
	"Gold Coin": 3743.6574104248757,
	"Platinum Coin": 486.9952127469791,
	"Meat": 301.06846185587136,
	"Fish": 223.23713106670223,
	"Skull": 180.11464045848695,
	"Dagger": 169.53345592408456,
	"Plate Shield": 128.981030250525,
	"Ham": 119.51642679224479,
	"Spear": 111.82244142175429,
	"Strong Health Potion": 111.00694140525144,
	"Strong Mana Potion": 108.76017719158929,
	"Mace": 89.6427696332443,
	"Chain Armor": 89.60716903128507,
	"Torch": 87.4659993454393,
	"Brown Bread": 62.322703113135915,
	"Beetroot": 61.65239919000421,
	"Brass Helmet": 60.06222978773625,
	"Glob of Glooth": 58.15499751103934,
	"Sabre": 49.52914040555082,
	"Leather Boots": 47.15497576864784,
	"Bone": 42.00818059026057,
	"Brown Mushroom": 39.475235765887334,
	"Sword": 38.05641878703057,
	"Bolt": 36.569442793051806,
	"Mouldy Cheese": 33.09122781655839,
	"Scroll": 30.66890350288552,
	"Small Diamond": 30.252733469245563,
	"Cheese": 30.222621313889587,
	"Vampire Teeth": 28.589010310055222,
	"Axe": 26.87726830936638,
	"Small Emerald": 24.23776757256975,
	"Girlish Hair Decoration": 23.95967264497747,
	"Arrow": 22.49486298715894,
	"Tainted Glooth Capsule": 21.842799976114165,
	"Worm": 20.76743983318179,
	"Slime Heart": 20.585402455661665,
	"Glooth Bag": 20.55965788520283,
	"Great Health Potion": 20.080894440163846,
	"Small Topaz": 19.679712712072856,
	"Hand Axe": 18.28164322723908,
	"Poisoned Fang": 17.66425648021828,
	"White Mushroom": 17.50900231833419,
	"Small Sapphire": 17.368222153452404,
	"Scale Armor": 16.825787835779515,
	"Crossbow": 16.351324122019047,
	"Might Ring": 16.06566794088384,
	"Minotaur Horn": 15.566717151764678,
	"Badger Fur": 15.360409338023665,
	"Red Gem": 15.100080847732736,
	"Shrimp": 14.829793018898096,
	"Great Mana Potion": 14.655065527942032,
	"Blood Preservation": 14.52007437276175,
	"Red Rose": 13.844584619514158,
	"Grapes": 13.723661253523018,
	"Leather Helmet": 13.619704502803028,
	"Protective Charm": 12.800011616572837,
	"Hunting Spear": 12.768825808652288,
	"Lamassu Horn": 12.489553314121038,
	"Halberd": 12.311763071098472,
	"Terramite Legs": 11.830856843330357,
	"Wooden Shield": 11.738857512582339,
	"Small Ruby": 11.169354963625846,
	"Orc Leather": 11.149025625620133,
	"Glooth Spear": 10.787718052345717,
	"Glooth Steak": 10.67834214820795,
	"Thick Fur": 10.408480565371026,
	"Mammoth Tusk": 10.131448763250884,
	"Red Crystal Fragment": 10.114308122233194,
	"Piece of Crocodile Leather": 10.01676179160213,
	"Violet Crystal Shard": 9.965417867435159,
	"Swamp Grass": 9.94167282127031,
	"Short Sword": 9.718893784340214,
	"Bow": 9.661294861601231,
	"Great Spirit Potion": 9.54573605916222,
	"Blue Crystal Shard": 9.539265129682997,
	"Small Amethyst": 9.525570214446766,
	"Plate Armor": 9.511924377696307,
	"Winter Wolf Fur": 9.5,
	"Ultimate Health Potion": 9.444709317665199,
	"Orcish Gear": 9.371006991386302,
	"Rope": 9.119490664942367,
	"Sphinx Feather": 9.049670373911729,
	"Dead Snake": 8.4906600249066,
	"Viper Star": 8.45975443383356,
	"Glooth Capsule": 8.369944968006036,
	"Quara Tentacle": 8.161788724726378,
	"Lump of Dirt": 8.103156450137236,
	"Terra Amulet": 7.942996129766096,
	"Terra Hood": 7.885986140071627,
	"Sniper Arrow": 7.834921487048718,
	"Medicine Pouch": 7.788737075332349,
	"Acorn": 7.668052446434282,
	"Quara Eye": 7.576435810810811,
	"Lamassu Hoof": 7.375720461095101,
	"Glooth Axe": 7.307381857757433,
	"Sphinx Tiara": 7.304111519299481,
	"Magma Amulet": 7.297921594283126,
	"Green Gem": 7.257600738443559,
	"Knife": 7.152136932676255,
	"Glooth Club": 7.090014918695916,
	"Minotaur Leather": 6.806961110597742,
	"Glooth Sandwich": 6.734683650966156,
	"Corncob": 6.727429975907578,
	"Blue Gem": 6.682702385719302,
	"Glooth Blade": 6.676467031528942,
	"Wood": 6.625793943870015,
	"Moonlight Rod": 6.5473998804542735,
	"Black Pearl": 6.411463737729703,
	"Viking Helmet": 6.324630362467459,
	"Small Stone": 6.257644895457331,
	"Quara Bone": 6.256270539956068,
	"Silky Fur": 6.101903937689312,
	"Terramite Shell": 5.889284238862459,
	"Lightning Pendant": 5.861632476201986,
	"Battle Axe": 5.853415981133841,
	"Tooth File": 5.8294764990229355,
	"Studded Club": 5.813340656761277,
	"White Pearl": 5.776863557105493,
	"Rapier": 5.765250632638777,
	"Heavy Old Tome": 5.760711296734905,
	"Quara Pincers": 5.749040960277194,
	"Talon": 5.6419306992007465,
	"Opal": 5.605547550432276,
	"Glooth Amulet": 5.461264982892276,
	"Green Tunic": 5.414172594282647,
	"Broken Shamanic Staff": 5.398148148148148,
	"Poisonous Slime": 5.213233287858118,
	"Rotten Piece of Cloth": 5.152513692835196,
	"Longsword": 4.901863304307058,
	"Two Handed Sword": 4.73491416593278,
	"Leather Armor": 4.687792829495767,
	"Orc Tooth": 4.600478323950397,
	"Magma Boots": 4.365226008506748,
	"Scroll of Heroic Deeds": 4.267225577076173,
	"Vampire's Cape Chain": 4.260002056978299,
	"Shovel": 4.259308055428115,
	"Dragon Ham": 4.215056056543991,
	"Brass Armor": 4.134860242038667,
	"Cobra Tongue": 4.065554916618747,
	"Small Axe": 4.041453835501374,
	"Double Axe": 4.0143752514947995,
	"Red Apple": 4.00817107093185,
	"Pelvis Bone": 3.999158071984845,
	"Shamanic Hood": 3.978505291005291,
	"Terramite Eggs": 3.9451396384990916,
	"Bone Club": 3.8616679475090665,
	"Lightning Headband": 3.8168656990106165,
	"Bony Tail": 3.6817751422696188,
	"Wedding Ring": 3.6551684331121166,
	"Onyx Chip": 3.6059077809798272,
	"Troll Green": 3.5993220297830013,
	"Poison Arrow": 3.5431296461381474,
	"Hatchet": 3.3810485215036907,
	"Broken Helmet": 3.34248513603478,
	"Mammoth Whopper": 3.318727915194346,
	"Green Crystal Fragment": 3.2215661379926512,
	"Rainbow Quartz": 3.212536023054755,
	"Health Potion": 3.0828852826050746,
	"Twigs": 3.036020029074463,
	"Lizard Leather": 2.988564217714373,
	"Centipede Leg": 2.9510019447027984,
	"Lizard Scale": 2.8814932232727677,
	"Green Crystal Splinter": 2.8519452449567724,
	"Cookie": 2.8504665539245124,
	"Honeycomb": 2.727614917359978,
	"Soldier Helmet": 2.7216750232862323,
	"Fish Fin": 2.7132504527795915,
	"Carrot": 2.6881124209524216,
	"Wand of Cosmic Energy": 2.6083111620781043,
	"Steel Helmet": 2.605841547539945,
	"Wand of Defiance": 2.5935785818529515,
	"Magma Monocle": 2.4697800815258417,
	"Wand of Starstorm": 2.4697800815258417,
	"Terrorbird Beak": 2.4502543475689107,
	"Obsidian Lance": 2.407777192010636,
	"Cherry": 2.3473621813870778,
	"Shockwave Amulet": 2.189029156360755,
	"Throwing Knife": 2.1519782479210763,
	"Giant Shimmering Pearl (Green)": 2.1243536145995403,
	"Cape": 2.01989752049978,
	"Life Ring": 1.99014573222074,
	"Leather Legs": 1.9862011536118458,
	"Grave Flower": 1.9701131346584855,
	"Warwolf Fur": 1.9677813400620658,
	"Plate Legs": 1.9426007009314736,
	"Red Piece of Cloth": 1.9265047821960732,
	"Epee": 1.9164177186727058,
	"Tarantula Egg": 1.8936786749186134,
	"Mastermind Potion": 1.879798271819087,
	"Wolf Tooth Chain": 1.8709466438973326,
	"Lightning Legs": 1.8675917895345477,
	"Rubber Cap": 1.8503120505199744,
	"Ghoul Snack": 1.798548336821481,
	"Elven Amulet": 1.7701729106628243,
	"War Hammer": 1.7146726273766848,
	"Sacred Tree Amulet": 1.7046109510086453,
	"Violet Gem": 1.7046109510086453,
	"Terra Mantle": 1.6342336464362268,
	"Bunch of Troll Hair": 1.5882158670643571,
	"Emerald Bangle": 1.5815116495347479,
	"Cleaver": 1.549035282248877,
	"Piece of Warrior Armor": 1.5412340676964633,
	"Scarf": 1.5093843735753731,
	"Yellow Gem": 1.5020848290842053,
	"Morning Star": 1.4330898304950344,
	"Katana": 1.4228624798347154,
	"Piercing Bolt": 1.3691803826493176,
	"Ice Rapier": 1.3547963603293023,
	"Spider Fangs": 1.3476728014490487,
	"Battle Shield": 1.340581026487592,
	"Terra Legs": 1.3370306571578316,
	"Magma Legs": 1.3370238035327864,
	"Terra Boots": 1.3325646870840004,
	"Studded Helmet": 1.2932901314148828,
	"Velvet Tapestry": 1.288702928870293,
	"Rusted Armor": 1.2677824267782425,
	"Studded Armor": 1.2486607053547423,
	"Hibiscus Dress": 1.2217573221757323,
	"Bamboo Stick": 1.1544117647058825,
	"Striped Fur": 1.1405782652043868,
	"Studded Legs": 1.1175036567528036,