{
	"Gold Coin": 3286.0094053932594,
	"Platinum Coin": 1063.7795918367347,
	"Meat": 354.83885193634535,
	"Great Mana Potion": 157.48770111545,
	"Worm": 132.82869235023256,
	"Ham": 109.8804888724514,
	"Striped Fur": 95.98446434372644,
	"Dark Mushroom": 83.47839250893621,
	"Fish": 78.00938884707216,
	"Torch": 66.52958968345942,
	"Bone": 57.70790711767978,
	"Small Stone": 55.94716025993489,
	"Green Mushroom": 55.20894872688874,
	"Sabretooth": 51.42977528089887,
	"White Mushroom": 50.64208703472333,
	"Spear": 44.75363030553257,
	"Terra Amulet": 44.507294625311765,
	"Poison Arrow": 43.57178332229827,
	"Dead Snake": 37.26456344264564,
	"Stone Wing": 35.76125809175345,
	"Leather Armor": 33.51416068876007,
	"Cheese": 32.32206634591143,
	"Terramite Legs": 29.65202094910647,
	"Potato": 29.56515620602308,
	"Short Sword": 29.28654881302058,
	"Chain Armor": 28.70739695523521,
	"Life Ring": 28.12379462218441,
	"Strong Health Potion": 27.78542509762432,
	"Garlic Necklace": 27.431722208804775,
	"Bat Wing": 26.347407277969506,
	"Skull": 25.49059294979771,
	"Rope Belt": 25.085491102224562,
	"Red Gem": 24.343531725435465,
	"Bolt": 23.618340132803468,
	"Cultish Robe": 22.61917228205446,
	"Great Health Potion": 22.202167928074804,
	"Scale Armor": 20.91961676913558,
	"Lamassu Horn": 20.86167146974063,
	"Beetroot": 20.299721629128992,
	"Axe": 20.08285692165818,
	"Leather Boots": 18.753315007926894,
	"Leather Legs": 18.66447699446773,
	"Sword": 16.841995747114865,
	"Violet Crystal Shard": 16.645533141210375,
	"Red Crystal Fragment": 16.53602305475504,
	"Tarantula Egg": 16.44510428218796,
	"Morning Star": 16.285521789231915,
	"Blue Crystal Shard": 15.93371757925072,
	"Throwing Knife": 15.541909347257075,
	"Dagger": 15.41467002656133,
	"Terramite Shell": 14.760484548035022,
	"Flask of Embalming Fluid": 14.642184916698461,
	"Piece of Crocodile Leather": 14.223801744075026,
	"Mace": 13.839150020097158,
	"Hunting Spear": 13.521737779692986,
	"Rotten Piece of Cloth": 13.396535601371511,
	"Centipede Leg": 12.92335334404329,
	"Lamassu Hoof": 12.319884726224785,
	"Gauze Bandage": 12.113657319089405,
	"Silver Amulet": 12.061335020025322,
	"Hatchet": 11.920061936795062,
	"Mouldy Cheese": 11.346321861709876,
	"Plate Shield": 10.707971664961711,
	"Sphinx Feather": 10.447586935735494,
	"Health Potion": 10.295433084116471,
	"Terra Hood": 10.184438040345821,
	"Terra Boots": 10.073684210526316,
	"Terramite Eggs": 9.887818334466077,
	"Cape": 9.81183354831056,
	"Brass Shield": 9.473715322433495,
	"Opal": 9.363112391930835,
	"Leather Helmet": 9.324957880558218,
	"Small Emerald": 8.955545382292886,
	"Cleaver": 8.820068138700995,
	"Throwing Star": 8.810261942163564,
	"Battle Shield": 8.741284939139431,
	"Spider Fangs": 8.57202650605785,
	"Blue Gem": 8.492865147347365,
	"Sphinx Tiara": 8.432388908459563,
	"Magma Amulet": 8.42524281616426,
	"Steel Helmet": 8.14410138724774,
	"Green Gem": 7.6320265713854365,
	"Lizard Leather": 7.363267146522816,
	"Magic Light Wand": 7.319168892280301,
	"Thorn": 7.254676759766815,
	"Lizard Scale": 7.146817899278571,
	"Pelvis Bone": 7.051079430913184,
	"Dragon Ham": 6.95860221297634,
	"Sulphurous Stone": 6.846016858601448,
	"Spider Silk": 6.6496240601503755,
	"Brass Legs": 6.526703181315149,
	"Knife": 6.519035818878126,
	"Strange Talisman": 6.470398739409054,
	"Voluminous Piece of Cloth": 6.4193416646246835,
	"Ludicrous Piece of Cloth": 6.268888344360042,
	"Arrow": 6.155741625233937,
	"Cobra Tongue": 6.09833237492812,
	"Cherry": 6.079066162053714,
	"Ominous Piece of Cloth": 6.068283917340522,
	"Luminous Piece of Cloth": 6.043208363963081,
	"Onyx Chip": 6.023054755043228,
	"Strawberry": 5.850126653532226,
	"Poison Dagger": 5.836786369603753,
	"Shadow Herb": 5.832224391534333,
	"Obvious Piece of Cloth": 5.792452830188679,
	"Demonic Skeletal Hand": 5.748085872992043,
	"Brown Bread": 5.718156201652517,
	"Rainbow Quartz": 5.36599423631124,
	"White Pearl": 5.311979568381074,
	"Dubious Piece of Cloth": 5.290941762639876,
	"Green Crystal Fragment": 5.2564841498559085,
	"Sabre": 5.1280419805190265,
	"Halberd": 5.0756176288784935,
	"Magma Boots": 5.034608374390761,
	"Badger Fur": 4.951710905020787,
	"Soldier Helmet": 4.851681563249371,
	"Green Crystal Splinter": 4.763688760806916,
	"Silver Brooch": 4.750246407223706,
	"Ghoul Snack": 4.676225675735851,
	"Combat Knife": 4.655561954870449,
	"Glorious Axe": 4.625200642054574,
	"Heavy Old Tome": 4.609354677165679,
	"Viking Helmet": 4.569284940511723,
	"Half-Digested Piece of Meat": 4.393591603749815,
	"Silky Tapestry": 4.379614767255217,
	"Lightning Headband": 4.337678023249962,
	"Shovel": 4.176859215526528,
	"Studded Armor": 4.150353058037555,
	"Honeycomb": 4.1158477428858875,
	"Iron Helmet": 3.902844073119129,
	"Pick": 3.857645120841836,
	"Copper Shield": 3.8558895891919973,
	"Wolf Tooth Chain": 3.7780473056316994,
	"Cultish Mask": 3.604240282685512,
	"Power Ring": 3.531337315552766,
	"Pirate Voodoo Doll": 3.4192464312468958,
	"Lightning Pendant": 3.3943938402697396,
	"Brass Armor": 3.358283269209849,
	"Swamp Grass": 3.3549298375184637,
	"Chain Helmet": 3.3469142211936704,
	"Obsidian Lance": 3.302093005911598,
	"Mana Potion": 3.2717561894581286,
	"Egg": 3.1985187518408567,
	"Battle Hammer": 3.19336822146053,
	"Raspberry": 3.1931365923255988,
	"Black Pearl": 3.073672919318155,
	"Thick Fur": 3.061317813344419,
	"Letter": 3.024266712561159,
	"Wand of Defiance": 2.994212671732676,
	"Mammoth Tusk": 2.9798378715443774,
	"Elven Amulet": 2.9567723342939485,
	"Book (Orange)": 2.8795230669789094,
	"Magma Monocle": 2.8512908258265814,
	"Wand of Starstorm": 2.8512908258265814,
	"Sacred Tree Amulet": 2.8472622478386165,
	"Violet Gem": 2.8472622478386165,
	"Brass Helmet": 2.726821866875545,
	"Piercing Bolt": 2.6686282742073626,
	"Medicine Pouch": 2.628397341211226,
	"Plate Armor": 2.510825371139706,
	"Cyclops Toe": 2.501240694789082,
	"Winter Wolf Fur": 2.5,
	"Acorn": 2.4719379597057882,
	"Two Handed Sword": 2.3947288445310133,
	"Girlish Hair Decoration": 2.291496140657688,
	"Bulb of Garlic": 2.286039700618288,
	"Wood": 2.235949039881832,
	"Guardian Shield": 2.13992451368575,
	"Hand Axe": 2.139341228719467,
	"Scimitar": 2.118166740447201,
	"Scorpion Tail": 2.0743230731978293,
	"Angelic Axe": 2.00561797752809,
	"Tomato": 2.002789270605737,
	"Cookie": 1.9866505067616078,
	"Wooden Shield": 1.977686672338507,
	"Rat Cheese": 1.9686864655738339,
	"Terra Mantle": 1.9353383458646616,
	"Bone Shield": 1.9338571271220153,
	"Crystal Ring": 1.9291543839111458,
	"Soft Cheese": 1.884733350685862,
	"Banana": 1.8447955586249405,
	"Mutated Flesh": 1.7954134329229154,
	"Rotten Meat": 1.7591377857322825,
	"Silky Fur": 1.743401125054089,
	"Carlin Sword": 1.7417784637302625,
	"Piece of Marble Rock": 1.6979128807078336,
	"Tusk": 1.6825326544166481,
	"Green Crystal Shard": 1.6426512968299714,
	"Carniphila Seeds": 1.6414968869185385,
	"Iron Ore": 1.6308712191122208,
	"Crossbow": 1.6292957112038582,
	"Tribal Mask": 1.5949913952572554,
	"Magma Legs": 1.5435559357858184,
	"Minotaur Horn": 1.5159244267368215,
	"Carrot": 1.477906838338121,
	"Troll Green": 1.4082452412499025,
	"Clerical Mace": 1.393407896966616,
	"Broken Crossbow": 1.3774141085586502,
	"Heavily Rusted Armor": 1.3422957062779783,
	"Battle Axe": 1.312546422288085,
	"Corncob": 1.2694273176834665,
	"Rapier": 1.2465406773273031,
	"Dwarven Shield": 1.2456251610218196,
	"Orc Leather": 1.2349772267760615,
	"Protective Charm": 1.2236043479776075,
	"Orange": 1.2049277950832715,
	"Dragon Necklace": 1.2009176204154128,
	"Big Bone": 1.1845725072174105,
	"Small Axe": 1.1828645372199142,
	"Poison Spider Shell": 1.1807466541441654,
	"Small Ruby": 1.1748449291635459,
	"Bloody Pincers": 1.1487907465825447,
	"Yellow Piece of Cloth": 1.1454835940480732,
	"Earflap": 1.135370553773631,
	"Glob of Tar": 1.1286946943271525,
	"Steel Shield": 1.1224274033878099,
	"Bola": 1.114870397326761,
	"Shiny Stone": 1.1114704540751421,
	"Nettle Spit": 1.0918744228993535,
	"Sandcrawler Shell": 1.0710801393728222,