{
	"Gold Coin": 1505.6031799265736,
	"Meat": 426.60644347728777,
	"Ham": 300.9221249713425,
	"Platinum Coin": 249.8419925356051,
	"Skull": 130.24001372473927,
	"Dagger": 119.64400347992593,
	"Worm": 88.94473043277443,
	"Spear": 84.25939334302896,
	"Cowbell": 57.47662949058045,
	"Cultish Robe": 48.47138163079361,
	"Plate Shield": 45.899165846496324,
	"Minotaur Horn": 44.369788894142665,
	"Brown Bread": 44.00987091875474,
	"Bone": 43.70873025910252,
	"Minotaur Leather": 37.8464912812774,
	"Dragon Ham": 36.803528745377285,
	"Sabre": 35.24822588985005,
	"Fish": 33.55814810494629,
	"Great Health Potion": 30.59771495008131,
	"Bronze Amulet": 29.037590565342988,
	"Mino Shield": 23.924292845257902,
	"Cookie": 20.90072407917949,
	"Girlish Hair Decoration": 20.502911429968435,
	"Hand Axe": 18.476128793486307,
	"Small Emerald": 18.234971910038205,
	"Beetroot": 16.965542053086025,
	"Leather Boots": 15.552680243452235,
	"Cheese": 14.984534948457313,
	"Small Ruby": 14.799261869648664,
	"Small Amethyst": 14.672797385833853,
	"Wooden Shield": 14.218398319900256,
	"Silky Fur": 13.656642146257031,
	"Great Mana Potion": 13.461953521557472,
	"Torch": 13.073343286004038,
	"Small Topaz": 13.005001779418228,
	"Chain Armor": 12.775935854895854,
	"Purple Robe": 12.7553738317757,
	"Leather Helmet": 11.833045377289821,
	"Strong Mana Potion": 11.782473703427856,
	"Wolf Tooth Chain": 11.693714375621704,
	"Ring of Healing": 11.08612829726231,
	"Protective Charm": 10.937653959192035,
	"Thick Fur": 10.561546456038245,
	"Mammoth Tusk": 10.280440656828102,
	"Lump of Dirt": 9.70377994646064,
	"Rare Earth": 9.565367965367965,
	"Snakebite Rod": 9.301168224299065,
	"Arrow": 8.700436309184772,
	"Coal": 8.689288302483185,
	"Short Sword": 8.43025866130249,
	"Rapier": 8.258331987293383,
	"Mace": 7.897768288194772,
	"Poisonous Slime": 7.835910414776699,
	"Rope": 7.825863542129329,
	"Red Apple": 7.335709318497914,
	"Crossbow": 7.152766570434311,
	"Voluminous Piece of Cloth": 6.879359634076615,
	"Witch Broom": 6.877893973281751,
	"Ludicrous Piece of Cloth": 6.718124642652944,
	"Green Crystal Splinter": 6.573973549389753,
	"Ominous Piece of Cloth": 6.503144654088051,
	"Luminous Piece of Cloth": 6.476272155517439,
	"Obvious Piece of Cloth": 6.2075471698113205,
	"Star Herb": 6.200114852203348,
	"Bolt": 6.148218129839373,
	"Moonlight Rod": 6.026173979984604,
	"Glob of Acid Slime": 5.998268398268398,
	"Scroll": 5.936380287494476,
	"Studded Club": 5.813791314522768,
	"Grapes": 5.761345490394957,
	"Steel Shield": 5.6760714545253395,
	"Dubious Piece of Cloth": 5.670097198399085,
	"Hunting Spear": 5.646662957632676,
	"Small Sapphire": 5.61548572434323,
	"Winter Wolf Fur": 5.4,
	"Heavy Old Tome": 5.237632089955712,
	"Carrot": 5.081059628294624,
	"Plate Armor": 5.055696327352813,
	"Elven Astral Observer": 4.983558623919599,
	"Taurus Mace": 4.965420560747663,
	"Frosty Heart": 4.84515209755451,
	"Stonerefiner's Skull": 4.813852813852813,
	"Bony Tail": 4.7763569413227485,
	"Cyclops Toe": 4.377171215880893,
	"Dragon's Tail": 4.3536573485084205,
	"Twigs": 4.348893555160718,
	"Elvish Talisman": 4.348151797841368,
	"Gloom Wolf Fur": 4.288173991844132,
	"Badger Fur": 4.24432363287496,
	"White Mushroom": 4.206218197647779,
	"Violet Crystal Shard": 4.150537043638898,
	"Gold Ingot": 3.977844263232742,
	"Melon": 3.9258401765365556,
	"Brass Helmet": 3.811726479147947,
	"Brown Crystal Splinter": 3.767123287671233,
	"Red Piece of Cloth": 3.7354150779523994,
	"Banana": 3.6926854712630255,
	"Mino Lance": 3.6751710112775005,
	"Poison Arrow": 3.633331055339982,
	"Sword": 3.6267931831378615,
	"Blank Rune": 3.5510337544519834,
	"Orc Leather": 3.546062634977585,
	"Half-Digested Stones": 3.53015873015873,
	"Cape": 3.436861512422172,
	"Mammoth Whopper": 3.367532737476616,
	"Knife": 3.2790581929309166,
	"Wolf Paw": 3.214772578592694,
	"Bone Club": 3.1728793309300296,
	"Burst Arrow": 3.0321219791478335,
	"Small Diamond": 2.971214639873936,
	"Flaming Arrow": 2.952342578291138,
	"Longsword": 2.928474643781543,
	"Flask of Demonic Blood": 2.8636895019873743,
	"Small Enchanted Sapphire": 2.8553141821090824,
	"Strong Health Potion": 2.823979157268659,
	"Rotten Piece of Cloth": 2.797078861824821,
	"Tarantula Egg": 2.7906843630379568,
	"Sickle": 2.6944326905639846,
	"Dream Essence Egg": 2.583983133497243,
	"Bread": 2.504359150598705,
	"Small Stone": 2.500097107479423,
	"Rat Cheese": 2.495815295815296,
	"Broken Helmet": 2.409730229503332,
	"War Hammer": 2.346517527119452,
	"Axe": 2.308785082875036,
	"Halberd": 2.2889096094049144,
	"Health Potion": 2.163696914942862,
	"Acorn": 2.1188039654621043,
	"Onyx Chip": 2.0944198807784926,
	"Elven Scouting Glass": 2.019430656314963,
	"Coat": 1.9881828156033907,
	"Spider Fangs": 1.9102388391228438,
	"Ice Cube": 1.8735673998492388,
	"Studded Helmet": 1.8676575385511653,
	"Studded Armor": 1.8579089395456037,
	"Opal": 1.8160778219451386,
	"Hatchet": 1.80594271328075,
	"Gold-Brocaded Cloth": 1.8055740736758348,
	"Garlic Necklace": 1.8044426828982898,
	"Rotten Feather": 1.716801789208834,
	"Heaven Blossom": 1.6925793354841656,
	"Small Axe": 1.576060873108766,
	"Warwolf Fur": 1.5756199059703646,
	"Bunch of Troll Hair": 1.5678724312240926,
	"Viking Helmet": 1.545352536321316,
	"Steel Helmet": 1.5096487979187536,
	"Ultimate Health Potion": 1.4877965292491528,
	"Battle Shield": 1.4654523259877315,
	"Green Tunic": 1.3930087465094636,
	"Bow": 1.3250174898710854,
	"Centipede Leg": 1.3228629407288408,
	"Yellow Gem": 1.3130356580086011,
	"Red Gem": 1.3013741651282495,
	"Kongra's Shoulderpad": 1.221802387721607,
	"Protection Amulet": 1.2131934177115715,
	"Giant Shimmering Pearl (Green)": 1.153846153846154,
	"Tiger Eye": 1.153846153846154,
	"Cherry": 1.1435867037526788,
	"Orcish Gear": 1.1327590868708717,
	"Belted Cape": 1.125322626899914,
	"Warrior Helmet": 1.0909184891277208,
	"Frosty Ear of a Troll": 1.0786625747052174,
	"Seeds": 1.0593618940548915,
	"Studded Legs": 1.0243783520234033,
	"Scimitar": 0.9968281035053546,
	"Bone Shield": 0.9934675529625556,
	"Ghoul Snack": 0.9763548114173755,
	"Two Handed Sword": 0.9602236658927161,
	"Orc Tooth": 0.9561879278688177,
	"Sling Herb": 0.9548195295951014,
	"Brass Legs": 0.9439686663427352,
	"Demonic Essence": 0.933364507832593,
	"Magma Amulet": 0.8856107122217215,
	"Plate Legs": 0.8599450588176435,
	"Dragon Necklace": 0.8591912819042157,
	"Wand of Draconia": 0.8501006605519017,
	"Scale Armor": 0.8397922774715033,
	"Studded Shield": 0.8070892978868438,
	"Red Crystal Fragment": 0.8056948305915416,
	"Minotaur Trophy": 0.8040832335176393,
	"Plum": 0.8017614606269019,
	"Royal Spear": 0.8003324525603556,
	"Small Enchanted Ruby": 0.7935867937348285,
	"Scythe": 0.7930792611643676,
	"Polar Bear Paw": 0.7910001757778169,
	"Broadsword": 0.7857881269131329,
	"Crystal Ring": 0.7854299854883399,
	"Wand of Dragonbreath": 0.7739751297613159,
	"Double Axe": 0.7736466321614415,
	"Necrotic Rod": 0.7465997702955933,
	"Green Mushroom": 0.7440399939072749,
	"Furry Club": 0.7400557839550319,
	"Throwing Star": 0.737229770304759,
	"Leather Legs": 0.7304798352165751,
	"Rope Belt": 0.7061488673139158,
	"Battle Axe": 0.7058752622802621,
	"Copper Shield": 0.6895738784974279,
	"Tusk Shield": 0.6769486593223862,
	"Orcish Axe": 0.6513104862469654,
	"Black Pearl": 0.647980736340267,
	"Magic Light Wand": 0.6347546871100492,
	"Bear Paw": 0.6258560305999032,
	"Bag of Apple Slices": 0.6152148945173185,
	"Pick": 0.609101861185553,
	"Great Spirit Potion": 0.60348802837718,
	"Pelvis Bone": 0.5998737107977268,
	"Honeycomb": 0.5888841580450972,
	"Wand of Inferno": 0.5768960943035324,
	"Holy Orchid": 0.5365201590222783,
	"Leaf Star": 0.534431916738942,
	"Mouldy Cheese": 0.5226366513883349,
	"Scarf": 0.5207267972968809,
	"Miraculum": 0.5183946488294314,
	"Hardened Bone": 0.49168380278322416,
	"Flask of Embalming Fluid": 0.4840391707999491,
	"Wyvern Talisman": 0.48056300268096513,
	"Letter": 0.47751579672018296,
	"Dead Frog": 0.47675600695467113,
	"Brown Mushroom": 0.4661619273436357,