{
	"Gold Coin": 2207.103029774483,
	"Meat": 563.0991281935361,
	"Platinum Coin": 546.4260259042737,
	"Ham": 322.8880080975227,
	"Skull": 183.5743379790995,
	"Dagger": 177.60000000000002,
	"Beetroot": 163.5962983690438,
	"Banana": 112.96172647801893,
	"Great Mana Potion": 90.30811935633733,
	"Torch": 69.81245286335934,
	"Worm": 69.63330169537451,
	"Brown Bread": 65.57175398633258,
	"Spear": 56.89217533576862,
	"Dragon Ham": 54.034894434475525,
	"Sabre": 52.06231707185353,
	"Dark Mushroom": 45.35791346574813,
	"Small Stone": 43.28835045053901,
	"Badger Fur": 40.927406459865686,
	"Thick Fur": 33.75102889212222,
	"Strong Health Potion": 33.43467404880113,
	"Mammoth Tusk": 32.85271253377676,
	"Bolt": 32.61484312135116,
	"Green Mushroom": 30.998173954829408,
	"Orange": 28.529748391206756,
	"Girlish Hair Decoration": 25.76438628061627,
	"Bone": 25.60849967978896,
	"Gloom Wolf Fur": 25.48164929768917,
	"Wolf Tooth Chain": 24.960863729403112,
	"Poison Arrow": 23.389800303314647,
	"Terra Amulet": 22.384039069002238,
	"Winter Wolf Fur": 21.900000000000002,
	"Strong Mana Potion": 21.798652720325386,
	"Wyrm Scale": 21.436857908438697,
	"Acorn": 20.43132395267029,
	"Fish": 19.450539314958,
	"Brass Helmet": 18.00356543759879,
	"Chain Armor": 16.790572912009083,
	"Kongra's Shoulderpad": 16.379520415383823,
	"Garlic Necklace": 15.53368712812064,
	"Great Health Potion": 15.152782030699548,
	"Bat Wing": 14.744449783757808,
	"Striped Fur": 14.488832503737228,
	"Protective Charm": 13.761720382755513,
	"Knife": 13.626574915749508,
	"Mace": 13.307122641693287,
	"Leather Armor": 13.194362476845347,
	"White Mushroom": 13.084058332369604,
	"Axe": 12.966567462905445,
	"Burst Arrow": 11.381320551123622,
	"Mammoth Whopper": 10.76146331324049,
	"Wolf Paw": 10.423074078668465,
	"Leather Boots": 10.39012130606416,
	"Wooden Shield": 10.318558050771355,
	"Cheese": 10.116179162827382,
	"Rotten Piece of Cloth": 9.863383354855948,
	"Rare Earth": 9.565367965367965,
	"Crossbow": 9.535682885066002,
	"Orc Leather": 9.32817583838056,
	"Plate Shield": 9.259281480994517,
	"Leather Legs": 8.62107866754856,
	"Rapier": 8.569967156625209,
	"Red Gem": 8.324126234569064,
	"Lump of Dirt": 8.003117481617023,
	"Hunting Spear": 7.929540076617361,
	"Banana Sash": 7.901782094999155,
	"Sabretooth": 7.843320848938826,
	"Brass Shield": 7.637091037680175,
	"Viking Helmet": 7.320301713657055,
	"Coal": 7.264329387645158,
	"Lamassu Horn": 7.136887608069164,
	"Leather Helmet": 6.568792408014546,
	"Throwing Knife": 6.485724122234836,
	"Silver Amulet": 6.273120027872397,
	"Terra Boots": 6.018045112781955,
	"Glob of Acid Slime": 5.998268398268398,
	"Violet Crystal Shard": 5.694524495677234,
	"Red Crystal Fragment": 5.6570605187319885,
	"Orcish Gear": 5.560817335547916,
	"Scale Armor": 5.506164357733031,
	"Piercing Bolt": 5.499243203468568,
	"Blue Crystal Shard": 5.451008645533141,
	"Silky Fur": 5.230203375162267,
	"Carrot": 5.1671785463447355,
	"Sword": 5.163710131515765,
	"Short Sword": 5.148778571498551,
	"Cleaver": 5.059062398670702,
	"Arrow": 4.97651006865319,
	"Red Apple": 4.915681502086231,
	"Voluminous Piece of Cloth": 4.830188679245283,
	"Heavy Old Tome": 4.818949155193868,
	"Stonerefiner's Skull": 4.813852813852813,
	"Ludicrous Piece of Cloth": 4.716981132075471,
	"Nail": 4.684795461562211,
	"Poisonous Slime": 4.67994227994228,
	"Hand Axe": 4.667653589933383,
	"Ominous Piece of Cloth": 4.566037735849057,
	"Luminous Piece of Cloth": 4.547169811320755,
	"Twigs": 4.513002745921499,
	"Life Ring": 4.457589315694867,
	"Obvious Piece of Cloth": 4.3584905660377355,
	"Lamassu Hoof": 4.214697406340058,
	"Halberd": 4.174486870245261,
	"Dubious Piece of Cloth": 3.981132075471698,
	"Spider Silk": 3.97250268528464,
	"Broken Crossbow": 3.673104289489734,
	"Ape Fur": 3.6249468051611204,
	"Broken Helmet": 3.613915018472438,
	"Corncob": 3.595522118568764,
	"Minotaur Horn": 3.5855394886229246,
	"Half-Digested Stones": 3.53015873015873,
	"Terra Hood": 3.4841498559077806,
	"Ghoul Snack": 3.442935387629692,
	"Battle Axe": 3.3221914324817923,
	"Opal": 3.2031700288184437,
	"Sphinx Feather": 3.090131347189371,
	"Chicken Feather": 3.0555462325893608,
	"Small Emerald": 2.869919119132429,
	"Rat Cheese": 2.7910685089854534,
	"Orc Tooth": 2.753810061939369,
	"Coconut": 2.7164312473435013,
	"Plate Armor": 2.678364598475257,
	"Blue Gem": 2.628668601238797,
	"Pelvis Bone": 2.599452746790149,
	"Warwolf Fur": 2.5581157420806857,
	"Battle Shield": 2.5127166264771046,
	"Protection Amulet": 2.504559156213494,
	"Sphinx Tiara": 2.4940868602486033,
	"Magma Amulet": 2.4919732273161896,
	"Brass Armor": 2.487276850558299,
	"Small Diamond": 2.3385309204652796,
	"Furry Club": 2.309956350031179,
	"Cyclops Toe": 2.292803970223325,
	"Green Gem": 2.257359971818228,
	"Health Potion": 2.252929905823159,
	"Poison Dagger": 2.174627578165699,
	"Tusk Shield": 2.1632924547911037,
	"Chain Helmet": 2.163133122345019,
	"Tomato": 2.1568499837292547,
	"Lightning Pendant": 2.0732051787912917,
	"Gear Crystal": 2.0641193269527633,
	"Onyx Chip": 2.0605187319884726,
	"Egg": 2.0557113517925485,
	"Centipede Leg": 2.035173754967447,
	"Rope": 1.9718726868985939,
	"Cookie": 1.9653031549917346,
	"Fir Cone": 1.9430346051464062,
	"Piece of Archer Armor": 1.9280341532831877,
	"Rainbow Quartz": 1.8357348703170029,
	"Broken Shamanic Staff": 1.8333333333333333,
	"Venison": 1.8047765514745795,
	"Green Crystal Fragment": 1.7982708933717582,
	"Magic Light Wand": 1.7516902576781332,
	"Focus Cape": 1.7466841880080681,
	"Studded Club": 1.7319849101719038,
	"Glob of Tar": 1.6930420414907288,
	"Green Crystal Splinter": 1.6296829971181557,
	"Brown Mushroom": 1.577077855878092,
	"Dowser": 1.548181011535049,
	"Wand of Starstorm": 1.5135546032393283,
	"Sulphurous Stone": 1.5101507776326724,
	"Magma Boots": 1.4917569829157464,
	"Rusted Armor": 1.4780458860759493,
	"Wand of Draconia": 1.4519409755669959,
	"Studded Helmet": 1.4319955317987103,
	"Studded Legs": 1.3968795709410045,
	"Tarantula Egg": 1.3953421815189784,
	"Hatchet": 1.3936715077527537,
	"Piece of Warrior Armor": 1.3920823837258378,
	"Melon": 1.3812685954906245,
	"White Pearl": 1.3548387096774193,
	"Shamanic Hood": 1.3511904761904763,
	"Power Ring": 1.3188397312779987,
	"Brown Piece of Cloth": 1.3006294758687242,
	"Lightning Headband": 1.282975189975341,
	"Iron Ore": 1.2628506034910298,
	"Orcish Axe": 1.1839385142975531,
	"Minotaur Leather": 1.177408053681939,
	"Terra Mantle": 1.1561761546723952,
	"Fur Bag": 1.154415914221219,
	"Frosty Ear of a Troll": 1.119366822807301,
	"Elven Hoof": 1.1164510584403837,
	"Roll": 1.0782297876858529,
	"Soldier Helmet": 1.065003269981569,
	"Bow": 1.022984396235445,
	"Elven Amulet": 1.0115273775216138,
	"Gear Wheel": 0.9900118670886077,
	"Shovel": 0.9892822849987967,
	"Staff": 0.9829994356659143,
	"Sacred Tree Amulet": 0.9740634005763689,
	"Violet Gem": 0.9740634005763689,
	"Life Crystal": 0.9629251029820928,
	"Rorc Feather": 0.9625519732806216,
	"War Hammer": 0.9342365506329113,
	"Heavily Rusted Armor": 0.9072023923838789,
	"Wand of Defiance": 0.8856121986814957,
	"Hatched Rorc Egg": 0.8772680798854884,
	"Rusted Legs": 0.8552215189873418,
	"Brass Legs": 0.8487967027203381,
	"Spiked Squelcher": 0.8459256329113923,
	"Magma Monocle": 0.8433395400332142,
	"Wyvern Talisman": 0.8409852546916889,
	"Great Spirit Potion": 0.8365010694428948,
	"Combat Knife": 0.8073682107788426,
	"Raspberry": 0.786002853495532,
	"Book (Grey)": 0.7850693324733957,
	"Skull Belt": 0.7691908855385602,
	"Longsword": 0.7470898551605487,
	"Coat": 0.7426466162156931,
	"Wand of Decay": 0.7270303055328735,
	"Berserk Potion": 0.7250791139240507,
	"Cobra Tongue": 0.7114721104082806,
	"Scorpion Tail": 0.7083054396285271,
	"Spider Fangs": 0.7078812705011733,
	"Glorious Axe": 0.7053682896379525,
	"Pile of Grave Earth": 0.6712828962016297,
	"Throwing Star": 0.670748007813483,
	"Silky Tapestry": 0.6679151061173533,
	"Cherry": 0.6620765126989193,
	"Battle Hammer": 0.6566016992374429,
	"Sword Ring": 0.6478623038094952,