{
	"Gold Coin": 3175.8239743187814,
	"Dragon Ham": 427.0865836969282,
	"Meat": 404.5043869632098,
	"Dagger": 197.71142022450854,
	"Skull": 196.02036419228114,
	"Ham": 134.30937581910226,
	"Spear": 131.99570132526253,
	"Plate Shield": 125.87378271223078,
	"Worm": 106.5184413577047,
	"Mace": 87.67793991718327,
	"Chain Armor": 81.49416586984916,
	"Fish": 80.2623434643203,
	"White Mushroom": 79.73417843127196,
	"Brown Bread": 71.7744874715262,
	"Steel Shield": 69.48548902800941,
	"Sabre": 58.2518947701264,
	"Bolt": 58.17296333301278,
	"Crossbow": 52.828001658141645,
	"Dragon's Tail": 49.76878210958848,
	"Brass Helmet": 49.51076562760133,
	"Axe": 46.01343529965129,
	"Burst Arrow": 42.84999943610141,
	"Strong Mana Potion": 38.6157698918493,
	"Hand Axe": 38.41636309141565,
	"Wood": 36.57941830531683,
	"Bone": 36.54483958987822,
	"Sword": 34.98970441019986,
	"Hatchet": 34.84461401661313,
	"Leather Boots": 33.459548453880686,
	"Girlish Hair Decoration": 31.922101691478613,
	"Leather Helmet": 30.263813721721448,
	"Rope Belt": 29.958906226098634,
	"Torch": 27.757006768504194,
	"Cheese": 26.80410186415718,
	"Strong Health Potion": 26.68536668019641,
	"Wooden Shield": 23.952267963064465,
	"Minotaur Horn": 23.571863180358875,
	"Frosty Heart": 22.800715753197697,
	"Cultish Robe": 22.52751285971158,
	"Longsword": 21.207596561806966,
	"Small Stone": 20.790010878610552,
	"Steel Helmet": 20.5053873915602,
	"Leather Legs": 19.028568211317324,
	"Ice Cube": 18.3321461090233,
	"Rope": 17.352060624167727,
	"Platinum Coin": 17.136687996992308,
	"Protective Charm": 17.0348911157507,
	"Gloom Wolf Fur": 16.74037154508382,
	"Wolf Tooth Chain": 16.507363045188406,
	"Arrow": 14.619306677606298,
	"Short Sword": 14.139858841594943,
	"Pick": 14.003833410221269,
	"Studded Armor": 13.742774624839598,
	"Copper Shield": 13.722182700826812,
	"Plate Armor": 13.70768355243307,
	"Wyrm Scale": 12.825140218785599,
	"Mouldy Cheese": 12.658710735917364,
	"Small Axe": 12.005446534824294,
	"Lump of Dirt": 12.004676222425536,
	"Studded Club": 11.980772010892085,
	"Morning Star": 11.437796870837866,
	"Red Apple": 11.16483935276944,
	"Rotten Piece of Cloth": 11.041100770361135,
	"Letter": 10.744105426204117,
	"Honeycomb": 9.806339085144263,
	"Grapes": 9.343535180186976,
	"Minotaur Leather": 9.292143221891518,
	"Broadsword": 9.14843608750678,
	"Plate Legs": 8.885147993067353,
	"Broken Crossbow": 8.723622687538118,
	"Carrot": 8.700985722315608,
	"Flaming Arrow": 8.561793477044299,
	"Wolf Paw": 8.457629812760578,
	"Piercing Bolt": 7.6386767321082925,
	"Sniper Arrow": 7.368021094651261,
	"Hunting Spear": 6.728616133518776,
	"Voluminous Piece of Cloth": 6.691170464755371,
	"Ludicrous Piece of Cloth": 6.534346156987666,
	"Heavy Old Tome": 6.532430113840397,
	"Ominous Piece of Cloth": 6.325247079964061,
	"Luminous Piece of Cloth": 6.29910969533611,
	"Obvious Piece of Cloth": 6.037735849056603,
	"Poison Arrow": 6.030626974664551,
	"Bone Club": 6.030492879278238,
	"Crab Pincers": 5.796002756719504,
	"Mango": 5.688370118845501,
	"Double Axe": 5.62607480030141,
	"Dubious Piece of Cloth": 5.51498815649759,
	"Blank Rune": 5.494998498296018,
	"Scroll": 5.485367000687336,
	"Fir Cone": 5.375951197038778,
	"Piece of Warrior Armor": 5.120874482991475,
	"Wand of Inferno": 4.98285447980977,
	"Cookie": 4.894975498197342,
	"Green Dragon Scale": 4.768275778942927,
	"Green Dragon Leather": 4.677187454262125,
	"Health Potion": 4.643161531163005,
	"Piece of Archer Armor": 4.579081114047571,
	"Brass Armor": 4.568859929237443,
	"Small Diamond": 4.546030599952079,
	"Coal": 4.527682510487775,
	"Elvish Talisman": 4.40767244425664,
	"Dowser": 4.385403593499293,
	"Battle Shield": 4.280093010043319,
	"Shadow Herb": 4.218856330926778,
	"Crystal Sword": 4.20774840967342,
	"Soul Orb": 3.9616790818485272,
	"Melon": 3.9258401765365556,
	"Green Mushroom": 3.918135094557135,
	"Ghoul Snack": 3.854032150331745,
	"Earth Arrow": 3.8274757271044626,
	"Lump of Earth": 3.7910745018238496,
	"Bow": 3.7448458484542964,
	"Studded Helmet": 3.7163025240782956,
	"Shovel": 3.6960757449135775,
	"Pelvis Bone": 3.6198064058497237,
	"Pirate Voodoo Doll": 3.4771880690389603,
	"Leather Armor": 3.4330056191946854,
	"Black Pearl": 3.418021137668447,
	"Cape": 3.39809744933283,
	"Book (Orange)": 3.268707041440807,
	"Demonic Essence": 3.187204749700335,
	"Scarf": 2.9962243797195254,
	"Purple Robe": 2.9718494271685763,
	"Sling Herb": 2.9010583328780024,
	"Small Sapphire": 2.889356747252452,
	"Viking Helmet": 2.8444826107813967,
	"Demonic Skeletal Hand": 2.754291147475354,
	"Swamp Grass": 2.7393463810930574,
	"Crystal Necklace": 2.735167447171236,
	"Cyclops Toe": 2.5893512422559257,
	"Bread": 2.504359150598705,
	"Spider Silk": 2.476607276922232,
	"Swampling Club": 2.443305294106592,
	"Flask of Demonic Blood": 2.4425654774180243,
	"Dirty Cape": 2.4387233292188326,
	"Flask of Embalming Fluid": 2.4201958539997457,
	"Dragon Hammer": 2.3722568036435328,
	"Book (Gemmed)": 2.347265267089873,
	"Power Bolt": 2.3408935893057787,
	"Time Ring": 2.334215801589141,
	"Serpent Sword": 2.3168117364465224,
	"Throwing Star": 2.3079543904032516,
	"Crystal Ring": 2.2813874492985136,
	"Studded Legs": 2.235007313505607,
	"Battle Hammer": 2.1760764234288965,
	"Medicine Pouch": 2.146122599704579,
	"Soldier Helmet": 2.130006539963138,
	"Combat Knife": 2.0298940731589354,
	"Elven Scouting Glass": 2.019430656314963,
	"Gauze Bandage": 2.0022574081139513,
	"Winter Wolf Fur": 1.9000000000000001,
	"Book of Necromantic Rituals": 1.8892448976722984,
	"Studded Shield": 1.883208361735969,
	"Mana Potion": 1.8768193472058845,
	"Essence of a Bad Dream": 1.8733759538049082,
	"Broken Helmet": 1.8455388279322955,
	"Beetroot": 1.8210614226327806,
	"Goat Grass": 1.8087662805786515,
	"Bunch of Troll Hair": 1.8031587780498355,
	"Royal Spear": 1.7327112684148835,
	"Centipede Leg": 1.6281390039739578,
	"Clerical Mace": 1.6060031539104547,
	"Swampling Moss": 1.59595210573379,
	"Dragon Necklace": 1.5668559464517973,
	"Wyvern Talisman": 1.5618297587131367,
	"Shard": 1.5002890717650899,
	"Witch Broom": 1.495194342017772,
	"Small Emerald": 1.478502161990193,
	"Protection Amulet": 1.468116333260551,
	"Dark Rosary": 1.4670543567068774,
	"Dragon Shield": 1.4059284896384878,
	"Elven Astral Observer": 1.4045508808740006,
	"Star Herb": 1.3478510548268148,
	"Knight Legs": 1.3426753794160264,
	"Small Ruby": 1.3345431582475507,
	"Roll": 1.3292139936392549,
	"Energy Ring": 1.3273354180092687,
	"Green Tunic": 1.3133885612994247,
	"Orc Leather": 1.2845660289872045,
	"Compass": 1.2798247850276563,
	"Troll Green": 1.2647220668632182,
	"Shaggy Tail": 1.23837822294642,
	"Magic Light Wand": 1.209779982195091,
	"Plum": 1.2026421909403529,
	"Scythe Leg": 1.1977727366467312,
	"Piece of Swampling Wood": 1.1946522431353732,
	"Scale Armor": 1.1932228136996983,
	"Scorpion Tail": 1.1636446508182945,
	"Heavily Rusted Armor": 1.1481058999105378,
	"Glacier Mask": 1.1383853445610925,
	"Silver Amulet": 1.119505955373913,
	"Poison Spider Shell": 1.106949988260155,
	"Goblin Ear": 1.093895434629617,
	"Great Spirit Potion": 1.089707218020504,
	"Great Mana Potion": 1.0863056247868432,
	"Music Sheet (First Verse)": 1.0622977346278317,
	"Piece of Crocodile Leather": 1.0016761791602131,
	"Strange Talisman": 0.9958031285768791,
	"Ultimate Health Potion": 0.974682245579528,
	"Small Amethyst": 0.9494815409110409,
	"Life Ring": 0.944914775361104,
	"Powder Herb": 0.924208199163743,
	"Wand of Draconia": 0.920187147256955,
	"Focus Cape": 0.8733420940040341,
	"Life Crystal": 0.8630604735094778,
	"Brown Mushroom": 0.8525415538926133,
	"Silver Brooch": 0.8504089204132854,
	"Piece of Iron": 0.8384764591782755,
	"Pile of Grave Earth": 0.8224658545125831,
	"Iron Helmet": 0.8040716659391991,
	"Demon Horn": 0.8033272731800861,
	"Two Handed Sword": 0.8017190445340463,
	"Garlic Necklace": 0.8016645450993949,
	"Golden Mug": 0.8004059735254325,
	"Fire Mushroom": 0.7916718551540358,
	"Black Hood": 0.756235882155044,
	"Brown Piece of Cloth": 0.7480963619361446,