{
	"Gold Coin": 7157.634851938906,
	"Platinum Coin": 4409.909778849654,
	"Great Health Potion": 982.8599997313379,
	"Meat": 916.1334643968513,
	"Flask of Demonic Blood": 895.9979841047664,
	"Great Mana Potion": 554.1287676920878,
	"Rare Earth": 422.0718614718615,
	"Ultimate Health Potion": 321.32009469615843,
	"Coal": 315.71594014297364,
	"Demonic Essence": 296.42440612265494,
	"Axe": 274.6091132122641,
	"Werehyaena Nose": 273.65367965367966,
	"Glob of Acid Slime": 264.67359307359305,
	"Knife": 253.79663545859643,
	"Scythe": 240.69955576338555,
	"Dragon Ham": 235.1943666686767,
	"Stonerefiner's Skull": 212.4112554112554,
	"Poisonous Slime": 206.5024531024531,
	"Halberd": 192.4901035631979,
	"Red Crystal Fragment": 175.53539160167404,
	"Tainted Glooth Capsule": 166.8620443597016,
	"Rat Cheese": 162.6425225709631,
	"Half-Digested Stones": 155.76825396825396,
	"Glooth Bag": 155.60927785233375,
	"Magic Light Wand": 138.4701769630498,
	"Mystical Hourglass": 126.59434182838437,
	"Bolt": 120.77357651030665,
	"Ham": 108.04413939680101,
	"Red Gem": 107.22346981556343,
	"Combat Knife": 101.13326100506121,
	"Life Preserver": 99.25304450590278,
	"Yellow Gem": 98.97204837873362,
	"Small Enchanted Amethyst": 87.56675715766626,
	"Small Amethyst": 77.34150539334681,
	"Great Spirit Potion": 72.90737468939905,
	"Dark Shield": 72.09632920271218,
	"Plate Shield": 68.8749922157241,
	"Glooth Capsule": 63.918433809679016,
	"Slightly Rusted Armor": 63.01332709843348,
	"Ice Rapier": 62.14268122485838,
	"Green Crystal Fragment": 61.04275743468827,
	"Ratana": 61.042427390621704,
	"Cheese": 61.0171394411794,
	"Strong Health Potion": 60.16315956653162,
	"Pirate Coin": 59.972862559651674,
	"Green Crystal Splinter": 53.12536023054755,
	"Glooth Steak": 52.99580244390485,
	"Soft Cheese": 51.84256574547773,
	"Glooth Sandwich": 51.443689727411794,
	"Mace": 49.957906903289135,
	"Chain Armor": 43.91218872036643,
	"White Mushroom": 42.42775686952265,
	"Pirat's Tail": 42.29785040308061,
	"Skull": 42.09728856584087,
	"Strong Mana Potion": 42.00607063997697,
	"Beetroot": 41.85926679473718,
	"Wyrm Scale": 41.18864983802946,
	"Dagger": 40.800000000000004,
	"Crystal Sword": 40.128910775878964,
	"Small Enchanted Emerald": 37.857142857142854,
	"Crossbow": 37.52141251864443,
	"Wand of Starstorm": 36.71511573052141,
	"Burst Arrow": 36.125228863327024,
	"Brown Crystal Splinter": 34.07142857142857,
	"Torch": 33.13800100962597,
	"Worm": 32.79888994466551,
	"Brass Helmet": 32.71010032982333,
	"Orichalcum Pearl": 32.35819499649287,
	"Earflap": 31.42336691363358,
	"Sword Ring": 30.398956760361493,
	"Small Emerald": 30.239280995132397,
	"Bola": 29.73520121658651,
	"Small Topaz": 29.598818403206568,
	"Essence of a Bad Dream": 27.84697470578878,
	"Underworld Rod": 27.820491129968886,
	"Soul Orb": 27.630439265828006,
	"Cheese Cutter": 27.56990511869034,
	"Steel Shield": 26.79272997762528,
	"Bone": 24.309397830582945,
	"Knight Axe": 23.249322715704785,
	"Minotaur Horn": 23.001927347847726,
	"Crowbar": 22.85526639848945,
	"Doublet": 22.71428571428571,
	"Hailstorm Rod": 22.71428571428571,
	"Terra Boots": 22.044784977849332,
	"Glooth Spear": 20.873295434535297,
	"Glooth Axe": 20.830158835576647,
	"Glooth Club": 20.80553078386758,
	"Glooth Blade": 20.741145838852276,
	"Wand of Voodoo": 20.59217156985182,
	"Glooth Amulet": 20.42393251055806,
	"Sword": 20.364365316452236,
	"Nightmare Blade": 19.869067103109657,
	"Shark Fins": 19.229948280108363,
	"Protection Amulet": 19.09025432147824,
	"Dragon's Tail": 18.78428790141112,
	"Scythe Leg": 17.63284713303812,
	"Wand of Inferno": 16.582791901548944,
	"Broken Crossbow": 16.528969302703803,
	"Giant Shimmering Pearl (Green)": 15.7680895055487,
	"Piercing Bolt": 15.542435820344277,
	"Black Shield": 15.30373721407678,
	"Brown Bread": 15.06378132118451,
	"Short Sword": 14.862333035893364,
	"Terra Hood": 14.490297988363487,
	"Grappling Hook": 14.488965517241379,
	"Knight Armor": 14.422461210081275,
	"Leather Boots": 14.176377221706744,
	"Rubber Cap": 14.16468790336786,
	"Scarab Coin": 13.80419237820307,
	"Focus Cape": 13.415094807845104,
	"Piece of Scarab Shell": 12.771849910562004,
	"Spear": 12.755848381492841,
	"Terra Mantle": 12.484490246545947,
	"Sabre": 11.838041002277905,
	"Werehyaena Talisman": 11.41958041958042,
	"Lion's Mane": 10.691698529878174,
	"Flask of Embalming Fluid": 10.648861757598882,
	"Cyclops Toe": 10.590746223468656,
	"Badger Fur": 10.408698433002877,
	"Terra Legs": 10.209483662513033,
	"Lump of Dirt": 10.00389685202128,
	"Scarab Pincers": 9.738472263718753,
	"Glacier Kilt": 9.0830021042787,
	"Battle Shield": 8.886168447067671,
	"Gauze Bandage": 8.809932595701385,
	"Piece of Archer Armor": 8.676153689774345,
	"Carrot": 8.288449722786835,
	"Beastslayer Axe": 8.225291432264266,
	"Springsprout Rod": 8.11168027180514,
	"Mouldy Powder": 8.023329798515377,
	"Minotaur Leather": 7.856202334615192,
	"Piece of Warrior Armor": 7.755887566472525,
	"Longsword": 7.401504134869581,
	"Brass Armor": 7.341895981241343,
	"Soldier Helmet": 7.336689193206365,
	"Magma Boots": 7.307850499632136,
	"Shovel": 7.201836531485687,
	"Thick Fur": 6.887965080024943,
	"Plate Armor": 6.857534692949695,
	"Mammoth Tusk": 6.704635210974849,
	"Fish": 6.495909826704731,
	"Death Ring": 6.157184371271284,
	"Steel Helmet": 6.121734613803128,
	"Viking Helmet": 5.98318499561125,
	"Glooth Cape": 5.955806689478612,
	"Girlish Hair Decoration": 5.922909888132404,
	"Leather Legs": 5.470934135209946,
	"Acorn": 5.196114486728494,
	"Arrow": 4.983147950100371,
	"Scarab Amulet": 4.966304816917306,
	"Scale Armor": 4.9565943622026065,
	"Terra Amulet": 4.9559747989238545,
	"Pelvis Bone": 4.699010734582193,
	"Skullcracker Armor": 4.54150105213935,
	"Leather Helmet": 4.536015728549106,
	"Ring of Blue Plasma": 4.388829975256274,
	"Strange Talisman": 4.3815337657382685,
	"Small Stone": 4.340185812311652,
	"Skull Staff": 4.30141594240122,
	"Small Sapphire": 4.185164560067769,
	"Heavy Old Tome": 4.104227687315145,
	"Winter Wolf Fur": 3.9000000000000004,
	"Green Gem": 3.8937673293733552,
	"Werehyaena Trophy": 3.7857142857142856,
	"Small Ruby": 3.753080422474718,
	"Shadow Herb": 3.645406537375945,
	"Broadsword": 3.5824707281626114,
	"Silver Brooch": 3.4547246597990586,
	"Plate Legs": 3.430065743143737,
	"Ancient Amulet": 3.3725724529429337,
	"Wood Cape": 3.257334747260516,
	"Small Diamond": 3.2442523247720034,
	"Stone Wing": 3.240113988179004,
	"Protective Charm": 3.1636298833168057,
	"Purple Robe": 3.1537993920972647,
	"Lightning Boots": 3.1201838105337574,
	"Morning Star": 3.086083566602009,
	"Chicken Feather": 3.0555462325893608,
	"Cheesy Figurine": 3.003390648627118,
	"Wolf Paw": 2.8246514003645538,
	"Double Axe": 2.813055130805601,
	"Wand of Draconia": 2.7817676181162523,
	"Brass Shield": 2.7021697307606725,
	"Potato": 2.678722206585984,
	"Wooden Shield": 2.5950754839587913,
	"Battle Axe": 2.577467805330322,
	"Hatchet": 2.5193292640145932,
	"Cape": 2.390961129615068,
	"Mammoth Whopper": 2.1962170027021406,
	"Lightning Pendant": 2.150426947319163,
	"Rapier": 2.0256286006568676,
	"Spike Shield": 1.9534414509779938,
	"Health Potion": 1.9163803004316151,
	"Dwarven Shield": 1.883628292276898,
	"Battle Hammer": 1.866336710147145,
	"Green Dragon Scale": 1.8554812270234435,
	"Leather Harness": 1.8269513510525177,
	"Green Dragon Leather": 1.8200359876367833,
	"Power Bolt": 1.8008657813441276,
	"Grapes": 1.7839718297908447,
	"Hunting Spear": 1.732946884128247,
	"Heat Core": 1.6529307619609672,
	"Poison Arrow": 1.594568538091658,
	"Hand Axe": 1.5558845299777941,
	"Mercenary Sword": 1.5354856815058457,
	"Ankh": 1.5310571055694686,
	"Scroll": 1.523713055746482,
	"Ancient Shield": 1.508108859138442,
	"Carrion Worm Fang": 1.3984619766448305,
	"Crystal Ring": 1.3199209848085725,
	"Egg": 1.2924971248865713,
	"War Axe": 1.2068714248321122,
	"Red Apple": 1.1343880389429764,
	"Corncob": 1.0948081264108351,
	"Melon": 1.0905111601490431,
	"Knight Legs": 1.0888843060424829,
	"Wolf Tooth Chain": 1.0857121118021127,