{
	"Gold Coin": 7320.234845807569,
	"Platinum Coin": 826.0385847891919,
	"Glob of Glooth": 283.6639684910937,
	"Great Health Potion": 216.12382741395518,
	"Great Mana Potion": 189.2379924724064,
	"Dragon Ham": 175.30123623220115,
	"Fish": 166.98533535274154,
	"Shrimp": 150.84966757864976,
	"Fairy Wings": 132.13668812707476,
	"Strong Health Potion": 116.86723480360988,
	"Slime Heart": 113.02551159618008,
	"Ice Rapier": 101.24078482883178,
	"Small Sapphire": 97.50426685806632,
	"Poisoned Fang": 96.98676671214187,
	"Pirate Coin": 94.64535326580844,
	"Worm": 94.59827958547206,
	"Small Emerald": 88.25618804394156,
	"Small Topaz": 82.61757799291095,
	"Quara Tentacle": 80.10644489083298,
	"Bone": 76.79644078048426,
	"Quara Bone": 76.08432237301412,
	"Bolt": 75.92867136393203,
	"Meat": 75.31995655024934,
	"Quara Eye": 71.91600975975976,
	"Skull": 70.74098623199853,
	"Scale Armor": 69.97021003993946,
	"Frazzle Tongue": 68.868127593361,
	"Pirat's Tail": 66.95298044084575,
	"Strong Mana Potion": 66.8106423603622,
	"Crystal Sword": 65.35391182989902,
	"Quara Pincers": 62.1491152085138,
	"Small Diamond": 60.82565476806209,
	"Frazzle Skin": 60.15715767634855,
	"Remains of a Fish": 57.946058091286304,
	"Fish Fin": 57.8432756424203,
	"Ham": 57.73835263193252,
	"Mace": 51.080975360740524,
	"Small Ruby": 50.882428553236885,
	"Longsword": 50.4323642741932,
	"Plate Shield": 46.5413758957386,
	"Viper Star": 46.44884038199181,
	"Double Axe": 44.42707902216475,
	"Small Amethyst": 43.89904489787067,
	"Glooth Spear": 43.74808553325602,
	"Axe": 39.37105774036705,
	"Brass Armor": 38.59326178565824,
	"Knight Axe": 37.87702159100238,
	"Arrow": 37.778344188047484,
	"Crowbar": 37.235038174205734,
	"Cheese": 31.899354268465387,
	"Plate Armor": 31.36832884335593,
	"Big Bone": 31.33186058879143,
	"Shark Fins": 31.328790739676542,
	"Poisonous Slime": 30.911878382783623,
	"Wyvern Talisman": 30.155328418230564,
	"Piece of Iron": 28.877723029045644,
	"Chain Armor": 28.095195499388637,
	"Knight Armor": 26.564767789949038,
	"Wand of Inferno": 26.538056927994532,
	"Assassin Star": 25.957031853033502,
	"Grappling Hook": 24.04551724137931,
	"Brass Shield": 23.893516603053513,
	"Two Handed Sword": 23.68230864159964,
	"Glooth Axe": 23.663652362037602,
	"Glooth Club": 22.41236272177209,
	"Health Potion": 22.018609408410654,
	"Brass Helmet": 20.624536149265065,
	"Glooth Steak": 20.564529331514322,
	"Glooth Blade": 20.430690045274112,
	"Black Pearl": 20.12163852407278,
	"Terra Boots": 19.659008209716113,
	"Minotaur Horn": 19.5826894419843,
	"Demonic Skeletal Hand": 17.483761197017465,
	"Egg": 17.17232010538449,
	"White Pearl": 17.1722972972973,
	"Iron Ore": 16.138277698240948,
	"Springsprout Rod": 15.904892143909656,
	"Focus Cape": 15.869290987750563,
	"Wand of Starstorm": 14.690192994695122,
	"Mana Potion": 14.62097550717703,
	"Throwing Star": 14.596874972898373,
	"Sword": 14.40641435847883,
	"Silencer Claws": 14.298204085833376,
	"Torch": 14.14607122674389,
	"Glooth Amulet": 14.054148048881443,
	"Halberd": 13.455795748175262,
	"Broken Crossbow": 12.702819001151996,
	"Mouldy Powder": 11.125132555673382,
	"Rope": 10.85934488612925,
	"Life Ring": 10.686366319171476,
	"Talon": 10.417310980805466,
	"Piercing Bolt": 10.233368938308622,
	"Battle Shield": 10.123370492413418,
	"Carrot": 10.069384397086052,
	"Magma Boots": 9.93655001767409,
	"Obsidian Lance": 9.175394144144144,
	"Spear": 9.060968595299475,
	"Wand of Voodoo": 9.041038564925712,
	"Power Bolt": 8.668794359141133,
	"Leather Helmet": 8.275702144724754,
	"Damselfly Wing": 8.037578821066605,
	"Hand Axe": 7.973908216136195,
	"Flaming Arrow": 7.676090703556958,
	"Yellow Gem": 7.456077506823393,
	"Insectoid Eggs": 7.3315129413048625,
	"Northwind Rod": 7.151361384031196,
	"Chain Helmet": 7.079187827291776,
	"Orange": 7.03639044072005,
	"Damselfly Eye": 6.7911465114497975,
	"Piece of Warrior Armor": 6.761543006668355,
	"Piece of Archer Armor": 6.667784780104357,
	"Minotaur Leather": 6.632333926088105,
	"Steel Shield": 6.388383236914324,
	"Iron Helmet": 6.316314129709401,
	"Voluminous Piece of Cloth": 6.293882218410521,
	"Ludicrous Piece of Cloth": 6.146369353916524,
	"Ring of Blue Plasma": 6.08554259455638,
	"Ominous Piece of Cloth": 5.949685534591195,
	"Luminous Piece of Cloth": 5.925100057175529,
	"Battle Hammer": 5.899764800080068,
	"Ring of Healing": 5.8737769277542,
	"Wand of Cosmic Energy": 5.726897287070715,
	"Obvious Piece of Cloth": 5.679245283018868,
	"Haunted Blade": 5.677507332887356,
	"Leather Legs": 5.474211585489997,
	"Leather Boots": 5.473526568211587,
	"Grapes": 5.379935083561012,
	"White Mushroom": 5.351484695460968,
	"Dubious Piece of Cloth": 5.187535734705546,
	"Life Crystal": 5.114560964728822,
	"Mutated Flesh": 4.987259535896987,
	"Stealth Ring": 4.8742681643669945,
	"Diremaw Brainpan": 4.848174247277386,
	"Wood Cape": 4.516613644397314,
	"Lightning Boots": 4.326440438317427,
	"Blank Rune": 4.313874048230526,
	"Swampling Moss": 4.189374277551199,
	"Purple Robe": 4.124199205050269,
	"Roll": 4.103635293167064,
	"Lump of Dirt": 4.001558740808512,
	"Coal": 3.9956644601391966,
	"Green Mushroom": 3.9055342295890823,
	"Burst Arrow": 3.872040176706762,
	"Dark Mushroom": 3.8372151298825257,
	"Bow": 3.6529110877900695,
	"Hunter's Quiver": 3.5521415270018624,
	"Shadow Sceptre": 3.4748623475531315,
	"Glorious Axe": 3.436885709874955,
	"Crossbow": 3.4058828262179857,
	"Marsh Stalker Feather": 3.3707063338513747,
	"Terra Rod": 3.2881726968902987,
	"Bread": 3.1451270886239278,
	"Piece of Swampling Wood": 3.135962138230355,
	"Wood Mushroom": 3.085792403248394,
	"Terra Legs": 3.07610765193228,
	"Wooden Shield": 2.84593918300072,
	"Dragon's Tail": 2.8386664027481547,
	"Deepworm Jaws": 2.823676531888287,
	"Studded Club": 2.752098517938501,
	"Diamond Sceptre": 2.7153295939896056,
	"Scorpion Tail": 2.6308487757631007,
	"Fishbone": 2.5167279376009026,
	"Marsh Stalker Beak": 2.381141171619779,
	"Green Crystal Shard": 2.307015602005854,
	"Nightmare Blade": 2.02048755186722,
	"Diremaw Legs": 1.94234465086483,
	"Scroll": 1.9149377698092456,
	"Blue Crystal Shard": 1.8910954516335683,
	"Sling Herb": 1.8159521179538147,
	"Poison Arrow": 1.8148771564208839,
	"Boots of Haste": 1.8038902897133742,
	"Sai": 1.7345695020746887,
	"Elvish Talisman": 1.7048067521107546,
	"Violet Crystal Shard": 1.6732863549007047,
	"Morning Star": 1.6652702539632236,
	"Onyx Chip": 1.6630365150544524,
	"Deepworm Spike Roots": 1.5756565235514797,
	"Swampling Club": 1.558591960916883,
	"Heavy Old Tome": 1.5020643384350965,
	"Cookie": 1.4869497639946467,
	"Emerald Bangle": 1.4681940043870338,
	"Goat Grass": 1.4470130244629211,
	"Terra Amulet": 1.435034339752728,
	"Strange Talisman": 1.3378853448547314,
	"Hatchet": 1.2575645591520161,
	"Studded Armor": 1.2531889596484838,
	"Deepworm Spikes": 1.1954981242184244,
	"Dark Rosary": 1.173643485365502,
	"Small Flask of Eyedrops": 1.1624076276070352,
	"Wyvern Fang": 1.1508499878137948,
	"Spellbook": 1.148481554701235,
	"Cluster of Solace": 1.1246109958506223,
	"Dragon Necklace": 1.1053098702054187,
	"Shovel": 1.0096089350705093,
	"Glooth Cape": 0.9391113549094899,
	"Steel Helmet": 0.908416711548626,
	"Green Gem": 0.8864964002182469,
	"Red Apple": 0.8852789926467055,
	"Melon": 0.8724089281192345,
	"Bunch of Troll Hair": 0.8240501581514176,
	"Orcish Gear": 0.8238247904515431,
	"Orc Leather": 0.8128585494119585,
	"Short Sword": 0.8085814611403738,
	"Carrion Worm Fang": 0.7991211295113317,
	"Mysterious Fetish": 0.7878530083904652,
	"Garlic Necklace": 0.7675585395102904,
	"Doll": 0.7446896097480652,
	"Studded Shield": 0.7398318563962736,
	"Powder Herb": 0.7393665593309944,
	"Bat Wing": 0.6835175396444018,
	"Mind Stone": 0.680695257635657,
	"Taurus Mace": 0.6582183773673135,
	"Book of Prayers": 0.65746344335765,
	"Beetroot": 0.6572360943854096,
	"Fishing Rod": 0.6486030218620749,
	"Rope Belt": 0.6461554870398671,
	"Plate Legs": 0.6392808371894538,
	"Giant Shimmering Pearl (Green)": 0.6303651505445228,
	"Small Enchanted Amethyst": 0.6193178608570669,