{
	"Gold Coin": 2208.312353318129,
	"Platinum Coin": 1779.1856021312826,
	"Meat": 440.86317470614705,
	"Great Health Potion": 396.3961079486864,
	"Bone": 306.9564521383783,
	"Dragon Ham": 216.39777429708462,
	"Rare Earth": 176.56075036075035,
	"Axe": 133.20802285512136,
	"Coal": 133.01688424345173,
	"Werehyaena Nose": 132.3982683982684,
	"Knife": 125.39947120902592,
	"Glob of Acid Slime": 110.71803751803752,
	"Banana": 107.05781685040813,
	"Halberd": 93.99139607850589,
	"Red Crystal Fragment": 90.60202669568665,
	"Stonerefiner's Skull": 88.85569985569985,
	"Poisonous Slime": 86.38393458393459,
	"Torch": 84.20038119258926,
	"Great Mana Potion": 73.33640377915454,
	"Half-Digested Stones": 65.16084656084655,
	"Red Gem": 63.54788572461187,
	"Pelvis Bone": 57.68785518838139,
	"Worm": 53.543807439228836,
	"Combat Knife": 50.2558853479628,
	"Yellow Gem": 48.81666615518707,
	"Spear": 47.45002458182768,
	"White Mushroom": 47.231101181111576,
	"Rat Cheese": 46.06859066859067,
	"Viking Helmet": 45.387113539477724,
	"Life Preserver": 45.33799533799534,
	"Small Enchanted Amethyst": 41.710955710955716,
	"Small Stone": 41.401427178261955,
	"Small Amethyst": 39.32580406109617,
	"Hatchet": 36.37131636418756,
	"Leather Boots": 35.08059692597094,
	"Seacrest Scale": 34.61864239065902,
	"Ham": 34.38560172490779,
	"Hand Axe": 32.28460399703923,
	"Leather Helmet": 32.152838233683795,
	"Mace": 31.606244885197352,
	"Green Crystal Fragment": 31.298737765596556,
	"Short Sword": 30.323052478119614,
	"Orange": 28.884760525874718,
	"Green Crystal Splinter": 28.735110470701247,
	"Strong Health Potion": 28.46735303185429,
	"Ratana": 27.202797202797203,
	"Fish": 24.763769276757383,
	"Seacrest Hair": 23.545616465466058,
	"Strong Mana Potion": 23.32464977014476,
	"Heavy Old Tome": 21.457518759808877,
	"Leather Legs": 20.555582871343304,
	"Bolt": 20.42537505697695,
	"Wyvern Talisman": 19.823223860589813,
	"Small Enchanted Emerald": 19.047619047619047,
	"Arrow": 18.270857479343206,
	"Demonic Essence": 17.84472303421527,
	"Cyclops Toe": 17.594417222785513,
	"Small Sapphire": 17.473232511140754,
	"Shiver Arrow": 17.453394023352462,
	"Brown Crystal Splinter": 17.142857142857142,
	"Sword": 16.769811319294565,
	"Great Spirit Potion": 15.469628972295418,
	"Sword Ring": 15.238095238095237,
	"Sea Serpent Scale": 14.69063946565146,
	"Wand of Starstorm": 14.538104104809353,
	"Wooden Shield": 14.28445851845041,
	"Seacrest Pearl": 13.995646150801504,
	"Rope": 13.936469287286894,
	"Kongra's Shoulderpad": 13.384408110856494,
	"Studded Club": 13.034200238919452,
	"Flask of Demonic Blood": 12.53743772291216,
	"Ultimate Health Potion": 11.816490707110274,
	"Doublet": 11.428571428571427,
	"Hailstorm Rod": 11.428571428571427,
	"Soul Orb": 11.287518332880122,
	"Plate Legs": 11.087114234204899,
	"Small Diamond": 10.973741726444159,
	"Protection Amulet": 10.96792905912699,
	"Fire Mushroom": 10.729673685412303,
	"Plate Shield": 9.617159603248265,
	"Flask of Embalming Fluid": 9.31775403789902,
	"Lamassu Horn": 9.05835734870317,
	"Brass Shield": 9.034228376473827,
	"Battle Shield": 8.706756277489276,
	"Cheese": 8.60894903200316,
	"Small Emerald": 8.499859126428358,
	"Wand of Voodoo": 8.297013720742534,
	"Banana Sash": 8.090279091844486,
	"Black Shield": 7.7598176813648,
	"Chain Armor": 7.7348887651489155,
	"Magic Light Wand": 7.7176758877925025,
	"Gauze Bandage": 7.708691021238713,
	"Violet Crystal Shard": 7.227665706051874,
	"Blue Crystal Shard": 6.918587896253602,
	"White Pearl": 6.780696136432429,
	"Small Ruby": 6.725270735916716,
	"Small Topaz": 6.648309627001407,
	"Soldier Helmet": 6.390019619889415,
	"Serpent Sword": 5.737432883851241,
	"Power Bolt": 5.612432975871314,
	"Glacier Kilt": 5.477839494146727,
	"Shovel": 5.444976231445356,
	"Werehyaena Talisman": 5.440559440559441,
	"Lamassu Hoof": 5.34942363112392,
	"Terra Amulet": 5.34942363112392,
	"Morning Star": 5.304250555185595,
	"Black Pearl": 5.147228717644545,
	"Assassin Star": 4.956839156685848,
	"Vexclaw Talon": 4.9071130538446255,
	"Beetroot": 4.84729772945315,
	"Bunch of Troll Hair": 4.483758966556446,
	"Terra Hood": 4.422190201729106,
	"Sphinx Feather": 4.414473353127673,
	"Plate Armor": 4.35791333768972,
	"Glacier Mask": 4.322184840688699,
	"Deepling Scales": 4.3200824836751055,
	"Spirit Cloak": 4.08476025305943,
	"Opal": 4.065561959654179,
	"Demon Horn": 4.016636365900431,
	"Glacier Shoes": 3.9928755194933703,
	"Strange Talisman": 3.8338420450209845,
	"Blue Gem": 3.738468865757045,
	"Raspberry": 3.6352631974168355,
	"Sphinx Tiara": 3.562981228926576,
	"Magma Amulet": 3.5599617533088423,
	"Ape Fur": 3.447571677169349,
	"Glacier Amulet": 3.418123604393202,
	"Giant Shimmering Pearl (Green)": 3.3754205422521273,
	"Battle Axe": 3.2338183672026326,
	"Hellspawn Tail": 3.228956706884315,
	"Green Gem": 3.225801063521417,
	"Bow": 3.1835102430290876,
	"Skull": 3.1061738186682137,
	"Scale Armor": 3.0574917607387277,
	"Silver Brooch": 3.0228840773241763,
	"Lump of Dirt": 3.001169055606384,
	"Pick": 2.9809773248795093,
	"Bloody Pincers": 2.8787520680690144,
	"Poison Arrow": 2.7318668950491287,
	"Coconut": 2.6770626785414215,
	"Onyx Chip": 2.6152737752161386,
	"Ring of Healing": 2.6142886920021655,
	"Battle Hammer": 2.5508868493964716,
	"Some Grimeleech Wings": 2.4990583804143123,
	"Scorpion Tail": 2.4790690386998446,
	"Voluminous Piece of Cloth": 2.36281957036674,
	"Studded Armor": 2.358228894063025,
	"Shrimp": 2.3578920595134103,
	"Rainbow Quartz": 2.329971181556196,
	"Roll": 2.3268709859324144,
	"Ludicrous Piece of Cloth": 2.3074409866862697,
	"Grapes": 2.265333067654911,
	"Copper Shield": 2.2406657306125957,
	"Melon": 2.233659138167966,
	"Ominous Piece of Cloth": 2.233602875112309,
	"Green Mushroom": 2.2289724697288955,
	"Luminous Piece of Cloth": 2.224373111165564,
	"Crest of the Deep Seas": 2.222837918068474,
	"Obvious Piece of Cloth": 2.132075471698113,
	"Magma Boots": 2.1257108348850084,
	"Piercing Bolt": 2.069719970669256,
	"Crossbow": 2.0464012466529273,
	"Dubious Piece of Cloth": 1.9474801927632115,
	"Werehyaena Trophy": 1.9047619047619047,
	"Lightning Headband": 1.8599040700024239,
	"Burst Arrow": 1.8411745106043673,
	"Wand of Draconia": 1.8112012665743122,
	"Flaming Arrow": 1.7714055469746826,
	"Wand of Defiance": 1.7591242656237025,
	"Fire Axe": 1.7532621262316581,
	"Letter": 1.750891254640671,
	"Quara Pincers": 1.7097385955155855,
	"Blank Rune": 1.6855929537899828,
	"Dwarven Shield": 1.6405794803702016,
	"Crowbar": 1.5910543130990416,
	"Ice Rapier": 1.5541017039389207,
	"Tomato": 1.5406071312351821,
	"Northwind Rod": 1.518126899849238,
	"Bony Tail": 1.492611544163359,
	"Health Potion": 1.4571413617846232,
	"Lightning Pendant": 1.4342509184238337,
	"Brass Legs": 1.3734818726132143,
	"Elven Amulet": 1.3660524611814218,
	"Wand of Inferno": 1.3313220742653034,
	"Rotten Piece of Cloth": 1.324932092443336,
	"Scythe": 1.2887537993920972,
	"Red Mushroom": 1.27097232079489,
	"Honeycomb": 1.2622372374647255,
	"Sacred Tree Amulet": 1.2363112391930835,
	"Violet Gem": 1.2363112391930835,
	"Scroll": 1.2189704445971856,
	"Badger Fur": 1.2126638951071314,
	"Stealth Ring": 1.2055586639592748,
	"Magma Monocle": 1.2047707714760203,
	"Might Ring": 1.1812843540851434,
	"Underworld Rod": 1.1753015186120126,
	"Cobra Tongue": 1.1688470385278897,
	"Crystal Ring": 1.1606221237281584,
	"Studded Helmet": 1.1239769096403447,
	"Quara Bone": 1.1047825726273164,
	"Steel Helmet": 1.087541691365588,
	"Giant Sword": 1.0676545889287863,
	"Studded Legs": 1.0243783520234033,
	"Double Axe": 1.015035208203182,
	"Elvish Talisman": 1.0106717195227115,
	"Piece of Crocodile Leather": 1.0016761791602131,
	"Chain Helmet": 0.9911208219050718,
	"Dark Armor": 0.9872204472843451,
	"Boggy Dreads": 0.9871084441126647,
	"Emerald Bangle": 0.96514745308311,
	"Two Handed Sword": 0.9422733801967034,
	"Wolf Tooth Chain": 0.9220679284021498,
	"Brass Helmet": 0.8896210720352846,
	"Quara Eye": 0.8418262012012012,
	"Trollroot": 0.8313934153641502,
	"Longsword": 0.8200873335214584,