{
	"Gold Coin": 4956.301455061974,
	"Platinum Coin": 1540.9161311358914,
	"Meat": 542.8210378309007,
	"Great Health Potion": 348.73270481692884,
	"Ham": 293.22696530406563,
	"Dragon Ham": 239.7869663071933,
	"Bone": 215.02154326291617,
	"Flask of Demonic Blood": 179.47553892933126,
	"Cheese": 150.37467670361178,
	"Soul Orb": 145.68713015115077,
	"Great Mana Potion": 127.62357221525791,
	"Golden Lotus Brooch": 127.36022182385022,
	"Demonic Essence": 117.20570096438885,
	"Peacock Feather Fan": 108.5078932885252,
	"Rat Cheese": 106.8649648947125,
	"Soft Cheese": 103.26559098551702,
	"White Mushroom": 102.72437639529439,
	"Piece of Crocodile Leather": 100.36795315185334,
	"Bolt": 75.42232444370299,
	"Worm": 72.64987189750585,
	"Axe": 68.95192623774516,
	"Werehyaena Nose": 64.87445887445887,
	"Rope Belt": 64.48253016502396,
	"Earflap": 62.315003141823944,
	"Knife": 61.3099967855415,
	"Bola": 60.61099574340211,
	"Skull": 57.96597158797524,
	"Torch": 56.515405947371846,
	"Cheese Cutter": 56.42268892170606,
	"Cultish Robe": 53.08537960744178,
	"Halberd": 52.18500816185073,
	"Small Diamond": 49.28283869000528,
	"Rotten Piece of Cloth": 48.58084338958899,
	"Small Ruby": 47.582433484411524,
	"Assassin Star": 45.20309602201101,
	"Short Sword": 45.177673838962114,
	"Plate Shield": 41.56826119520988,
	"Red Crystal Fragment": 40.960372960372965,
	"Fish": 40.61198825496649,
	"Ice Rapier": 39.39242711934677,
	"Leather Boots": 39.07565984711808,
	"Morning Star": 38.65225195614218,
	"Beetroot": 38.619633160040024,
	"Crossbow": 38.56679830262267,
	"Small Emerald": 38.234378705933125,
	"Pirate Coin": 37.37753193090152,
	"Small Amethyst": 36.47358028197926,
	"Small Topaz": 36.0784330008959,
	"Small Sapphire": 35.74964507190434,
	"Steel Shield": 32.9722613010961,
	"Mace": 30.3924499887816,
	"Life Preserver": 30.23952482845708,
	"White Pearl": 29.851256029110818,
	"Red Gem": 29.301116784801778,
	"Yellow Gem": 27.606930323374424,
	"Combat Knife": 27.008691239456613,
	"Pirat's Tail": 26.423850557711447,
	"Small Stone": 26.147894791368373,
	"Chain Armor": 25.375720406539294,
	"Crystal Sword": 25.337877256527385,
	"Battle Shield": 23.160868690890275,
	"Hellspawn Tail": 22.89623846699787,
	"Cyclops Toe": 21.76592272615748,
	"Small Enchanted Amethyst": 21.569978594538746,
	"Green Mushroom": 21.480959659367997,
	"Ratana": 21.30404468735454,
	"Viking Helmet": 21.138967919410668,
	"Pelvis Bone": 20.995579877920438,
	"Silver Brooch": 20.4441798138704,
	"Heavy Old Tome": 19.761946690352733,
	"Dagger": 19.720459770060817,
	"Bony Tail": 19.403950074123667,
	"Black Pearl": 19.200703918902665,
	"Arrow": 18.963960552141092,
	"Longsword": 18.48885474737538,
	"Bone Club": 17.28378285614471,
	"Ghoul Snack": 16.95774146145968,
	"Dragon's Tail": 16.784702671522414,
	"Wand of Inferno": 16.74014264028543,
	"Plate Armor": 15.543168361962731,
	"Small Axe": 15.055921753516692,
	"Brass Helmet": 14.910045920783828,
	"Knight Axe": 14.676134964288647,
	"Soldier Helmet": 14.436710993083492,
	"Crowbar": 14.427386914046467,
	"Green Crystal Fragment": 14.306682961051894,
	"Sword": 14.035238599705213,
	"Scale Armor": 13.772546826854196,
	"Burst Arrow": 13.718853056767898,
	"Leather Helmet": 13.551090791109775,
	"Royal Spear": 13.067545903454901,
	"Book (Gemmed)": 13.011353450851509,
	"Ultimate Health Potion": 13.004502786270258,
	"Green Crystal Splinter": 13,
	"Hatchet": 12.740903774110048,
	"Shovel": 12.635687065582093,
	"Red Piece of Cloth": 12.45203291334953,
	"Mana Potion": 12.349235779327033,
	"Wand of Starstorm": 12.28948275862069,
	"Necrotic Rod": 12.251246371590488,
	"Shark Fins": 12.138904851818404,
	"Mystic Turban": 12.068092855298431,
	"Focus Cape": 10.414568644260545,
	"Blank Rune": 10.39843701673031,
	"Health Potion": 10.229047583348905,
	"Power Bolt": 10.223538635695526,
	"Tribal Mask": 10.19208871619509,
	"Cultish Mask": 9.98889449772842,
	"Small Enchanted Emerald": 9.955102040816325,
	"Grappling Hook": 9.479482758620689,
	"Spear": 9.452654262475857,
	"Knight Armor": 9.104178638863806,
	"Red Mushroom": 9.01234918381831,
	"Two Handed Sword": 8.98883686960703,
	"Silver Amulet": 8.940430815520676,
	"Small Flask of Eyedrops": 8.800833921455721,
	"Half-Digested Piece of Meat": 8.639084614114806,
	"Strong Health Potion": 8.42186218051087,
	"Pirate Voodoo Doll": 8.407063239810315,
	"Shadow Herb": 8.363376288990471,
	"Brown Crystal Splinter": 8.357142857142856,
	"Lump of Dirt": 7.903078513096811,
	"Werebadger Claws": 7.758767031494304,
	"Energy Ring": 7.654875605675488,
	"Wand of Voodoo": 7.474497986974476,
	"Sword Ring": 7.466318920120497,
	"Fox Paw": 7.449021670523879,
	"Brown Mushroom": 7.316750982700764,
	"Leather Armor": 7.312603658489786,
	"Bone Sword": 7.295354229581388,
	"Terra Boots": 7.288645050687283,
	"Book (Orange)": 7.254397424198978,
	"Werebadger Skull": 7.253517980790709,
	"Leather Legs": 7.083352226824349,
	"Poison Arrow": 6.977085308178118,
	"Spellbook": 6.837298558897094,
	"Steel Helmet": 6.566741722162934,
	"Badger Fur": 6.36648544931244,
	"Cheesy Figurine": 6.352333676339873,
	"Hailstorm Rod": 6.1658657866817945,
	"Scorpion Tail": 6.121782728217984,
	"Bone Shield": 6.118144052280789,
	"Sabre": 6.022737118660649,
	"Troll Green": 5.932950863715667,
	"Brown Bread": 5.907365223993926,
	"Strong Mana Potion": 5.766413249757813,
	"Wereboar Hooves": 5.716810149524241,
	"Wereboar Tusks": 5.616221114635251,
	"Doublet": 5.571428571428571,
	"Protection Amulet": 5.490940394105616,
	"Mysterious Fetish": 5.2302824887493164,
	"Sniper Arrow": 5.219965684605473,
	"Flask of Embalming Fluid": 5.203421086099453,
	"Battle Hammer": 5.1940793206316975,
	"Scarf": 5.142504408914705,
	"Dead Frog": 5.005938073024047,
	"Warwolf Fur": 4.9543241981729675,
	"Piercing Bolt": 4.919850501675637,
	"Hand Axe": 4.862139156180607,
	"Cape": 4.8417099153236824,
	"Mouldy Powder": 4.632025450689289,
	"Springsprout Rod": 4.605476757874185,
	"Spike Shield": 4.561556494004179,
	"Bow": 4.409023970934042,
	"Golden Mug": 4.400657305049298,
	"Gauze Bandage": 4.304853427444995,
	"Acorn": 4.165143809734489,
	"Rusted Armor": 4.154640918092115,
	"Magma Boots": 4.1371509367267585,
	"Leather Harness": 4.119761731171011,
	"Knight Legs": 4.000776923231411,
	"Mutated Flesh": 3.98980762871759,
	"Ruby Necklace": 3.8908925318761387,
	"Fir Cone": 3.882631420083562,
	"Elder Bonelord Tentacle": 3.8064918851435707,
	"Black Shield": 3.7970307916636723,
	"Clerical Mace": 3.7912474738178945,
	"Underworld Rod": 3.775117078719137,
	"Battle Axe": 3.7122487978164385,
	"Dwarven Shield": 3.706494381577122,
	"Iron Helmet": 3.6720920623583124,
	"Piece of Scarab Shell": 3.6706497774449853,
	"Werebear Fur": 3.6114570361145706,
	"Oriental Shoes": 3.5980644442299847,
	"Plate Legs": 3.5534576743973596,
	"Wolf Paw": 3.5386315393743826,
	"Brown Piece of Cloth": 3.463555923531522,
	"Rotten Meat": 3.4589787921702184,
	"Grapes": 3.451829912555554,
	"Chicken Feather": 3.437489511663031,
	"Broadsword": 3.3884557100866273,
	"Werebear Skull": 3.3872976338729766,
	"Werefox Tail": 3.346938775510204,
	"Pile of Grave Earth": 3.3063187424856393,
	"Dowser": 3.1672359286383784,
	"Strange Talisman": 3.1316207520379247,
	"Brass Shield": 3.0365235816003286,
	"Crystal Ring": 3.0135985031361487,
	"Wyvern Talisman": 3.003518766756032,
	"Crab Pincers": 2.997932460372157,
	"Magic Light Wand": 2.8852335671329046,
	"Roll": 2.880411551123283,
	"Dragon Necklace": 2.857567988104338,
	"Red Dragon Scale": 2.8099790857484317,
	"Minotaur Horn": 2.8070804724460947,
	"Honeycomb": 2.783310452857288,
	"Dark Mushroom": 2.7741887340460165,
	"Scroll": 2.742683500343668,
	"Bonelord Eye": 2.7262534071026634,
	"Werehyaena Talisman": 2.6713286713286712,
	"Magma Coat": 2.6571948998178505,
	"Vampire Teeth": 2.6568363852489174,
	"Blue Gem": 2.6513887326076784,
	"Earth Arrow": 2.6187991817030536,
	"Studded Armor": 2.600187893006013,
	"Carrot": 2.5999260520839567,
	"Lump of Earth": 2.5938930801952655,
	"Ring of Blue Plasma": 2.5337575114881585,
	"Studded Helmet": 2.476277498210537,