{
	"Gold Coin": 4001.1369039421934,
	"Skull": 697.4566360129546,
	"Dagger": 581.8931397763375,
	"Bone": 532.307945418544,
	"Meat": 382.3783934709582,
	"Dragon Ham": 320.57167385119266,
	"Spear": 296.7583532244322,
	"Worm": 254.4836479768456,
	"Brown Bread": 210.89293849658316,
	"Sabre": 166.67122433863912,
	"Flaming Arrow": 135.80775860139235,
	"Strong Health Potion": 135.26598313243386,
	"Platinum Coin": 123.64218203944812,
	"Rotten Piece of Cloth": 108.20278754953912,
	"Strong Mana Potion": 101.30484714444054,
	"Girlish Hair Decoration": 100.06434065916659,
	"Wyrm Scale": 98.7029827027688,
	"Grapes": 96.25115777395386,
	"Torch": 91.69674734175646,
	"Crossbow": 71.60890743152507,
	"Coal": 70.37002216103686,
	"Ham": 65.72974303029739,
	"Chain Armor": 61.217803276942355,
	"Bony Tail": 59.30643202142413,
	"Burst Arrow": 58.17352453278561,
	"Flask of Embalming Fluid": 55.1804654711942,
	"Protective Charm": 53.374615306630005,
	"Plate Armor": 51.93513751463618,
	"Small Stone": 51.74107414430887,
	"Fish": 48.83617417654642,
	"Bolt": 46.90318764453077,
	"Gauze Bandage": 45.65146890499809,
	"Great Health Potion": 42.37690558127011,
	"Pelvis Bone": 41.591243948642386,
	"Arrow": 39.974889163668266,
	"Viking Helmet": 39.762311400012564,
	"Longsword": 39.617457331788124,
	"Ghoul Snack": 37.7695150732511,
	"Red Apple": 37.434805285118216,
	"Bone Club": 35.4872794311261,
	"Leather Helmet": 30.011534097319302,
	"Heavy Old Tome": 29.344711877763583,
	"Magic Light Wand": 27.68543022950935,
	"Elvish Talisman": 26.700618021314373,
	"Hunting Spear": 26.56341605053533,
	"Cookie": 25.89318775593992,
	"Hatchet": 25.51478424894264,
	"Stone Wing": 24.840873909372363,
	"Mace": 24.820865538406423,
	"Bow": 24.075075812287853,
	"Strange Talisman": 22.704311331552844,
	"Rope": 22.107198582769747,
	"Hand Axe": 20.809955588452997,
	"Potato": 20.53687025049254,
	"Silver Brooch": 18.793111121936196,
	"Leather Boots": 17.993290597625965,
	"Wolf Tooth Chain": 16.64456259668848,
	"Halberd": 14.265416984349258,
	"Axe": 14.238383568721787,
	"White Mushroom": 14.140362544191659,
	"Bone Shield": 13.631179216650551,
	"Short Sword": 13.357492298734652,
	"Green Mushroom": 12.674151400942806,
	"Small Diamond": 12.661296447933132,
	"Small Axe": 11.567430435537094,
	"Swampling Moss": 10.972170726919806,
	"Poison Arrow": 10.5430136581328,
	"Sword": 10.541344903132702,
	"Marsh Stalker Feather": 10.457832471692727,
	"Health Potion": 10.157165439155508,
	"Werehyaena Nose": 9.8982683982684,
	"Steel Shield": 9.83598935867965,
	"Orc Leather": 9.729569421836128,
	"Great Spirit Potion": 9.64802476074621,
	"Leather Legs": 9.59334494953844,
	"Knife": 9.545454545454545,
	"Cheese": 9.46645035043543,
	"Damselfly Wing": 8.864976640882285,
	"Witch Broom": 8.572447560901892,
	"Piece of Swampling Wood": 8.21323417155569,
	"Focus Cape": 8.10609070350223,
	"Star Herb": 7.727679381007072,
	"Scale Armor": 7.624689211549682,
	"Damselfly Eye": 7.490235122922571,
	"Marsh Stalker Beak": 7.387643122204954,
	"Pile of Grave Earth": 7.364073562808923,
	"Brown Piece of Cloth": 7.331344346974217,
	"Dragon's Tail": 7.303360499344835,
	"Scroll": 7.009080056433818,
	"Small Amethyst": 6.927152088199423,
	"Plate Shield": 6.860242360055352,
	"Crystal Ring": 6.82144219763449,
	"Red Crystal Fragment": 6.755244755244756,
	"Wooden Shield": 6.686686598228062,
	"Wand of Draconia": 6.666126764867673,
	"Broken Helmet": 6.5478946792856085,
	"Blank Rune": 6.506122797156609,
	"Studded Club": 6.477293284444474,
	"Beetroot": 6.264417674631501,
	"Black Pearl": 6.233746475815829,
	"Half-Digested Piece of Meat": 6.1707747243677185,
	"Cape": 6.16651168303612,
	"Hardened Bone": 6.105073884558367,
	"Protection Amulet": 5.974319927077778,
	"Leather Armor": 5.636888092468081,
	"Brass Shield": 5.609651674803865,
	"Insectoid Eggs": 5.585914621946562,
	"Morning Star": 5.393683683139608,
	"Combat Knife": 5.353519610575617,
	"Lion's Mane": 5.3030507514122345,
	"Melon": 5.016351336685599,
	"Mouldy Cheese": 4.952302981286211,
	"Lightning Pendant": 4.924072489456635,
	"Voluminous Piece of Cloth": 4.72563914073348,
	"Small Emerald": 4.682891510941862,
	"Ludicrous Piece of Cloth": 4.6148819733725395,
	"Ominous Piece of Cloth": 4.467205750224618,
	"Heaven Blossom": 4.4490063570881695,
	"Luminous Piece of Cloth": 4.448746222331128,
	"Roll": 4.432355605671029,
	"Battle Shield": 4.4058900977330655,
	"Yellow Piece of Cloth": 4.3168637924456315,
	"Obvious Piece of Cloth": 4.264150943396226,
	"Steel Helmet": 4.129168966313186,
	"Red Gem": 4.111888111888112,
	"Dark Armor": 4.097634009570271,
	"Swampling Club": 4.082026564306122,
	"Strawberry": 4.063678581480439,
	"Corncob": 4.004731886624469,
	"Throwing Knife": 4.002164201091976,
	"Gloom Wolf Fur": 3.958314454009968,
	"Yellow Gem": 3.907863124246281,
	"Dubious Piece of Cloth": 3.894960385526423,
	"Wand of Starstorm": 3.872988101786769,
	"Life Preserver": 3.7806781054655216,
	"Broken Shamanic Staff": 3.768518518518518,
	"Book of Necromantic Rituals": 3.625615763546798,
	"Small Enchanted Amethyst": 3.4441848078211716,
	"Mana Potion": 3.3958716084783913,
	"Great Mana Potion": 3.3635970090515546,
	"Sickle": 3.3582784259203287,
	"Warwolf Fur": 3.2901057004409338,
	"Bread": 3.200014470209456,
	"Shadow Herb": 3.072148988869471,
	"Royal Spear": 3.0019971513470534,
	"Lump of Dirt": 2.901130087086171,
	"Orc Tooth": 2.8796597293656805,
	"Iron Helmet": 2.7900964428208304,
	"Brass Helmet": 2.7845697588297056,
	"Orcish Gear": 2.780408667773958,
	"Shamanic Hood": 2.77744708994709,
	"Double Axe": 2.766767583285319,
	"Soul Orb": 2.7607384390422225,
	"Book (Gemmed)": 2.7296545701087083,
	"Elven Scouting Glass": 2.625259853209452,
	"Power Bolt": 2.61267946218401,
	"Wolf Paw": 2.544377452966756,
	"Throwing Star": 2.5359717223901517,
	"Two Handed Sword": 2.533940869602481,
	"Studded Armor": 2.4837366478282608,
	"Rotten Meat": 2.470699137264442,
	"Crystal Sword": 2.428704968929244,
	"Small Sapphire": 2.4283435403783162,
	"Green Crystal Fragment": 2.4092470636159957,
	"Poison Dagger": 2.380556057394617,
	"Ratana": 2.310395000828425,
	"Wyvern Talisman": 2.2826742627345844,
	"Orange": 2.2114369956548727,
	"Garlic Necklace": 2.1600072538233692,
	"Cyclops Toe": 2.141276265693187,
	"War Hammer": 2.1035839994321157,
	"Minotaur Horn": 2.0607847845981917,
	"Hibiscus Dress": 2.0542142900800684,
	"Rapier": 1.8395174556753793,
	"Battle Axe": 1.8274924248987943,
	"Elven Astral Observer": 1.7947039033390007,
	"Coat": 1.7311249471075378,
	"Bunch of Troll Hair": 1.7229308929710927,
	"Crystal Necklace": 1.707744874715262,
	"Rat Cheese": 1.6941915180716833,
	"Orcish Axe": 1.6876407319238536,
	"Green Tunic": 1.6782187172159315,
	"Flintstone": 1.6269334945045104,
	"Copper Shield": 1.5935635672850978,
	"Soft Cheese": 1.5878046826000334,
	"Green Crystal Splinter": 1.5833333333333333,
	"Energy Ring": 1.5216841718186205,
	"Plate Legs": 1.4579256199709112,
	"Brown Mushroom": 1.4220652429150529,
	"Small Enchanted Sapphire": 1.4091055149537859,
	"Broadsword": 1.387721085679144,
	"Cherry": 1.3843417992795586,
	"Life Ring": 1.3746270650576657,
	"Pick": 1.319720699235365,
	"Ankh": 1.3160299762383476,
	"Badger Fur": 1.3137192196993923,
	"Brass Armor": 1.2980063101317307,
	"Brass Legs": 1.2902161662949967,
	"Black Shield": 1.2860322305190675,
	"Sword Ring": 1.2822368202525953,
	"Vampire Teeth": 1.2502759459994905,
	"Bone Sword": 1.244580752222,
	"Small Enchanted Emerald": 1.1962585034013604,
	"Scarf": 1.1847581973349304,
	"Serpent Sword": 1.1834448366750094,
	"Carrot": 1.1546045907172886,
	"Studded Shield": 1.1433765053396954,
	"Sling Herb": 1.1216137602866503,
	"Hunter's Quiver": 1.1163873370577282,
	"Broken Crossbow": 1.0713220844345057,
	"Doublet": 1.06873796306786,
	"Small Ruby": 1.0468493821420366,
	"Piercing Bolt": 1.0449984665605414,
	"Letter": 1.0346175595603964,
	"Brown Crystal Splinter": 1.0178571428571428,
	"Ivory Carving": 1.0083678181445792,
	"Skull Belt": 1.0012381034278337,
	"Piece of Marble Rock": 0.9831480439065579,