{
	"Gold Coin": 753.5344221173381,
	"Dragon Ham": 171.1996627804023,
	"Meat": 80.85843654386062,
	"Platinum Coin": 78.17542143367615,
	"Bolt": 41.73992500399024,
	"Crossbow": 31.420109473673385,
	"Steel Shield": 31.24737354090567,
	"Ham": 29.968416208928954,
	"Dragon's Tail": 22.486949804375378,
	"White Mushroom": 22.340679345642478,
	"Fish": 18.47877530453839,
	"Burst Arrow": 16.676670885313083,
	"Scroll": 15.598248408186521,
	"Spear": 14.352394866994903,
	"Bone": 11.990438681161141,
	"Arrow": 9.97801114117987,
	"Longsword": 9.129757249776937,
	"Great Health Potion": 8.53933781145381,
	"Steel Helmet": 8.176434137588753,
	"Strong Health Potion": 8.025507725734938,
	"Leather Boots": 7.755728996927597,
	"Worm": 7.649824038100781,
	"Grapes": 7.060988955058243,
	"Red Rose": 6.922292309757079,
	"Lump of Dirt": 6.902688827894683,
	"Plate Legs": 6.284758856593494,
	"Skull": 5.978331240669535,
	"Beetroot": 5.408535615606726,
	"Torch": 5.351552678598224,
	"Small Emerald": 5.257868063872963,
	"Plate Armor": 4.769840596688399,
	"Bow": 4.6137838782463545,
	"Hatchet": 4.259193682857866,
	"Cheese": 4.213174814123056,
	"Chain Armor": 4.210741263643353,
	"Broadsword": 4.164083987070898,
	"Piece of Crocodile Leather": 4.01340851804693,
	"Sniper Arrow": 4.005311456448993,
	"Poison Arrow": 3.93823145048228,
	"Mace": 3.8938491299573146,
	"Tarantula Egg": 3.787357349837227,
	"Red Gem": 3.5844749439223333,
	"Piercing Bolt": 3.3580404811928415,
	"Broken Crossbow": 3.060920241241445,
	"Bread": 3.05610777492567,
	"Two Handed Sword": 3.048481156892948,
	"Lamassu Horn": 3.0194524495677233,
	"Hand Axe": 2.917283493708364,
	"Axe": 2.8746623568933383,
	"Soldier Helmet": 2.840008719950851,
	"Mouldy Cheese": 2.8330871491875924,
	"Scroll of Heroic Deeds": 2.8141208838924108,
	"Green Tunic": 2.7070862971413234,
	"Small Diamond": 2.6870848348859595,
	"Rope": 2.6817454934696934,
	"Broken Halberd": 2.5388469057823895,
	"Cookie": 2.5289922602456754,
	"Bunch of Ripe Rice": 2.5110598052436632,
	"Sword": 2.5043353775270285,
	"Red Crystal Fragment": 2.500597865151179,
	"Shovel": 2.4274865087868545,
	"Violet Crystal Shard": 2.409221902017291,
	"Blue Crystal Shard": 2.306195965417867,
	"Wand of Inferno": 2.2929149150091357,
	"High Guard Shoulderplates": 2.2675301347199244,
	"Double Axe": 2.235563686297586,
	"Sphinx Feather": 2.2072366765638365,
	"Leather Helmet": 2.1934622017534218,
	"Bony Tail": 2.18916359810626,
	"Green Dragon Scale": 2.166455734345808,
	"Green Dragon Leather": 2.1250699520451826,
	"Leather Legs": 2.0783627904632396,
	"Rotten Piece of Cloth": 2.0610054771340787,
	"Plate Shield": 2.0414661316125446,
	"Carrion Worm Fang": 1.9978028237783294,
	"Small Amethyst": 1.9693227441158425,
	"Spiked Iron Ball": 1.9517277239423303,
	"Spider Fangs": 1.9490826669072963,
	"Halberd": 1.9002901974005435,
	"Swampling Moss": 1.7954461189505138,
	"Lamassu Hoof": 1.78314121037464,
	"Terra Amulet": 1.78314121037464,
	"Sphinx Tiara": 1.781490614463288,
	"Magma Amulet": 1.7799808766544212,
	"Minotaur Horn": 1.7574257078800994,
	"Wedding Ring": 1.7499664474567174,
	"Pick": 1.7257886066924002,
	"Copper Shield": 1.7161753497406143,
	"Blue Gem": 1.626694122334011,
	"Green Gem": 1.6123999798701625,
	"Piece of Archer Armor": 1.6066951277359898,
	"Wolf Tooth Chain": 1.5299616676354773,
	"Terra Hood": 1.4740634005763689,
	"Centipede Leg": 1.424621628477213,
	"Wereboar Hooves": 1.3905754417761667,
	"Wereboar Tusks": 1.3661078386950611,
	"Studded Armor": 1.3638285840729722,
	"Opal": 1.3551873198847262,
	"Letter": 1.3529614240405183,
	"Piece of Swampling Wood": 1.3439837735272948,
	"Wooden Shield": 1.3155205143389637,
	"Brown Mushroom": 1.2576611847846797,
	"Bone Club": 1.2224793080257559,
	"Brass Legs": 1.173100884791243,
	"Red Apple": 1.1288301793160576,
	"Studded Club": 1.1204575348257362,
	"Carrot": 1.1005610157491912,
	"Wyvern Talisman": 1.0812667560321716,
	"Dragon Hammer": 1.0778297216554313,
	"Magma Boots": 1.0628554174425042,
	"Serpent Sword": 1.0526383759072242,
	"Werebadger Claws": 1.0444494080857716,
	"War Hammer": 1.0438977993065004,
	"Cherry": 1.040012463740467,
	"Red Piece of Cloth": 1.010282867676664,
	"Lightning Headband": 0.9949497230915746,
	"Werebadger Skull": 0.9764351127987493,
	"White Pearl": 0.967741935483871,
	"Badger Fur": 0.9094979213303486,
	"Onyx Chip": 0.8717579250720462,
	"Swamp Grass": 0.8618168389955687,
	"Troll Green": 0.855890870826895,
	"High Guard Flag": 0.8417868116284566,
	"Scarf": 0.8314252306565293,
	"Gloom Wolf Fur": 0.82464884458541,
	"Rope Belt": 0.8212448730107331,
	"Girlish Hair Decoration": 0.8202793152135919,
	"Dagger": 0.8,
	"Green Crystal Fragment": 0.7981029537225502,
	"Witch Broom": 0.7974369824094784,
	"Obsidian Lance": 0.7966114907881402,
	"Scale Armor": 0.7905650097371489,
	"Rainbow Quartz": 0.7766570605187321,
	"Dwarven Shield": 0.7291464357200896,
	"Ghoul Snack": 0.7194193347285924,
	"Star Herb": 0.7188538959076346,
	"Lightning Pendant": 0.7171254592119168,
	"Book of Prayers": 0.7080375543851615,
	"Battle Shield": 0.703920008077334,
	"Heavy Old Tome": 0.6990933610576375,
	"Piece of Warrior Armor": 0.6960411918629189,
	"Green Crystal Splinter": 0.6894812680115274,
	"Brass Armor": 0.6808697798056892,
	"Small Ruby": 0.6769392958808287,
	"Medicine Pouch": 0.6751846381093057,
	"Swampling Club": 0.6679679832500927,
	"Minotaur Leather": 0.6421846489679616,
	"Dragon Shield": 0.6387805529009651,
	"Wand of Defiance": 0.632580141915354,
	"Strong Mana Potion": 0.6213042511320317,
	"Wolf Paw": 0.6211525228850907,
	"Spooky Blue Eye": 0.619746835443038,
	"Lizard Leather": 0.6126611110560609,
	"Hunting Spear": 0.6070931849791377,
	"Magma Monocle": 0.6023853857380101,
	"Wand of Starstorm": 0.6023853857380101,
	"Small Notebook": 0.6009328170940904,
	"Battle Axe": 0.5992984403178818,
	"Big Bone": 0.5832911392405064,
	"Mana Potion": 0.5766701175382072,
	"Lizard Scale": 0.5745761853055962,
	"Wood": 0.5743722304283604,
	"Spider Silk": 0.5740361538630909,
	"Health Potion": 0.5730328942004941,
	"Great Mana Potion": 0.5408799418139855,
	"Lyre": 0.5338880687156086,
	"Marsh Stalker Feather": 0.5185702052079038,
	"Shaggy Tail": 0.495351289178568,
	"Knight Legs": 0.4952046336972947,
	"Fox Paw": 0.4947612034504524,
	"Might Ring": 0.48504169648249784,
	"Small Sapphire": 0.4835419292019142,
	"Brass Helmet": 0.47939573884955466,
	"Vampire Teeth": 0.46885347974980895,
	"Bone Shield": 0.455339295107838,
	"Acorn": 0.4540294211704509,
	"Red Lantern": 0.44687718782584185,
	"Protective Charm": 0.43513321568913205,
	"Elven Amulet": 0.42795389048991356,
	"Striped Fur": 0.4147557328015952,
	"Sacred Tree Amulet": 0.4121037463976945,
	"Violet Gem": 0.4121037463976945,
	"Sling Herb": 0.40544047676262795,
	"Cape": 0.3984766970924258,
	"Cultish Robe": 0.3975052064962908,
	"Bamboo Stick": 0.38480392156862747,
	"Life Crystal": 0.37317819176015277,
	"Bunch of Troll Hair": 0.37038332549325037,
	"Marsh Stalker Beak": 0.3663294110184275,
	"Goat Grass": 0.3617532561157303,
	"Green Mushroom": 0.3583838761630849,
	"Poison Spider Shell": 0.3478985677389059,
	"Crown Armor": 0.32869255607222087,
	"Legionnaire Flags": 0.32772200917362204,
	"Moonlight Crystals": 0.32637843594657506,
	"Magma Legs": 0.32610336671531376,
	"Sickle": 0.3123979931088678,
	"Crown Legs": 0.307740543539923,
	"Terrorbird Beak": 0.30628179344611384,
	"Power Bolt": 0.30613270777479895,
	"Blood Preservation": 0.3039651317465259,
	"Ankh": 0.3027249828257385,
	"Book of Necromantic Rituals": 0.30213464696223313,
	"Tower Shield": 0.29920548405788083,
	"Brown Bread": 0.2953682611996963,
	"Flaming Arrow": 0.2952342578291138,
	"Dark Rosary": 0.2934108713413755,
	"Morning Star": 0.2895203204718231,
	"Zaoan Shoes": 0.286902675876883,
	"Orc Leather": 0.27252280977733034,
	"Battle Hammer": 0.2714814796801373,
	"Crown Helmet": 0.259827511732112,
	"Cobra Tongue": 0.2540971822886717,
	"Time Ring": 0.2536361330830157,
	"Fire Sword": 0.25319750098401994,
	"Werefox Tail": 0.24489795918367346,
	"Green Crystal Shard": 0.2377521613832853,