{
	"Gold Coin": 1361.9767735592745,
	"Platinum Coin": 1145.045750647881,
	"Skull": 328.9931966512364,
	"Dagger": 289.68944584440055,
	"Great Health Potion": 286.94749290570445,
	"Meat": 269.97004465589634,
	"Great Mana Potion": 256.95215520498,
	"Spear": 199.8625284016992,
	"Bone": 128.0528728454057,
	"Brown Bread": 106.92331055429005,
	"Ham": 94.16008200490825,
	"Dragon Ham": 87.42067880963089,
	"Sabre": 85.73853571278842,
	"Ice Rapier": 78.74259145584487,
	"Pirate Coin": 74.71125374538039,
	"Dark Mushroom": 67.31763575204229,
	"Girlish Hair Decoration": 56.569763011353615,
	"Green Mushroom": 56.43244702002081,
	"Pirat's Tail": 52.86877856881607,
	"Crystal Sword": 50.81224858386011,
	"Axe": 43.85053297350979,
	"Werehyaena Nose": 42.47402597402598,
	"Chain Armor": 40.84231682003653,
	"Knife": 39.84848484848485,
	"Halberd": 36.20270501983285,
	"Protective Charm": 30.15382908641991,
	"Knight Axe": 29.456487733615788,
	"Crowbar": 28.950004104753305,
	"Red Crystal Fragment": 28.200466200466202,
	"Worm": 27.665413124930115,
	"Cowbell": 27.190914808396066,
	"Terra Amulet": 27.013358962037483,
	"Bolt": 26.36699733466253,
	"Red Apple": 26.31780250347705,
	"Cultish Robe": 25.13274301164546,
	"Garlic Necklace": 24.427949755276416,
	"Shark Fins": 24.35793448813726,
	"Plate Shield": 23.290997375820677,
	"Rotten Piece of Cloth": 22.96548960235116,
	"Poison Arrow": 22.80699877853369,
	"Minotaur Horn": 22.137757183758474,
	"Bat Wing": 21.921383950024026,
	"Torch": 20.19830575726691,
	"Wand of Inferno": 20.118332402542798,
	"Crossbow": 19.49430892228241,
	"Small Amethyst": 19.433128194514516,
	"Terra Boots": 19.418932272356393,
	"Hunting Spear": 19.411997939118677,
	"Grappling Hook": 19.344310344827587,
	"Minotaur Leather": 19.271477575773268,
	"Cookie": 18.6078703983558,
	"Knight Armor": 18.26845086610295,
	"Bony Tail": 17.81183109368275,
	"Red Gem": 17.79581014039563,
	"Plate Armor": 17.421722247039483,
	"Yellow Gem": 16.56633451429206,
	"Combat Knife": 15.93939393939394,
	"Wand of Starstorm": 15.522643678160918,
	"Life Preserver": 15.326340326340326,
	"Small Enchanted Amethyst": 14.832419832419834,
	"Beetroot": 14.376494964598578,
	"Bronze Amulet": 14.012514615025408,
	"Focus Cape": 12.328708644610458,
	"Mino Shield": 11.528286189683861,
	"Small Emerald": 11.199389232847818,
	"Strong Mana Potion": 10.60233998217843,
	"Purple Robe": 10.181852289686848,
	"Green Crystal Fragment": 9.808857808857809,
	"Wand of Voodoo": 9.556468613709994,
	"Arrow": 9.506395757204473,
	"Ratana": 9.195804195804197,
	"Bone Club": 9.130656979757195,
	"Springsprout Rod": 9.087931034482759,
	"Mouldy Powder": 8.974549310710499,
	"Green Crystal Splinter": 8.672467617183859,
	"Heavy Old Tome": 8.318197763141262,
	"Magma Boots": 8.021369037652455,
	"Ghoul Snack": 8.01638687269003,
	"Scroll": 7.850100330880052,
	"Pelvis Bone": 7.698379288570827,
	"Viking Helmet": 7.552667800115897,
	"Small Ruby": 7.433024920338186,
	"Fox Paw": 7.3114243635598575,
	"Snakebite Rod": 7.247663551401869,
	"Wolf Tooth Chain": 6.580123346857973,
	"Small Topaz": 6.578697058601678,
	"Protection Amulet": 6.577012770272322,
	"Werebadger Claws": 6.565110565110564,
	"Mace": 6.438947626098924,
	"Silver Amulet": 6.414933771638813,
	"Small Sapphire": 6.311566383264142,
	"Steel Shield": 6.259265955523413,
	"Witch Broom": 6.180136613673457,
	"Ring of Healing": 6.143885535786036,
	"Werebadger Skull": 6.137592137592138,
	"Royal Spear": 6.132835047708044,
	"Small Enchanted Emerald": 6.048639455782313,
	"Book (Gemmed)": 5.823263082898578,
	"Broken Helmet": 5.809407017799666,
	"Scorpion Tail": 5.717036762715969,
	"Star Herb": 5.571117693284168,
	"Orc Leather": 5.443486829567705,
	"Brown Crystal Splinter": 5.370596868884539,
	"Troll Green": 5.2546958832673125,
	"Grapes": 4.981666571811252,
	"Ring of Blue Plasma": 4.909155178508307,
	"Leather Boots": 4.807824667001122,
	"Short Sword": 4.785019308685209,
	"Small Diamond": 4.707788364106429,
	"Power Bolt": 4.7052063557870145,
	"Sword Ring": 4.4268326958405835,
	"Mana Potion": 4.173926446495166,
	"Dragon's Tail": 4.146808895317303,
	"Brown Mushroom": 4.142864828879799,
	"Hatchet": 4.1274117729600786,
	"Spider Silk": 4.058861439312567,
	"Moonlight Rod": 4.010205652699879,
	"Taurus Mace": 3.907877606585103,
	"Werefox Tail": 3.7551020408163263,
	"Bone Shield": 3.7048060829228637,
	"Wood Cape": 3.643513609049134,
	"Lightning Boots": 3.4901025097207494,
	"Burst Arrow": 3.4026583252164513,
	"Health Potion": 3.291051970005191,
	"Energy Ring": 3.2462595665463905,
	"Orcish Gear": 3.1923210629997296,
	"Doublet": 3.1785714285714284,
	"Hailstorm Rod": 3.1785714285714284,
	"Fish": 3.1191243114639313,
	"Lump of Dirt": 3.1012080241265965,
	"Cape": 3.0881944024663,
	"Sword": 3.0586231103788215,
	"Cyclops Toe": 2.8138957816377173,
	"Studded Helmet": 2.7307986272788716,
	"Leather Helmet": 2.6991613493390254,
	"Red Piece of Cloth": 2.658152577883211,
	"Bow": 2.6328823859249644,
	"Studded Armor": 2.627357418768462,
	"Hand Axe": 2.5283123612139153,
	"Red Rose": 2.443161991678969,
	"Sickle": 2.4210844465937256,
	"Flask of Embalming Fluid": 2.178176268599771,
	"Black Shield": 2.1519549063425445,
	"Banana": 2.1153846153846154,
	"Longsword": 2.093340160002052,
	"Studded Shield": 2.08498068620768,
	"Strong Health Potion": 2.053183514802427,
	"Studded Legs": 2.0487567040468067,
	"Golden Mug": 1.969524947714371,
	"Double Axe": 1.849164034864473,
	"Werehyaena Talisman": 1.8391608391608392,
	"Hardened Bone": 1.8335708478791068,
	"Wyvern Talisman": 1.8021112600536193,
	"Gauze Bandage": 1.8020316673025563,
	"Battle Axe": 1.7781683340414849,
	"Mino Lance": 1.7709373266777593,
	"Melon": 1.744817856238469,
	"Emerald Bangle": 1.6021778372412707,
	"Orc Tooth": 1.6019209321403323,
	"Scale Armor": 1.6000903373122566,
	"Pile of Grave Earth": 1.5629870419023022,
	"Brown Piece of Cloth": 1.5560404328271809,
	"Green Tunic": 1.539170471986878,
	"Elvish Talisman": 1.5188889151003315,
	"Rope": 1.5158612753202765,
	"Gold Ingot": 1.4433740197517273,
	"Blank Rune": 1.4354447780631625,
	"War Hammer": 1.4313875576948651,
	"Steel Helmet": 1.388628854623473,
	"Cheese": 1.3863636363636365,
	"Sniper Arrow": 1.3826332035968325,
	"Assassin Star": 1.3142857142857143,
	"Tarantula Egg": 1.2956748828390512,
	"Coat": 1.2706337818732585,
	"Red Dragon Scale": 1.2576130173978994,
	"Moonlight Crystals": 1.2097129668834004,
	"Wooden Shield": 1.2059064638348067,
	"Throwing Star": 1.18416526651717,
	"Terra Mantle": 1.1813104189044037,
	"Scroll of Heroic Deeds": 1.1424393923029752,
	"Bread": 1.1130485113772022,
	"Elven Scouting Glass": 1.1106868609732299,
	"Piece of Scarab Shell": 1.1062232205998586,
	"Magic Light Wand": 1.0888019839755818,
	"Leather Legs": 1.0379259241633212,
	"Battle Shield": 1.0155176912746735,
	"Plate Legs": 1.0075573812768457,
	"Brass Helmet": 0.9289775386046926,
	"Wereboar Hooves": 0.9270502945174444,
	"Wereboar Tusks": 0.9107385591300408,
	"Strange Talisman": 0.8962228157191912,
	"Flaming Arrow": 0.8857027734873413,
	"Broadsword": 0.872851683682096,
	"Studded Club": 0.866443112847444,
	"Crystal Necklace": 0.8658314350797266,
	"Scarf": 0.8596437886380468,
	"Poison Spider Shell": 0.8223057055646866,
	"Violet Crystal Shard": 0.8163265306122449,
	"Badger Fur": 0.8084425967380876,
	"Skull Belt": 0.7941291650298681,
	"Wedding Ring": 0.7728707549481116,
	"Small Stone": 0.7631274262752843,
	"Brass Shield": 0.7563320002806426,
	"Warrior Helmet": 0.7480563294730114,
	"Acorn": 0.7325609948875116,
	"Silver Brooch": 0.7066482258679894,
	"Kongra's Shoulderpad": 0.7051282051282051,
	"Necrotic Rod": 0.6708577646134317,
	"Brass Legs": 0.6627466806472859,
	"Machete": 0.651633349585568,
	"Red Dragon Leather": 0.6516053411780929,
	"Spider Fangs": 0.630319941807081,
	"Elven Astral Observer": 0.6242448359440003,
	"Swampling Moss": 0.5984820396501712,
	"Carrot": 0.5867664250642974,
	"Two Handed Sword": 0.5614785407106684,
	"Might Ring": 0.5606260266580909,
	"Bag of Apple Slices": 0.5528017892764311,
	"Life Crystal": 0.535358210086456,