{
	"Gold Coin": 3117.743578962403,
	"Platinum Coin": 1857.9862044295417,
	"Meat": 328.0068290154938,
	"Great Health Potion": 326.79702121602105,
	"Flask of Demonic Blood": 234.70069347745044,
	"Soul Orb": 190.33153290731062,
	"Golden Lotus Brooch": 166.31188738372634,
	"Demonic Essence": 153.84717286849184,
	"Peacock Feather Fan": 141.70029162828158,
	"Dragon Ham": 130.5361619029387,
	"Bone": 111.29773920581243,
	"Cheese": 95.90359519684415,
	"Axe": 95.15766601831051,
	"Great Mana Potion": 85.06010928961749,
	"Strong Health Potion": 73.16915107970247,
	"Werehyaena Nose": 69.83549783549783,
	"Small Ruby": 67.30008335553825,
	"Lion's Mane": 67.19862179146517,
	"Ham": 65.77673708144667,
	"Knife": 63.484848484848484,
	"Small Diamond": 61.1279630331543,
	"Worm": 58.837052703754146,
	"Assassin Star": 57.960255702606865,
	"Strong Mana Potion": 55.79216454196733,
	"Small Topaz": 52.34395964488214,
	"Wyrm Scale": 51.97258725016809,
	"Halberd": 49.4273601600596,
	"Red Crystal Fragment": 46.88595218422308,
	"Small Emerald": 46.216225240890694,
	"Small Amethyst": 44.50363107834878,
	"Small Sapphire": 43.16393741786092,
	"Torch": 40.77256254362983,
	"White Pearl": 39.17912996827149,
	"Red Gem": 36.0490270386956,
	"Skull": 35.44286645232318,
	"Combat Knife": 34.82518967392966,
	"Yellow Gem": 34.70476980672171,
	"Great Spirit Potion": 33.940905322753565,
	"Hellspawn Tail": 31.408942512420154,
	"Morning Star": 30.838928756587254,
	"Dagger": 28.907335013280665,
	"Bolt": 27.857073168805048,
	"Burst Arrow": 27.612425448839726,
	"Black Pearl": 25.787683457787796,
	"White Mushroom": 25.751649462347235,
	"Silver Brooch": 25.34214818981729,
	"Leather Boots": 25.338572981988744,
	"Life Preserver": 24.417249417249415,
	"Rope Belt": 22.94738752357947,
	"Small Enchanted Amethyst": 22.463869463869464,
	"Crossbow": 21.93749836576947,
	"Rotten Piece of Cloth": 21.787772186845974,
	"Leather Armor": 20.939225397282073,
	"Pelvis Bone": 20.459559286907666,
	"Terra Boots": 20.220761762509333,
	"Battle Shield": 20.001011985545333,
	"Mace": 19.990733718162385,
	"Cultish Robe": 19.502729275069406,
	"Green Crystal Fragment": 18.99096685562649,
	"Winter Wolf Fur": 18.5,
	"Green Crystal Splinter": 17.815542153855738,
	"Twin Hooks": 17.45870052277819,
	"Plate Shield": 17.105845098216147,
	"Red Piece of Cloth": 16.438976544433878,
	"Necrotic Rod": 16.19308745219818,
	"Mystic Turban": 16.12862008345525,
	"Spear": 16.11971046910667,
	"Ultimate Health Potion": 15.819461637788647,
	"Viking Helmet": 15.561872612939641,
	"Hatchet": 14.843636793893696,
	"Ratana": 14.650349650349652,
	"Shadow Herb": 14.185168580135175,
	"Tribal Mask": 13.994626610783813,
	"Red Mushroom": 12.363094393186657,
	"Chain Armor": 12.337515994808998,
	"Brown Bread": 10.633257403189067,
	"Brown Crystal Splinter": 10.530332681017612,
	"Focus Cape": 9.883059825394456,
	"Small Enchanted Emerald": 9.523809523809524,
	"Cape": 9.249883587287592,
	"Cleaver": 9.10909368684973,
	"Sabre": 9.074055647944997,
	"Heavy Old Tome": 8.929751451323341,
	"Silver Amulet": 8.753334011024556,
	"Wand of Starstorm": 8.636560929483165,
	"Sword": 8.437750178792697,
	"Green Crystal Shard": 8.315809036379251,
	"Arrow": 8.000125956056426,
	"Sword Ring": 7.619047619047619,
	"Ghoul Snack": 7.605290109987977,
	"Mysterious Fetish": 7.094516131061128,
	"Throwing Knife": 6.988861967840991,
	"Wand of Inferno": 6.875771944379466,
	"Poison Arrow": 6.483023469725281,
	"Cyan Crystal Fragment": 6.307393577296489,
	"Brass Helmet": 6.058459224936015,
	"Banana": 6.056288821451694,
	"Hailstorm Rod": 6.00289482944776,
	"Cultish Mask": 5.869762746087835,
	"War Hammer": 5.850569326935864,
	"Minotaur Horn": 5.823410539148075,
	"Doublet": 5.7142857142857135,
	"Health Potion": 5.537711285028979,
	"Protection Amulet": 5.522259294149237,
	"Leather Helmet": 5.421129611789612,
	"Short Sword": 5.355164285609314,
	"Demonic Skeletal Hand": 5.149326927888705,
	"Throwing Star": 5.135824005718587,
	"Ruby Necklace": 5.115664845173042,
	"Knight Legs": 4.877723744988988,
	"Beetroot": 4.84729772945315,
	"Book of Necromantic Rituals": 4.834239417078542,
	"Underworld Rod": 4.702295820760019,
	"Oriental Shoes": 4.698418756809291,
	"Hand Axe": 4.667653589933383,
	"Rusted Armor": 4.495670688431511,
	"Leather Legs": 4.444380712440321,
	"Blue Gem": 4.434373752584564,
	"Violet Crystal Shard": 4.4201611480327,
	"Girlish Hair Decoration": 4.325952426966079,
	"Fish": 4.10106486340584,
	"Crystal Ring": 4.0678449002082315,
	"Book (Orange)": 4.016652693324948,
	"Rope": 3.9778439803694225,
	"Black Shield": 3.871522843223428,
	"Horoscope": 3.8114950067255005,
	"Wand of Voodoo": 3.8095238095238093,
	"Mana Potion": 3.7177559566657545,
	"Brass Shield": 3.654368754637657,
	"Poison Dagger": 3.5185819774864626,
	"Wand of Draconia": 3.5100849581321434,
	"Magma Coat": 3.493624772313297,
	"Piercing Bolt": 3.434696776402814,
	"Cookie": 3.355968381233544,
	"Incantation Notes": 3.1709628194175368,
	"Flask of Embalming Fluid": 3.1462546101996693,
	"Pirate Voodoo Doll": 3.118922489024345,
	"Soldier Helmet": 3.0766761132800884,
	"Cyclops Toe": 3.074441687344913,
	"Broken Crossbow": 3.060920241241445,
	"Blue Robe": 2.998553037315823,
	"Lightning Pendant": 2.9752638066350037,
	"Studded Armor": 2.966282520524539,
	"Werehyaena Talisman": 2.93006993006993,
	"Shovel": 2.830664518966111,
	"Insectoid Eggs": 2.792957310973281,
	"Magic Light Wand": 2.7481804438385495,
	"Warrior Helmet": 2.7338537970191625,
	"Hunting Spear": 2.6289885538188797,
	"Gauze Bandage": 2.6029346305481367,
	"Lamassu Horn": 2.4704610951008643,
	"Scale Armor": 2.3935454597318064,
	"Wooden Shield": 2.3779047179248094,
	"Protective Charm": 2.3100206141365245,
	"Blank Rune": 2.2938035484235506,
	"Studded Club": 2.288833744373582,
	"White Piece of Cloth": 2.2812005478417614,
	"Carrot": 2.263776166324624,
	"Death Ring": 2.2524152869869423,
	"Damselfly Wing": 2.2457940823568454,
	"Piece of Warrior Armor": 2.2372752595593823,
	"Scorpion Tail": 2.1755095645733333,
	"Small Stone": 2.171508624506777,
	"Brass Armor": 2.1511967707293933,
	"Copper Shield": 2.144647470717862,
	"Blood Tincture in a Vial": 2.13461467607912,
	"Pick": 2.1318565141494354,
	"Assassin Dagger": 2.088741224429703,
	"Opal": 2.0518876232527488,
	"Gold Ingot": 2.022440155784914,
	"Iron Helmet": 1.9950271779218687,
	"Mutated Flesh": 1.994903814358795,
	"Ankh": 1.9932630242319496,
	"Wyvern Talisman": 1.9222520107238605,
	"Damselfly Eye": 1.8975262311403847,
	"Blue Crystal Shard": 1.8868876080691641,
	"Voluminous Piece of Cloth": 1.840071877807727,
	"Battle Hammer": 1.8064850992346082,
	"Ludicrous Piece of Cloth": 1.796945193171608,
	"Strange Talisman": 1.7898660799487602,
	"Ghostly Tissue": 1.7878606386684344,
	"Onyx Chip": 1.7817496348347872,
	"Ominous Piece of Cloth": 1.739442946990117,
	"Luminous Piece of Cloth": 1.7322551662174304,
	"Minotaur Leather": 1.7239996227736345,
	"Vampire Teeth": 1.7191294257492995,
	"Pieces of Magic Chalk": 1.7164478984970526,
	"Letter": 1.6713052885206403,
	"Obvious Piece of Cloth": 1.660377358490566,
	"Piece of Archer Armor": 1.6066951277359898,
	"Acorn": 1.5923104231019334,
	"Lancet": 1.5837408705102312,
	"Goat Grass": 1.5790464205509473,
	"Frosty Heart": 1.5675492080323417,
	"Pile of Grave Earth": 1.5538636369412246,
	"Brown Mushroom": 1.5508509983960224,
	"Dubious Piece of Cloth": 1.5166217430368372,
	"Big Bone": 1.5120297579391515,
	"Red Apple": 1.4995490461278245,
	"Berserk Potion": 1.488431511710433,
	"Boggy Dreads": 1.480662666168997,
	"Brown Piece of Cloth": 1.476243487553992,
	"Lamassu Hoof": 1.4589337175792507,
	"Terra Amulet": 1.4589337175792507,
	"Small Enchanted Sapphire": 1.4246575342465753,
	"Kongra's Shoulderpad": 1.4102564102564101,
	"Spiked Squelcher": 1.3973030518097942,
	"Bone Shield": 1.3945793696303928,
	"Spellbook of Mind Control": 1.3695168296252105,
	"Dandelion Seeds": 1.3577448071216618,
	"Terra Hood": 1.348772671049419,
	"Chicken Feather": 1.3368014767578453,
	"Clerical Mace": 1.312152826304229,
	"Bow": 1.255084293393417,