{
	"Gold Coin": 599.6716673644695,
	"Platinum Coin": 260,
	"Fish": 155.80299972604973,
	"Meat": 78.01645944926419,
	"Spear": 53.848189294339875,
	"Bone": 51.30675615193047,
	"Torch": 45.056763411028385,
	"Leather Boots": 29.982519165032606,
	"Skull": 27.70324264275616,
	"Mouldy Cheese": 26.206056129985228,
	"Cheese": 24.87837407061528,
	"Worm": 23.23905707660267,
	"Dagger": 19.200000000000003,
	"Red Gem": 18.07348703170029,
	"Lamassu Horn": 15.50900576368876,
	"Ham": 13.70247018739119,
	"Violet Crystal Shard": 12.37463976945245,
	"Red Crystal Fragment": 12.293227665706052,
	"Blue Crystal Shard": 11.845461095100864,
	"White Mushroom": 10.731458483065557,
	"Sphinx Feather": 10.153288712193648,
	"Small Emerald": 9.597925170586496,
	"Lamassu Hoof": 9.158861671469742,
	"Terra Amulet": 9.158861671469742,
	"Sphinx Tiara": 8.194856826531126,
	"Magma Amulet": 8.187912032610337,
	"Swamp Grass": 7.97180576070901,
	"Terra Hood": 7.821632722743571,
	"Blue Gem": 7.6783261039468265,
	"Green Gem": 7.4170399074027475,
	"Brown Bread": 7.088838268792711,
	"Opal": 6.960734870317003,
	"Magic Light Wand": 6.8492398434002935,
	"Plate Armor": 6.295594893745873,
	"Sabre": 6.288634235644312,
	"Medicine Pouch": 6.245457902511078,
	"Pelvis Bone": 5.730788916454747,
	"Wood": 5.312943131462334,
	"Scarab Coin": 5.142123483658347,
	"Magma Boots": 4.889134920235519,
	"Chain Armor": 4.709509611373699,
	"Bolt": 4.538972234883767,
	"Onyx Chip": 4.477665706051873,
	"White Pearl": 4.451612903225806,
	"Lightning Headband": 4.215489909918977,
	"Scarab Pincers": 4.153171994821233,
	"Bony Tail": 4.079804887379848,
	"Rainbow Quartz": 3.989193083573487,
	"Green Crystal Fragment": 3.9077809798270895,
	"Girlish Hair Decoration": 3.6860081548341315,
	"Small Amethyst": 3.6685881982650925,
	"Green Crystal Splinter": 3.5414265129683,
	"Viking Helmet": 3.530527440233379,
	"Lightning Pendant": 3.2987771123748173,
	"Mace": 3.187633572761896,
	"Hand Axe": 3.1117690599555883,
	"Troll Green": 2.9462131577480037,
	"Wand of Defiance": 2.9098686528106286,
	"Magma Monocle": 2.770972774394847,
	"Wand of Starstorm": 2.770972774394847,
	"Cookie": 2.7407722182325474,
	"Heavy Old Tome": 2.6263930316511934,
	"Beetroot": 2.375649760610658,
	"Rotten Piece of Cloth": 2.3554348310103754,
	"Hatchet": 2.304918262821862,
	"Elven Amulet": 2.1981268011527377,
	"Scarab Amulet": 2.117982936626498,
	"Sacred Tree Amulet": 2.1167146974063398,
	"Violet Gem": 2.1167146974063398,
	"Piece of Scarab Shell": 2.0615978202088274,
	"Bone Club": 2.034804648271245,
	"Lump of Dirt": 2.000779370404256,
	"Protective Charm": 1.9649866990241023,
	"Leather Helmet": 1.9096965210954848,
	"Flask of Embalming Fluid": 1.8151468904998092,
	"Studded Helmet": 1.799024611112385,
	"Sword": 1.7360422764561518,
	"Red Apple": 1.6637691237830319,
	"Broken Helmet": 1.6512715828867908,
	"Scorpion Tail": 1.6189838620080619,
	"Studded Legs": 1.583130180399805,
	"Wolf Tooth Chain": 1.5694434550142324,
	"Gauze Bandage": 1.5016930560854636,
	"Magma Legs": 1.5000754868904433,
	"Wooden Shield": 1.4744186338212812,
	"Rope": 1.465162326785102,
	"Orc Leather": 1.4600462400587182,
	"Ancient Amulet": 1.4383029578727218,
	"Soldier Helmet": 1.4200043599754255,
	"Cherry": 1.2940586384569788,
	"Studded Club": 1.272776056460413,
	"Hunting Spear": 1.2604026814810272,
	"Strong Health Potion": 1.2262806537942648,
	"Green Crystal Shard": 1.2211815561959656,
	"Shovel": 1.2045423016706631,
	"Studded Armor": 1.1017950465803228,
	"Studded Shield": 0.8743467393774141,
	"Bone Shield": 0.8485868681555162,
	"Voluminous Piece of Cloth": 0.8363963080944213,
	"Ghoul Snack": 0.8221935254041056,
	"Ludicrous Piece of Cloth": 0.8167932696234582,
	"Cobra Tongue": 0.8131109833237493,
	"Ominous Piece of Cloth": 0.7906558849955077,
	"Luminous Piece of Cloth": 0.7873887119170138,
	"Brown Mushroom": 0.7559623077309318,
	"Obvious Piece of Cloth": 0.7547169811320754,
	"Strange Talisman": 0.7468523464326593,
	"Gloom Wolf Fur": 0.7421839601268689,
	"Axe": 0.7236991592819814,
	"Witch Broom": 0.6977573596082935,
	"Dubious Piece of Cloth": 0.6893735195621987,
	"Star Herb": 0.6289971589191803,
	"Wereboar Hooves": 0.6180335296782963,
	"Green Mushroom": 0.6144474274925882,
	"Poison Spider Shell": 0.6114580887532285,
	"Wereboar Tusks": 0.6071590394200271,
	"Silver Brooch": 0.5888735215566577,
	"Carrot": 0.5661310259579728,
	"Springsprout Rod": 0.55645188062278,
	"Scale Armor": 0.5343013973515324,
	"Machete": 0.5035348610433934,
	"Battle Axe": 0.4717300266790846,
	"Vampire Teeth": 0.46885347974980895,
	"Piercing Bolt": 0.4599377712598347,
	"Arrow": 0.45527103425340876,
	"Wolf Paw": 0.4545032415645034,
	"Werebadger Claws": 0.44762117489390213,
	"Bunch of Troll Hair": 0.44215828007533375,
	"Brass Shield": 0.4223672209359433,
	"Hardened Bone": 0.4199799148773373,
	"Werebadger Skull": 0.418472191199464,
	"Badger Fur": 0.4042212983690438,
	"Piece of Crocodile Leather": 0.4006704716640852,
	"Swampling Moss": 0.3989880264334475,
	"Crossbow": 0.3650488515428368,
	"Dwarven Shield": 0.3645732178600448,
	"Sandcrawler Shell": 0.3637630662020906,
	"Cape": 0.3486671099558726,
	"Longsword": 0.34702847423241445,
	"Health Potion": 0.3317287053522612,
	"Corncob": 0.3239087301587301,
	"Orc Tooth": 0.32377356881822567,
	"Orcish Gear": 0.3089342964193287,
	"Broken Shamanic Staff": 0.3055555555555555,
	"Blood Preservation": 0.3039651317465259,
	"Battle Shield": 0.3038774352891905,
	"Bear Paw": 0.3024802287613394,
	"Werebear Fur": 0.30095475300954755,
	"Carrion Worm Fang": 0.2996704235667494,
	"Poison Arrow": 0.29869853433071825,
	"Piece of Swampling Wood": 0.2986630607838433,
	"Scarab Shield": 0.29651761112770975,
	"Werebear Skull": 0.282274802822748,
	"Sickle": 0.2733482439702593,
	"Black Pearl": 0.2554732056944711,
	"Warwolf Fur": 0.24492654206722414,
	"Spider Fangs": 0.24229316103597437,
	"Short Sword": 0.24134778633929738,
	"Halberd": 0.23713991529513995,
	"Protection Amulet": 0.23713490959666203,
	"Shamanic Hood": 0.22519841269841273,
	"Crystal Ring": 0.22438954597481878,
	"Morning Star": 0.21072942275005288,
	"Acorn": 0.20179085385353374,
	"Book of Necromantic Rituals": 0.2014230979748221,
	"Fishing Rod": 0.2008493353028065,
	"Crab Pincers": 0.19986216402481047,
	"Skull Belt": 0.17640554563238922,
	"Garlic Necklace": 0.17581454391585566,
	"Mana Potion": 0.16673559426085968,
	"Daramian Waraxe": 0.16558775686352623,
	"Pile of Grave Earth": 0.160306363272031,
	"Brown Piece of Cloth": 0.15959389054637751,
	"Cyclops Toe": 0.15632754342431762,
	"Rapier": 0.1558175846659129,
	"Moonlight Crystals": 0.154803478245927,
	"Battle Hammer": 0.15404808782292226,
	"Coat": 0.15221225453452567,
	"Small Flask of Eyedrops": 0.1516183862096133,
	"Spellbook": 0.1498019419175524,
	"Swampling Club": 0.1484373296111317,
	"Yellow Piece of Cloth": 0.14200209843571154,
	"Honeycomb": 0.14063511451050498,
	"Orcish Axe": 0.14043887147335424,
	"Daramian Mace": 0.12450601106535214,
	"Ultimate Health Potion": 0.12012685400598082,
	"Steel Shield": 0.11968835943712111,
	"Strong Mana Potion": 0.11938679441291772,
	"Two Handed Sword": 0.11861600075867551,
	"Grave Flower": 0.11700110378399795,
	"Double Axe": 0.1128705960978525,
	"Great Health Potion": 0.10377750103777501,
	"Katana": 0.08711402937763564,
	"Marsh Stalker Feather": 0.08642836753465064,
	"Copper Shield": 0.08386493153015225,
	"Trollroot": 0.08313934153641503,
	"Poison Dagger": 0.08209054152904337,
	"Twigs": 0.0820545953803909,
	"Plate Shield": 0.07914326759827608,
	"Necrotic Rod": 0.07574200568216163,
	"Werewolf Amulet": 0.07119043590143978,
	"Stone Skin Amulet": 0.070784061355779,
	"Wereboar Loincloth": 0.06283038815888839,
	"Bag of Apple Slices": 0.06241310524088739,
	"Steel Helmet": 0.062168128393293956,
	"Great Mana Potion": 0.06198347107438017,
	"Spike Sword": 0.06130246511759545,
	"Marsh Stalker Beak": 0.06105490183640458,
	"Berserk Potion": 0.05855308113378636,
	"Crystal Necklace": 0.05740318906605922,
	"Iron Ore": 0.055954382441994376,
	"Small Enchanted Amethyst": 0.04992182264909538,