{
	"Gold Coin": 5455.864245957929,
	"Platinum Coin": 2561.0672971557674,
	"Meat": 609.0787114111721,
	"Beetroot": 449.8559795619568,
	"Dragon Ham": 408.6939210522915,
	"Glob of Glooth": 226.76458112399052,
	"Fox Paw": 153.49278350515462,
	"Strong Mana Potion": 132.89488499891945,
	"Strong Health Potion": 124.54101663454043,
	"Werebadger Claws": 111.75608666517756,
	"Werebadger Skull": 104.47855706946618,
	"Troll Green": 97.35763865636905,
	"Brown Mushroom": 92.50700767158638,
	"Small Sapphire": 80.47666398083902,
	"Wereboar Hooves": 78.0267331218849,
	"Wereboar Tusks": 76.65382872677843,
	"Mana Potion": 73.2736003690114,
	"Werefox Tail": 73.14285714285714,
	"Small Topaz": 65.98305560227217,
	"Badger Fur": 65.07962903741605,
	"Worm": 56.951875904375704,
	"Ham": 56.01675260432097,
	"Small Emerald": 49.5203772975223,
	"Slime Heart": 47.38526603001364,
	"Bone": 46.214692365199205,
	"Great Mana Potion": 41.075206611570245,
	"Poisoned Fang": 40.66111869031378,
	"Glooth Spear": 36.12542110953807,
	"Fish": 35.61714845536079,
	"Spear": 34.74200073332589,
	"Acorn": 32.48832747041893,
	"Moonlight Crystals": 30.032594202092156,
	"Emerald Bangle": 29.414753985397976,
	"White Mushroom": 27.5199238029261,
	"Rope Belt": 26.549892256867434,
	"Werebear Fur": 26.484018264840184,
	"Green Mushroom": 26.27876833606766,
	"Assassin Star": 25.599999999999998,
	"Moonlight Rod": 25.599999999999998,
	"Werebear Skull": 24.840182648401825,
	"Cultish Robe": 22.476811477135087,
	"Viper Star": 19.473396998635742,
	"Book (Gemmed)": 19.084650357220177,
	"Ring of Healing": 17.998008870736143,
	"Torch": 17.995775929184642,
	"Cheese": 17.70147161830404,
	"Tarantula Egg": 17.342109970307302,
	"Bolt": 17.31041846850856,
	"Small Ruby": 17.041247779349725,
	"Dagger": 16.47543876500777,
	"Small Diamond": 16.195701034058075,
	"Skull": 15.479835011153295,
	"Glooth Axe": 15.024692933990192,
	"Small Amethyst": 14.798651485047804,
	"Small Enchanted Emerald": 14.62857142857143,
	"Rotten Piece of Cloth": 14.42703833993855,
	"Leather Boots": 14.379149323562952,
	"Glooth Club": 14.231321035018262,
	"Ultimate Health Potion": 13.77835913725765,
	"Wyrm Scale": 13.479921765173279,
	"Power Bolt": 13.447176962273208,
	"Glooth Blade": 12.851852839484502,
	"Crossbow": 12.759091504163884,
	"Small Enchanted Amethyst": 12.463815054724146,
	"Poisonous Slime": 12.345456866043559,
	"Burst Arrow": 11.935962706645556,
	"Energy Ring": 11.028813752657456,
	"Chain Armor": 10.715109020273307,
	"Morning Star": 10.627844903632324,
	"Spider Fangs": 10.483188832216694,
	"Werewolf Amulet": 10.392078441357002,
	"Life Ring": 9.753884582713209,
	"Steel Shield": 9.700718496432286,
	"Frosty Heart": 9.458582264885546,
	"Great Health Potion": 9.415171213990238,
	"Flaming Arrow": 9.152261992702527,
	"Ice Cube": 8.822688893699935,
	"Glooth Amulet": 8.689183038594619,
	"Glooth Steak": 8.621555252387449,
	"Hand Axe": 8.168393782383419,
	"Orc Leather": 8.129419965733458,
	"Stone Skin Amulet": 8.049377195793712,
	"Wereboar Loincloth": 7.932336505059659,
	"Cultish Mask": 7.723372034326098,
	"Plate Shield": 7.574916074030625,
	"Heavy Old Tome": 7.281643016973092,
	"Red Gem": 7.042715905387721,
	"Leather Helmet": 6.935597921467798,
	"Longsword": 6.926342947231065,
	"Talon": 6.733955019199122,
	"Berserk Potion": 6.696995344696338,
	"Golden Mug": 6.655986144187054,
	"Grapes": 6.530702543156924,
	"Badger Boots": 6.357382175563994,
	"Pelvis Bone": 6.316953199876898,
	"Health Potion": 6.3110562390307265,
	"Small Enchanted Ruby": 6.178069777979157,
	"Bear Paw": 6.130673080867626,
	"Dragon's Tail": 6.1091765948876935,
	"Lamassu Horn": 6.038904899135447,
	"Short Sword": 5.979070307483296,
	"Honeycomb": 5.966849252828319,
	"Brass Legs": 5.811315316369885,
	"Shadow Herb": 5.437386960741332,
	"Furry Club": 5.414503044484858,
	"Brown Bread": 5.316628701594533,
	"Viking Helmet": 5.265003619208859,
	"Wooden Shield": 5.219135534788948,
	"Sabre": 5.171997149125872,
	"Mace": 5.152807405450634,
	"Sphinx Feather": 5.150218911982285,
	"Ghoul Snack": 5.035935343100147,
	"Orcish Gear": 4.942948742709259,
	"Mouldy Cheese": 4.898433407417539,
	"Yellow Gem": 4.871437691430485,
	"Soldier Helmet": 4.851681563249371,
	"Violet Crystal Shard": 4.818443804034582,
	"Coal": 4.799774178613243,
	"Red Crystal Fragment": 4.7867435158501435,
	"Blue Crystal Shard": 4.612391930835734,
	"Green Gem": 4.5179755281689395,
	"Hatchet": 4.185089775976433,
	"Platinum Amulet": 4.178804955090338,
	"Sphinx Tiara": 4.156811433747673,
	"Magma Amulet": 4.153288712193649,
	"Shovel": 4.133921436153628,
	"Broken Helmet": 4.002449508563447,
	"Halberd": 3.9275018978689804,
	"Cape": 3.8063750653059896,
	"Fur Armor": 3.7923170981497227,
	"Battle Axe": 3.777094406532014,
	"Blue Gem": 3.67410184740568,
	"Pirate Voodoo Doll": 3.6416158631807263,
	"Steel Helmet": 3.6066846387665965,
	"Lamassu Hoof": 3.56628242074928,
	"Terra Amulet": 3.56628242074928,
	"Hunting Spear": 3.5179070125080996,
	"Rope": 3.450777202072539,
	"Book (Orange)": 3.449828655600932,
	"Cookie": 3.139919819948541,
	"Studded Helmet": 3.1185121926657553,
	"Girlish Hair Decoration": 3.03519457231475,
	"Terra Hood": 2.9481268011527377,
	"Springsprout Rod": 2.9078442128359847,
	"Studded Legs": 2.886884446611409,
	"Underworld Rod": 2.883668962109457,
	"Wand of Voodoo": 2.8440920259102076,
	"Cyclops Toe": 2.7955480005086883,
	"Opal": 2.7103746397694524,
	"Piece of Crocodile Leather": 2.6548608623624443,
	"Studded Club": 2.65130393311787,
	"Wyvern Talisman": 2.643096514745308,
	"Wolf Tooth Chain": 2.629005837038691,
	"Scale Armor": 2.6027489666746644,
	"Sword": 2.600442970183383,
	"Axe": 2.600297625489139,
	"Combat Knife": 2.5948658184834446,
	"Orc Tooth": 2.501760819198948,
	"Small Stone": 2.4964019201146126,
	"Rapier": 2.4930813546546062,
	"Small Enchanted Sapphire": 2.4840182648401825,
	"Magma Boots": 2.48375537252875,
	"Terra Rod": 2.375154235046308,
	"Arrow": 2.3605323438507986,
	"Battle Shield": 2.3579876325327906,
	"Lightning Pendant": 2.345776082699982,
	"Lump of Dirt": 2.3008962759648943,
	"White Pearl": 2.283095041159557,
	"Warwolf Fur": 2.2678304597938683,
	"Werebadger Trophy": 2.258543667634577,
	"Blank Rune": 2.1778516072487104,
	"Elvish Talisman": 2.158582184825349,
	"Lightning Headband": 2.138291983292235,
	"Banana": 2.137214638591008,
	"Corncob": 2.1007096976726096,
	"Throwing Star": 2.030943151792839,
	"Throwing Knife": 1.9907376082345338,
	"Broken Shamanic Staff": 1.9351851851851851,
	"Studded Armor": 1.9266884263272488,
	"Small Axe": 1.8608585755692155,
	"Wand of Starstorm": 1.8263836984784363,
	"Piercing Bolt": 1.8152705456717526,
	"Demonic Skeletal Hand": 1.7962768353100134,
	"Time Ring": 1.7866678196192847,
	"Onyx Chip": 1.7435158501440924,
	"Scarab Coin": 1.6703877430955707,
	"Protective Charm": 1.617168397007993,
	"Red Apple": 1.5881432545201668,
	"Bow": 1.587829257481121,
	"Voluminous Piece of Cloth": 1.56824307767704,
	"Rainbow Quartz": 1.5533141210374641,
	"Ludicrous Piece of Cloth": 1.5314873805439841,
	"Chicken Feather": 1.5277731162946804,
	"Scroll": 1.523713055746482,
	"Green Crystal Fragment": 1.521613832853026,
	"Brass Shield": 1.514037087528905,
	"Carrion Worm Fang": 1.498352117833747,
	"Ominous Piece of Cloth": 1.482479784366577,
	"Luminous Piece of Cloth": 1.4763538348444007,
	"Wand of Defiance": 1.4760203311358262,
	"Silky Fur": 1.4528342708784074,
	"Life Crystal": 1.4338430346250268,
	"Small Flask of Eyedrops": 1.4337714544508304,
	"Shamanic Hood": 1.426256613756614,
	"Obvious Piece of Cloth": 1.4150943396226414,
	"Magma Monocle": 1.405565900055357,
	"Green Crystal Splinter": 1.3789625360230549,
	"Half-Digested Piece of Meat": 1.3412133280841885,
	"Silver Amulet": 1.322749699242247,
	"Wolf Paw": 1.3148574133814726,
	"Twigs": 1.3128735260862543,
	"Dubious Piece of Cloth": 1.2925753491791228,
	"Two Handed Sword": 1.2810842649235563,
	"Broadsword": 1.2759055970675248,
	"Scarf": 1.2756202804746493,
	"Plate Legs": 1.2683738547786676,
	"Dwarven Shield": 1.2456251610218196,
	"Clerical Mace": 1.2347291051147715,