{
	"Gold Coin": 5680.262214879987,
	"Bone": 660.601575539473,
	"Skull": 593.4079132605258,
	"Dagger": 568,
	"Worm": 560.7720560323078,
	"Meat": 505.110131844366,
	"Spear": 379.5985027601255,
	"Torch": 348.5633371460344,
	"Rotten Piece of Cloth": 336.97439551142185,
	"Brown Bread": 209.71146545178436,
	"Ham": 176.96027514540853,
	"Sabre": 164.96974439956958,
	"Flask of Embalming Fluid": 163.96826910848276,
	"Dragon Ham": 148.3978572882852,
	"Gauze Bandage": 135.6529393997202,
	"Viking Helmet": 127.74950556989869,
	"Pelvis Bone": 121.5744053883393,
	"Ghoul Snack": 117.62506122812486,
	"Girlish Hair Decoration": 109.17473939274893,
	"Flask of Demonic Blood": 95.09836515660484,
	"Magic Light Wand": 94.67091363934844,
	"Chain Armor": 94.23614140798959,
	"Small Stone": 93.91803843890513,
	"Heavy Old Tome": 74.13688211972394,
	"Stone Wing": 73.92260061919505,
	"Hatchet": 69.88131069898056,
	"Strange Talisman": 67.46566196108355,
	"Great Mana Potion": 63.512678386805696,
	"Mace": 63.13157230957424,
	"Potato": 61.11455108359134,
	"Protective Charm": 58.19991461818965,
	"Silver Brooch": 53.19490811395142,
	"Red Apple": 49.82633212497426,
	"White Mushroom": 47.76618271789832,
	"Great Health Potion": 42.05464656949623,
	"Flaming Arrow": 38.08521925995568,
	"Bolt": 35.829246339979434,
	"Brass Helmet": 34.806362697961006,
	"Hunting Spear": 34.152945721892394,
	"Cookie": 33.10537555639606,
	"Demonic Essence": 31.561003083391995,
	"Strong Health Potion": 31.557069598931683,
	"Fish": 30.91240898283583,
	"Platinum Coin": 30.405269377090924,
	"Scale Armor": 30.403170768053457,
	"Grapes": 29.97295674177672,
	"Beetroot": 27.823962840239695,
	"Ultimate Health Potion": 26.39628040151784,
	"Sword": 26.27445536722392,
	"Ice Rapier": 26.060620087119137,
	"Scythe": 25.37853635725976,
	"Arrow": 25.169690491628884,
	"Strong Mana Potion": 24.80219727717014,
	"Pirate Coin": 24.713737167710175,
	"Brown Piece of Cloth": 24.030222561447072,
	"Knife": 23.868797891094587,
	"Pile of Grave Earth": 22.933829095604935,
	"Crossbow": 22.004806105872625,
	"Wyrm Scale": 21.41809791577532,
	"Half-Digested Piece of Meat": 20.684436876080593,
	"Crystal Ring": 20.423081098263445,
	"Coal": 19.781056819830738,
	"Thick Fur": 18.214840989399292,
	"Burst Arrow": 17.912977547020365,
	"Wolf Tooth Chain": 17.90503954464003,
	"Mammoth Tusk": 17.730035335689045,
	"Chain Helmet": 17.561224810820594,
	"Crystal Sword": 17.463067900382132,
	"Pirat's Tail": 17.407741380040328,
	"Black Pearl": 13.70975118461104,
	"Lamp": 13.393706673369937,
	"Longsword": 13.376881981351183,
	"Mystical Hourglass": 13.347673602992751,
	"Yellow Piece of Cloth": 12.827522892025943,
	"Silky Fur": 12.494374729554306,
	"Steel Shield": 12.392931674144187,
	"Halberd": 12.382554994632947,
	"Brass Shield": 12.280817070440479,
	"Strawberry": 12.092879256965944,
	"Morning Star": 12.048111792126456,
	"Battle Axe": 11.773433538200692,
	"Leather Boots": 11.741324863174246,
	"Wooden Shield": 11.397707149504072,
	"Witch Broom": 10.964758508130327,
	"Rapier": 9.972325418618425,
	"Star Herb": 9.884241068729976,
	"Knight Axe": 9.73565388720138,
	"Soldier Helmet": 9.703363126498742,
	"Bow": 9.622282213942935,
	"Crowbar": 9.570642804367457,
	"Battle Shield": 9.495062405286117,
	"Plate Armor": 9.208947414639226,
	"Two Handed Sword": 9.151129058869392,
	"Elvish Talisman": 9.04367417010355,
	"Ice Cube": 8.897344526695779,
	"Leather Helmet": 8.727101283953091,
	"Iron Helmet": 8.670746146714704,
	"Plate Shield": 8.557329723144477,
	"Shovel": 8.31998160440292,
	"Dragon's Tail": 8.29684755209169,
	"Rotten Meat": 8.28178350811041,
	"Shark Fins": 8.052540842295377,
	"Leather Legs": 8.033875301619888,
	"Steel Helmet": 7.728317533360924,
	"Dark Shield": 7.6015898994622395,
	"Winter Wolf Fur": 7.6000000000000005,
	"Cheese": 7.515092399698287,
	"Protection Amulet": 7.0385952712100135,
	"Health Potion": 7.000741299827996,
	"Wand of Inferno": 6.996323297075809,
	"Poison Dagger": 6.894404259055229,
	"Badger Fur": 6.7707067476814835,
	"Slightly Rusted Armor": 6.643909282207154,
	"Wyvern Talisman": 6.487600536193029,
	"Cape": 6.375667532303018,
	"Knight Armor": 6.144023380597259,
	"Focus Cape": 5.861357703098772,
	"Mammoth Whopper": 5.807773851590106,
	"Grappling Hook": 5.703103448275862,
	"Poison Arrow": 5.423968478981983,
	"Twigs": 5.251494104345017,
	"Bone Shield": 5.108728773617743,
	"Small Diamond": 5.038096392304579,
	"Terra Boots": 4.8960425452085845,
	"Axe": 4.68614560596111,
	"Life Ring": 4.663823819115691,
	"Throwing Star": 4.5006872069462585,
	"Carrot": 4.319389701570587,
	"Sickle": 4.295472405246932,
	"Bone Sword": 4.171834681448145,
	"Wand of Starstorm": 4.151736172436976,
	"Scroll": 4.150080128329253,
	"Bread": 3.799936779399743,
	"Hand Axe": 3.695225758697261,
	"Bony Tail": 3.6817751422696188,
	"Soul Orb": 3.558465663023304,
	"Double Axe": 3.466511090556753,
	"Orichalcum Pearl": 3.4117371989712417,
	"Crab Pincers": 3.397656788421778,
	"Acorn": 3.37999680204669,
	"Mouldy Powder": 3.3085896076352066,
	"Essence of a Bad Dream": 3.2974905313511567,
	"Small Sapphire": 3.2912102601553275,
	"Roll": 3.213461546596815,
	"Piercing Bolt": 3.1429081036088706,
	"Garlic Necklace": 3.068422272793198,
	"Green Mushroom": 2.9892188405080615,
	"Poisonous Slime": 2.9587201264072687,
	"Magma Boots": 2.955107811947685,
	"Piece of Marble Rock": 2.9506283289636333,
	"Underworld Rod": 2.944288447189801,
	"Coat": 2.937860660880018,
	"Melon": 2.8353290163875124,
	"Springsprout Rod": 2.6793103448275866,
	"Blank Rune": 2.666734117038739,
	"Short Sword": 2.654825649732271,
	"Piece of Crocodile Leather": 2.604358065816554,
	"Dwarven Shield": 2.4912503220436393,
	"Black Shield": 2.4895871334438078,
	"Elven Scouting Glass": 2.423316787577956,
	"Power Bolt": 2.42289936944237,
	"Corncob": 2.3878149974639276,
	"Chicken Feather": 2.2916596744420206,
	"Wand of Voodoo": 2.1548398327081713,
	"Nightmare Blade": 2.0949263502454993,
	"Scythe Leg": 2.093053335131676,
	"Shadow Herb": 1.9871343704529323,
	"Studded Armor": 1.9582974476532624,
	"Copper Shield": 1.9378112571289576,
	"Pick": 1.928822560420918,
	"Rope": 1.9112611706286597,
	"Crystal Necklace": 1.8815972766899152,
	"Bone Club": 1.8362871216106356,
	"Ring of Blue Plasma": 1.8098267939201131,
	"Cyclops Toe": 1.7196029776674937,
	"Sling Herb": 1.7106329375626959,
	"Frosty Heart": 1.710053681489827,
	"Dark Armor": 1.6687306501547987,
	"Centipede Leg": 1.6281390039739578,
	"Dark Mushroom": 1.6167041326269775,
	"Fur Bag": 1.6161822799097065,
	"Orange": 1.6083178150217257,
	"Broadsword": 1.5313686494304828,
	"Letter": 1.5121333562805794,
	"Warwolf Fur": 1.4862972594518904,
	"Plate Legs": 1.470379075513771,
	"Heaven Blossom": 1.4535667174379534,
	"Wand of Draconia": 1.4465191614204511,
	"Studded Club": 1.4259958936180739,
	"Staff": 1.4236328845699848,
	"Club Ring": 1.3825642049950448,
	"Wood Cape": 1.343230823612584,
	"Frosty Ear of a Troll": 1.3025359392666775,
	"Lightning Boots": 1.2866737363025804,
	"Furry Club": 1.2711050699846214,
	"Silver Amulet": 1.2426462144530914,
	"Shiny Stone": 1.239142676197306,
	"Tusk Shield": 1.2062336943044376,
	"Necrotic Rod": 1.19023151786254,
	"Voluminous Piece of Cloth": 1.1709548313321898,
	"Small Flask of Eyedrops": 1.1624076276070352,
	"Spellbook": 1.1532996708178334,
	"Ludicrous Piece of Cloth": 1.1435105774728416,
	"Ominous Piece of Cloth": 1.1069182389937107,
	"Shard": 1.1037430003462885,
	"Luminous Piece of Cloth": 1.1023441966838192,
	"Thorn": 1.0804837727312278,
	"Lightning Pendant": 1.0685013141006052,
	"Obvious Piece of Cloth": 1.0566037735849056,
	"Elven Astral Observer": 1.0143978584090005,
	"Book (Grey)": 0.9865970654627539,
	"Bag of Apple Slices": 0.9807773680710875,
	"Small Ruby": 0.975746727226722,
	"Dubious Piece of Cloth": 0.9651229273870783,
	"Glacier Kilt": 0.9576806172550854,
	"Green Tunic": 0.9485584053829179,
	"Clerical Mace": 0.945420270635871,
	"Battle Hammer": 0.9127448128513436,
	"Polar Bear Paw": 0.8859201968711549,
	"Red Piece of Cloth": 0.8264277715565509,