{
	"Gold Coin": 6344.752122408282,
	"Platinum Coin": 1825.7026137027326,
	"Flask of Demonic Blood": 592.0557726512494,
	"Meat": 499.17608830390475,
	"Great Mana Potion": 438.3753215609336,
	"Skull": 433.8583603705051,
	"Dagger": 368,
	"Banana": 211.11399607669165,
	"Demonic Essence": 199.437256789191,
	"Ham": 177.74288388365648,
	"Spear": 176.24520132888284,
	"Ultimate Health Potion": 163.8197327870804,
	"Scythe": 157.82277297170916,
	"Brown Bread": 135.86940015186028,
	"Dark Mushroom": 129.21128931048233,
	"Sabre": 108.15485556968571,
	"Fairy Wings": 106.48422873443035,
	"Small Stone": 97.05704486407177,
	"Magic Light Wand": 85.26197678731593,
	"Bone": 83.32303376308734,
	"Mystical Hourglass": 83.00584521861117,
	"Green Mushroom": 80.3323201911172,
	"Great Health Potion": 79.23505022971844,
	"Worm": 78.34636578776743,
	"Centipede Leg": 72.5539443645895,
	"Orange": 63.54234343045257,
	"Cheese": 61.648853381812934,
	"Girlish Hair Decoration": 60.74329723747338,
	"Terra Amulet": 56.68665815196298,
	"Lump of Dirt": 56.221900308359594,
	"Frazzle Tongue": 54.696285010373444,
	"Poison Arrow": 48.44113980867582,
	"Frazzle Skin": 47.777878630705395,
	"Dark Shield": 47.2723871872808,
	"Fish": 47.07022490082961,
	"Remains of a Fish": 46.02178423236514,
	"Slightly Rusted Armor": 41.316810848725744,
	"Garlic Necklace": 40.02806903146382,
	"Bat Wing": 37.78875540605478,
	"Torch": 35.45338069453319,
	"Leather Armor": 34.28112624144333,
	"Protective Charm": 32.41382905473834,
	"Mace": 28.26932240605623,
	"Chain Armor": 27.781961252442322,
	"Kongra's Shoulderpad": 27.517594297844823,
	"Dragon Ham": 26.84665247485912,
	"Big Bone": 25.980766474666957,
	"Fish Fin": 23.592586288483776,
	"Piece of Iron": 22.93519839211618,
	"Hand Axe": 21.894217073688733,
	"Orichalcum Pearl": 21.887951351996602,
	"Sword": 21.883417071740503,
	"Assassin Star": 21.06948816015698,
	"Red Gem": 20.54768250218508,
	"Leather Boots": 20.196876352013835,
	"Red Apple": 19.435848400556328,
	"Underworld Rod": 18.254141279286344,
	"Wild Flowers": 18.191887449079097,
	"White Mushroom": 17.511906939029082,
	"Banana Sash": 17.108976514573484,
	"Lamassu Horn": 17.01873198847262,
	"Glob of Glooth": 16.962874064791382,
	"Hunting Spear": 16.51648061391522,
	"Short Sword": 15.395281368718319,
	"Cleaver": 15.30011819978744,
	"Strong Health Potion": 15.26873761710864,
	"Soul Orb": 15.192686647296888,
	"Terra Boots": 14.92422787530242,
	"Leather Helmet": 14.859206041092017,
	"Nightmare Blade": 14.632530190796668,
	"Jalapeno Pepper": 14.049659201557937,
	"Red Crystal Fragment": 13.741719340210043,
	"Violet Crystal Shard": 13.579250720461095,
	"Silver Amulet": 13.026515606039649,
	"Blue Crystal Shard": 12.998559077809798,
	"Iron Ore": 12.853271157914202,
	"Rope": 12.42479428428818,
	"Dandelion Seeds": 12.37400261869027,
	"Swampling Moss": 12.169134806220148,
	"Mutated Flesh": 12.16891326758865,
	"Rat Cheese": 12.162515176463721,
	"Piece of Scarab Shell": 11.866758184616664,
	"Soft Cheese": 11.543749730822949,
	"Silencer Claws": 11.508310605670765,
	"Cookie": 10.868128801337642,
	"Colourful Snail Shell": 10.72001707787596,
	"Fresh Fruit": 10.527795608224489,
	"Small Emerald": 10.349624780600163,
	"Sphinx Feather": 10.226863268079109,
	"Wooden Shield": 10.194423198335622,
	"Lamassu Hoof": 10.05043227665706,
	"Cyclops Toe": 9.729401850091458,
	"Terra Rod": 9.682571662212954,
	"Throwing Knife": 9.185028698979592,
	"Piece of Swampling Wood": 9.10922335390722,
	"Opal": 9.033068471670711,
	"Heavy Old Tome": 8.379455521950335,
	"Terra Hood": 8.30835734870317,
	"Sphinx Tiara": 8.254239847013235,
	"Magma Amulet": 8.247244728498817,
	"Studded Club": 8.20790437573855,
	"Spider Silk": 8.146509129967777,
	"Rainbow Quartz": 7.906793321109817,
	"Blue Gem": 7.902674121281111,
	"Green Gem": 7.518249793989991,
	"Bolt": 7.153392135321418,
	"Carrot": 7.086811787687759,
	"Earflap": 6.941479315337253,
	"Bola": 6.889515892098689,
	"Ape Fur": 6.77941690447461,
	"Shadow Herb": 6.727694730570743,
	"Carrion Worm Fang": 6.592749318468487,
	"Carniphila Seeds": 6.485914528800079,
	"Cheese Cutter": 6.401898761927645,
	"Flask of Embalming Fluid": 6.292509220399339,
	"Small Amethyst": 6.273386500220504,
	"Shimmering Beetles": 6.2134367844650615,
	"Coconut": 6.180865301926517,
	"Fishbone": 6.140816167746203,
	"Essence of a Bad Dream": 6.136178380347371,
	"Glacier Kilt": 5.955576338555062,
	"Poison Dagger": 5.944378126590316,
	"Hatchet": 5.916803689383362,
	"Slime Heart": 5.826057298772169,
	"Strong Mana Potion": 5.7832831919165395,
	"Protection Amulet": 5.739195873178733,
	"Pelvis Bone": 5.703370061703596,
	"Arrow": 5.693807787811132,
	"Strange Talisman": 5.610552412372671,
	"Wood": 5.5976773215499325,
	"Small Sapphire": 5.550529633813463,
	"Small Topaz": 5.5325457500892155,
	"Scale Armor": 5.521913659144761,
	"Gauze Bandage": 5.205869261096273,
	"Leaf Star": 5.149314217280882,
	"Plate Armor": 5.068732438318098,
	"Poisoned Fang": 4.9993178717598905,
	"Plate Shield": 4.9618230552201865,
	"Magma Boots": 4.9245634341502695,
	"White Pearl": 4.924374164277303,
	"Onyx Chip": 4.913544668587896,
	"Axe": 4.7563408390443405,
	"Slightly Rusted Legs": 4.736611489776047,
	"Swampling Club": 4.63009166289852,
	"Haunted Blade": 4.5697010240312865,
	"Viking Helmet": 4.491970711874844,
	"Green Crystal Fragment": 4.288184438040346,
	"Stealth Ring": 4.2629146042317805,
	"Lightning Headband": 4.246036938251724,
	"Melon": 4.015295442496453,
	"Health Potion": 3.9065526851116896,
	"Steel Shield": 3.900635819141853,
	"Green Crystal Splinter": 3.8861671469740635,
	"Scythe Leg": 3.885139009101617,
	"Leather Legs": 3.8514308615274433,
	"Cape": 3.795607638395551,
	"Star Herb": 3.7424736374084384,
	"Wolf Tooth Chain": 3.452539767250758,
	"Lightning Pendant": 3.3675135173178044,
	"Death Ring": 3.3562739531680075,
	"Battle Shield": 3.265217877879824,
	"Crossbow": 3.243521337585314,
	"Piece of Crocodile Leather": 3.2053637733126816,
	"Morning Star": 3.1038423017390513,
	"Studded Armor": 3.0815391579729448,
	"Crab Pincers": 2.997932460372157,
	"Skullcracker Armor": 2.977788169277531,
	"Wand of Defiance": 2.9309546575411405,
	"Shadow Sceptre": 2.8454732482717966,
	"Grapes": 2.8313142725052742,
	"Wand of Starstorm": 2.8191068071476524,
	"Magma Monocle": 2.7910522872527803,
	"Glorious Axe": 2.7662738640456954,
	"Silver Brooch": 2.7393040587539446,
	"Sacred Tree Amulet": 2.7112630388191126,
	"Rotten Piece of Cloth": 2.649864184886672,
	"Beetroot": 2.6289443775416386,
	"Scarab Coin": 2.611423104122468,
	"Cherry": 2.5881172769139575,
	"Dragon's Tail": 2.5670721732916637,
	"Burst Arrow": 2.5511698876689755,
	"Cobra Tongue": 2.5409718228867164,
	"Elven Amulet": 2.494294536109376,
	"Terra Legs": 2.4758915247259816,
	"Bunch of Troll Hair": 2.448369463767042,
	"Combat Knife": 2.444998980279113,
	"Viper Star": 2.394270122783083,
	"Witch Broom": 2.392310947228435,
	"Studded Helmet": 2.392172183729796,
	"Terra Mantle": 2.370998925886144,
	"Glooth Spear": 2.370799646646747,
	"Diamond Sceptre": 2.347052699538009,
	"Violet Gem": 2.322766570605187,
	"Red Piece of Cloth": 2.234694066141899,
	"Goat Grass": 2.204385064906098,
	"Terramite Legs": 2.096607541856013,
	"Winter Wolf Fur": 2,
	"Bone Shield": 1.9617223620521944,
	"Halberd": 1.9458970249690164,
	"Studded Legs": 1.8625060945880059,
	"Boots of Haste": 1.8492448441670795,
	"Mouldy Cheese": 1.8212703101920236,
	"Striped Fur": 1.7627118644067796,
	"Voluminous Piece of Cloth": 1.7355223392959243,
	"Small Ruby": 1.7285262821031315,
	"Small Diamond": 1.701796901636938,
	"Ludicrous Piece of Cloth": 1.6948460344686758,
	"Studded Shield": 1.681436037264258,
	"Ominous Piece of Cloth": 1.6406109613656785,
	"Luminous Piece of Cloth": 1.6338315772278036,
	"Tribal Mask": 1.604383512894443,
	"Corncob": 1.5969227760211233,
	"Obvious Piece of Cloth": 1.5660377358490565,
	"Brass Shield": 1.561829869851164,
	"Wyvern Talisman": 1.5618297587131367,
	"Double Axe": 1.5533529457149466,
	"Poisonous Slime": 1.5145454832836596,
	"Sling Herb": 1.5124841963333304,