{
	"Gold Coin": 2670.8771920055547,
	"Platinum Coin": 1164.070872452412,
	"Great Health Potion": 362.22972173528433,
	"Meat": 322.9916843764949,
	"Bone": 311.4514947019366,
	"Worm": 242.7321124911793,
	"Skull": 193.20496686043194,
	"Dragon Ham": 183.61999471510975,
	"Dagger": 167.53056495547102,
	"Axe": 122.63525597381103,
	"Rotten Piece of Cloth": 118.94945896602395,
	"Werehyaena Nose": 118.59307359307358,
	"Knife": 110.78931412397549,
	"Spear": 102.74224741992921,
	"Torch": 94.5962939468436,
	"Halberd": 89.9960596377794,
	"Red Crystal Fragment": 77.91482574254039,
	"Rare Earth": 71.34170274170275,
	"Flask of Embalming Fluid": 61.59398448429353,
	"Brown Bread": 61.14123006833713,
	"Coal": 53.49997205603948,
	"Gauze Bandage": 50.95745103650006,
	"Sabre": 48.98716966893525,
	"Red Gem": 48.72597648301354,
	"Pelvis Bone": 46.59476134774864,
	"Combat Knife": 44.99057127183515,
	"Great Mana Potion": 44.80655752385698,
	"Glob of Acid Slime": 44.73708513708514,
	"Yellow Gem": 44.5136106859215,
	"Viking Helmet": 44.2361737237873,
	"Small Stone": 42.5947573925519,
	"Life Preserver": 42.24941724941725,
	"Ghoul Snack": 41.520773032907336,
	"Small Enchanted Amethyst": 38.86946386946387,
	"Small Amethyst": 36.55367103571681,
	"Poisonous Slime": 36.47837578014932,
	"Stonerefiner's Skull": 35.903318903318905,
	"Hatchet": 35.01457191688313,
	"Bolt": 32.581384353917635,
	"White Mushroom": 31.544671578480383,
	"Magic Light Wand": 30.788900546865065,
	"Girlish Hair Decoration": 30.483492797196817,
	"Heavy Old Tome": 29.098587216031103,
	"Green Crystal Splinter": 28.26604569598699,
	"Green Crystal Fragment": 27.41762656660904,
	"Stone Wing": 27.360962566844922,
	"Crossbow": 26.707308709349824,
	"Chain Armor": 26.632774624126895,
	"Half-Digested Stones": 26.329100529100526,
	"Steel Shield": 25.524050367300553,
	"Ratana": 25.34965034965035,
	"Strange Talisman": 25.343189622281574,
	"Mace": 25.159363469753718,
	"Fish": 23.62007250930892,
	"Potato": 22.620320855614974,
	"Silver Brooch": 19.98244149815592,
	"Dragon's Tail": 18.966529948678918,
	"Rat Cheese": 18.614622414622417,
	"Glob of Glooth": 18.181248901377565,
	"Brown Crystal Splinter": 17.77560042697029,
	"Striped Fur": 16.647541947014318,
	"Small Topaz": 16.602096021126073,
	"Strong Health Potion": 16.593279150446378,
	"Protective Charm": 16.254773144173285,
	"Piece of Warrior Armor": 15.982315499399144,
	"Orc Leather": 15.362464874567479,
	"Small Enchanted Emerald": 15.357142857142856,
	"Ham": 14.880465074985137,
	"Burst Arrow": 14.093047944638863,
	"Plate Armor": 13.352841658138379,
	"Sword Ring": 13.342644049088218,
	"Red Apple": 12.705146036161334,
	"Hunting Spear": 12.489807291551907,
	"Scale Armor": 11.433453647543761,
	"Bony Tail": 11.343847735641528,
	"Minotaur Horn": 11.302084409014853,
	"Small Sapphire": 10.927575887085167,
	"Sword": 10.89772944030159,
	"Wand of Starstorm": 10.77337876657906,
	"Protection Amulet": 10.592986108320478,
	"Longsword": 9.80248327272389,
	"Small Emerald": 9.620790043355042,
	"Small Ruby": 9.599807549690349,
	"Doublet": 9.214285714285714,
	"Hailstorm Rod": 9.214285714285714,
	"Sabretooth": 8.963795255930087,
	"Plate Shield": 8.870455811380976,
	"Cookie": 8.522389903783967,
	"Minotaur Leather": 8.514385554386967,
	"Bone Club": 8.376382749945243,
	"Crystal Ring": 8.308162811099258,
	"Broken Helmet": 8.223219201998361,
	"Pile of Grave Earth": 8.095471345237565,
	"Brown Piece of Cloth": 8.059491472592065,
	"Cheese": 7.7247337559714095,
	"Black Shield": 7.0734021002525385,
	"Shrimp": 6.966112536696757,
	"Steel Helmet": 6.938500624405145,
	"Half-Digested Piece of Meat": 6.911267691291845,
	"Life Ring": 6.8755249347754885,
	"Small Diamond": 6.707955081568869,
	"Leather Legs": 6.421219121971176,
	"Green Mushroom": 6.371378286520802,
	"Slime Heart": 6.214461118690314,
	"Black Pearl": 6.185968334398764,
	"Strong Mana Potion": 6.143722880400522,
	"Wand of Voodoo": 6.142857142857142,
	"Wolf Tooth Chain": 6.012572428231859,
	"Leather Helmet": 5.824299382099189,
	"Small Axe": 5.414911403151223,
	"Poisoned Fang": 5.3326057298772165,
	"Short Sword": 5.3308609894854335,
	"Throwing Star": 5.265440583493223,
	"Royal Spear": 5.230875337235965,
	"Morning Star": 5.141173292771614,
	"Banana": 5.076923076923077,
	"Werehyaena Talisman": 5.06993006993007,
	"Orcish Gear": 4.942948742709259,
	"Yellow Piece of Cloth": 4.818604540251812,
	"Studded Armor": 4.730042551007274,
	"Arrow": 4.717005944827533,
	"Orc Tooth": 4.6585099737513005,
	"Brass Shield": 4.557636988704132,
	"Leather Armor": 4.50915349988107,
	"Double Axe": 4.484784619653901,
	"Strawberry": 4.475935828877005,
	"Copper Shield": 4.287008075604103,
	"Two Handed Sword": 4.238787970483689,
	"Plate Legs": 4.205511357518202,
	"Pick": 4.162196051434613,
	"Battle Shield": 3.983519760903259,
	"Bone Shield": 3.9757061809611747,
	"Voluminous Piece of Cloth": 3.8683329249366984,
	"Ludicrous Piece of Cloth": 3.7776688720084945,
	"Violet Crystal Shard": 3.6762515641090943,
	"Ominous Piece of Cloth": 3.656783468104223,
	"Luminous Piece of Cloth": 3.641672792616189,
	"Quara Tentacle": 3.6274616554339456,
	"Broadsword": 3.6111659572763997,
	"Book (Gemmed)": 3.548550941141321,
	"Quara Bone": 3.5317656273945546,
	"Obvious Piece of Cloth": 3.490566037735849,
	"Battle Axe": 3.4025328813333378,
	"Quara Eye": 3.367304804804805,
	"Studded Helmet": 3.3424255003433796,
	"Throwing Knife": 3.279294376951899,
	"Letter": 3.26302461092125,
	"Dubious Piece of Cloth": 3.1883525279751694,
	"Studded Legs": 3.16626036079961,
	"Opal": 3.1458837203437127,
	"Iron Helmet": 3.1303219511375646,
	"Soldier Helmet": 3.0766761132800884,
	"Poison Dagger": 3.070480222877279,
	"Corncob": 3.052720792148539,
	"Small Enchanted Sapphire": 2.9220423412204233,
	"Leather Boots": 2.9004688141618016,
	"Power Bolt": 2.896466544807042,
	"Broken Shamanic Staff": 2.8518518518518516,
	"Brown Mushroom": 2.7954487423655494,
	"Witch Broom": 2.791029438433174,
	"Rotten Meat": 2.767183033736175,
	"Cape": 2.7598982988132383,
	"Hand Axe": 2.72279792746114,
	"Health Potion": 2.722696441023685,
	"Glooth Spear": 2.7166218248149234,
	"Shovel": 2.671181338438198,
	"War Hammer": 2.610350577459098,
	"Quara Pincers": 2.5771562925380525,
	"Viper Star": 2.553888130968622,
	"Star Herb": 2.515988635676721,
	"Piercing Bolt": 2.3375225539998867,
	"Shadow Herb": 2.3230663834347367,
	"Onyx Chip": 2.2349392437069615,
	"Brass Armor": 2.1890572846368883,
	"Shamanic Hood": 2.101851851851852,
	"Energy Ring": 1.9781894233642068,
	"Skull Belt": 1.9452566310885582,
	"Scimitar": 1.9230548716474345,
	"Wand of Inferno": 1.8713098337498442,
	"Terra Rod": 1.7841283675280275,
	"Green Dragon Scale": 1.7725546917374795,
	"Rotten Feather": 1.7715963097567793,
	"Bone Sword": 1.754561990371184,
	"Green Dragon Leather": 1.7386935971278767,
	"Carrot": 1.7275641754553348,
	"Kongra's Shoulderpad": 1.6923076923076923,
	"Broken Crossbow": 1.6835061326827947,
	"Brass Helmet": 1.667824143477726,
	"Orcish Axe": 1.5603088619258834,
	"Werehyaena Trophy": 1.5357142857142856,
	"Moohtant Horn": 1.518781425613724,
	"Cobra Crest": 1.5000981065728376,
	"Silky Fur": 1.4528342708784074,
	"Cleaver": 1.4400111246858767,
	"Gold-Brocaded Cloth": 1.4346573191974366,
	"Lump of Dirt": 1.4005455592829792,
	"Glooth Axe": 1.3856506131969641,
	"Glooth Club": 1.3140387268268119,
	"Bow": 1.3124390924495162,
	"Execowtioner Mask": 1.3035851669487613,
	"Fish Fin": 1.2867907678844122,
	"Guardian Shield": 1.2539098028793374,
	"Rope": 1.2518197973233998,
	"Red Piece of Cloth": 1.240212684496454,
	"Machete": 1.213060573495965,
	"Wyvern Talisman": 1.2014075067024128,
	"Golden Mug": 1.2001792650134449,
	"Glooth Blade": 1.1927988304060015,
	"Hardened Bone": 1.1677490316101573,
	"Studded Shield": 1.1433765053396954,
	"Glooth Steak": 1.1306957708049112,
	"Giant Pacifier": 1.1209701271813073,
	"Snakebite Rod": 1.0991273483425714,
	"Sickle": 1.0933929758810372,
	"Piece of Marble Rock": 1.0828877005347595,
	"Centipede Leg": 1.0175868774837236,
	"Roll": 0.9970597946421849,