{
	"Gold Coin": 2865.4742015180273,
	"Platinum Coin": 892.4837662981479,
	"Meat": 246.3742667965982,
	"Scroll": 127.05167746378925,
	"Bone": 99.42858541742734,
	"Great Health Potion": 90.52872599763369,
	"Worm": 85.63062224753574,
	"Arrow": 77.58990272812377,
	"Ham": 64.99650929150293,
	"Bolt": 60.26067650837007,
	"Grapes": 58.57270791666846,
	"Red Rose": 56.80351630653603,
	"Tainted Glooth Capsule": 52.35220369940993,
	"Great Mana Potion": 50.300115046185354,
	"Glooth Bag": 48.41214339563413,
	"Cheese": 44.41766125471112,
	"Scroll of Heroic Deeds": 41.07550390700544,
	"Crossbow": 39.22013898215185,
	"Bow": 36.77769469294405,
	"Throwing Star": 32.18467404578305,
	"Sniper Arrow": 32.14622198362636,
	"Skull": 31.53751702522002,
	"Rare Earth": 29.89177489177489,
	"Short Sword": 25.84830121911981,
	"Great Spirit Potion": 23.364829471640856,
	"Coal": 23.269962206366746,
	"Wedding Ring": 23.26018964614867,
	"Ultimate Health Potion": 23.04638426386825,
	"Scimitar": 22.512051419389394,
	"Green Tunic": 22.505895798334066,
	"Two Handed Sword": 21.384892009678467,
	"Fairy Wings": 20.94906193243438,
	"Glooth Capsule": 20.048059690895307,
	"Cyclops Toe": 18.858639895811173,
	"Glob of Acid Slime": 18.744588744588743,
	"Small Ruby": 17.52517523969095,
	"Blue Glass Plate": 17.105118326912493,
	"Piece of Crocodile Leather": 17.02849504572362,
	"Glooth Steak": 16.63671446644512,
	"Small Emerald": 16.48954602074976,
	"Glooth Sandwich": 16.13907391795175,
	"Axe": 15.694106489008215,
	"Stonerefiner's Skull": 15.043290043290042,
	"Book of Necromantic Rituals": 15.011205543225246,
	"Poisonous Slime": 14.624819624819626,
	"Red Piece of Cloth": 13.955836986593635,
	"Plate Armor": 13.78837782073097,
	"Torch": 12.23309949195724,
	"Incantation Notes": 11.797488226059654,
	"Lancet": 11.797488226059654,
	"Blood Tincture in a Vial": 11.486656200941916,
	"Dragon Ham": 11.296107723370806,
	"Rat Cheese": 11.21363278716457,
	"Halberd": 11.077283515537586,
	"Half-Digested Stones": 11.03174603174603,
	"Broken Gladiator Shield": 10.910551687198714,
	"Brass Legs": 10.89227975852266,
	"Belted Cape": 10.878414568826996,
	"War Hammer": 10.804722753022556,
	"Dark Armor": 10.772128060263654,
	"Brass Armor": 10.371740946363436,
	"Small Notebook": 10.301595486447052,
	"Plate Shield": 10.13595052041362,
	"Frazzle Tongue": 10.072549273858922,
	"Hunting Spear": 9.723332625009458,
	"Bony Tail": 9.652221318923054,
	"Small Amethyst": 9.571822277281523,
	"Fish": 9.46569759019689,
	"Small Topaz": 9.260906336924052,
	"Ice Rapier": 9.054259212951946,
	"Heavy Old Tome": 8.942464721664589,
	"Frazzle Skin": 8.798495850622407,
	"Remains of a Fish": 8.475103734439834,
	"Green Glass Plate": 8.177024482109228,
	"Horoscope": 7.982731554160125,
	"Strong Mana Potion": 7.811149399884893,
	"Rotten Piece of Cloth": 7.802377877721868,
	"Rope": 7.0612574687505,
	"Blue Crystal Splinter": 7.0508474576271185,
	"Small Diamond": 7.004759253598164,
	"Battle Shield": 6.554529363558982,
	"Glooth Spear": 6.549999558840064,
	"Glooth Axe": 6.53945220733785,
	"Glooth Club": 6.528088426306648,
	"Glooth Blade": 6.507849776992242,
	"Glooth Amulet": 6.41072687780661,
	"Small Sapphire": 6.280143983969625,
	"Beetroot": 6.065771709992136,
	"Pieces of Magic Chalk": 6.004709576138147,
	"Sword": 5.996609651864875,
	"Pelvis Bone": 5.798779204378025,
	"Voluminous Piece of Cloth": 5.47839581801846,
	"Ludicrous Piece of Cloth": 5.349995916033651,
	"Brown Crystal Splinter": 5.337099811676083,
	"Crown Armor": 5.190008864284746,
	"Ominous Piece of Cloth": 5.178796046720575,
	"Luminous Piece of Cloth": 5.15739606305644,
	"Viking Helmet": 5.065701971073003,
	"Scarf": 4.9623880963152,
	"Obvious Piece of Cloth": 4.943396226415095,
	"Poison Arrow": 4.94321040946826,
	"Plate Legs": 4.899046162952177,
	"Giant Shimmering Pearl (Green)": 4.817196224655295,
	"Bone Club": 4.814050021519774,
	"Terra Boots": 4.581627515774022,
	"Big Bone": 4.547004668049793,
	"Spear": 4.546426250863039,
	"Guardian Shield": 4.532626755541557,
	"Dubious Piece of Cloth": 4.515396553132402,
	"Rubber Cap": 4.45250284916928,
	"Terra Hood": 4.390652511936967,
	"Lyre": 4.3810226815192586,
	"Fish Fin": 4.332339211618257,
	"Crown Legs": 4.289758968494816,
	"Piece of Iron": 4.22361255186722,
	"Assassin Star": 4.192126891624196,
	"Terra Mantle": 4.11286880770537,
	"Protection Amulet": 4.065345474022496,
	"Fire Sword": 3.9816947492449195,
	"Terra Legs": 3.82377435855037,
	"Dark Helmet": 3.650848449013893,
	"Crown Helmet": 3.6446986382866875,
	"Mace": 3.62845419969999,
	"Magic Light Wand": 3.473395784013258,
	"Soft Cheese": 3.357944666729543,
	"Hatchet": 3.1089595172946045,
	"Spellbook": 3.052671888214062,
	"Strong Health Potion": 2.9192599797237144,
	"Hand Axe": 2.917283493708364,
	"Health Potion": 2.81514323683883,
	"Warrior Helmet": 2.814978391670325,
	"Leather Helmet": 2.7928185241206194,
	"Terra Amulet": 2.7687295076283434,
	"Green Gem": 2.768524153086571,
	"Might Ring": 2.7505073328596565,
	"Ghoul Snack": 2.7235160529011,
	"Pirate Coin": 2.699868404133726,
	"Beastslayer Axe": 2.650728684225789,
	"Scarab Coin": 2.584281992812372,
	"Green Mushroom": 2.541013713914907,
	"Warwolf Fur": 2.4771620990864838,
	"White Piece of Cloth": 2.4769106201092,
	"Morning Star": 2.40689510284458,
	"Mystic Turban": 2.3964750356375975,
	"Iron Ore": 2.3585321576763487,
	"Crystal Sword": 2.3113012020996138,
	"Leather Boots": 2.287928668127031,
	"Crab Pincers": 2.1984838042729153,
	"Cheese Cutter": 2.11836398524967,
	"Silencer Claws": 2.0924201101219575,
	"Leather Legs": 2.0762160670204386,
	"Bola": 2.052921692327879,
	"Earflap": 2.0205169480252496,
	"Bone Shield": 2.0076323466118313,
	"Scarab Pincers": 2.004979583706802,
	"Black Pearl": 1.9810173052789302,
	"Blue Robe": 1.9366173635090311,
	"Battle Hammer": 1.9252925358838657,
	"Glooth Cape": 1.9193517651640057,
	"Knife": 1.9120194966106208,
	"Pirat's Tail": 1.8324817965290763,
	"Rainbow Quartz": 1.8116760828625236,
	"Tarantula Egg": 1.7940113762386862,
	"Flaming Arrow": 1.7714055469746826,
	"Brass Shield": 1.7654287516659521,
	"Giant Shimmering Pearl (Brown)": 1.7105118326912494,
	"Glorious Axe": 1.7049401722090387,
	"Skull Staff": 1.649749461477122,
	"Talon": 1.6359407376014619,
	"Knight Axe": 1.6282239407416972,
	"Shimmering Beetles": 1.6033431054202216,
	"Dagger": 1.6,
	"Steel Shield": 1.5689757363780348,
	"Wolf Tooth Chain": 1.5495276968771936,
	"Crown Shield": 1.521527084465014,
	"Piece of Scarab Shell": 1.4582033362452682,
	"White Pearl": 1.4490540738670925,
	"Battle Axe": 1.4486186832133725,
	"Violet Gem": 1.4331315354980738,
	"Prismatic Quartz": 1.4095950004625966,
	"Combat Knife": 1.4014606193411345,
	"Glacier Amulet": 1.3709981167608285,
	"Wooden Shield": 1.3686927421038084,
	"Shadow Herb": 1.3123463534553401,
	"Cookie": 1.2665446231262891,
	"Flask of Embalming Fluid": 1.2100979269998728,
	"Werebadger Claws": 1.193656466383739,
	"Knight Legs": 1.1801029897265167,
	"Studded Club": 1.1710801561167976,
	"Brown Mushroom": 1.1470653262395651,
	"Werebadger Skull": 1.1159258431985706,
	"Crowbar": 1.0951481815942863,
	"Wolf Paw": 1.0903949787346108,
	"Demonic Skeletal Hand": 1.077766101186008,
	"Red Gem": 1.0724959120702544,
	"Scarab Amulet": 1.0224745211300337,
	"Elvish Talisman": 1.0106717195227115,
	"Badger Fur": 1.0105532459226094,
	"Gauze Bandage": 1.0011287040569756,
	"Hardened Bone": 0.9936110181244322,
	"Mana Potion": 0.9879087600142874,
	"Dragon's Tail": 0.9873354512660244,
	"Longsword": 0.9282306862164075,
	"Shark Fins": 0.9214350217551924,
	"Fur Armor": 0.9130624383911252,
	"Spider Fangs": 0.8921341415388362,
	"Stealth Ring": 0.8884223093041914,
	"Piggy Bank": 0.8756067106204416,
	"Platinum Amulet": 0.8738034740416725,
	"Melon": 0.8724089281192345,
	"Old Rag": 0.8647321014708436,
	"Lightning Pendant": 0.832391713747646,
	"Haunted Blade": 0.8308547316420521,
	"Red Crystal Fragment": 0.8177752480078061,
	"Cape": 0.8069516525539471,
	"Troll Green": 0.8060124272181315,
	"Burst Arrow": 0.7979268366178509,