{
	"Gold Coin": 5513.154892772927,
	"Platinum Coin": 4178.515221004285,
	"Great Health Potion": 716.0476810774383,
	"Meat": 662.7843069636784,
	"Flask of Demonic Blood": 637.1473541477253,
	"Soul Orb": 517.1313090908245,
	"Dragon Ham": 495.9185363679742,
	"Golden Lotus Brooch": 451.5496061762068,
	"Demonic Essence": 418.128264447417,
	"Skull": 394.9839008052158,
	"Dagger": 389.6,
	"Peacock Feather Fan": 384.6905547900908,
	"Ham": 257.31670569385653,
	"Great Mana Potion": 200.25779833678493,
	"Spear": 178.75441775461246,
	"Small Ruby": 166.59022457914168,
	"Assassin Star": 158.31960570314547,
	"Small Diamond": 157.9066071194957,
	"Brown Bread": 143.84434320425208,
	"Small Topaz": 129.39036054877437,
	"Axe": 129.22492275047762,
	"Werehyaena Nose": 124.67748917748918,
	"Small Emerald": 123.70069440924091,
	"Knife": 122.3838115551263,
	"Small Sapphire": 115.93458267161883,
	"Sabre": 115.19505988233156,
	"White Pearl": 106.22862219271228,
	"Halberd": 93.59030398858484,
	"Red Crystal Fragment": 88.20924000634267,
	"Hellspawn Tail": 86.15443577004967,
	"Small Amethyst": 84.56253372869807,
	"Red Gem": 72.66275370784584,
	"Silver Brooch": 69.95899216895947,
	"Black Pearl": 65.39215990373185,
	"Girlish Hair Decoration": 65.20585961054911,
	"Yellow Gem": 63.155335545325975,
	"Worm": 57.48274138694631,
	"Cheese": 53.07108190909208,
	"Life Preserver": 49.708010591217395,
	"Combat Knife": 49.25461456962413,
	"Green Mushroom": 48.95801073665672,
	"Rat Cheese": 48.63893789317715,
	"Soft Cheese": 48.262255087690896,
	"Battle Shield": 47.66346159396636,
	"Morning Star": 46.19295779703851,
	"Red Piece of Cloth": 44.31092896174864,
	"Ultimate Health Potion": 44.06480727474219,
	"Necrotic Rod": 43.657071142842995,
	"Mystic Turban": 42.61967213114754,
	"Small Enchanted Amethyst": 42.5225941135032,
	"Wolf Tooth Chain": 37.91464858553935,
	"Gloom Wolf Fur": 36.28454916175804,
	"Tribal Mask": 35.92335991588207,
	"Book (Gemmed)": 35.86773836189084,
	"Protective Charm": 34.791772192670365,
	"Red Mushroom": 33.91185237757275,
	"Chain Armor": 33.7155647608606,
	"Ratana": 31.280652107482563,
	"Green Crystal Fragment": 30.981604148050753,
	"Earflap": 29.262610031580433,
	"Bola": 27.71961130224193,
	"Cheese Cutter": 26.017211144630906,
	"Power Bolt": 24.463621096546767,
	"Red Apple": 21.70462447844228,
	"Green Crystal Splinter": 21.6802353506244,
	"Silver Amulet": 20.50440949554779,
	"Energy Ring": 20.093218299584258,
	"Bolt": 19.713280232929414,
	"Mysterious Fetish": 18.690165192326045,
	"Wand of Inferno": 18.47508309993136,
	"Winter Wolf Fur": 18,
	"Beetroot": 17.944020513045427,
	"Strong Health Potion": 16.461997843817482,
	"Wolf Paw": 16.113816689156895,
	"Focus Cape": 15.922445269187723,
	"Hunting Spear": 15.682649133284485,
	"Torch": 15.606992836437877,
	"Small Enchanted Emerald": 14.881972789115645,
	"Arrow": 14.815889969524328,
	"Hand Axe": 14.780903034789045,
	"Cookie": 14.715361348180256,
	"Bone": 14.38313873955913,
	"Ruby Necklace": 13.868306010928963,
	"Rusted Armor": 13.368537176378686,
	"Leather Boots": 13.351654798267019,
	"Knight Legs": 13.248119233498937,
	"Brown Crystal Splinter": 13.232142857142856,
	"Underworld Rod": 12.782970870449429,
	"Oriental Shoes": 12.766282372128337,
	"Protection Amulet": 12.452000339530617,
	"Ice Cube": 12.417117702244353,
	"Golden Mug": 12.414293106425596,
	"Leather Helmet": 12.146933077656984,
	"Sword Ring": 11.761904761904761,
	"Flask of Embalming Fluid": 11.737949891898767,
	"Blue Gem": 11.713599818118164,
	"Wand of Starstorm": 11.38144463284323,
	"Leather Armor": 10.818104860512927,
	"Lump of Dirt": 10.704169631662769,
	"Strong Mana Potion": 10.296158336576003,
	"Short Sword": 9.94662905543942,
	"Crystal Ring": 9.803444240261708,
	"Gauze Bandage": 9.710948429352664,
	"Crossbow": 9.5413864301117,
	"Magma Coat": 9.47103825136612,
	"Royal Spear": 9.028337661740709,
	"Doublet": 8.821428571428571,
	"Hailstorm Rod": 8.821428571428571,
	"Burst Arrow": 8.671052085748038,
	"Wyrm Scale": 8.537283784609743,
	"Mace": 8.201361119731473,
	"Small Stone": 8.165353222628765,
	"Blue Robe": 8.018296169239566,
	"Opal": 7.654449715651032,
	"Warrior Helmet": 7.58120674927422,
	"Frosty Heart": 7.536517419614687,
	"Heavy Old Tome": 7.480998964150155,
	"Steel Shield": 7.464433156103457,
	"Plate Shield": 6.604283847818863,
	"Rope": 6.491173554888412,
	"Stone Wing": 6.480227976358008,
	"Cyclops Toe": 6.426309980403228,
	"Death Ring": 6.088524590163934,
	"Black Shield": 6.058286095819479,
	"Magic Light Wand": 6.018433026018367,
	"Wand of Voodoo": 5.9682876501058315,
	"Assassin Dagger": 5.679626453211359,
	"Brown Mushroom": 5.518452301915718,
	"Piercing Bolt": 5.50169326709807,
	"Werehyaena Talisman": 5.496503496503497,
	"Potato": 5.357444413171968,
	"Poison Arrow": 5.201291233424521,
	"Rotten Piece of Cloth": 5.152513692835196,
	"White Mushroom": 5.114358804347822,
	"Wooden Shield": 5.106188520862547,
	"Dragon's Tail": 4.936677256330122,
	"Witch Broom": 4.884301517258055,
	"Strange Talisman": 4.829645173597863,
	"Lamassu Horn": 4.803674351585014,
	"Warwolf Fur": 4.801509970465642,
	"Studded Club": 4.792776391233187,
	"Health Potion": 4.5598125136713845,
	"Berserk Potion": 4.558094055512007,
	"Cape": 4.502879548440084,
	"Shaggy Tail": 4.458161602607112,
	"Star Herb": 4.402980112434262,
	"Venison": 4.331463723538991,
	"Cleaver": 4.287103065575162,
	"Sword": 4.026505584283663,
	"Gold Ingot": 3.972268355392136,
	"Spiked Squelcher": 3.902942802908775,
	"Broken Helmet": 3.8853449009100958,
	"Violet Crystal Shard": 3.8328530259365996,
	"Studded Helmet": 3.829796873365238,
	"Shadow Herb": 3.8130496902232682,
	"Leather Legs": 3.797535897113683,
	"Grapes": 3.7878631331960726,
	"Fir Cone": 3.7363405644962233,
	"Spellbook of Mind Control": 3.687519488107178,
	"Blue Crystal Shard": 3.6689481268011526,
	"Scroll": 3.656911333791557,
	"Studded Armor": 3.655247420408725,
	"Cheesy Figurine": 3.6174761384501934,
	"Wereboar Hooves": 3.553692795650204,
	"Wereboar Tusks": 3.491164476665156,
	"Pelvis Bone": 3.467458874161805,
	"Werebadger Claws": 3.4317623408532496,
	"Werebadger Skull": 3.2082867991958905,
	"Throwing Knife": 3.0880699936224487,
	"Badger Fur": 3.0316597377678285,
	"Sphinx Feather": 3.01655679130391,
	"Skullcracker Armor": 3.006861063464837,
	"Dowser": 2.9827230149188075,
	"Cobra Crest": 2.8877212566802037,
	"Scimitar": 2.840912981591096,
	"Orc Leather": 2.840119793488362,
	"Lamassu Hoof": 2.8368155619596545,
	"Terra Amulet": 2.8368155619596545,
	"Blank Rune": 2.8109984923959486,
	"Longsword": 2.759121651748893,
	"Life Crystal": 2.7093170768645005,
	"Elven Hoof": 2.6794825402569207,
	"Studded Shield": 2.6230402181322425,
	"Melon": 2.6172267843577037,
	"Troll Green": 2.547722069887362,
	"Bow": 2.5289445810586413,
	"Studded Legs": 2.514383227693808,
	"Mana Potion": 2.4741208651801263,
	"Banana": 2.4452847252386487,
	"Sphinx Tiara": 2.434703839766494,
	"Magma Amulet": 2.4326405314277086,
	"Plate Armor": 2.3918708233726553,
	"Terra Hood": 2.345100864553314,
	"Elvish Talisman": 2.340999219052062,
	"Green Gem": 2.3050625811848744,
	"Poison Dagger": 2.2447118638810024,
	"Steel Helmet": 2.1814454687384934,
	"Fox Paw": 2.177403745003156,
	"Spike Shield": 1.9664581564126382,
	"Werebear Fur": 1.956205894562059,
	"Red Dragon Scale": 1.9453701362873757,
	"Elven Scouting Glass": 1.9184591234992152,
	"Werewolf Fangs": 1.9162433917279982,
	"Demonic Skeletal Hand": 1.916028624330681,
	"Sickle": 1.9134377077918152,
	"Werebear Skull": 1.8347862183478623,
	"Centipede Leg": 1.8316563794707026,
	"Throwing Star": 1.8191341057608938,
	"Strange Helmet": 1.8024599276344349,
	"Ghoul Snack": 1.798548336821481,
	"Fish": 1.791636210652484,
	"Leather Harness": 1.7884816484699968,
	"Double Axe": 1.7788445725213888,
	"Bread": 1.6695727670658034,
	"Viking Helmet": 1.5943584955694508,
	"Voluminous Piece of Cloth": 1.5891529853794004,
	"Shard": 1.586875466070097,
	"Ludicrous Piece of Cloth": 1.5519072122845707,
	"Machete": 1.5206998180598659,
	"Acorn": 1.513431403901503,