{
	"Gold Coin": 1372.7444126466487,
	"Platinum Coin": 264.368556054753,
	"Ham": 231.08535776121585,
	"Piece of Crocodile Leather": 96.16091319938045,
	"Meat": 93.94748824232015,
	"Bone": 40.610815722952786,
	"Fish": 33.13359688920783,
	"Worm": 31.151837762845137,
	"Fairy Wings": 26.263575721911444,
	"Skull": 23.660533906207874,
	"Spear": 20.583710506329282,
	"Crab Pincers": 18.787043418332185,
	"Hand Axe": 16.142301998519613,
	"Quara Tentacle": 13.451836972234215,
	"Shrimp": 12.131118013927544,
	"Carrion Worm Fang": 11.387476095536478,
	"Frazzle Tongue": 11.360898599585063,
	"Leather Boots": 11.266482045637336,
	"Great Mana Potion": 10.957922324247697,
	"Great Health Potion": 10.886588859313406,
	"Leather Helmet": 10.521725623673513,
	"Red Gem": 10.403864422011328,
	"Frazzle Skin": 9.923884854771783,
	"Remains of a Fish": 9.559128630705393,
	"Strong Health Potion": 9.270512271632791,
	"Lamassu Horn": 8.921109510086454,
	"White Mushroom": 8.836290162431634,
	"Lump of Dirt": 8.703390261258512,
	"Sphinx Feather": 8.166775703286195,
	"Dandelion Seeds": 7.730578030948452,
	"Cheese": 7.679083905032147,
	"Shimmering Beetles": 7.64572595515194,
	"Wild Flowers": 7.548978891994318,
	"Red Crystal Fragment": 7.36202332283359,
	"Longsword": 7.19291493795408,
	"Violet Crystal Shard": 7.118155619596542,
	"Rope": 6.81939304219097,
	"Blue Crystal Shard": 6.813760806916426,
	"Chain Armor": 6.694153890985222,
	"Sphinx Tiara": 6.591515273514166,
	"Magma Amulet": 6.585929243621358,
	"Fish Fin": 6.397565748595616,
	"Poison Arrow": 6.234013854819458,
	"Green Gem": 5.965879925519602,
	"Fresh Fruit": 5.766328403090805,
	"Blue Gem": 5.747010327563795,
	"Terra Amulet": 5.6172089672273975,
	"Big Bone": 5.420243858001996,
	"Leaf Star": 5.322069963744523,
	"Lamassu Hoof": 5.268371757925072,
	"Plate Armor": 5.1450517850544415,
	"Rainbow Quartz": 4.820867256274148,
	"Piece of Iron": 4.7638420643153525,
	"Wooden Shield": 4.676480752058266,
	"Opal": 4.621044184953278,
	"Scale Armor": 4.592020947334576,
	"Assassin Star": 4.530604053487808,
	"Brass Armor": 4.524602474327445,
	"Mace": 4.419332319086974,
	"Studded Club": 4.3909500252351386,
	"Terra Hood": 4.355187319884726,
	"Colourful Snail Shell": 4.307334751141569,
	"Quara Bone": 4.238118752873466,
	"Mantassin Tail": 4.198550353155616,
	"Rotten Piece of Cloth": 4.122010954268157,
	"White Pearl": 4.044066093096268,
	"Heavy Old Tome": 4.042095237968702,
	"Dagger": 4,
	"Small Emerald": 3.966213647004353,
	"Vampire Teeth": 3.9492664466373837,
	"Magma Boots": 3.9325650445372653,
	"Cookie": 3.8930884904562078,
	"Small Amethyst": 3.5743774547174936,
	"Plate Shield": 3.5683102222702927,
	"Torch": 3.4332538320611117,
	"Lightning Headband": 3.425927225983776,
	"Bony Tail": 3.2837453971593895,
	"Carrot": 3.2525106732098634,
	"Book of Necromantic Rituals": 3.1220580186097426,
	"Sword": 3.0669692687723535,
	"Small Stone": 3.0618786833140628,
	"Goat Grass": 2.998456528527457,
	"Demonic Skeletal Hand": 2.9937947255166892,
	"Health Potion": 2.741022298969565,
	"Wolf Tooth Chain": 2.723258950396218,
	"Iron Ore": 2.7044606728087666,
	"Lightning Pendant": 2.653364199084092,
	"Onyx Chip": 2.575648414985591,
	"Double Axe": 2.499962824840422,
	"Throwing Star": 2.497748085872992,
	"Blood Preservation": 2.4910251329921356,
	"Silencer Claws": 2.4799053157000976,
	"Orc Leather": 2.4207721763509773,
	"Orcish Gear": 2.3684962725481866,
	"Two Handed Sword": 2.347033768880151,
	"Wand of Defiance": 2.3405465250868103,
	"Halberd": 2.290538962855282,
	"Quara Pincers": 2.2797921049375076,
	"Green Crystal Fragment": 2.2478386167146978,
	"Magma Monocle": 2.2288259272306377,
	"Wand of Starstorm": 2.2288259272306377,
	"Gloom Wolf Fur": 2.226551880380607,
	"Small Diamond": 2.1374972143694664,
	"Battle Hammer": 2.0411471757693143,
	"Green Crystal Splinter": 2.0371037463976944,
	"Pelvis Bone": 2.031567699868765,
	"Black Pearl": 1.9711568675918367,
	"Battle Shield": 1.944065767043998,
	"Short Sword": 1.9034975855633052,
	"Bolt": 1.8912384312015695,
	"Panpipes": 1.8187491635812107,
	"Voluminous Piece of Cloth": 1.7146124315935636,
	"Bone Club": 1.7030860506462289,
	"Ludicrous Piece of Cloth": 1.6744262027280894,
	"Star Herb": 1.6294548873395311,
	"Ominous Piece of Cloth": 1.6208445642407907,
	"Luminous Piece of Cloth": 1.6141468594298782,
	"Tarantula Egg": 1.5946767788788323,
	"Hunting Spear": 1.585375124548792,
	"Studded Legs": 1.583130180399805,
	"Obvious Piece of Cloth": 1.5471698113207546,
	"Studded Helmet": 1.5434008892309945,
	"Brown Bread": 1.4768413059984815,
	"Broken Helmet": 1.457004337841286,
	"Cave Turnip": 1.4482758620689655,
	"Battle Axe": 1.4441400250539935,
	"Ghoul Snack": 1.4388386694571849,
	"Dubious Piece of Cloth": 1.4132157151025075,
	"Stealth Ring": 1.3985813470859008,
	"Green Mushroom": 1.3943599040947825,
	"Sabre": 1.3814511508308063,
	"Magic Light Wand": 1.3757641833377725,
	"Mana Potion": 1.3502002834005167,
	"Sacred Tree Amulet": 1.3396781407305518,
	"Small Ruby": 1.3364172277383406,
	"Quara Eye": 1.3228697447447448,
	"Prismatic Quartz": 1.2964360366518992,
	"Corncob": 1.2956349206349205,
	"Elven Amulet": 1.2644092219020173,
	"Broken Shamanic Staff": 1.222222222222222,
	"Violet Gem": 1.217579250720461,
	"Magma Legs": 1.206582456846661,
	"Dragon Ham": 1.2043017304411405,
	"Cyclops Toe": 1.1985111662531016,
	"Plate Legs": 1.147722087754543,
	"Arrow": 1.0922386106908606,
	"Grapes": 1.0812419146183698,
	"Wolf Paw": 1.074947975296271,
	"Orc Tooth": 1.0424635454790818,
	"Girlish Hair Decoration": 1.0335940725909076,
	"Tortoise Egg": 0.9990798032682849,
	"Haunted Blade": 0.9847167189831729,
	"Spider Fangs": 0.9599211923037478,
	"Bunch of Troll Hair": 0.9522220173653531,
	"Strong Mana Potion": 0.9073020174154405,
	"Shamanic Hood": 0.9007936507936509,
	"Grave Flower": 0.8970084623439843,
	"Steel Helmet": 0.8775661509340218,
	"Small Enchanted Sapphire": 0.8560952720142694,
	"Iron Helmet": 0.8459273715991927,
	"Dark Mushroom": 0.8275862068965517,
	"Wood Cape": 0.7485658205825936,
	"Viking Helmet": 0.7416202420459628,
	"Turtle Shell": 0.7276534983341266,
	"Flask of Embalming Fluid": 0.7260587561999237,
	"Small Enchanted Amethyst": 0.7071981410746938,
	"Small Enchanted Emerald": 0.7053897275312933,
	"Green Crystal Shard": 0.702449567723343,
	"Wood Mushroom": 0.6976744186046512,
	"Red Rose": 0.6844444444444444,
	"Bone Shield": 0.6830089426617569,
	"Red Apple": 0.6806328233657858,
	"Katana": 0.6678742252285399,
	"Beetroot": 0.6572360943854096,
	"Brass Legs": 0.6314958647789806,
	"Small Sapphire": 0.6279856584551801,
	"Terrorbird Beak": 0.6125635868922277,
	"Small Enchanted Ruby": 0.6113465197526191,
	"Shadow Sceptre": 0.6026861524211393,
	"Gauze Bandage": 0.6006772224341854,
	"Witch Broom": 0.5980777368071087,
	"Glorious Axe": 0.5960994185148973,
	"Boggy Dreads": 0.5922650664675988,
	"Soldier Helmet": 0.591668483323094,
	"Cape": 0.5678414070039683,
	"Leather Legs": 0.561017719218537,
	"Terra Boots": 0.5565790150774456,
	"Protective Charm": 0.550144520726606,
	"Sandcrawler Shell": 0.5456445993031359,
	"Terra Legs": 0.5335254464055987,
	"Machete": 0.5035348610433934,
	"Shovel": 0.5018926256961097,
	"Orange Mushroom": 0.4995973806955438,
	"Diamond Sceptre": 0.4932241078289873,
	"Bamboo Stick": 0.4810049019607843,
	"Spike Sword": 0.47304522933858706,
	"Boots of Haste": 0.465649905202882,
	"Shadow Herb": 0.4374487844851134,
	"Bloody Pincers": 0.42323869610935855,
	"Crocodile Boots": 0.41246737815874907,
	"Silver Brooch": 0.4100183712953791,
	"Fern": 0.4031510658016682,
	"Earth Arrow": 0.40289218180046976,
	"Lump of Earth": 0.3990604738761947,
	"Northwind Rod": 0.39835169513171115,
	"Brown Mushroom": 0.39398158948708384,
	"Emerald Bangle": 0.36655060474996404,
	"Cherry": 0.36113264329031963,
	"Wooden Spellbook": 0.3523795752519644,
	"Studded Armor": 0.33901386048625315,
	"Hardened Bone": 0.3380326144134666,
	"Nightmare Blade": 0.3333117219917012,
	"Hatchet": 0.321616501789097,
	"Morning Star": 0.3210871346626605,
	"Powder Herb": 0.31924108063518253,