{
	"Gold Coin": 6533.278507154674,
	"Platinum Coin": 660.5666353949205,
	"Fish": 436.95298219602506,
	"Meat": 372.0225020211612,
	"Skull": 311.9641302223408,
	"Dagger": 277.6,
	"Spear": 277.39893183309476,
	"Great Health Potion": 267.4471449415862,
	"Shrimp": 149.45213949561537,
	"Glob of Glooth": 148.77420523117274,
	"Bone": 148.5949645563531,
	"Quara Pincers": 134.88856320385284,
	"Torch": 134.1200319017761,
	"Great Mana Potion": 107.27125016356696,
	"Brown Bread": 102.54586625572375,
	"Ham": 102.2397092984839,
	"Dragon Ham": 91.8647902917888,
	"Quara Bone": 91.73508898562032,
	"Halberd": 89.95499960132697,
	"Worm": 83.07865641656274,
	"Royal Spear": 82.58234381203243,
	"Small Ruby": 81.95859520875075,
	"Sabre": 81.26289391673771,
	"Leather Boots": 80.7265625826165,
	"Quara Eye": 72.24293438943891,
	"Ice Rapier": 72.06373867601809,
	"Mouldy Cheese": 70.42245199409157,
	"Pirate Coin": 66.87963704398479,
	"Small Diamond": 62.19581366624112,
	"Bone Sword": 59.01111000164634,
	"Small Emerald": 57.536406784658084,
	"Strong Health Potion": 56.86366990518101,
	"Small Sapphire": 52.693396192800925,
	"Girlish Hair Decoration": 51.9651560369745,
	"Quara Tentacle": 47.29167965309257,
	"Pirat's Tail": 47.21381434258593,
	"Crystal Sword": 46.06858579923686,
	"Sniper Arrow": 45.20453996024981,
	"Fish Fin": 42.753355989089044,
	"Small Topaz": 42.48747522834857,
	"Strong Mana Potion": 39.90391332036684,
	"Bolt": 37.592006108073925,
	"Slime Heart": 37.48096862210095,
	"Chain Armor": 33.78198797863132,
	"Double Axe": 33.14417930103977,
	"Mantassin Tail": 33.07860680876342,
	"Poisoned Fang": 32.16227830832196,
	"Scroll": 31.75380453165847,
	"Lump of Dirt": 30.912041272745753,
	"Steel Shield": 29.63930971249216,
	"Protective Charm": 27.706571231240552,
	"Knight Axe": 26.720116084647156,
	"Crowbar": 26.235941219932684,
	"Arrow": 25.752940588994996,
	"Longsword": 25.59753892484631,
	"Beetroot": 25.372263515924303,
	"Mace": 25.20419218035248,
	"Small Amethyst": 24.426597316971495,
	"Crossbow": 24.232032724386414,
	"White Pearl": 23.029749105841052,
	"Glooth Spear": 22.469640137645467,
	"Red Apple": 22.385257301808068,
	"Shark Fins": 22.074378129874393,
	"Swamp Grass": 21.422304283604134,
	"Axe": 21.152850153867412,
	"Cheese": 19.972017438310406,
	"Piece of Dead Brain": 19.857320422026305,
	"Plate Armor": 19.254222074559387,
	"Black Pearl": 17.94010059986845,
	"Knight Armor": 17.887539547909743,
	"Brass Armor": 17.835662234014368,
	"Cookie": 17.319015646797848,
	"Wand of Inferno": 16.831857652567567,
	"Medicine Pouch": 16.783161004431314,
	"Grappling Hook": 16.18448275862069,
	"Knife": 15.835035961263802,
	"Hunting Spear": 15.623991195071424,
	"Grapes": 15.458130134030984,
	"Viper Star": 15.444614414761968,
	"Bony Tail": 14.826608005356032,
	"Wood": 14.27725258493353,
	"Sword": 13.772684818111877,
	"Warrior Helmet": 13.316188047426852,
	"Red Rose": 13.233794121594416,
	"Pelvis Bone": 12.915564018651892,
	"Hand Axe": 12.836047372316802,
	"Green Mushroom": 12.610663461378902,
	"Terra Boots": 12.291622481442205,
	"Vampire Teeth": 11.87762148699516,
	"Bonelord Eye": 11.713024925992956,
	"Scale Armor": 11.670237814425052,
	"Rotten Piece of Cloth": 11.188315447299283,
	"Focus Cape": 11.172892209178228,
	"Werehyaena Nose": 11.030303030303031,
	"Viking Helmet": 10.511482212647737,
	"Leather Helmet": 10.470045388181006,
	"Glooth Axe": 9.968648954021502,
	"Two Handed Sword": 9.891780527420222,
	"Wand of Starstorm": 9.88448275862069,
	"Red Crystal Fragment": 9.757575757575758,
	"Poisonous Slime": 9.687529599228666,
	"Springsprout Rod": 9.667009788481314,
	"Bow": 9.6425408819181,
	"Glooth Club": 9.451943208625728,
	"Troll Green": 9.335748264185717,
	"Glooth Blade": 8.532182837236608,
	"Yellow Gem": 8.510224523234921,
	"Mouldy Powder": 8.312831389183456,
	"Heavy Old Tome": 7.940640179904508,
	"Clerical Mace": 7.76419706523417,
	"Blood Preservation": 7.700450004245323,
	"Plate Shield": 7.602881760153874,
	"Magma Boots": 7.424708377518558,
	"Bone Club": 7.3947778681076946,
	"Book (Gemmed)": 7.097101882282642,
	"Combat Knife": 7.025692378765319,
	"Scroll of Heroic Deeds": 6.915157039715586,
	"Glooth Steak": 6.819508867667121,
	"Cape": 6.77386777015246,
	"Rope": 6.757370060760154,
	"Short Sword": 6.5146148369223855,
	"Wooden Shield": 6.502957082646519,
	"Hatchet": 6.485932786080124,
	"Wand of Voodoo": 6.196674189150678,
	"Glooth Amulet": 6.073057099929899,
	"Wolf Tooth Chain": 6.027691818689524,
	"Ring of Healing": 6.020008190083697,
	"Red Gem": 5.983020191925024,
	"Green Tunic": 5.759040288118941,
	"Haunted Blade": 5.702731608613962,
	"Life Ring": 5.644294027050553,
	"Witch Broom": 5.582058876866348,
	"Brass Shield": 5.403120584214317,
	"Small Enchanted Amethyst": 5.378006105278833,
	"Power Bolt": 5.31672665529773,
	"Life Preserver": 5.303030303030303,
	"Relic Sword": 5.251518542031289,
	"Star Herb": 5.031977271353442,
	"Leather Legs": 4.789200330067448,
	"Wand of Cosmic Energy": 4.770414340461228,
	"Glacier Robe": 4.644263497628833,
	"Studded Club": 4.636401949745082,
	"Spellbook": 4.562450222146442,
	"Ring of Blue Plasma": 4.547189819724284,
	"Werebadger Claws": 4.476211748939021,
	"Shaggy Tail": 4.458161602607112,
	"Badger Fur": 4.4464342820594815,
	"Assassin Star": 4.269833592445442,
	"Wedding Ring": 4.225192140518608,
	"Werebadger Skull": 4.1847219119946395,
	"Talon": 4.103126714207351,
	"Energy Ring": 3.9563788467284136,
	"Dragon's Tail": 3.9493418050640976,
	"Ghoul Snack": 3.905419245669502,
	"Health Potion": 3.8861320854240233,
	"Brown Mushroom": 3.8398977843748794,
	"Piece of Crocodile Leather": 3.8063694808088093,
	"Blank Rune": 3.7435508000496296,
	"Voluminous Piece of Cloth": 3.7010536633178144,
	"Ludicrous Piece of Cloth": 3.6143102180838027,
	"Carrot": 3.5811845580704196,
	"Protection Amulet": 3.544770766221883,
	"Ominous Piece of Cloth": 3.4986522911051217,
	"Luminous Piece of Cloth": 3.484195050232786,
	"Cyclops Toe": 3.456086655341193,
	"Green Crystal Fragment": 3.393939393939394,
	"Banana": 3.3846153846153846,
	"Wood Cape": 3.3748674443266173,
	"Obvious Piece of Cloth": 3.339622641509434,
	"Crown Armor": 3.2641472029725,
	"War Hammer": 3.2612811323472575,
	"Lightning Boots": 3.2437193927597434,
	"Burst Arrow": 3.243072957892881,
	"Throwing Star": 3.2355108734344222,
	"Skull Helmet": 3.203466344216042,
	"Ratana": 3.181818181818182,
	"Bone Shield": 3.114983832738038,
	"Studded Helmet": 3.1091221099251913,
	"Dubious Piece of Cloth": 3.0504778240627295,
	"Grave Flower": 3.0291439050812166,
	"Brass Helmet": 2.9910035308248566,
	"Poison Arrow": 2.952951146243672,
	"Wereboar Hooves": 2.9356592659719074,
	"Stealth Ring": 2.909288353125648,
	"Silky Fur": 2.905668541756815,
	"Wereboar Tusks": 2.8840054372451287,
	"Flask of Embalming Fluid": 2.7832252320997073,
	"Studded Legs": 2.750458574258267,
	"Carrion Worm Fang": 2.6970338121007447,
	"Acorn": 2.5486786795693153,
	"Green Crystal Splinter": 2.4990215264187867,
	"Boggy Dreads": 2.467771110281662,
	"Red Piece of Cloth": 2.407157344238547,
	"Golden Mug": 2.4003585300268897,
	"Mana Potion": 2.3533007190214073,
	"Minotaur Horn": 2.3176533069758274,
	"Gauze Bandage": 2.302596019331044,
	"Katana": 2.278609704107937,
	"Centipede Leg": 2.238691130464192,
	"Earth Arrow": 2.2159069999025838,
	"Lump of Earth": 2.194832606319071,
	"Sickle": 2.1867859517620745,
	"Morning Star": 2.090748603493532,
	"Shadow Herb": 2.0614426558778836,
	"White Mushroom": 2.0150923757481136,
	"Battle Shield": 1.9954863207559608,
	"Garlic Necklace": 1.8649497967857593,
	"Magic Light Wand": 1.8010335213694564,
	"Poison Spider Shell": 1.781662362056821,
	"Melon": 1.744817856238469,
	"Plate Legs": 1.7185268015774355,
	"Rapier": 1.7139934313250418,
	"Scarf": 1.6904159327790895,
	"Small Notebook": 1.6178237467080658,
	"Throwing Knife": 1.5558987180429933,
	"Spike Sword": 1.5529957829790848,
	"Red Dragon Scale": 1.5327158649536898,
	"Brass Legs": 1.5291076001129826,
	"Hardened Bone": 1.5262684711395917,
	"Steel Helmet": 1.519765651216853,