{
	"Gold Coin": 4176.770533334166,
	"Platinum Coin": 2464.496729669987,
	"Meat": 345.02293042999014,
	"Great Health Potion": 296.83792620916574,
	"Great Mana Potion": 273.9266913496925,
	"Ham": 203.29094130615402,
	"Rare Earth": 151.05310245310244,
	"Ultimate Health Potion": 133.45640560585565,
	"Plate Shield": 114.36346516844222,
	"Coal": 114.29481917844129,
	"Tainted Glooth Capsule": 98.36863133146659,
	"Glob of Acid Slime": 94.72265512265511,
	"Glooth Bag": 92.00101793794626,
	"Small Stone": 88.91433015224874,
	"Lizard Essence": 80.09147103928277,
	"Green Mushroom": 76.95598248924546,
	"Stonerefiner's Skull": 76.01875901875901,
	"Poisonous Slime": 73.9040885040885,
	"Worm": 70.84382390208893,
	"Mace": 69.17745748089797,
	"Axe": 64.49107741410376,
	"Small Sapphire": 62.40231565706767,
	"Snake Skin": 62.12326797164465,
	"Ice Rapier": 61.236433790329194,
	"Great Spirit Potion": 59.415088460773774,
	"Pirate Coin": 58.30901631405509,
	"Ancient Stone": 57.16228985825734,
	"Chain Armor": 57.03254201031762,
	"Small Emerald": 56.905379753429855,
	"Half-Digested Stones": 55.74708994708994,
	"White Mushroom": 49.36870285034324,
	"Werehyaena Nose": 44.874458874458874,
	"Strand of Medusa Hair": 43.35782300438244,
	"Small Amethyst": 42.58218993574961,
	"Knife": 41.71358550588106,
	"Pirat's Tail": 41.19644901550118,
	"Brass Helmet": 40.50893993278737,
	"Crystal Sword": 39.52992365158854,
	"Rat Cheese": 39.41308321308321,
	"Glooth Capsule": 37.68517627558961,
	"Short Sword": 37.610407425983624,
	"Halberd": 36.144583205691994,
	"Cyclops Toe": 31.849917122259892,
	"Bolt": 31.30558285940017,
	"Glooth Steak": 31.23593483375423,
	"Glooth Sandwich": 30.32786697810237,
	"Red Crystal Fragment": 29.3033547802295,
	"Spiked Iron Ball": 28.534007251950335,
	"Sword": 26.913465825777386,
	"Knight Armor": 26.636096682961394,
	"Small Topaz": 25.93567960470165,
	"Power Bolt": 25.6055723832468,
	"Small Diamond": 25.31341652498574,
	"Life Ring": 25.16759586272903,
	"Assassin Star": 24.857981161523725,
	"Energy Ring": 24.728543150557464,
	"Hydra Head": 23.971823412378342,
	"Knight Axe": 22.910270092767426,
	"Crowbar": 22.521960430178147,
	"Dragon Ham": 22.44539415092114,
	"Terra Amulet": 21.302197642547682,
	"Red Gem": 20.753588744476357,
	"Soul Orb": 20.144243764590243,
	"Bone": 19.204517898160486,
	"Shark Fins": 18.949511534356784,
	"Flask of Demonic Blood": 17.802309866076914,
	"Small Ruby": 17.36627655405321,
	"Terra Boots": 16.8257419680382,
	"Combat Knife": 16.687146299671642,
	"Yellow Gem": 16.485789048463143,
	"Life Preserver": 15.85081585081585,
	"Leather Boots": 15.708838651717231,
	"Onyx Arrow": 15.175740177925254,
	"Wand of Inferno": 15.077284136537939,
	"Small Enchanted Amethyst": 14.582750582750583,
	"Grappling Hook": 14.56603448275862,
	"Medusa Shield": 14.399847403978857,
	"Wand of Starstorm": 13.062701149425287,
	"Battle Shield": 12.380881995450821,
	"Glooth Spear": 12.304526191332958,
	"Golden Mug": 12.3010810902262,
	"Glooth Axe": 12.27715563654673,
	"Glooth Club": 12.265000073622282,
	"Glooth Blade": 12.227068615551888,
	"Glooth Amulet": 12.038504426324117,
	"Giant Shimmering Pearl (Green)": 11.94700097996481,
	"Cucumber": 11.653850979548672,
	"Terra Mantle": 11.220873219956983,
	"Minotaur Horn": 10.668499579470556,
	"Ectoplasmic Sushi": 10.65119735755574,
	"Green Crystal Fragment": 10.144522144522144,
	"Focus Cape": 9.591248665955176,
	"Ratana": 9.510489510489512,
	"Shovel": 9.38448597100646,
	"Mercenary Sword": 9.331801436214885,
	"Soldier Helmet": 9.230028339840265,
	"Rubber Cap": 8.344920775486855,
	"Green Crystal Splinter": 8.333333333333332,
	"Terra Hood": 8.142925966758193,
	"Banana": 7.945895588127376,
	"Wand of Voodoo": 7.855435139573071,
	"Terra Legs": 7.710626174720451,
	"Heavy Old Tome": 7.696127640459988,
	"Titan Axe": 7.386071770894798,
	"Mouldy Powder": 7.320254506892895,
	"Springsprout Rod": 7.06376540093662,
	"Magma Boots": 6.538176033934253,
	"Small Enchanted Emerald": 5.952380952380952,
	"Tower Shield": 5.824009391567003,
	"Voluminous Piece of Cloth": 5.750224618149146,
	"Zaoan Halberd": 5.703658938578179,
	"Ludicrous Piece of Cloth": 5.615453728661276,
	"Leather Helmet": 5.5002601346910565,
	"Ominous Piece of Cloth": 5.435759209344115,
	"Luminous Piece of Cloth": 5.4132973944294696,
	"Brown Crystal Splinter": 5.357142857142857,
	"Arrow": 5.304432291631146,
	"Crossbow": 5.216206195199543,
	"Minotaur Leather": 5.195100374166691,
	"Iron Ore": 5.189862529520662,
	"Obvious Piece of Cloth": 5.188679245283018,
	"Necrotic Rod": 5.180983838622154,
	"Battle Axe": 5.113589159624566,
	"Wand of Cosmic Energy": 5.07086712612926,
	"Sword Ring": 4.8373997450029,
	"Beastslayer Axe": 4.803441676263702,
	"Dubious Piece of Cloth": 4.739442946990116,
	"Green Gem": 4.681479388070052,
	"Life Crystal": 4.6732578758095915,
	"Cheese": 4.514115872274703,
	"Warrior Helmet": 4.281905012961671,
	"Steel Shield": 4.211622168932838,
	"Torch": 4.1054883964223,
	"Lump of Dirt": 4.101597709328725,
	"Snakebite Rod": 4.100360363408733,
	"Battle Hammer": 4.0908785250348885,
	"Hand Axe": 4.084196891191709,
	"Ring of Blue Plasma": 4.0042417815482505,
	"Spear": 3.9764193443991074,
	"Winged Tail": 3.910788908251138,
	"Sacred Tree Amulet": 3.8101094463437577,
	"Doublet": 3.571428571428571,
	"Hailstorm Rod": 3.571428571428571,
	"Glooth Cape": 3.4780980471759864,
	"Noble Axe": 3.342074542778351,
	"Leather Legs": 3.3312787467182465,
	"Piece of Crocodile Leather": 3.2608944209131305,
	"Piercing Bolt": 3.2334120070562427,
	"Protection Amulet": 3.0670791182733934,
	"Scale Armor": 3.0011674733669187,
	"Wood Cape": 2.971898197242842,
	"Ring of Healing": 2.8679894606656986,
	"Bread": 2.8668649607796275,
	"Lightning Boots": 2.8467656415694593,
	"Dragon's Tail": 2.7645392635448682,
	"Magic Light Wand": 2.6582728403536886,
	"Strange Helmet": 2.6048522171654795,
	"Skull Staff": 2.5119597007382124,
	"Violet Gem": 2.4038750105376723,
	"Black Shield": 2.380952380952381,
	"Dwarven Shield": 2.369725916090291,
	"Old Parchment": 2.3310267819378416,
	"Shiny Stone": 2.3097461817382707,
	"Burst Arrow": 2.2341951425299826,
	"Hydra Egg": 2.2165582262372068,
	"Clay Lump": 2.155222297078379,
	"Stone Skin Amulet": 2.127726694269685,
	"Scarab Coin": 2.113713669126928,
	"Crown Armor": 2.1133706667568988,
	"Werehyaena Talisman": 1.902097902097902,
	"Strong Health Potion": 1.864577156741628,
	"Leather Armor": 1.8561019354534376,
	"Rope": 1.7253886010362696,
	"Death Ring": 1.710227674884983,
	"Scarab Pincers": 1.6469475151877304,
	"Guardian Halberd": 1.6183935831227336,
	"Orange": 1.4990049751456538,
	"Wooden Shield": 1.4713258147601949,
	"Piece of Marble Rock": 1.3984177562905173,
	"Bow": 1.368666210959181,
	"Steel Helmet": 1.3585448667538658,
	"Spiked Squelcher": 1.3539855502038691,
	"Dark Mushroom": 1.3493512734262374,
	"Slightly Rusted Armor": 1.3447445104742675,
	"Studded Club": 1.2750293452678734,
	"Plate Armor": 1.2529865437123295,
	"Strong Mana Potion": 1.2278945672592305,
	"Poison Arrow": 1.207583221097172,
	"Longsword": 1.1860845067192483,
	"Piece of Scarab Shell": 1.1565060942634884,
	"Dark Helmet": 1.1537585019264416,
	"War Axe": 1.1512459479390564,
	"Heavy Machete": 1.133860491386614,
	"Damaged Armor Plates": 1.0739235184550977,
	"Falcon Crest": 1.0727135676745803,
	"Royal Helmet": 1.0370740913295526,
	"Double Axe": 1.0290673342076342,
	"Wolf Tooth Chain": 1.0092725610552435,
	"Pelvis Bone": 0.9997895179962113,
	"Heat Core": 0.9832899314511636,
	"Old Rag": 0.9692771557198837,
	"Brass Shield": 0.9572841010669102,
	"Roll": 0.8861426624261699,
	"Scroll": 0.8544392607035128,
	"Kongra's Shoulderpad": 0.8423753356483109,
	"Wyvern Talisman": 0.8409852546916889,
	"Scarab Amulet": 0.8398897852139562,
	"Throwing Knife": 0.83375073264671,
	"Carrot": 0.8071778032170426,
	"Viking Helmet": 0.804423696815112,
	"Health Potion": 0.7896427195639334,
	"Fish": 0.7842825874004172,
	"Charmer's Tiara": 0.7512646556245453,
	"Grapes": 0.7135887319163379,
	"Golden Armor": 0.7047473369907609,