{
	"Gold Coin": 2291.7454566579395,
	"Meat": 231.91983163389517,
	"Bone": 126.51657797924152,
	"Dragon Ham": 109.71983850525116,
	"Cheese": 87.65787942942445,
	"Platinum Coin": 85.48827802037403,
	"Worm": 78.1372558525891,
	"Rat Cheese": 73.027443600107,
	"Soft Cheese": 72.20597135773615,
	"Strong Health Potion": 58.80329969492263,
	"Torch": 52.71741822719916,
	"Ham": 47.54313170685636,
	"Strong Mana Potion": 44.81758756014499,
	"Earflap": 43.75409246793837,
	"Skull": 42.59758845805537,
	"Bola": 41.58033782023071,
	"Arrow": 41.38874785957131,
	"Wyrm Scale": 39.09177311900251,
	"Cheese Cutter": 38.96323200109817,
	"Dagger": 35.2,
	"Spear": 33.728564426740924,
	"Rotten Piece of Cloth": 27.381929910495614,
	"Flask of Embalming Fluid": 26.864173979397176,
	"Pelvis Bone": 24.548452047147084,
	"Burst Arrow": 22.943590309359553,
	"Gauze Bandage": 22.22505723006486,
	"Viking Helmet": 18.59839601597129,
	"Mace": 18.224666451988266,
	"Throwing Star": 18.005667245132035,
	"Demonic Skeletal Hand": 17.962768353100135,
	"Magic Light Wand": 17.882316604111253,
	"Small Stone": 17.366722514937138,
	"Crossbow": 16.98013077731916,
	"Health Potion": 16.11048354616017,
	"Leather Helmet": 15.181968550373863,
	"Short Sword": 13.698932390963119,
	"Stone Wing": 13.680481283422461,
	"Plate Shield": 13.428508073267503,
	"Heavy Old Tome": 13.051301394615976,
	"Brown Bread": 12.996203492786636,
	"Battle Shield": 12.125113179105423,
	"Hatchet": 11.470988563811128,
	"Potato": 11.310160427807487,
	"Strange Talisman": 11.053414727203359,
	"Leather Legs": 11.007947078116018,
	"Sabre": 10.378856016881647,
	"Black Pearl": 10.325561294733514,
	"Vampire Teeth": 10.011751481613187,
	"Bolt": 9.912448329606288,
	"Chain Armor": 9.77206670424312,
	"Ghoul Snack": 9.557999732822728,
	"Piece of Scarab Shell": 9.553745996089688,
	"Shadow Herb": 9.54401852745273,
	"Silver Brooch": 8.884441125366113,
	"Morning Star": 8.571187914265241,
	"Cyclops Toe": 8.300773420372215,
	"Mana Potion": 8.261835895214388,
	"Plate Armor": 8.22007658203228,
	"Candlestick": 8.183102041451603,
	"Fish": 8.113901628974514,
	"Hand Axe": 7.7794226498889705,
	"Poison Arrow": 7.594464540923766,
	"Bow": 7.306188704556002,
	"Sword": 7.266335041797012,
	"Leather Boots": 6.71720203087574,
	"Small Emerald": 6.694436975525781,
	"Battle Hammer": 6.681350429967802,
	"Girlish Hair Decoration": 6.617324639912644,
	"Orc Leather": 6.581971333590618,
	"Cape": 6.569936272322021,
	"Roll": 6.428416087321067,
	"Scarab Coin": 6.358177310544502,
	"Iron Helmet": 6.242129130957361,
	"Blood Preservation": 6.133504143237788,
	"Life Preserver": 5.85956906717608,
	"Combat Knife": 5.773505024920591,
	"Ratana": 5.692655108149646,
	"Orange": 5.27748332396201,
	"Red Gem": 5.068994199314423,
	"Bread": 4.972893535741296,
	"Brass Helmet": 4.897204289181861,
	"Grapes": 4.530666135309822,
	"Cheesy Figurine": 4.528148674051546,
	"Knife": 4.502334169626892,
	"Red Crystal Fragment": 4.493128347055426,
	"Steel Helmet": 4.431252467066835,
	"Wolf Tooth Chain": 4.175969034713571,
	"Cookie": 4.1027565269184745,
	"Axe": 4.06653240738462,
	"Halberd": 3.9838855064064655,
	"Lamassu Horn": 3.980187319884726,
	"Brass Shield": 3.730802047505573,
	"Hunting Spear": 3.631974571765568,
	"Opal": 3.5729888758229595,
	"Small Amethyst": 3.5596998043079338,
	"Flaming Arrow": 3.542811093949365,
	"Protective Charm": 3.5281053475308974,
	"Brown Mushroom": 3.4457735313986797,
	"Crystal Ring": 3.345502190403641,
	"Rope": 3.337227634693079,
	"Violet Crystal Shard": 3.2999107926088436,
	"Tarantula Egg": 3.289020856437592,
	"Focus Cape": 3.2104547399303223,
	"Wooden Shield": 3.0547399352734157,
	"Blue Crystal Shard": 3.0399855907780977,
	"Scarab Pincers": 3.0074693755602033,
	"Orcish Gear": 2.986364865386844,
	"Spike Shield": 2.9613555344983435,
	"Small Ruby": 2.9497297120281982,
	"Plate Legs": 2.9461976373284373,
	"Small Diamond": 2.882142548614344,
	"Red Apple": 2.8737830319888733,
	"Studded Club": 2.802270481468071,
	"Scroll": 2.789459024625776,
	"Two Handed Sword": 2.788498831400707,
	"Half-Digested Piece of Meat": 2.715140878721796,
	"Leather Harness": 2.694345302542376,
	"Lightning Pendant": 2.69123134034829,
	"Bony Tail": 2.686700779494046,
	"Wand of Draconia": 2.6401503575576064,
	"Hunter's Quiver": 2.638733705772812,
	"Piece of Crocodile Leather": 2.604358065816554,
	"Terra Hood": 2.527216166480825,
	"Spellbook": 2.4372000740089477,
	"Blank Rune": 2.416682458117701,
	"Lamassu Hoof": 2.3505043227665707,
	"Terra Amulet": 2.3505043227665707,
	"Sphinx Feather": 2.280811232449298,
	"White Pearl": 2.2440335945560914,
	"Strawberry": 2.2379679144385025,
	"Lump of Dirt": 2.2008573074446813,
	"Brass Armor": 2.1949966922308457,
	"Scale Armor": 2.1677020770135336,
	"Grave Flower": 2.151833811466072,
	"Warwolf Fur": 2.116411066007255,
	"Minotaur Horn": 2.1160753780108177,
	"Yellow Piece of Cloth": 2.101631056848531,
	"Broken Helmet": 2.079748043238998,
	"Pile of Grave Earth": 2.076650803062174,
	"Elvish Talisman": 2.021343439045423,
	"Steel Shield": 1.9035846954697933,
	"Throwing Knife": 1.8576312176271332,
	"Coal": 1.8569133723782754,
	"Brown Piece of Cloth": 1.8552789776016385,
	"Wand of Starstorm": 1.8428365140228737,
	"Sphinx Tiara": 1.8408736349453978,
	"Magma Amulet": 1.8393135725429017,
	"Banana": 1.829144551943367,
	"Orc Tooth": 1.8208543309850864,
	"Blue Gem": 1.784759718919016,
	"Green Gem": 1.7784061156968443,
	"Small Sapphire": 1.7542380872388152,
	"Melon": 1.744817856238469,
	"Broken Crossbow": 1.6835061326827947,
	"Wyvern Talisman": 1.6819705093833779,
	"Scimitar": 1.6740476672614206,
	"Battle Axe": 1.663447796361389,
	"Spider Fangs": 1.658193287851224,
	"Hydra Head": 1.6252083669409045,
	"Katana": 1.5646291475315037,
	"Longsword": 1.5490897612090742,
	"Parder Fur": 1.5446789402784014,
	"Scarab Amulet": 1.5337117816950503,
	"Brass Legs": 1.491571780257702,
	"Dark Rosary": 1.4259259259259258,
	"White Piece of Cloth": 1.4234143090877904,
	"Scorpion Tail": 1.4166108792570542,
	"Dead Snake": 1.4151100041511,
	"Blood Tincture in a Vial": 1.3658551478766714,
	"Cobra Crest": 1.362128652422637,
	"Honeycomb": 1.3607152072291806,
	"Green Crystal Fragment": 1.3517643766763252,
	"Piercing Bolt": 1.3409907162702446,
	"Bone Club": 1.3399933049591126,
	"Poison Dagger": 1.3004152673097442,
	"Witch Broom": 1.2958350964154024,
	"Silver Amulet": 1.260779995407727,
	"Elven Scouting Glass": 1.211658393788978,
	"Protection Amulet": 1.199068301083922,
	"Onyx Chip": 1.1751799393608655,
	"Star Herb": 1.1681375808499062,
	"Ghostly Tissue": 1.162890188088848,
	"Bone Shield": 1.1288999561822513,
	"Viper Star": 1.1198688711516533,
	"Parder Tooth": 1.1171980242478672,
	"Dark Mushroom": 1.1155458486814225,
	"Corncob": 1.109731862478016,
	"Magma Boots": 1.1058027283497356,
	"Rotten Meat": 1.0871076203963543,
	"Dragon's Tail": 1.0860689963926269,
	"Spike Sword": 1.0830102170775195,
	"Book of Necromantic Rituals": 1.0638262349593854,
	"Jungle Moa Claw": 1.049483414899402,
	"Ancient Amulet": 1.0415297281147295,
	"Lancet": 1.0376333239806546,
	"Lightning Headband": 1.0336214624356161,
	"Studded Legs": 1.0243783520234033,
	"Rainbow Quartz": 1.0237752161383287,
	"Incantation Notes": 1.0169538557384095,
	"Studded Helmet": 1.010366366581949,
	"Bone Sword": 0.9984049658308599,
	"Rope Belt": 0.9927375764622451,
	"Terra Rod": 0.9881948728621441,
	"Ancient Shield": 0.9760628279197993,
	"Half-Eaten Brain": 0.9249950228946845,
	"Broken Shamanic Staff": 0.9166666666666666,
	"Orcish Axe": 0.9152269388204053,
	"Green Crystal Splinter": 0.9088616714697407,
	"Book (Orange)": 0.9035831188651017,
	"Cyan Crystal Fragment": 0.8959642425213401,
	"Hibiscus Dress": 0.8917735455705335,
	"Piece of Archer Armor": 0.8836823202547943,
	"Bunch of Troll Hair": 0.8750997241324647,
	"Green Mushroom": 0.8702424378350138,
	"White Mushroom": 0.8579474863178564,
	"Wolf Paw": 0.8483905440115285,
	"Centipede Leg": 0.8140695019869789,
	"Dragon Necklace": 0.8130043451272502,
	"Mysterious Fetish": 0.8094380223189711,
	"Beetroot": 0.8078829549088583,