{
	"Gold Coin": 3710.7803687010737,
	"Platinum Coin": 1595.2982661069423,
	"Skull": 769.2968225871966,
	"Dagger": 752.8000000000001,
	"Meat": 355.39974494965395,
	"Brown Bread": 277.9415337889142,
	"Great Health Potion": 267.91756983491723,
	"Sabre": 218.4234624145786,
	"Glob of Glooth": 116.25336580955661,
	"Axe": 97.6953887549854,
	"Girlish Hair Decoration": 92.63526955201216,
	"Werehyaena Nose": 83.34199134199133,
	"Knife": 82.17745469625918,
	"Rare Earth": 78.11717171717171,
	"Coal": 77.52124082832921,
	"Great Mana Potion": 77.4819766881293,
	"Small Emerald": 68.59004146957489,
	"Small Topaz": 67.16373127330347,
	"Halberd": 62.36192435691746,
	"Strong Health Potion": 56.44872838121204,
	"Red Crystal Fragment": 53.50582750582751,
	"Protective Charm": 49.55075930144267,
	"Strong Mana Potion": 49.27517077673702,
	"Glob of Acid Slime": 48.98585858585859,
	"Small Amethyst": 45.26564537483432,
	"Torch": 45.14763800480946,
	"Small Sapphire": 41.16131671134427,
	"Poisonous Slime": 40.727782371233936,
	"Slimy Leaf Tentacle": 39.80029181105234,
	"Stonerefiner's Skull": 39.313131313131315,
	"Tainted Glooth Capsule": 38.70207458361617,
	"Green Crystal Splinter": 37.07031466666905,
	"Bone": 36.649503313665306,
	"Dragon Ham": 36.38731107949275,
	"Glooth Bag": 35.78731145804513,
	"Yellow Gem": 35.42871549352961,
	"Small Ruby": 33.14935488198068,
	"Red Gem": 32.651939432559075,
	"Combat Knife": 30.662474804301773,
	"Arrow": 29.792391665799837,
	"Ultimate Health Potion": 29.744650976356652,
	"Life Preserver": 29.079254079254078,
	"Half-Digested Stones": 28.829629629629625,
	"Worm": 28.672901497223503,
	"Glooth Sandwich": 27.8520385039172,
	"Small Enchanted Amethyst": 26.815415174434442,
	"Brown Crystal Splinter": 25.5005285559893,
	"Glooth Injection Tube": 23.56981664315938,
	"Necromantic Rust": 23.013431013431013,
	"Ham": 21.7621657549844,
	"Bowl of Glooth Soup": 21.723509027904434,
	"Rat Cheese": 20.382491582491582,
	"Glooth Spear": 19.582911148590775,
	"Magic Light Wand": 19.120062474302404,
	"Green Crystal Fragment": 18.61072261072261,
	"Glooth Axe": 18.577470813528805,
	"Glooth Club": 17.902711279097556,
	"Glooth Blade": 17.4722669880634,
	"Ratana": 17.44755244755245,
	"Flaming Arrow": 17.123586954088598,
	"Great Spirit Potion": 17.087983775837408,
	"Brass Shield": 15.526331519569066,
	"Plate Armor": 15.000463828629611,
	"Glooth Capsule": 14.820769374947126,
	"Scarab Coin": 14.44283643600611,
	"Glooth Steak": 14.101009523554495,
	"Glooth Amulet": 13.957870111034474,
	"Grapes": 13.156757688022335,
	"Small Diamond": 12.989771339393481,
	"Lump of Earth": 12.627136563876652,
	"Mace": 11.972988993194958,
	"Small Enchanted Emerald": 11.428571428571427,
	"Scarab Pincers": 11.31381336520267,
	"Short Sword": 11.24700691175772,
	"Egg": 11.066606290136672,
	"Cyclops Toe": 10.919745192905879,
	"Health Potion": 10.384131337845668,
	"Banana": 10.175676177052546,
	"Brass Helmet": 10.159793833446132,
	"Slime Heart": 9.904297407912686,
	"Bolt": 9.278241958916086,
	"Sword Ring": 9.218352125955281,
	"Demonic Skeletal Hand": 8.861632387529399,
	"Glooth Whip": 8.70508845522524,
	"White Mushroom": 8.565560416467331,
	"Poisoned Fang": 8.498840381991814,
	"Chain Helmet": 8.48745007048153,
	"Bronze Gear Wheel": 8.411420580673049,
	"Blue Crystal Splinter": 8.376563876651982,
	"Wand of Starstorm": 8.187600243185969,
	"Battle Shield": 7.775550183060245,
	"Gearwheel Chain": 7.679961630596328,
	"Green Mushroom": 7.656248822582996,
	"Piece of Scarab Shell": 7.59271392320812,
	"Throwing Star": 7.393334334184057,
	"Plate Shield": 7.003535877633235,
	"Hailstorm Rod": 6.933174961723046,
	"Doublet": 6.857142857142857,
	"Violet Crystal Shard": 6.73469387755102,
	"Iron Ore": 6.725338127500844,
	"Bony Tail": 6.567490794318779,
	"Fish": 6.456436116678954,
	"Spear": 6.3617741485580295,
	"Flask of Rust Remover": 6.31013431013431,
	"Chain Armor": 6.256897697643625,
	"Vein of Ore": 6.153832599118942,
	"Battle Stone": 6.140054098149499,
	"Protection Amulet": 5.978072933893883,
	"War Hammer": 5.968153611989228,
	"Scarab Amulet": 5.769677654948047,
	"Small Enchanted Sapphire": 5.584059775840598,
	"Flask of Embalming Fluid": 5.566450464199415,
	"Orange": 5.478523050839726,
	"Giant Shimmering Pearl (Green)": 5.476352814369891,
	"Bow": 5.410219092434685,
	"Mana Potion": 5.378151173288761,
	"Wyrm Scale": 5.243100895982602,
	"Talon": 5.2159126634694895,
	"Rubber Cap": 5.065944407774143,
	"Longsword": 4.938929929943163,
	"Wyvern Talisman": 4.925770777479893,
	"Black Pearl": 4.892120035835889,
	"Poison Arrow": 4.883964728659796,
	"Slightly Rusted Legs": 4.825396825396825,
	"Black Shield": 4.669991257678108,
	"Slightly Rusted Armor": 4.639804639804639,
	"Battle Hammer": 4.605487683076765,
	"Gauze Bandage": 4.605192038662088,
	"Wand of Voodoo": 4.571428571428571,
	"Pick": 4.520623257891867,
	"Elvish Talisman": 4.473992045209899,
	"Shaggy Tail": 4.458161602607112,
	"Nail": 4.454212454212454,
	"Battle Axe": 4.452078637657654,
	"Double Axe": 4.451950142761634,
	"Cheese": 4.414382116303294,
	"Pulverized Ore": 4.355418502202643,
	"Drill Bolt": 4.206167400881057,
	"Onyx Chip": 4.188044831880448,
	"Assassin Star": 4.1542451969080485,
	"Viper Star": 4.070259208731241,
	"Brass Armor": 4.020442127913963,
	"Ancient Amulet": 3.918135643860173,
	"Roll": 3.880905232258572,
	"Terra Hood": 3.8383486595197143,
	"Springsprout Rod": 3.837458231917295,
	"White Pearl": 3.804639804639805,
	"Leather Armor": 3.7503380217324045,
	"Blank Rune": 3.736543208443043,
	"Ice Cube": 3.6729464331825556,
	"Opal": 3.660911006801418,
	"Leather Helmet": 3.598593477066329,
	"Glooth Cape": 3.5552274219256415,
	"Viking Helmet": 3.509904971349295,
	"Werehyaena Talisman": 3.4895104895104896,
	"Iron Helmet": 3.3760426978662137,
	"Crystal Necklace": 3.368422619102286,
	"Scroll": 3.3521687226422605,
	"Bone Club": 3.2755391899000528,
	"Piece of Crocodile Leather": 3.2608944209131305,
	"Terra Amulet": 3.1266450107221924,
	"Gold-Brocaded Cloth": 3.1008903034343347,
	"Lamp": 3.0531798880917385,
	"Crossbow": 3.040545121983324,
	"Rotten Feather": 2.9200447302208556,
	"Terra Mantle": 2.8957043417471406,
	"Two Handed Sword": 2.8765811219885093,
	"Kongra's Shoulderpad": 2.866681698520137,
	"Gear Wheel": 2.8053596614950633,
	"Leather Boots": 2.786995258645761,
	"Heat Core": 2.7709857305433494,
	"Hunter's Quiver": 2.7402234636871508,
	"Wooden Shield": 2.550298137579532,
	"Heavy Old Tome": 2.5086630226130158,
	"Rotten Piece of Cloth": 2.502649507948524,
	"Leather Legs": 2.491496526948814,
	"Melon": 2.399124552327895,
	"Scale Armor": 2.3818272415720547,
	"Terra Legs": 2.367070177947697,
	"Terra Boots": 2.3617484505665662,
	"Strange Talisman": 2.290347195726822,
	"Burst Arrow": 2.1020776753250914,
	"Beastslayer Axe": 2.0876856169646936,
	"Crystal Ring": 2.0667819387076283,
	"Life Ring": 2.045877805474733,
	"Dwarven Ring": 2.011806167400881,
	"Gold Ingot": 1.818941994061956,
	"Silver Brooch": 1.805878799440417,
	"Honeycomb": 1.7914483579151224,
	"Tiger Eye": 1.7884615384615385,
	"Soldier Helmet": 1.775005449969282,
	"Hand Axe": 1.7503700962250184,
	"Rapier": 1.7139934313250418,
	"Dark Armor": 1.700485165943927,
	"Steel Shield": 1.6725590988548955,
	"Terra Rod": 1.6628476228075248,
	"Royal Spear": 1.6353618349697623,
	"Power Bolt": 1.589684402267423,
	"Throwing Knife": 1.5630640102375555,
	"Bone Shield": 1.5414601412508855,
	"Hunting Spear": 1.5410384505503547,
	"Bread": 1.530441703143653,
	"Cleaver": 1.530011819978744,
	"Spiked Squelcher": 1.5208167111066344,
	"Shovel": 1.505677877088329,
	"Sling Herb": 1.4951110018748581,
	"Carrot": 1.4273524041431127,
	"Morning Star": 1.4212212745702086,
	"Dead Snake": 1.4151100041511,
	"Purple Robe": 1.4008949702909017,
	"Swampling Moss": 1.3964580925170662,
	"Rope": 1.389069688059429,
	"Soul Orb": 1.283062752942271,
	"Minotaur Leather": 1.2795638769192572,
	"Beetroot": 1.2118244323632874,
	"Werehyaena Trophy": 1.1428571428571428,
	"Green Gem": 1.1199915406686414,
	"Piercing Bolt": 1.0625552018094278,