{
	"Gold Coin": 6028.1967992619575,
	"Platinum Coin": 5198.515895836215,
	"Great Mana Potion": 726.7946754056392,
	"Great Health Potion": 657.7890690972965,
	"Torch": 549.4461640791183,
	"Meat": 489.14287965065466,
	"Banana": 413.76291176055133,
	"Dark Mushroom": 309.60115329168667,
	"Knife": 280.7583316014544,
	"Green Mushroom": 214.64085272764942,
	"Small Stone": 190.51993139542185,
	"Brass Helmet": 182.21859256333033,
	"Werehyaena Nose": 180.06926406926408,
	"Axe": 171.4953742274534,
	"Bolt": 163.77914495674503,
	"Flask of Demonic Blood": 156.16029206384914,
	"Ham": 142.68670598673495,
	"Halberd": 138.84683058758003,
	"Orange": 129.51270931439086,
	"Soul Orb": 126.57819581525118,
	"Terra Amulet": 124.23738587217683,
	"Poison Arrow": 116.3084941498891,
	"Worm": 111.09254136331096,
	"Golden Lotus Brooch": 110.57446659605645,
	"Red Crystal Fragment": 109.5850815850816,
	"Garlic Necklace": 105.61388071160518,
	"Bone": 101.98159337000003,
	"Demonic Essence": 101.61061540648018,
	"Bat Wing": 100.81883709754925,
	"Peacock Feather Fan": 94.21226118281484,
	"Small Amethyst": 72.27657611359777,
	"Red Gem": 70.53595594304893,
	"Chain Armor": 66.8543030223456,
	"Combat Knife": 66.79414673917542,
	"Yellow Gem": 65.79736071661515,
	"Rotten Piece of Cloth": 64.62724317584717,
	"Viking Helmet": 62.23230736164152,
	"Fish": 59.66061605486784,
	"Life Preserver": 59.557109557109555,
	"Small Enchanted Amethyst": 55.196788728588295,
	"Skull": 54.07032428007696,
	"Small Ruby": 50.14592707765282,
	"Kongra's Shoulderpad": 48.95136672711851,
	"Small Emerald": 48.31299931921483,
	"Small Diamond": 45.9209814558223,
	"Rare Earth": 45.435497835497834,
	"Rope Belt": 43.81902391596006,
	"Spear": 41.86485420923414,
	"Fir Cone": 40.34885519456947,
	"Silver Amulet": 39.5821375294378,
	"Green Crystal Splinter": 39.33333333333333,
	"Scale Armor": 39.085183185440464,
	"Assassin Star": 38.558589156506486,
	"Piercing Bolt": 38.20628139901855,
	"Green Crystal Fragment": 38.116550116550115,
	"Cultish Robe": 36.83722675181106,
	"Plate Shield": 35.91361596481994,
	"Ratana": 35.73426573426574,
	"Banana Sash": 34.85523508282977,
	"Coal": 34.019175861878786,
	"Health Potion": 33.25315991801754,
	"Small Topaz": 32.618512193416855,
	"Dowser": 32.28809875391431,
	"Terra Boots": 30.918796992481205,
	"Corncob": 30.385795128811495,
	"Hand Axe": 28.970363146710163,
	"Throwing Star": 28.94446538845051,
	"Glob of Acid Slime": 28.49177489177489,
	"Small Enchanted Emerald": 28.487074829931974,
	"White Pearl": 28.289216096248417,
	"Venison": 27.07164827211869,
	"Demonic Skeletal Hand": 26.5848971625882,
	"Wood": 25.99874132608407,
	"Battle Shield": 25.765002853224328,
	"Black Pearl": 25.593766298348935,
	"White Mushroom": 25.368746768973608,
	"Brown Crystal Splinter": 25.285714285714285,
	"Morning Star": 25.204159160851763,
	"Small Sapphire": 25.038368584083745,
	"Mace": 25.03033705733778,
	"Leather Helmet": 23.85432144225959,
	"Plate Armor": 23.292783908251263,
	"Sword Ring": 22.891412883230235,
	"Stonerefiner's Skull": 22.865800865800864,
	"Ghoul Snack": 22.558934853275147,
	"Poisonous Slime": 22.22972582972583,
	"Arrow": 21.743413127555858,
	"Strong Health Potion": 21.135365607115542,
	"Protection Amulet": 21.074654729476105,
	"Leather Boots": 20.780684323596233,
	"Strong Mana Potion": 20.760935327899453,
	"Magic Light Wand": 20.71851974731319,
	"Spider Silk": 20.409452201933405,
	"Wand of Starstorm": 19.666666666666664,
	"Hellspawn Tail": 19.52051100070972,
	"Wooden Shield": 19.250748948918847,
	"Fur Bag": 18.85545993227991,
	"Silver Brooch": 18.54721810293733,
	"Chain Helmet": 17.87046722980001,
	"Hailstorm Rod": 17.267031011692932,
	"Doublet": 16.857142857142858,
	"Half-Digested Stones": 16.768253968253966,
	"Elven Hoof": 16.746765876605753,
	"Mana Potion": 16.5243972859118,
	"Hunting Spear": 16.411535726745246,
	"Staff": 16.05565744920993,
	"Crossbow": 15.581175591373176,
	"Cheese": 14.646378093459287,
	"Heavy Old Tome": 14.257623156584906,
	"Lamp": 13.493969531190176,
	"Beetroot": 13.350017400523257,
	"Ape Fur": 13.315795215700206,
	"Swampling Club": 13.278586947746875,
	"Warwolf Fur": 13.256666342292872,
	"Battle Axe": 12.804272621190862,
	"Rope": 12.625635038624473,
	"Coconut": 12.302677750649915,
	"Red Piece of Cloth": 12.202355312833587,
	"Rat Cheese": 11.855122655122656,
	"Book (Grey)": 11.657620525636892,
	"Piece of Crocodile Leather": 11.61944367825847,
	"Black Shield": 11.351442560999981,
	"Wand of Voodoo": 11.329227692864055,
	"Bony Tail": 10.945817990531298,
	"Battle Hammer": 10.894127835094762,
	"Mystic Turban": 10.865213539238722,
	"Brown Piece of Cloth": 10.690853434160761,
	"Ultimate Health Potion": 10.642397878333902,
	"Necrotic Rod": 10.519639429541469,
	"Cultish Mask": 10.297829379101465,
	"Minotaur Horn": 10.222949374991806,
	"Quara Pincers": 10.074225210042828,
	"Shadow Herb": 10.061322043157608,
	"Studded Club": 9.61842238396371,
	"Scarab Coin": 9.605300993991527,
	"Sword": 9.545171433282826,
	"Shrimp": 9.41686860608064,
	"Leather Legs": 8.911464688760923,
	"Tribal Mask": 8.63108001255741,
	"Iron Helmet": 8.333688841020495,
	"Orc Leather": 8.130443163689216,
	"Red Mushroom": 7.68360539389638,
	"Chicken Feather": 7.638865581473402,
	"Scarab Pincers": 7.518673438900508,
	"Flask of Embalming Fluid": 7.502607147399211,
	"Mantassin Tail": 7.456986872285437,
	"Book of Necromantic Rituals": 7.452654625068418,
	"Pelvis Bone": 7.441855619861285,
	"Quara Eye": 7.339876905548544,
	"Cyclops Toe": 7.335972648990409,
	"Dragon Ham": 7.323675658946927,
	"Werehyaena Talisman": 7.146853146853147,
	"Short Sword": 6.944657499824433,
	"Brass Armor": 6.909604598284762,
	"Cape": 6.464017234632209,
	"Carrot": 6.393272415895565,
	"Bone Club": 6.358485260084204,
	"Melon": 6.255745450591596,
	"Gauze Bandage": 6.206997965153249,
	"Pirate Voodoo Doll": 5.956261421601943,
	"Terra Mantle": 5.9400644468313635,
	"Mysterious Fetish": 5.776292498897287,
	"Broken Crossbow": 5.662702446296673,
	"Book (Orange)": 5.656198107507077,
	"Life Ring": 5.404836248213195,
	"Brown Mushroom": 5.29795740668884,
	"Piece of Scarab Shell": 5.0785702400266235,
	"Wand of Inferno": 4.66239511617744,
	"Crab Pincers": 4.596829772570641,
	"Scimitar": 4.540078233984941,
	"Broken Helmet": 4.4109549837850555,
	"Pile of Grave Earth": 4.39840584227635,
	"Roll": 4.232644954176206,
	"Mango": 4.228522920203735,
	"Hatchet": 4.185089775976433,
	"Fox Paw": 3.884451925099937,
	"Scarab Amulet": 3.834279454237626,
	"Bow": 3.781702073940207,
	"Focus Cape": 3.7459016393442623,
	"Rusted Armor": 3.671461358120504,
	"Two Handed Sword": 3.6186001961954606,
	"Werebadger Claws": 3.580969399151217,
	"Dagger": 3.4862267020817725,
	"Troll Green": 3.433669175844135,
	"Piece of Warrior Armor": 3.430488731324386,
	"Ruby Necklace": 3.4129326047358837,
	"Minotaur Leather": 3.3962534740279766,
	"Broken Shamanic Staff": 3.3611111111111107,
	"Werebadger Skull": 3.347777529595712,
	"Knight Legs": 3.24694963005452,
	"Underworld Rod": 3.1835662264478732,
	"Quara Tentacle": 3.179168601950767,
	"Wolf Paw": 3.1546710799968816,
	"Oriental Shoes": 3.124094955118772,
	"Scarf": 3.099607958286878,
	"Strange Talisman": 3.0869896985883254,
	"Voluminous Piece of Cloth": 3.0528465245446377,
	"Ludicrous Piece of Cloth": 2.981295434125623,
	"Crystal Ring": 2.972479637718588,
	"Piece of Archer Armor": 2.972385986311581,
	"Fish Fin": 2.9511149374197116,
	"Wereboar Hooves": 2.9356592659719074,
	"Ominous Piece of Cloth": 2.885893980233603,
	"Wereboar Tusks": 2.8840054372451287,
	"Luminous Piece of Cloth": 2.8739687984971005,
	"Werehyaena Trophy": 2.8095238095238093,
	"Obvious Piece of Cloth": 2.7547169811320753,
	"Bone Shield": 2.670521243380984,
	"Ancient Amulet": 2.603824320286824,
	"Royal Spear": 2.517660289996645,
	"Dubious Piece of Cloth": 2.5162133464020253,
	"Clerical Mace": 2.4773653332260546,
	"Shamanic Hood": 2.47718253968254,
	"Brass Legs": 2.4347866170732524,
	"Orc Tooth": 2.396004711640168,
	"Quara Bone": 2.3593712212817413,
	"Wand of Decay": 2.336640676141603,