{
	"Gold Coin": 1975.6788290440868,
	"Platinum Coin": 492.77351762124226,
	"Dragon Ham": 230.18271829431342,
	"Meat": 187.79318788507265,
	"Rare Earth": 129.92958152958153,
	"Great Health Potion": 122.29716039590825,
	"Great Mana Potion": 97.53209864533275,
	"Coal": 97.15709475709475,
	"Ham": 94.70650406589989,
	"Glob of Acid Slime": 81.47647907647907,
	"Poisonous Slime": 71.40982430419523,
	"Fish": 69.18372027057956,
	"Ice Rapier": 68.28064033124369,
	"Stonerefiner's Skull": 65.38816738816739,
	"Pirate Coin": 64.12539267768427,
	"Spear": 53.10953493476666,
	"Half-Digested Stones": 47.95132275132275,
	"Pirat's Tail": 45.42339740452928,
	"Crystal Sword": 43.40785031673362,
	"Small Sapphire": 40.4566392194254,
	"Plate Shield": 38.88914955943559,
	"Hand Axe": 37.535714285714285,
	"Small Diamond": 33.94081524817638,
	"Rat Cheese": 33.901491101491104,
	"Mace": 31.883758333783042,
	"Chain Armor": 31.564565669295007,
	"Leather Helmet": 31.106623164270957,
	"Small Stone": 28.581872781730702,
	"Vampire Teeth": 27.935932281535827,
	"Leather Boots": 27.105128626893478,
	"Brown Crystal Splinter": 26.362732598684513,
	"Wand of Inferno": 26.180507172220054,
	"Wyvern Talisman": 25.589979892761395,
	"Knight Axe": 25.54268741579932,
	"Red Gem": 25.370977577395347,
	"Crowbar": 24.617026516706346,
	"Cookie": 22.855353558286286,
	"Bone": 22.234902935779175,
	"Strong Mana Potion": 21.94173454719126,
	"Steel Shield": 21.916352553409727,
	"Strong Health Potion": 21.142786252802452,
	"Shark Fins": 20.712256793366716,
	"Red Crystal Fragment": 20.42791222383059,
	"Rope": 19.41098823277666,
	"Fairy Wings": 18.91038263611562,
	"Grappling Hook": 17.109310344827588,
	"Small Axe": 16.616240535614235,
	"Axe": 16.459949306692195,
	"Knight Armor": 16.203604373836743,
	"Short Sword": 16.04202915761972,
	"Brass Helmet": 15.32768599644173,
	"Crossbow": 14.942757091132838,
	"Dragon's Tail": 14.726831188282507,
	"Orc Leather": 14.273055563223059,
	"Blood Preservation": 14.250069190332185,
	"Wolf Tooth Chain": 14.246461850692903,
	"Broken Helmet": 13.464352863531627,
	"Small Enchanted Ruby": 12.852455941273526,
	"Terra Boots": 12.624974747112343,
	"Skull": 12.5414048539946,
	"Wooden Shield": 12.526593947077366,
	"Worm": 12.212491512334811,
	"Golden Idol of Tukh": 12.092397398519847,
	"Studded Club": 11.83142508749426,
	"Yellow Gem": 11.830930973788117,
	"Burst Arrow": 11.798340115825916,
	"Arrow": 11.073058245305766,
	"Focus Cape": 10.483457844183564,
	"Wand of Starstorm": 10.449310344827586,
	"Frazzle Tongue": 9.838303941908714,
	"Heavy Old Tome": 9.807821102794737,
	"Sword": 9.695089861537305,
	"Dagger": 9.38436041129201,
	"Bone Club": 8.770171630099833,
	"Frazzle Skin": 8.593879668049793,
	"Springsprout Rod": 8.564963105458096,
	"Halberd": 8.300263822263522,
	"Remains of a Fish": 8.278008298755186,
	"Studded Helmet": 8.031638625191672,
	"Torch": 7.934389300029304,
	"Longsword": 7.823650963008165,
	"Studded Legs": 7.729400292540225,
	"Mouldy Powder": 7.651113467656415,
	"Orcish Gear": 7.620379311676774,
	"Witch Broom": 7.575651332890044,
	"Gloom Wolf Fur": 7.504304485727231,
	"Small Ruby": 7.455158284986199,
	"Power Bolt": 7.245140750670242,
	"Cheese": 7.05015983621278,
	"Wand of Draconia": 7.0150257905359945,
	"Magma Boots": 6.844965010617743,
	"Star Herb": 6.829112011122529,
	"Wand of Voodoo": 6.4341420132015745,
	"Moonlight Rod": 6.315218170950389,
	"Leather Armor": 6.268277707010418,
	"Hydra Head": 5.8913803301607786,
	"Tooth File": 5.615550755939525,
	"Beetroot": 5.5045338238385595,
	"White Mushroom": 5.396583439098073,
	"Red Ectoplasm": 5.22090154743216,
	"Boggy Dreads": 5.132963909385857,
	"Black Pearl": 4.744877843114689,
	"Steel Helmet": 4.658705250202964,
	"Big Bone": 4.441260373443983,
	"Battle Axe": 4.369513735896437,
	"Orc Tooth": 4.249616375186705,
	"Fish Fin": 4.231587136929461,
	"Mouldy Cheese": 4.226310592135403,
	"Ring of Blue Plasma": 4.185224460940262,
	"Piece of Iron": 4.125389004149378,
	"Vampire's Cape Chain": 4.103671706263499,
	"Plate Legs": 4.0893378089846015,
	"Minotaur Horn": 3.9944783980679768,
	"Hunting Spear": 3.9271832726007534,
	"Knife": 3.8656266905611623,
	"Cape": 3.785528622378045,
	"Assassin Star": 3.785388624651734,
	"Damselfly Wing": 3.782390033443108,
	"Insectoid Eggs": 3.491196638716601,
	"Studded Armor": 3.456779052809129,
	"Compass": 3.4418010558506493,
	"Prismatic Quartz": 3.283247364880018,
	"Magma Coat": 3.229423637586903,
	"Sickle": 3.21341653817329,
	"Bunch of Troll Hair": 3.197539075490522,
	"Damselfly Eye": 3.1958336524469635,
	"Onyx Chip": 3.1484545647251823,
	"Wolf Paw": 3.132223749762262,
	"Wood Cape": 3.1062212796041004,
	"Small Enchanted Emerald": 3.0647230320699705,
	"Leather Legs": 3.025599532557172,
	"Brass Shield": 2.976328114962223,
	"Lightning Boots": 2.9754330151997173,
	"Banana": 2.9615384615384617,
	"Broadsword": 2.9615134554978755,
	"Cucumber": 2.864082020397555,
	"Corncob": 2.8072089947089944,
	"Emerald Bangle": 2.771051223719394,
	"Sabre": 2.7455088878401765,
	"Broken Shamanic Staff": 2.648148148148148,
	"Studded Shield": 2.488525335151102,
	"Machete": 2.4584349098000975,
	"Iron Ore": 2.322286228152131,
	"Bolt": 2.292316436891044,
	"Garlic Necklace": 2.112591817639601,
	"Werehyaena Nose": 2.0606060606060606,
	"Silencer Claws": 2.0536715895641433,
	"Shamanic Hood": 1.951719576719577,
	"Grave Flower": 1.9500183963999658,
	"Throwing Knife": 1.9307992578865036,
	"Hexagonal Ruby": 1.901771697690065,
	"Marsh Stalker Feather": 1.901424085762314,
	"Minotaur Leather": 1.8577171632034168,
	"Skull Belt": 1.8487592088462927,
	"Plate Armor": 1.7609635464789217,
	"Brown Mushroom": 1.6942161777393157,
	"Egg": 1.653630824962951,
	"Great Spirit Potion": 1.6149364315280565,
	"Health Potion": 1.5990646304921727,
	"Green Crystal Splinter": 1.5571708135308917,
	"Coat": 1.5524448197744856,
	"Green Dragon Scale": 1.4926776351473512,
	"Green Dragon Leather": 1.4641630291603174,
	"Double Axe": 1.4579114438922087,
	"Katana": 1.4519004896272607,
	"Combat Knife": 1.434898659949347,
	"Swampling Moss": 1.3964580925170662,
	"Marsh Stalker Beak": 1.3432078404009007,
	"Mana Potion": 1.3144908463471545,
	"Badger Fur": 1.3137192196993923,
	"Poison Spider Shell": 1.3072552242310402,
	"Goblin Ear": 1.2460895820563462,
	"Ultimate Health Potion": 1.2376492946820694,
	"Velvet Tapestry": 1.2371548117154811,
	"Rusted Armor": 1.2170711297071128,
	"Orange": 1.2062383612662941,
	"Hatchet": 1.2039618088538333,
	"Hibiscus Dress": 1.172887029288703,
	"Essence of a Bad Dream": 1.1341283501352348,
	"Shovel": 1.0570167733028832,
	"Piece of Swampling Wood": 1.0453207127434516,
	"Spike Sword": 1.0217077519599242,
	"Copper Shield": 1.0105934104218344,
	"Ice Cube": 0.9966909993880924,
	"Life Preserver": 0.9906759906759907,
	"Brass Armor": 0.987927042912077,
	"Kongra's Shoulderpad": 0.9871794871794872,
	"Wyvern Fang": 0.9766177187423837,
	"Throwing Star": 0.9749099234349197,
	"Small Enchanted Amethyst": 0.9280625189716099,
	"Roll": 0.8870384589026319,
	"Chain Helmet": 0.8703796065018772,
	"Frosty Heart": 0.8550268407449135,
	"Necrotic Rod": 0.8223417759777549,
	"Honeycomb": 0.8214680071406244,
	"Violet Crystal Shard": 0.8163265306122449,
	"Haunted Blade": 0.8154685329079401,
	"Cherry": 0.8125484474032192,
	"Dragon Hammer": 0.7567172655014864,
	"Ring of Healing": 0.7387159454786616,
	"Bow": 0.7281246088228875,
	"Serpent Sword": 0.7252628044528243,
	"War Hammer": 0.7068372549606385,
	"Stealth Ring": 0.7047727414300687,
	"Bony Tail": 0.6965520539429009,
	"Worn Leather Boots": 0.6923076923076923,
	"Bag of Apple Slices": 0.6776279997582059,
	"Small Enchanted Sapphire": 0.6716479867164799,
	"Acorn": 0.6558202750239847,
	"Green Crystal Fragment": 0.634032634032634,
	"Lamp": 0.6288385028390436,
	"Hunter's Quiver": 0.6089385474860336,
	"Small Amethyst": 0.6047410899546981,
	"Dark Mushroom": 0.5997116770783277,
	"Ratana": 0.5944055944055945,
	"Soldier Helmet": 0.591668483323094,
	"Fox Paw": 0.5900273511466443,
	"Boots of Haste": 0.5792984483639352,
	"Carrot": 0.5661310259579728,