{
	"Platinum Coin": 3456.841884971235,
	"Gold Coin": 3357.569915404481,
	"Great Health Potion": 654.5691491517459,
	"Ham": 432.68285772490214,
	"Meat": 364.623326678071,
	"Great Mana Potion": 327.23121595775063,
	"Flask of Demonic Blood": 263.28064818937173,
	"Werehyaena Nose": 187.69047619047618,
	"Axe": 183.9712659282474,
	"Knife": 164.8377262146129,
	"Rare Earth": 151.45165945165945,
	"Cowbell": 138.76883557768957,
	"Halberd": 126.46698375990483,
	"Red Crystal Fragment": 115.58974358974359,
	"Coal": 113.32015600381096,
	"Cultish Robe": 111.22002373809278,
	"Ultimate Health Potion": 110.58520426274818,
	"Minotaur Horn": 106.57236398286895,
	"Plate Shield": 97.12785273194136,
	"Glob of Acid Slime": 94.97258297258297,
	"Banana": 92.96651828029823,
	"Minotaur Leather": 89.45235681146345,
	"Demonic Essence": 86.77200575934248,
	"Tainted Glooth Capsule": 86.0844023399094,
	"Small Amethyst": 81.21564089039529,
	"Glooth Bag": 80.76180204163684,
	"Stonerefiner's Skull": 76.21933621933621,
	"Poisonous Slime": 74.68926345242853,
	"Red Gem": 72.95315673702186,
	"Scythe": 70.68318915127426,
	"Bronze Amulet": 70.5603699624125,
	"Yellow Gem": 67.96356071633515,
	"Combat Knife": 66.07884239476546,
	"White Mushroom": 65.06189950189601,
	"Life Preserver": 62.82051282051282,
	"Small Stone": 61.13121923479106,
	"Mino Shield": 58.21931367017869,
	"Small Enchanted Amethyst": 57.86143422507059,
	"Half-Digested Stones": 55.89417989417989,
	"Small Emerald": 49.084189700041144,
	"Small Topaz": 44.47782569079046,
	"Dark Mushroom": 42.87938491110043,
	"Green Crystal Fragment": 40.205128205128204,
	"Green Crystal Splinter": 39.916666666666664,
	"Rat Cheese": 39.51707551707552,
	"Great Spirit Potion": 38.84577136051032,
	"Ratana": 37.69230769230769,
	"Mystical Hourglass": 37.17535655833528,
	"Magic Light Wand": 36.18669581584569,
	"Orange": 33.18738347027478,
	"Glooth Capsule": 32.98276357050878,
	"Small Ruby": 31.57711736123589,
	"Green Mushroom": 29.381927110263568,
	"Small Enchanted Emerald": 28.528231292517003,
	"Glooth Steak": 27.753407281432764,
	"Ring of Healing": 26.817052977595253,
	"Glooth Sandwich": 26.749355522077902,
	"Brown Crystal Splinter": 25.660714285714285,
	"Purple Robe": 23.614388593688595,
	"Sword Ring": 22.809523809523807,
	"Dark Shield": 21.171615618424127,
	"Wand of Starstorm": 19.958333333333332,
	"Strong Mana Potion": 19.522981506414236,
	"Terra Amulet": 19.419901622470928,
	"Bolt": 18.6787729196226,
	"Slightly Rusted Armor": 18.504325461772268,
	"Hatchet": 17.337765183644922,
	"Snakebite Rod": 17.25189991286371,
	"Doublet": 17.107142857142858,
	"Hailstorm Rod": 17.107142857142858,
	"Worm": 16.97420781589151,
	"Poison Arrow": 15.633011255175061,
	"Protection Amulet": 15.427405990021093,
	"Garlic Necklace": 14.567996155694377,
	"Moonlight Rod": 14.301088749587594,
	"Bat Wing": 13.963286881307063,
	"Short Sword": 13.878216830012226,
	"Wand of Voodoo": 11.419950647223374,
	"Black Shield": 11.419387365781871,
	"Glooth Axe": 11.021552312792375,
	"Leather Boots": 11.000103402384388,
	"Glooth Club": 10.985863799415544,
	"Glooth Spear": 10.963389893002653,
	"Glooth Blade": 10.948114718666885,
	"Fish": 10.899160729818226,
	"Kongra's Shoulderpad": 10.857282103911562,
	"Glooth Amulet": 10.727708732118051,
	"Leather Legs": 10.374650943738082,
	"Terra Boots": 9.847985571122974,
	"Orichalcum Pearl": 9.502221183072248,
	"Bone": 9.400091382988933,
	"Soul Orb": 9.12891923190179,
	"Taurus Mace": 9.045334791300037,
	"Mino Lance": 8.930855980772785,
	"Banana Sash": 8.605394078198481,
	"Giant Shimmering Pearl (Green)": 8.400253490292643,
	"Underworld Rod": 8.383764847207786,
	"Red Piece of Cloth": 8.174827268028425,
	"Torch": 7.998303160925366,
	"Werehyaena Talisman": 7.538461538461538,
	"Rubber Cap": 7.32088279153348,
	"Essence of a Bad Dream": 7.30942367799951,
	"Terra Mantle": 7.295263040075783,
	"Terra Hood": 7.044189379244619,
	"Pick": 7.00467140363386,
	"Copper Shield": 6.965652890123669,
	"Small Axe": 6.876525200716251,
	"Gold Ingot": 6.803867431622175,
	"Leather Helmet": 6.507345371036518,
	"Nightmare Blade": 5.920602300663494,
	"Fairy Wings": 5.7727746152169175,
	"Lump of Dirt": 5.602182237131917,
	"Soldier Helmet": 5.561683743237083,
	"Studded Armor": 5.535539547119711,
	"Letter": 5.491431662282104,
	"Terra Legs": 5.4102690365743555,
	"Leather Armor": 5.353383411610873,
	"Beetroot": 5.052593242268214,
	"Small Diamond": 4.871834504456391,
	"Small Sapphire": 4.822348539347729,
	"Mace": 4.811930560188185,
	"Shovel": 4.733125602748038,
	"Silver Amulet": 4.641990390469652,
	"Scythe Leg": 4.633365850255811,
	"Cheese": 4.441424068819368,
	"Spear": 4.361480344710089,
	"Cyclops Toe": 4.346742573639839,
	"Chain Armor": 4.269061491952144,
	"Beastslayer Axe": 4.160840783118056,
	"Hand Axe": 4.051592481957024,
	"Skull": 3.6815365112945226,
	"Bone Club": 3.4621708173682975,
	"Coconut": 3.2479069261715776,
	"Battle Shield": 3.181925746762487,
	"Spider Silk": 3.074887644457162,
	"Glooth Cape": 3.021577391195138,
	"Ape Fur": 2.986319074351286,
	"Frazzle Tongue": 2.9280666493775933,
	"Werehyaena Trophy": 2.851190476190476,
	"Sword": 2.811184340689074,
	"Glacier Kilt": 2.667290156651859,
	"Warrior Helmet": 2.6296927166760447,
	"Frazzle Skin": 2.5577022821576763,
	"Remains of a Fish": 2.4636929460580914,
	"Assassin Star": 2.4237626032911024,
	"Dagger": 2.3873094867992775,
	"Slime Heart": 2.3304229195088677,
	"Strong Health Potion": 2.315492554470747,
	"Blank Rune": 2.2345810801395944,
	"Skull Staff": 2.175911580238117,
	"Heavy Old Tome": 2.108784623833263,
	"Green Gem": 2.0424840692312345,
	"Poisoned Fang": 1.9997271487039563,
	"Hunting Spear": 1.9433393584640248,
	"Brass Shield": 1.9297643603097812,
	"Minotaur Trophy": 1.92437174895818,
	"Piercing Bolt": 1.9233311843680112,
	"Scale Armor": 1.9055864214874687,
	"Plate Armor": 1.8582831724973663,
	"Rope": 1.7716013426551118,
	"Death Ring": 1.764257155739109,
	"Wooden Shield": 1.7249934310883752,
	"Health Potion": 1.7149436881175362,
	"Melon": 1.6515167989561814,
	"Battle Hammer": 1.4640200568344601,
	"Big Bone": 1.4446107001164736,
	"Crossbow": 1.4385840471427638,
	"Dwarven Shield": 1.427911769951842,
	"Hydra Head": 1.4220573210732914,
	"Cleaver": 1.3500104293930093,
	"Skullcracker Armor": 1.3336450783259295,
	"Battle Axe": 1.327537436773794,
	"Studded Club": 1.3263916563315865,
	"Royal Spear": 1.2935758477927153,
	"Boggy Dreads": 1.2832409773464641,
	"Fish Fin": 1.2594009336099585,
	"Piece of Iron": 1.227794346473029,
	"Earth Arrow": 1.2086765454014092,
	"Lump of Earth": 1.197181421628584,
	"Arrow": 1.1934099516360626,
	"Glob of Glooth": 1.1182865157208335,
	"Mouldy Cheese": 1.1164188163387008,
	"Demonic Skeletal Hand": 1.077766101186008,
	"Voluminous Piece of Cloth": 1.066405292820387,
	"Ludicrous Piece of Cloth": 1.0414114187699093,
	"Iron Ore": 1.0245860756698848,
	"Badger Fur": 1.0105532459226094,
	"Ominous Piece of Cloth": 1.0080862533692723,
	"Luminous Piece of Cloth": 1.0039206076941927,
	"Flask of Embalming Fluid": 0.9680783415998983,
	"Obvious Piece of Cloth": 0.9622641509433962,
	"Viper Star": 0.9577080491132333,
	"Throwing Knife": 0.9501753826530612,
	"Heat Core": 0.9001510592863009,
	"Throwing Star": 0.8991893109142771,
	"Dubious Piece of Cloth": 0.8789512374418034,
	"Mana Potion": 0.8752003011412763,
	"Wolf Tooth Chain": 0.8736755354562716,
	"Mercenary Sword": 0.8070769141880821,
	"Gauze Bandage": 0.8009029632455805,
	"Steel Helmet": 0.7834510026239054,
	"Cherry": 0.7523596735214992,
	"Gloom Wolf Fur": 0.7421839601268689,
	"Raspberry": 0.7368776751520613,
	"Onyx Arrow": 0.7321346697320357,
	"Cucumber": 0.6913301428545823,
	"Silencer Claws": 0.6587248494828384,
	"Warwolf Fur": 0.6440621457624858,
	"Ice Cube": 0.6431659530941835,
	"Egg": 0.6360118557549811,
	"Wolf Paw": 0.634300882465912,
	"Brown Mushroom": 0.6239397882233485,
	"Brass Armor": 0.6180019760480313,
	"Wood": 0.6151103565365026,
	"Goblin Ear": 0.5992644554927467,
	"Werebadger Claws": 0.5968282331918695,
	"Brass Helmet": 0.5946985195171068,