{
	"Gold Coin": 3600.889673425799,
	"Platinum Coin": 3124.587376933826,
	"Ham": 581.2922136812934,
	"Great Spirit Potion": 466.15091368427557,
	"Meat": 252.18503547551708,
	"Lion's Mane": 243.72695768697065,
	"Dragon Ham": 195.34232775300438,
	"Dark Armor": 149.21193497224425,
	"Rare Earth": 134.31370851370852,
	"Soul Orb": 133.1517920397423,
	"Crystal Sword": 111.0743105450722,
	"Great Mana Potion": 107.9616249439342,
	"Coal": 100.43540163540163,
	"Rapier": 89.31343886778609,
	"Glob of Acid Slime": 84.22568542568543,
	"Tainted Glooth Capsule": 80.38451787080726,
	"Leather Helmet": 79.35409238658542,
	"Great Health Potion": 78.11860267387006,
	"Glooth Bag": 75.63505461272712,
	"Worm": 69.80805358163849,
	"Stonerefiner's Skull": 67.59451659451659,
	"Small Enchanted Sapphire": 67.09299318552036,
	"Poisonous Slime": 66.94372566698624,
	"Ankh": 63.00493511241089,
	"Black Pearl": 60.47477726841653,
	"Axe": 53.4228148251375,
	"Glob of Glooth": 52.53852900596122,
	"Half-Digested Stones": 49.56931216931216,
	"Small Topaz": 46.45831629603655,
	"Glooth Sandwich": 45.388155624162096,
	"Ultimate Health Potion": 45.35211866036243,
	"Ivory Carving": 45.33488764418719,
	"Small Emerald": 44.5015718291324,
	"Strong Health Potion": 44.25164522462703,
	"Serpent Sword": 41.40297906285432,
	"Small Diamond": 39.89892879369481,
	"Terra Boots": 39.28556054802458,
	"Necromantic Rust": 38.305250305250304,
	"Silver Brooch": 37.60408406026963,
	"Bone": 37.285107462930924,
	"War Hammer": 35.94203030590779,
	"Frazzle Tongue": 35.120603715534415,
	"Strong Mana Potion": 35.11160371159458,
	"Rat Cheese": 35.04540644540645,
	"Leather Boots": 34.99196566152135,
	"Small Enchanted Ruby": 33.55901990197109,
	"Glooth Capsule": 30.802148328913248,
	"Glooth Injection Tube": 30.502115655853316,
	"Small Sapphire": 30.4830141817627,
	"Frazzle Skin": 30.017879109834972,
	"White Pearl": 29.7145543077731,
	"Twin Hooks": 28.46527259148618,
	"Brown Crystal Splinter": 28.253388584148183,
	"Steel Helmet": 28.224576249786736,
	"Glooth Steak": 26.398065729373695,
	"Glooth Spear": 23.975955225687944,
	"Skull": 23.885802292183488,
	"Silencer Claws": 22.679383783191007,
	"Fishbone": 22.23149693934335,
	"Dark Shield": 21.217853820210227,
	"Steel Shield": 20.61656358450955,
	"Wyvern Talisman": 19.94336461126005,
	"Fish Tail": 19.877573734001114,
	"Piece of Iron": 19.142618096060286,
	"Glooth Axe": 19.039546972030262,
	"Torch": 18.727178673736375,
	"Remains of a Fish": 18.606740256351642,
	"Crystal Rubbish": 18.439065108514193,
	"Glooth Blade": 18.14978695363529,
	"Moonlight Crystals": 17.95774323587234,
	"Glooth Club": 17.57921650099677,
	"Glorious Axe": 17.52310244753638,
	"Arrow": 17.26584048355221,
	"Banana Skin": 16.935169727323316,
	"Doublet": 16.638722102639626,
	"Rainbow Quartz": 15.853113365178864,
	"Lightning Headband": 15.541217327728022,
	"Glooth Amulet": 15.065293608087185,
	"Iron Ore": 14.459773966723683,
	"Fish": 14.44525878669517,
	"Crossbow": 13.308660117757663,
	"Green Crystal Shard": 13.241224794622854,
	"Dragon's Tail": 13.165549270699355,
	"Spirit Cloak": 12.980769230769232,
	"Red Crystal Fragment": 12.60640305715431,
	"Silencer Resonating Chamber": 12.554730983302411,
	"Bronze Gear Wheel": 12.311248610599117,
	"Gearwheel Chain": 12.241402618694579,
	"Yellow Gem": 12.220788922076634,
	"Brass Shield": 12.207540609369783,
	"Spiked Squelcher": 12.137167528920106,
	"Small Ruby": 11.932300150413031,
	"Titan Axe": 11.793179819689392,
	"Onyx Chip": 11.642545598731166,
	"Assassin Star": 11.517913840685855,
	"Burst Arrow": 11.480153788123394,
	"Fish Fin": 11.307585782955456,
	"Mace": 11.286064810969492,
	"Small Amethyst": 10.87625920371348,
	"Flask of Rust Remover": 10.503052503052503,
	"Cyan Crystal Fragment": 10.283793876026884,
	"Hardened Bone": 9.808013355592655,
	"Rubber Cap": 9.106155664391979,
	"Bolt": 9.011316663278443,
	"Big Bone": 8.779967300127922,
	"Coral Brooch": 8.163164155432197,
	"Slightly Rusted Legs": 8.031746031746032,
	"Egg": 8.013749382512762,
	"Giant Shimmering Pearl (Green)": 7.809243569161691,
	"Slightly Rusted Armor": 7.774692156473119,
	"Nail": 7.413919413919414,
	"Magma Legs": 7.140559312739902,
	"Knife": 6.777190291615902,
	"Terra Hood": 6.582202538966599,
	"Crown Helmet": 6.5805154450740275,
	"Health Potion": 6.4403223351678704,
	"Haunted Blade": 6.218736138549639,
	"Power Bolt": 6.170820868199918,
	"Terra Legs": 6.163911066645262,
	"Combat Knife": 6.032960837002244,
	"Terra Mantle": 6.01420933232542,
	"Longsword": 5.966327897162766,
	"Voluminous Piece of Cloth": 5.917503879768031,
	"Noble Axe": 5.8881839809674865,
	"Demonic Skeletal Hand": 5.86783766201271,
	"Ludicrous Piece of Cloth": 5.778812382585967,
	"Violet Crystal Shard": 5.754034501947691,
	"Beetroot": 5.6551806843620085,
	"Chain Armor": 5.614724450017923,
	"Ominous Piece of Cloth": 5.593890386343217,
	"Brass Helmet": 5.5930989932236646,
	"Two Handed Sword": 5.582899094677804,
	"Luminous Piece of Cloth": 5.570775136812872,
	"Chain Helmet": 5.520834316978311,
	"Throwing Star": 5.478919581644398,
	"White Silk Flower": 5.4519121875548535,
	"Obvious Piece of Cloth": 5.339622641509433,
	"Green Crystal Fragment": 5.215674293344197,
	"Lion Figurine": 5.202833272285227,
	"Spear": 4.976129463372336,
	"Dubious Piece of Cloth": 4.877317650902556,
	"Slime Heart": 4.855047748976808,
	"Talon": 4.436302226551938,
	"Gold Ingot": 4.380912632164719,
	"Poisoned Fang": 4.166098226466575,
	"Brass Armor": 4.112407690778484,
	"Minotaur Horn": 4.052379551003867,
	"Orange": 4.020794537554314,
	"Heat Core": 3.92158607165159,
	"Beastslayer Axe": 3.9097229037005956,
	"Mana Potion": 3.8772361652950083,
	"Halberd": 3.8702145405746213,
	"Gear Wheel": 3.630465444287729,
	"Leather Legs": 3.5421638173339027,
	"Hunting Spear": 3.3425099689432196,
	"Carrot": 3.3172016969151805,
	"Plate Shield": 3.3046411395359594,
	"Glooth Cape": 3.1853099126003053,
	"Blank Rune": 3.0970532350482975,
	"Werehyaena Nose": 3.0194805194805197,
	"Battle Shield": 2.9757943297975307,
	"Purple Robe": 2.9450905079206455,
	"Hand Axe": 2.72279792746114,
	"Stealth Ring": 2.696473995473089,
	"Wand of Inferno": 2.6709028858811124,
	"Plate Legs": 2.667389940682441,
	"Broadsword": 2.6203393717190866,
	"Fairy Wings": 2.5360200934031663,
	"Roll": 2.520899003557765,
	"Sai": 2.445859494241209,
	"Royal Spear": 2.4291593509296483,
	"Iron Helmet": 2.3233798065087807,
	"Wooden Shield": 2.294864347490925,
	"Life Ring": 2.294825902133647,
	"Minotaur Leather": 2.20400773359857,
	"Warwolf Fur": 2.130359405214376,
	"Terra Amulet": 2.085337317227177,
	"Green Gem": 2.0603686843052307,
	"Hunter's Quiver": 2.0297951582867784,
	"Skull Staff": 2.0120881214943207,
	"Viper Star": 1.9952251023192358,
	"Battle Hammer": 1.9800580493419406,
	"Diamond Sceptre": 1.9795849310004172,
	"Dandelion Seeds": 1.9710219922380334,
	"Cluster of Solace": 1.909579395019564,
	"Springsprout Rod": 1.8968732857926496,
	"Corncob": 1.7911231942578578,
	"Snakebite Rod": 1.786879482491914,
	"Viking Helmet": 1.7825008093521575,
	"Goat Grass": 1.7258351021409042,
	"Shimmering Beetles": 1.6170549847913895,
	"Broken Crossbow": 1.5304601206207225,
	"Lamp": 1.4945175862132059,
	"Sword": 1.4705377985410313,
	"Nightmare Blade": 1.4694344553624414,
	"Shadow Sceptre": 1.4615166500913133,
	"Red Gem": 1.4513425248761476,
	"Double Axe": 1.4230283749335395,
	"Badger Fur": 1.4147745442916533,
	"Orc Leather": 1.3849418892674445,
	"Terra Rod": 1.3832683530603762,
	"Green Dragon Scale": 1.3579220153076599,
	"Green Dragon Leather": 1.3319816445833441,
	"Bow": 1.3248916679428204,
	"Thick Fur": 1.3010600706713782,
	"Battle Axe": 1.2969102802874033,
	"Piece of Warrior Armor": 1.2926479277454208,
	"Mammoth Tusk": 1.2664310954063605,
	"Fur Bag": 1.2313769751693002,
	"Piercing Bolt": 1.219082469336586,
	"Fresh Fruit": 1.217593790426908,
	"Short Sword": 1.2067582788916422,
	"Life Preserver": 1.1655011655011656,
	"Rope": 1.150259067357513,
	"Small Enchanted Amethyst": 1.1243455901949773,
	"Winter Wolf Fur": 1.1,
	"Staff": 1.0485327313769752,