{
	"Gold Coin": 4394.450467844007,
	"Platinum Coin": 2674.154952329446,
	"Ham": 362.801824374356,
	"Great Spirit Potion": 307.56500169832645,
	"Meat": 290.1046949814361,
	"Great Health Potion": 245.33395183450972,
	"Flask of Demonic Blood": 211.64003878973915,
	"Great Mana Potion": 197.49418982891507,
	"Tainted Glooth Capsule": 140.67707038342456,
	"Lion's Mane": 134.7982427923981,
	"Glooth Bag": 130.17187767930992,
	"Ultimate Health Potion": 123.1392930709057,
	"Dragon Ham": 102.90744122568253,
	"Axe": 97.81211141162271,
	"Dark Armor": 87.68422956606074,
	"Soul Orb": 87.03505981790194,
	"Demonic Essence": 81.55814552428751,
	"Bone": 78.80569977223641,
	"Crystal Sword": 61.06657136446212,
	"Bolt": 54.11218049410296,
	"Glooth Capsule": 53.872918171506015,
	"Scythe": 53.7311199438859,
	"Leather Helmet": 52.38498830284661,
	"Fairy Wings": 51.076368455997226,
	"Rapier": 47.59751416560044,
	"Glooth Steak": 46.116437639422884,
	"Mace": 44.6489007106358,
	"Glooth Sandwich": 43.47204639268462,
	"Werehyaena Nose": 40.90909090909091,
	"White Mushroom": 39.86461139761636,
	"Knife": 39.13782793012349,
	"Arrow": 37.68005127722159,
	"Small Enchanted Sapphire": 37.09582728328143,
	"Ankh": 34.29013097881604,
	"Plate Shield": 34.09452584147817,
	"Black Pearl": 33.66823382076502,
	"Small Topaz": 32.38996049840463,
	"Halberd": 29.929210154054683,
	"Mystical Hourglass": 28.259527706336215,
	"Terra Boots": 28.03430808194328,
	"Red Crystal Fragment": 27.342657342657343,
	"Skull": 27.26042334051688,
	"Dark Shield": 27.028170338106726,
	"Leather Boots": 26.828182927068188,
	"Magic Light Wand": 26.672600292072108,
	"Frazzle Tongue": 26.586845176348547,
	"Ivory Carving": 25.089732996314936,
	"Chain Armor": 25.04467966585261,
	"Frazzle Skin": 23.223936721991702,
	"Small Emerald": 23.206627288238813,
	"Serpent Sword": 22.56441868074777,
	"Remains of a Fish": 22.37033195020747,
	"Torch": 22.142573147479425,
	"Fish": 21.99472735537603,
	"Silver Brooch": 21.376094079338248,
	"Brass Shield": 21.049843370768702,
	"Glooth Spear": 20.27619497304144,
	"Worm": 20.222048358457535,
	"Yellow Gem": 19.43699453631764,
	"Glob of Glooth": 19.214533526652442,
	"Glooth Axe": 19.13258263496299,
	"Glooth Club": 19.0227249105879,
	"Small Enchanted Ruby": 18.995183841191622,
	"Glooth Blade": 18.83832468867439,
	"War Hammer": 18.55252446907169,
	"Small Diamond": 18.44776148840138,
	"Glooth Amulet": 18.218459233140138,
	"Steel Shield": 18.181312644999824,
	"Combat Knife": 18.046088975119172,
	"Assassin Star": 17.187114130952143,
	"Red Gem": 17.046729284037777,
	"Health Potion": 16.952273284716227,
	"Steel Helmet": 16.353031160452126,
	"Hatchet": 16.07217501204895,
	"Twin Hooks": 15.687528005974606,
	"Brass Helmet": 15.30072878281339,
	"Life Preserver": 14.86013986013986,
	"Spear": 14.69511063398076,
	"Hand Axe": 14.391931902294596,
	"Demonic Skeletal Hand": 14.370214682480107,
	"Egg": 14.246665568911578,
	"Burst Arrow": 14.177953955272173,
	"Slightly Rusted Armor": 14.161504593288113,
	"Small Amethyst": 13.975876454947873,
	"Small Enchanted Amethyst": 13.780706158989872,
	"Giant Shimmering Pearl (Green)": 13.432063699973682,
	"White Pearl": 12.637177846828733,
	"Crossbow": 12.577483816402296,
	"Battle Shield": 12.388380070893177,
	"Rope": 12.348524951322066,
	"Doublet": 12.339611419508326,
	"Sword": 12.156709107687465,
	"Dragon's Tail": 12.098243000182553,
	"Big Bone": 12.042889790982576,
	"Throwing Star": 11.989190812190362,
	"Rubber Cap": 11.974355460946459,
	"Green Crystal Fragment": 11.973820354402879,
	"Terra Hood": 11.475188526878856,
	"Fish Fin": 11.435360477178424,
	"Piece of Iron": 11.148372665975103,
	"Mana Potion": 10.942644494269787,
	"Minotaur Horn": 10.712400406684273,
	"Pelvis Bone": 10.59776889075984,
	"Terra Mantle": 10.525500204010624,
	"Moonlight Crystals": 9.961100875838238,
	"Hellspawn Tail": 9.833640880056777,
	"Terra Legs": 9.800735894891476,
	"Green Crystal Splinter": 9.636240801794134,
	"Strong Health Potion": 9.589016616209015,
	"Glorious Axe": 9.152885054580464,
	"Longsword": 9.088460982963023,
	"Ratana": 8.916083916083917,
	"Rainbow Quartz": 8.50436161776368,
	"Viking Helmet": 8.466981135921802,
	"Lightning Headband": 8.399561323341254,
	"Orichalcum Pearl": 8.3960840199268,
	"Insectoid Eggs": 8.378871932919843,
	"Brass Armor": 7.999053725642316,
	"Slime Heart": 7.768076398362892,
	"Leather Legs": 7.6759692203648475,
	"Spirit Cloak": 7.365384615384616,
	"Onyx Chip": 7.345792641195834,
	"Green Crystal Shard": 7.297386109036595,
	"Orange": 7.237430167597766,
	"Small Sapphire": 7.1250525963364035,
	"Beastslayer Axe": 7.108772380423706,
	"Iron Ore": 7.028159963884394,
	"Piercing Bolt": 6.76825671822807,
	"Poisoned Fang": 6.66575716234652,
	"Pick": 6.627695818156594,
	"Studded Armor": 6.625969436496829,
	"Broken Crossbow": 6.427932506607034,
	"Spiked Squelcher": 6.398170002284465,
	"Underworld Rod": 6.266512932157841,
	"Brown Crystal Splinter": 6.159424295455917,
	"Damselfly Wing": 6.146383804345051,
	"Morning Star": 6.0216901127223075,
	"Heavy Old Tome": 5.982919470006623,
	"Chain Helmet": 5.889989737385633,
	"Cyan Crystal Fragment": 5.667513069454817,
	"Carrot": 5.60598207427758,
	"Silencer Claws": 5.541038439767406,
	"Lump of Dirt": 5.402104300091491,
	"Nightmare Blade": 5.221124377599899,
	"Glooth Cape": 5.209958327416205,
	"Damselfly Eye": 5.193229685226315,
	"Iron Helmet": 5.186994837680637,
	"Titan Axe": 5.165552097788655,
	"Soldier Helmet": 5.088348956578608,
	"Small Enchanted Emerald": 5.016326530612245,
	"Strong Mana Potion": 4.946835726240752,
	"Battle Hammer": 4.849121753490467,
	"Shovel": 4.816195012256732,
	"Crowbar": 4.67095680529289,
	"Small Ruby": 4.645541024376436,
	"Coral Brooch": 4.631839809674862,
	"Copper Shield": 4.432358648163631,
	"Roll": 4.32532025818635,
	"Wooden Shield": 4.154832271318674,
	"Sword Ring": 4.075494983098138,
	"Studded Club": 4.032535756344279,
	"Cheese": 3.912233755971409,
	"Magma Legs": 3.896821776383201,
	"Red Mushroom": 3.8706884315117103,
	"Minotaur Leather": 3.8148407160539537,
	"Broken Helmet": 3.7882112783873434,
	"Skull Staff": 3.7269770203956623,
	"Hunter's Quiver": 3.653631284916201,
	"Crown Helmet": 3.6285277374974494,
	"Terra Amulet": 3.5412867492545064,
	"Studded Helmet": 3.5314007214903436,
	"Wand of Starstorm": 3.5,
	"Piece of Archer Armor": 3.3740597682455786,
	"Letter": 3.3426105770412806,
	"Noble Axe": 3.3409992069785885,
	"Piece of Warrior Armor": 3.331054275343969,
	"Beetroot": 3.2315318196354332,
	"Viper Star": 3.1923601637107772,
	"Swampling Moss": 3.19190421146758,
	"Hailstorm Rod": 3.1846493968376026,
	"Green Gem": 3.1628685996228656,
	"Essence of a Bad Dream": 3.1461465215822235,
	"White Silk Flower": 3.0331107819457825,
	"Banana": 2.9615384615384617,
	"Lion Figurine": 2.880466952053876,
	"Marsh Stalker Feather": 2.8521361286434708,
	"Bow": 2.743699645470032,
	"Blank Rune": 2.6833958117009207,
	"Orc Leather": 2.667135172681006,
	"Protection Amulet": 2.58974358974359,
	"Piece of Swampling Wood": 2.3893044862707464,
	"Sling Herb": 2.297496034988225,
	"Metal Spike": 2.2210862619808305,
	"Rotten Piece of Cloth": 2.208220154072227,
	"Haunted Blade": 2.200226418978027,
	"Bread": 2.1903562432529684,
	"Broadsword": 2.1629175673437477,
	"Black Shield": 2.1408473462284063,
	"Purple Robe": 2.1227495908346974,
	"Saw": 2.0957668285912563,
	"Death Ring": 2.086093797629932,
	"Studded Shield": 2.08498068620768,
	"Steel Boots": 2.084576413995501,
	"Plate Legs": 2.070291064401157,
	"Goat Grass": 2.0499351179891385,
	"Wand of Voodoo": 2.0376647834274952,
	"Glacier Kilt": 2.027589431844751,
	"Marsh Stalker Beak": 2.014811760601351,
	"Scythe Leg": 1.992476701911089,
	"Stealth Ring": 1.979938191160744,
	"Poisonous Slime": 1.9672578444747613,
	"Coal": 1.8097749177641815,
	"Werehyaena Talisman": 1.7832167832167831,
	"Brown Mushroom": 1.769630354015827,
	"Studded Legs": 1.7693807898586056,
	"Gold Ingot": 1.7364196626316577,
	"Sabre": 1.7116564417177915,
	"Plate Armor": 1.7016791581856237,
	"Winter Wolf Fur": 1.7000000000000002,