{
	"Gold Coin": 3507.331228684642,
	"Platinum Coin": 527.2760808525887,
	"Meat": 367.75544165681214,
	"Fish": 266.9477334042128,
	"Cheese": 246.92722513559139,
	"Worm": 187.72691891766425,
	"Skull": 165.24927205273752,
	"Dagger": 154.4,
	"Bolt": 150.85469633391133,
	"Spear": 140.3758704600803,
	"Great Health Potion": 138.5041115151747,
	"Dragon Ham": 98.38241914945064,
	"Torch": 97.52894317379204,
	"Bone": 79.31842404836445,
	"Brown Bread": 57.006074411541384,
	"Vampire Teeth": 56.719199118196904,
	"Ham": 48.84982173429696,
	"Leather Boots": 48.13269355470352,
	"Sabre": 44.964505219615134,
	"Strong Mana Potion": 44.12481000757882,
	"Mouldy Cheese": 44.01403249630724,
	"Axe": 43.822929026864614,
	"Piercing Bolt": 42.61571694764393,
	"Werehyaena Nose": 41.04329004329004,
	"Knife": 39.696969696969695,
	"Halberd": 34.76057650989691,
	"Red Crystal Fragment": 34.453226684414844,
	"Venison": 33.32820698389723,
	"Plate Shield": 32.85977124860913,
	"Rorc Feather": 31.042301138300047,
	"Red Gem": 30.431872184601342,
	"Strong Health Potion": 30.06444106835621,
	"Rotten Piece of Cloth": 29.148506033753396,
	"Blood Preservation": 28.70690799632846,
	"Hatched Rorc Egg": 28.291895576307,
	"Girlish Hair Decoration": 26.51870616723852,
	"Flask of Demonic Blood": 25.402063752171763,
	"Wolf Tooth Chain": 24.97047033241236,
	"Fir Cone": 23.16589327975815,
	"Chain Armor": 23.088355773337675,
	"Elven Hoof": 20.61712954586575,
	"Short Sword": 19.103487004862327,
	"Dowser": 18.4808886469389,
	"Mace": 17.892478290683776,
	"Demonic Essence": 17.811622058130432,
	"Combat Knife": 16.723092713532484,
	"Yellow Gem": 16.114334190156,
	"Jalapeno Pepper": 15.843232716650439,
	"Soul Orb": 15.589863681645753,
	"Lump of Dirt": 15.506040120632983,
	"Life Preserver": 15.268065268065268,
	"Great Mana Potion": 15.123552751272573,
	"Cookie": 14.89840001229076,
	"Small Enchanted Amethyst": 14.312869767415222,
	"Crossbow": 14.21724028691756,
	"Protective Charm": 14.147029589523118,
	"Heavy Old Tome": 13.59272897019937,
	"Cyclops Toe": 13.503716316365637,
	"Moonlight Rod": 13.395490735206216,
	"Swamp Grass": 13.388940177252584,
	"Small Amethyst": 12.493660054409172,
	"Black Pearl": 12.174273903189343,
	"Tooth File": 11.87287874112928,
	"Leather Armor": 11.60655393210429,
	"Green Crystal Fragment": 11.36233986954448,
	"Wood": 11.076169113461216,
	"Terra Rod": 10.75998052580331,
	"Medicine Pouch": 10.489475627769572,
	"Pelvis Bone": 10.397810987160597,
	"Steel Shield": 10.283079784074179,
	"Ghoul Snack": 10.174644876875806,
	"Viking Helmet": 10.078274336622012,
	"Red Apple": 9.74832665540704,
	"Small Ruby": 9.724020997653803,
	"White Mushroom": 9.535805378409792,
	"Arrow": 9.49053461413649,
	"Sword": 9.169363525016752,
	"Ratana": 9.160839160839162,
	"Hunting Spear": 8.88077571288375,
	"Swampling Club": 8.83058927250321,
	"Vampire's Cape Chain": 8.676334464671397,
	"Flask of Embalming Fluid": 8.591695281699097,
	"Green Crystal Splinter": 7.94164265129683,
	"Green Mushroom": 7.708742557003858,
	"Poison Arrow": 7.2966386876271265,
	"Dragon's Tail": 7.136651416495776,
	"Gauze Bandage": 7.108013798804527,
	"Winter Wolf Fur": 7,
	"Battle Shield": 6.7668939000690145,
	"Troll Green": 6.684461914926723,
	"Lamassu Horn": 6.313400576368876,
	"Hand Axe": 5.91493712134255,
	"Orc Leather": 5.897501494750689,
	"Orcish Axe": 5.869123763447775,
	"Royal Spear": 5.723848779133707,
	"Leather Helmet": 5.640432417484395,
	"Hatchet": 5.574686031011015,
	"Burst Arrow": 5.505695172663171,
	"Book (Gemmed)": 5.3683206545471265,
	"Slightly Rusted Legs": 5.3412852969815,
	"Small Emerald": 5.327382094614816,
	"Voluminous Piece of Cloth": 5.3111165563995755,
	"Red Piece of Cloth": 5.2852233028810325,
	"Cleaver": 5.220040326986303,
	"Ludicrous Piece of Cloth": 5.18663726210896,
	"Violet Crystal Shard": 5.037463976945245,
	"Ominous Piece of Cloth": 5.0206648697214735,
	"Luminous Piece of Cloth": 4.9999183206730375,
	"Small Enchanted Emerald": 4.9367346938775505,
	"Longsword": 4.86963036832082,
	"Small Diamond": 4.847623918395881,
	"Blue Crystal Shard": 4.822046109510086,
	"Grapes": 4.804415919997393,
	"Obvious Piece of Cloth": 4.792452830188679,
	"Health Potion": 4.748146500080848,
	"Golden Lotus Brooch": 4.5012794196215165,
	"Beetroot": 4.456655348350118,
	"Dubious Piece of Cloth": 4.377521849219962,
	"Rope": 4.374868878618717,
	"Broken Helmet": 4.371013013523858,
	"Magic Light Wand": 4.294718936792573,
	"Small Sapphire": 4.291841269083216,
	"Brown Crystal Splinter": 4.178571428571428,
	"Wand of Starstorm": 4.133498565749082,
	"Power Bolt": 3.935281449891288,
	"Sword Ring": 3.8652756804819903,
	"Peacock Feather Fan": 3.8191284949713653,
	"Grave Flower": 3.802708866989838,
	"Lamassu Hoof": 3.7283861671469745,
	"Terra Amulet": 3.7283861671469745,
	"Demonic Skeletal Hand": 3.7123054596406946,
	"Silver Brooch": 3.691207007216917,
	"Brass Helmet": 3.675367331179919,
	"Protection Amulet": 3.668786012318696,
	"Scroll": 3.656911333791557,
	"Emerald Bangle": 3.5715528493241404,
	"Strange Talisman": 3.5351011064479207,
	"Swampling Moss": 3.3913982246843037,
	"Throwing Star": 3.387966017085382,
	"Studded Legs": 3.3525109702584106,
	"Throwing Knife": 3.251127103048522,
	"Sphinx Feather": 3.2372804589602935,
	"Mana Potion": 3.168038242213599,
	"Studded Helmet": 3.1129992286004766,
	"Terra Hood": 3.0821325648414986,
	"Plate Armor": 3.0433246732789447,
	"Book of Necromantic Rituals": 3.0139426400714147,
	"White Pearl": 2.998806955969444,
	"Energy Ring": 2.992645537909954,
	"Orcish Gear": 2.986364865386844,
	"Fox Paw": 2.850746896696823,
	"Doublet": 2.8344851025263393,
	"Opal": 2.8335734870317,
	"Hailstorm Rod": 2.829161202617251,
	"Small Topaz": 2.825315821225289,
	"Wooden Shield": 2.809447492386737,
	"Minotaur Horn": 2.80011899272463,
	"Katana": 2.758610930291795,
	"Rorc Egg": 2.7152341353690956,
	"Blue Gem": 2.708941121662794,
	"Ice Rapier": 2.707169019388355,
	"Rusted Armor": 2.652192724000819,
	"Obsidian Lance": 2.6327844158741227,
	"Melon": 2.6172267843577037,
	"Sphinx Tiara": 2.6128529012128228,
	"Magma Amulet": 2.6106386190931508,
	"Velvet Tapestry": 2.5464769874476985,
	"Piece of Swampling Wood": 2.538636016662668,
	"Elvish Talisman": 2.5308175671818383,
	"Assassin Star": 2.507955512873537,
	"Witch Broom": 2.49199057002962,
	"Hibiscus Dress": 2.414192468619247,
	"Werebadger Claws": 2.387312932767478,
	"Steel Helmet": 2.3695480227846,
	"Green Gem": 2.364853303809572,
	"Flaming Arrow": 2.36187406263291,
	"Cape": 2.3211752151524268,
	"Poison Dagger": 2.2863047374223076,
	"Star Herb": 2.2464184247113583,
	"Werebadger Skull": 2.231851686397141,
	"Bony Tail": 2.18916359810626,
	"Battle Axe": 2.1764855446434184,
	"Blank Rune": 2.1531671670947437,
	"Scale Armor": 2.1227165858099832,
	"Leather Legs": 2.0777783167319135,
	"Studded Club": 2.0414641564529985,
	"Carrot": 2.040297238083265,
	"Black Shield": 1.9952102724863356,
	"Morning Star": 1.9936384818548074,
	"Pile of Grave Earth": 1.9837912454913835,
	"Brown Piece of Cloth": 1.9749743955114218,
	"Small Stone": 1.9657331832254432,
	"Spike Sword": 1.9443043921608778,
	"Corncob": 1.943452380952381,
	"Bow": 1.9421164767370316,
	"Wand of Voodoo": 1.917897826988736,
	"Onyx Chip": 1.8572630020088354,
	"Brown Mushroom": 1.8522659424380534,
	"Broken Crossbow": 1.836552144744867,
	"Broken Shamanic Staff": 1.8333333333333333,
	"Werehyaena Talisman": 1.832167832167832,
	"Elven Scouting Glass": 1.8174875906834669,
	"Golden Mug": 1.8156558111741858,
	"Battle Hammer": 1.765413750044876,
	"Shadow Herb": 1.7497951379404535,
	"Orc Tooth": 1.7397829175966861,
	"Marsh Stalker Feather": 1.7285673506930128,
	"Warwolf Fur": 1.673311556013112,
	"Bread": 1.6695727670658034,
	"Rainbow Quartz": 1.6683285074057232,
	"Iron Helmet": 1.6466934632961054,
	"Carrion Worm Fang": 1.5982422590226635,
	"Small Enchanted Ruby": 1.5900543564218992,
	"Stone Wing": 1.560054883197298,
	"Magma Boots": 1.5588546122490061,
	"Plate Legs": 1.4914092401467094,
	"Werefox Tail": 1.4693877551020407,
	"Honeycomb": 1.4455385827654537,