{
	"Gold Coin": 3689.1608113552807,
	"Skull": 1070.7346496032442,
	"Dagger": 1064.8,
	"Platinum Coin": 868.6437470313919,
	"Brown Bread": 393.13515565679575,
	"Sabre": 309.2809466579091,
	"Fish": 193.46199667273274,
	"Rare Earth": 179.74920634920636,
	"Dragon Ham": 162.41538530325775,
	"Meat": 161.27157500222305,
	"Coal": 136.28031848934714,
	"Girlish Hair Decoration": 131.75004393176638,
	"Glob of Acid Slime": 112.71746031746031,
	"Worm": 104.8163818756863,
	"Stonerefiner's Skull": 90.46031746031746,
	"Poisonous Slime": 87.94391534391535,
	"Torch": 82.9278458745645,
	"Glob of Glooth": 80.08094551566506,
	"Cheese": 74.52087535042202,
	"Protective Charm": 70.46968143133074,
	"Half-Digested Stones": 66.33756613756613,
	"Small Emerald": 64.68317901618556,
	"Necromantic Rust": 64.34676434676435,
	"Strong Health Potion": 62.29437802768205,
	"Strong Mana Potion": 58.95691545497396,
	"Small Topaz": 57.33889424665266,
	"Bone": 56.47310281910586,
	"Glooth Injection Tube": 54.534085566525626,
	"Spear": 51.74150527793664,
	"Rat Cheese": 46.900529100529106,
	"Great Mana Potion": 42.960012355896446,
	"Glooth Sandwich": 36.836859426422194,
	"Arrow": 34.72512259602607,
	"Small Sapphire": 34.53619999661247,
	"Leather Boots": 32.175084032499875,
	"Mouldy Cheese": 30.75923190546529,
	"Ham": 30.388439105830543,
	"Health Potion": 29.12695491730146,
	"Steel Shield": 28.310748037179767,
	"Brass Shield": 26.750250986566783,
	"Axe": 24.120920817030573,
	"Small Ruby": 23.479715009309835,
	"Glooth Spear": 23.225127444636716,
	"Bronze Gear Wheel": 21.25204117305669,
	"Small Amethyst": 20.950936898685388,
	"Gearwheel Chain": 20.768113957817768,
	"Ultimate Health Potion": 19.53717257672514,
	"Mace": 18.483320774922383,
	"Crossbow": 18.117372957998125,
	"Small Diamond": 18.110095349915202,
	"Blank Rune": 18.07438546862384,
	"Demonic Skeletal Hand": 17.723264775058798,
	"Flask of Rust Remover": 17.64346764346764,
	"Dragon's Tail": 17.324661368978315,
	"Shadow Herb": 17.1782731114671,
	"Throwing Star": 16.559339829904395,
	"Burst Arrow": 15.658784817721143,
	"Glooth Axe": 15.141421202837238,
	"Throwing Knife": 14.57103374318588,
	"Egg": 14.128692934293555,
	"Longsword": 14.064147335651352,
	"Morning Star": 14.01066347298016,
	"Glooth Blade": 13.76401134255946,
	"Iron Ore": 13.758265067558447,
	"Mana Potion": 13.741517358679195,
	"Slightly Rusted Legs": 13.492063492063492,
	"Terramite Legs": 13.328433658941796,
	"Black Pearl": 13.006363678345178,
	"Slightly Rusted Armor": 12.973137973137973,
	"Glooth Club": 12.601936949169467,
	"Nail": 12.454212454212454,
	"Cape": 10.984273870959333,
	"White Mushroom": 10.730765728853203,
	"White Pearl": 10.691112283810574,
	"Scarab Coin": 9.670113853146628,
	"Swamp Grass": 9.356868537666173,
	"Magic Light Wand": 8.873949368561139,
	"Plate Armor": 8.812903883514053,
	"Yellow Gem": 8.73814256733933,
	"Combat Knife": 8.709915893299335,
	"Battle Shield": 8.620762053342153,
	"Glooth Amulet": 8.53148276906907,
	"Wyvern Talisman": 8.40985254691689,
	"Steel Helmet": 8.02299381818543,
	"Talon": 7.796104369175517,
	"Medicine Pouch": 7.330576070901033,
	"War Hammer": 7.264957264957266,
	"Orange": 6.68476141210602,
	"Battle Hammer": 6.639214641176733,
	"Terramite Shell": 6.634763256439985,
	"Gear Wheel": 6.4908321579689705,
	"Vampire Teeth": 6.329521976622421,
	"Iron Helmet": 6.236241552127959,
	"Wood": 6.236041358936484,
	"Beetroot": 5.908475301292989,
	"Chain Helmet": 5.739173390416598,
	"Bolt": 5.673715293604708,
	"Heat Core": 5.547719793135872,
	"Pelvis Bone": 5.308024063630304,
	"Rope": 5.161675651707397,
	"Grave Flower": 5.127540370797161,
	"Brass Armor": 5.038318465057762,
	"Flask of Embalming Fluid": 4.962597740813072,
	"Frosty Heart": 4.84515209755451,
	"Orc Leather": 4.8167562663415495,
	"Brass Legs": 4.573038157855452,
	"Insectoid Eggs": 4.538555630331581,
	"Viking Helmet": 4.524782917060351,
	"Terramite Eggs": 4.444524402866065,
	"Damselfly Wing": 4.373388476168594,
	"Scarab Pincers": 4.367991235932676,
	"Spider Fangs": 4.129665399886056,
	"Rubber Cap": 4.105312646920545,
	"Blood Preservation": 4.1035292785781,
	"Gauze Bandage": 4.098163041434683,
	"Roll": 3.9925688615383055,
	"Springsprout Rod": 3.9812070884268316,
	"Bread": 3.963478102954842,
	"Crystal Necklace": 3.7822024173777313,
	"Silky Fur": 3.7773691042838595,
	"Poison Arrow": 3.7692579199182963,
	"Plate Legs": 3.7356263417052364,
	"Life Ring": 3.7269646397266913,
	"Damselfly Eye": 3.6951826606418017,
	"Ice Cube": 3.6459306842386656,
	"Brass Helmet": 3.61538676007404,
	"Broadsword": 3.5479907417107595,
	"Flaming Arrow": 3.542811093949365,
	"Grapes": 3.4602830374353153,
	"Rotten Piece of Cloth": 3.3859375695774148,
	"Lump of Earth": 3.3819491583288164,
	"Hatchet": 3.3686978703567854,
	"Hunter's Quiver": 3.3491620111731844,
	"Cookie": 3.33040611898818,
	"Troll Green": 3.3291414612483496,
	"Chain Armor": 3.2767426488594653,
	"Bow": 3.1945376301795854,
	"Spiked Squelcher": 2.873607089142906,
	"Power Bolt": 2.796997121556208,
	"Marsh Stalker Feather": 2.5064226585048686,
	"Winter Wolf Fur": 2.5,
	"Terra Rod": 2.487431391516923,
	"Voluminous Piece of Cloth": 2.4464592011761823,
	"Banana": 2.4452847252386487,
	"Ludicrous Piece of Cloth": 2.389120313648615,
	"Wand of Inferno": 2.3866626381060194,
	"Knife": 2.3799202478502046,
	"White Piece of Cloth": 2.334910996003007,
	"Ominous Piece of Cloth": 2.31266846361186,
	"Luminous Piece of Cloth": 2.303111982357265,
	"Heavy Old Tome": 2.227794266160917,
	"Scarab Amulet": 2.2275337781761446,
	"Piece of Scarab Shell": 2.212446441199717,
	"Obvious Piece of Cloth": 2.2075471698113205,
	"Swampling Moss": 2.194434145383961,
	"Ghostly Tissue": 2.159748969842467,
	"Strange Talisman": 2.036667736535211,
	"Sword": 2.0339127268156463,
	"Small Stone": 2.0279224974025256,
	"Dubious Piece of Cloth": 2.0164175447194315,
	"Bone Shield": 2.015712949181328,
	"Broken Helmet": 2.0025854058468444,
	"Sniper Arrow": 1.9451575689879328,
	"Double Axe": 1.9227676569751349,
	"Lump of Dirt": 1.900740401884043,
	"Miraculum": 1.893374512831826,
	"Leather Helmet": 1.8776106412837714,
	"Wooden Shield": 1.8731979082454688,
	"Book (Orange)": 1.8266304031322462,
	"Warwolf Fur": 1.820546448037589,
	"Carrot": 1.814941064902153,
	"Green Dragon Scale": 1.8140179593804615,
	"Katana": 1.806159258352622,
	"Cyclops Toe": 1.7806176406646383,
	"Green Dragon Leather": 1.77936479238233,
	"Short Sword": 1.7774733064361758,
	"Soldier Helmet": 1.775005449969282,
	"Marsh Stalker Beak": 1.7705921532557327,
	"Wolf Tooth Chain": 1.6739789171540673,
	"Plate Shield": 1.6571918999353654,
	"Red Apple": 1.6452429250266358,
	"Piece of Swampling Wood": 1.6426468343111382,
	"Silver Brooch": 1.6066481278961564,
	"Sling Herb": 1.606541856938332,
	"Hunting Spear": 1.590497231597531,
	"Obsidian Lance": 1.567667517325188,
	"Metal Bat": 1.5567765567765568,
	"Hand Axe": 1.5558845299777941,
	"Scroll": 1.5374402097841642,
	"Battle Axe": 1.5185622307212325,
	"Ancient Amulet": 1.5126979384523453,
	"Shovel": 1.505677877088329,
	"Dead Snake": 1.4151100041511,
	"Badger Fur": 1.4147745442916533,
	"Bony Tail": 1.3931041078858017,
	"Dark Rosary": 1.3854436452119923,
	"Elvish Talisman": 1.3113902743544892,
	"Orc Tooth": 1.2590887502903618,
	"Rapier": 1.2465406773273031,
	"Goat Grass": 1.2058441870524343,
	"Ghoul Snack": 1.1819031927684018,
	"Crystal Ring": 1.14145910389671,
	"Leather Legs": 1.132800888566453,
	"Orcish Gear": 1.1327590868708717,
	"Green Mushroom": 1.105317196519935,
	"Dragon Necklace": 1.0536520184989813,
	"Crystal Sword": 1.0384902676174637,
	"Brown Mushroom": 1.0313829471499578,
	"Halberd": 1.0266579020783952,
	"Earth Arrow": 1.0155876739807825,
	"Rope Belt": 1.0081179021359816,
	"Book of Necromantic Rituals": 1.0078318089319973,
	"Ancient Shield": 0.9596528015102245,
	"Spellbook": 0.9535814693309993,
	"Orcish Axe": 0.9515237938105452,
	"Two Handed Sword": 0.9229227643585493,
	"Dragon Hammer": 0.9165867457470289,
	"Cherry": 0.9028316082257991,
	"Carrion Worm Fang": 0.8990112707002482,