{
	"Gold Coin": 3098.189606168587,
	"Skull": 932.4862410365739,
	"Dagger": 899.0242341613315,
	"Platinum Coin": 814.8486558760454,
	"Meat": 617.4193209247085,
	"Spear": 427.94683707121254,
	"Brown Bread": 330.51708428246013,
	"Sabre": 260.40312338415526,
	"Dragon Ham": 248.74022535957803,
	"Ham": 230.60840631374592,
	"Great Health Potion": 224.92123225183602,
	"Cheese": 181.97978027010524,
	"Girlish Hair Decoration": 153.94957736795917,
	"Worm": 136.95290304144285,
	"Bone": 92.86396594829161,
	"Chain Armor": 91.73394246316083,
	"Protective Charm": 82.1273275123743,
	"Axe": 69.70009607082272,
	"Werehyaena Nose": 65.50649350649351,
	"Rare Earth": 62.573448773448774,
	"Knife": 62.436912840294895,
	"Red Apple": 55.055632823365784,
	"Flask of Demonic Blood": 54.99301388261889,
	"Plate Shield": 54.62496936428543,
	"Coal": 50.817362462025166,
	"Halberd": 50.413201616381436,
	"Great Mana Potion": 47.89896423335502,
	"Steel Shield": 45.61614945643664,
	"Red Crystal Fragment": 43.59969553430091,
	"Crossbow": 43.25320438533569,
	"Cookie": 42.717207489347906,
	"Bolt": 42.2572592724801,
	"Glob of Acid Slime": 39.23867243867244,
	"Hunting Spear": 38.03876942736884,
	"Cowbell": 36.21963372994372,
	"Minotaur Horn": 35.56829410555392,
	"Dragon's Tail": 32.57330437170757,
	"Stonerefiner's Skull": 31.49062049062049,
	"Poisonous Slime": 30.614622414622417,
	"Cultish Robe": 30.061134338768557,
	"Small Amethyst": 27.667493179143648,
	"Red Gem": 26.778835191588996,
	"Minotaur Leather": 26.10741032469633,
	"Yellow Gem": 25.23524031921161,
	"Burst Arrow": 24.57065803477067,
	"Combat Knife": 24.181818181818183,
	"Life Preserver": 23.25174825174825,
	"Half-Digested Stones": 23.09312169312169,
	"Torch": 22.41579040131998,
	"Small Enchanted Amethyst": 21.391608391608393,
	"Plate Armor": 20.995671291033343,
	"Small Emerald": 19.875552459436122,
	"Mace": 19.588783132549963,
	"Bronze Amulet": 18.94433425653633,
	"Demonic Essence": 17.48352212501434,
	"Fish": 17.25010988591555,
	"Beetroot": 16.561600575631594,
	"Rat Cheese": 16.32679172679173,
	"Ultimate Health Potion": 15.74312381066339,
	"Mino Shield": 15.495008319467555,
	"Leather Boots": 15.175267073975174,
	"Green Crystal Fragment": 15.02737640907988,
	"Bony Tail": 14.92611544163359,
	"Strong Health Potion": 14.921788603104044,
	"Scythe": 14.771101239186345,
	"Longsword": 14.663859715577367,
	"Green Crystal Splinter": 14.360916969527537,
	"Wolf Tooth Chain": 14.318006240102653,
	"Ratana": 13.951048951048952,
	"Hand Axe": 13.419504071058475,
	"Wooden Shield": 13.033144909999008,
	"Piece of Crocodile Leather": 12.993074887106632,
	"Strong Mana Potion": 12.94524301957912,
	"Leather Helmet": 12.759304898304453,
	"Witch Broom": 12.459952850148099,
	"Brass Helmet": 12.387125220528254,
	"Protection Amulet": 12.222467611201964,
	"Star Herb": 11.232092123556791,
	"Steel Helmet": 10.795045519289987,
	"Rotten Piece of Cloth": 10.599456739546689,
	"Small Ruby": 10.543115537296686,
	"Frosty Heart": 10.402826562396449,
	"Arrow": 10.06472666498869,
	"Rapier": 9.349055079954773,
	"Magic Light Wand": 9.070056587930836,
	"Brown Crystal Splinter": 8.769080234833659,
	"Small Enchanted Emerald": 8.587755102040816,
	"Purple Robe": 8.36418907697989,
	"Small Topaz": 8.364012341936665,
	"Bone Club": 8.136277196097593,
	"Sword": 7.912218530863915,
	"Mystical Hourglass": 7.768763151741875,
	"Flaming Arrow": 7.676090703556958,
	"Small Diamond": 7.592464710215182,
	"Broken Halberd": 7.317852846078653,
	"Sword Ring": 7.083627806437271,
	"Thick Fur": 6.964498025358553,
	"Ring of Healing": 6.851680028101103,
	"Mammoth Tusk": 6.779131157763459,
	"Silky Fur": 6.3924707918649935,
	"Double Axe": 6.271696331995871,
	"Cape": 6.226198392069152,
	"Broadsword": 6.130770420346195,
	"Wand of Starstorm": 6,
	"Grapes": 5.891705267631423,
	"Rope": 5.868748732814691,
	"Plate Legs": 5.867148214511941,
	"Bunch of Ripe Rice": 5.816401458521839,
	"Voluminous Piece of Cloth": 5.436576002613738,
	"Snakebite Rod": 5.435747663551402,
	"Health Potion": 5.33096116684892,
	"Ludicrous Piece of Cloth": 5.309156252552478,
	"Ice Cube": 5.2783696023569515,
	"Carrot": 5.162941468064379,
	"Doublet": 5.142857142857142,
	"Hailstorm Rod": 5.142857142857142,
	"Ominous Piece of Cloth": 5.1392632524707995,
	"Luminous Piece of Cloth": 5.11802662746059,
	"Heavy Old Tome": 5.055505347400198,
	"Twigs": 4.923275722823454,
	"Obvious Piece of Cloth": 4.90566037735849,
	"Sickle": 4.8812186423260595,
	"Dubious Piece of Cloth": 4.480927877154292,
	"Dark Shield": 4.424362871171382,
	"Leather Legs": 4.296786733478504,
	"Elven Astral Observer": 4.2032525789895985,
	"Badger Fur": 4.143268308282699,
	"Orc Leather": 4.042151192596737,
	"Small Sapphire": 3.9921129960516306,
	"Broken Crossbow": 3.9791963136138784,
	"Winter Wolf Fur": 3.9000000000000004,
	"Slightly Rusted Armor": 3.866962824409633,
	"White Mushroom": 3.8155858376093144,
	"High Guard Shoulderplates": 3.806211297565587,
	"Ghoul Snack": 3.6998708643184752,
	"Short Sword": 3.6482331312301595,
	"Elvish Talisman": 3.6427556590502483,
	"Studded Club": 3.625301497208326,
	"Lump of Dirt": 3.6014028667276605,
	"Wand of Inferno": 3.530591179925159,
	"Moonlight Rod": 3.5174089959309356,
	"Flask of Embalming Fluid": 3.509283988299631,
	"Black Shield": 3.4815887247688084,
	"Wand of Voodoo": 3.4285714285714284,
	"Spiked Iron Ball": 3.27611439376034,
	"Bow": 3.2735969451918496,
	"Small Stone": 3.224882940958387,
	"Piercing Bolt": 3.20794256788011,
	"Haunch of Boar": 3.1968734733756716,
	"Coat": 3.194574116295684,
	"Green Dragon Scale": 3.1719399746881214,
	"Garlic Necklace": 3.143752546809951,
	"Crystal Necklace": 3.132229297134018,
	"Green Dragon Leather": 3.111346436965674,
	"Bone Shield": 3.1045861030079864,
	"Taurus Mace": 3.0470643891801177,
	"Banana": 2.9615384615384617,
	"Gauze Bandage": 2.9032732417652296,
	"Broken Helmet": 2.8168750531598197,
	"Dream Essence Egg": 2.8033097701322247,
	"Werehyaena Talisman": 2.79020979020979,
	"Honeycomb": 2.787918433014075,
	"Obsidian Lance": 2.707530534606141,
	"Brass Armor": 2.696877666564831,
	"Piece of Warrior Armor": 2.6847303114712586,
	"Violet Crystal Shard": 2.593262852260276,
	"Scroll": 2.4379408891943712,
	"Mino Lance": 2.3802921057496764,
	"Red Piece of Cloth": 2.2798209448885967,
	"Green Mushroom": 2.2603682226766773,
	"Mammoth Whopper": 2.2206194138432758,
	"Wyvern Talisman": 2.162533512064343,
	"Heaven Blossom": 2.1544198497770797,
	"Gold Ingot": 2.1098329337407393,
	"Piece of Archer Armor": 2.088703666056787,
	"Acorn": 2.0683562519987206,
	"Orcish Gear": 2.0595619761288577,
	"Orichalcum Pearl": 1.9857376665887305,
	"Battle Shield": 1.947253522144688,
	"Viking Helmet": 1.9071596260425068,
	"Studded Helmet": 1.903245071430217,
	"Soul Orb": 1.8537495720051362,
	"Serpent Sword": 1.7486242711871671,
	"Melon": 1.744817856238469,
	"Underworld Rod": 1.707037643207856,
	"Roll": 1.6619653902872995,
	"Sniper Arrow": 1.6504367252018823,
	"Scale Armor": 1.579568849060215,
	"Dragon Hammer": 1.5780664824237414,
	"Crystal Ring": 1.5659414827592186,
	"Rorc Feather": 1.56414695658101,
	"Naga Earring": 1.5449230248527592,
	"Hardened Bone": 1.5365118836975755,
	"Wolf Paw": 1.5229554014548565,
	"Assassin Star": 1.5220852605700177,
	"Cyclops Toe": 1.4590570719602978,
	"Lizard Leather": 1.4488269292048621,
	"Strange Talisman": 1.4439145364364747,
	"Scimitar": 1.4382538958726785,
	"Blank Rune": 1.4354447780631625,
	"Black Pearl": 1.4289823964637542,
	"Hatched Rorc Egg": 1.4255606298139187,
	"High Guard Flag": 1.4129992909477664,
	"Studded Legs": 1.3968795709410045,
	"Small Axe": 1.3789167835721137,
	"Studded Armor": 1.3572500496743598,
	"Necrotic Rod": 1.3525358157528864,
	"Lizard Scale": 1.3508378101902911,
	"Warwolf Fur": 1.3320881978238528,
	"War Hammer": 1.2558036126316998,
	"Frosty Ear of a Troll": 1.2211274430625103,
	"Nightmare Blade": 1.2193126022913259,
	"Naga Warrior Scales": 1.2153325817361895,
	"Silver Brooch": 1.1866917681737386,
	"Battle Axe": 1.1721761451475365,
	"Belted Cape": 1.125322626899914,