{
	"Gold Coin": 3674.426765169838,
	"Platinum Coin": 1015.1767764444546,
	"Flask of Demonic Blood": 349.5970800845145,
	"Fish": 290.10697332090825,
	"Dragon Ham": 186.84086425543606,
	"Demonic Essence": 178.9138093881552,
	"Soul Orb": 155.2522636686789,
	"Golden Lotus Brooch": 138.8635558456503,
	"Great Health Potion": 132.6084565406228,
	"Peacock Feather Fan": 119.83350709242434,
	"Great Mana Potion": 91.27364667818807,
	"Worm": 86.2357626170026,
	"Meat": 82.64519608732488,
	"Small Ruby": 62.5246963002357,
	"Chain Armor": 60.502295415019766,
	"Small Diamond": 59.74631039350792,
	"Ultimate Health Potion": 57.13160275138391,
	"Assassin Star": 52.505432669118,
	"Spear": 48.334298467943576,
	"Torch": 47.742331479337636,
	"Bloody Pincers": 47.039957939011565,
	"White Pearl": 46.26478998892677,
	"Scythe": 45.20551788636895,
	"Small Emerald": 41.85858113058823,
	"Plate Shield": 41.772750122230086,
	"Small Sapphire": 39.403902759893704,
	"Small Topaz": 38.620619584008345,
	"Bone": 34.717005801967076,
	"Leather Boots": 30.671157968914166,
	"Shrimp": 30.407279643549458,
	"Black Pearl": 28.042081054767944,
	"Quara Pincers": 27.870147255689428,
	"Mace": 26.387732243135577,
	"Mouldy Cheese": 25.648910406710026,
	"Silver Brooch": 24.928984048193307,
	"Mystical Hourglass": 23.77554360533084,
	"Magic Light Wand": 22.570992365578036,
	"Halberd": 21.161282034256068,
	"Steel Shield": 21.053146113355258,
	"Hellspawn Tail": 20.254364797728883,
	"Small Amethyst": 20.10066712107446,
	"Royal Spear": 19.581202367700854,
	"Brass Legs": 19.304817893906307,
	"Ham": 18.17131148287762,
	"Skull": 17.1809306846603,
	"Dragon's Tail": 16.37485136946394,
	"Brass Helmet": 15.358365388615397,
	"Thorn": 15.281127642913079,
	"Quara Bone": 14.844377267230955,
	"Quara Eye": 14.807160224700262,
	"Crossbow": 14.229769868533202,
	"Dagger": 13.689445844400556,
	"Quara Tentacle": 13.583720390153276,
	"Dark Shield": 13.540332008417113,
	"Tribal Mask": 13.531591807797042,
	"Longsword": 13.144046827997176,
	"Axe": 12.782882601751448,
	"Slightly Rusted Armor": 12.030347014325391,
	"Necrotic Rod": 11.278257105208763,
	"Burst Arrow": 11.250768396311697,
	"Red Piece of Cloth": 10.885486592879866,
	"Battle Shield": 10.65984568785526,
	"Mystic Turban": 10.493304079562018,
	"Morning Star": 10.479716708610605,
	"Mantassin Tail": 10.367624091804169,
	"Sword": 10.081884280390101,
	"Leather Armor": 9.489516729851449,
	"Tarantula Egg": 8.770722283833578,
	"Underworld Rod": 8.56319665028795,
	"Fish Fin": 8.457568702369262,
	"Yellow Gem": 8.150707309235042,
	"Cheese": 8.03124601489382,
	"Red Mushroom": 7.972462739531583,
	"Swamp Grass": 7.787130723781388,
	"Green Mushroom": 7.247251075540146,
	"Hand Axe": 7.195965951147298,
	"Voluminous Piece of Cloth": 6.795720003267173,
	"Ludicrous Piece of Cloth": 6.636445315690598,
	"Silver Amulet": 6.615779399212241,
	"Ominous Piece of Cloth": 6.4240790655885,
	"Luminous Piece of Cloth": 6.397533284325737,
	"Obvious Piece of Cloth": 6.132075471698113,
	"Medicine Pouch": 6.100775480059084,
	"Orichalcum Pearl": 6.077156885667525,
	"Red Gem": 6.076205906202352,
	"Double Axe": 6.023968037152942,
	"Wand of Inferno": 6.0061630470642875,
	"Werehyaena Nose": 5.66017316017316,
	"Dubious Piece of Cloth": 5.601159846442865,
	"Book (Gemmed)": 5.3683206545471265,
	"Wood": 5.189863367799114,
	"Steel Helmet": 5.119690519800312,
	"Brown Bread": 5.021260440394837,
	"Cleaver": 4.8600375458148335,
	"Mysterious Fetish": 4.771455855419247,
	"Warrior Helmet": 4.63218511900381,
	"Brass Armor": 4.621179705534156,
	"Knife": 4.545454545454546,
	"Leather Helmet": 4.5135647462714745,
	"Small Enchanted Amethyst": 4.490603786003946,
	"Power Bolt": 4.445554186538019,
	"Spider Fangs": 4.383081861837508,
	"Oriental Shoes": 4.2709166881858565,
	"Rope": 4.039218372683876,
	"Sabre": 3.9460136674259685,
	"Focus Cape": 3.908084628688329,
	"Minotaur Horn": 3.868940802853818,
	"Ruby Necklace": 3.7743634643744346,
	"Nightmare Blade": 3.7315875613747957,
	"Strong Health Potion": 3.689016034362431,
	"Northwind Rod": 3.670485542825968,
	"Wooden Shield": 3.4197877758661797,
	"Green Crystal Splinter": 3.4133119001025065,
	"Banana": 3.3846153846153846,
	"Blue Gem": 3.274136013885015,
	"Red Crystal Fragment": 3.216783216783217,
	"Knight Legs": 3.2135388081304512,
	"Plate Legs": 3.2011785653536546,
	"White Mushroom": 3.199957404326729,
	"Blue Robe": 3.044708187212291,
	"Energy Ring": 2.992645537909954,
	"Health Potion": 2.9582859814759654,
	"Essence of a Bad Dream": 2.9191305069288225,
	"Pelvis Bone": 2.9016745067516085,
	"Rusted Armor": 2.899077359829666,
	"Broken Helmet": 2.8581776749861385,
	"Studded Club": 2.851541129474656,
	"Orc Leather": 2.8409468603324317,
	"Broadsword": 2.826730355716399,
	"Troll Green": 2.7280649926144753,
	"Throwing Knife": 2.7245252543803082,
	"Crystal Ring": 2.6458450651778085,
	"Death Ring": 2.583578923017698,
	"Rotten Piece of Cloth": 2.502649507948524,
	"Magma Coat": 2.4719996429117117,
	"Assassin Dagger": 2.45559373614544,
	"Brown Crystal Splinter": 2.4175636007827785,
	"Viking Helmet": 2.3625435403774113,
	"Hatchet": 2.2430401140949456,
	"Girlish Hair Decoration": 2.2149152571011586,
	"Hunting Spear": 2.142845968538187,
	"Skullcracker Armor": 2.0896099705418147,
	"Centipede Leg": 2.035173754967447,
	"Combat Knife": 2.022952460383653,
	"Minotaur Leather": 1.920448736772271,
	"Throwing Star": 1.911959540609518,
	"Heavy Old Tome": 1.8708312467624015,
	"Scythe Leg": 1.8416117520802087,
	"Golden Mug": 1.8156558111741858,
	"Hailstorm Rod": 1.8095432935858469,
	"Life Preserver": 1.800103309503996,
	"Flaming Arrow": 1.7714055469746826,
	"Honeycomb": 1.7235877131093185,
	"Arrow": 1.7152570693513773,
	"Spellbook of Mind Control": 1.7124929216832605,
	"Gold Ingot": 1.7118063041562859,
	"Glacier Kilt": 1.7058685994856209,
	"Crystal Coin": 1.6688714465633243,
	"Poison Dagger": 1.608910478205093,
	"Wyvern Talisman": 1.5618297587131367,
	"Green Dragon Scale": 1.4615801844151148,
	"Green Dragon Leather": 1.4336596327194773,
	"Cape": 1.3063509719410247,
	"Turtle Shell": 1.300635749020584,
	"Royal Star": 1.259419244235132,
	"Vampire Teeth": 1.2502759459994905,
	"Poison Arrow": 1.2378926179846939,
	"Tortoise Egg": 1.2291006346060116,
	"Grapes": 1.1949499697804042,
	"Protective Charm": 1.1820351813188612,
	"Damselfly Wing": 1.1819968854509713,
	"Silky Fur": 1.162267416702726,
	"Red Dragon Scale": 1.1593620004136886,
	"Ring of Healing": 1.1469774461306281,
	"Kongra's Shoulderpad": 1.1282051282051282,
	"Green Crystal Fragment": 1.118881118881119,
	"Small Enchanted Sapphire": 1.1100041511000414,
	"War Hammer": 1.106177792557471,
	"Ratana": 1.104227712639207,
	"Plate Armor": 1.0968681703472067,
	"Brown Mushroom": 1.0744909221880756,
	"Orc Tooth": 1.063045731298588,
	"Small Enchanted Ruby": 1.0489915772238703,
	"Dark Mushroom": 1.0358640023470351,
	"Two Handed Sword": 1.0272082380770304,
	"Small Enchanted Emerald": 1.0119047619047619,
	"Winter Wolf Fur": 1,
	"Damselfly Eye": 0.9986980163896761,
	"Relic Sword": 0.9806502018077112,
	"Berserk Potion": 0.9791379242602387,
	"Bunch of Troll Hair": 0.9668361617940407,
	"Cookie": 0.946086798931879,
	"Wand of Cosmic Energy": 0.9319191749811352,
	"Sword Ring": 0.9227662841710167,
	"Coal": 0.9178698542743939,
	"Stealth Ring": 0.9173897122216321,
	"Spiked Squelcher": 0.9064610148658876,
	"Glacier Robe": 0.8962539260899571,
	"Ghoul Snack": 0.8735806207418623,
	"Protection Amulet": 0.8704698282831289,
	"Onyx Chip": 0.821917808219178,
	"Blood Preservation": 0.8105736846574024,
	"Small Stone": 0.7631274262752843,
	"Cherry": 0.7523596735214992,
	"Dragon Hammer": 0.7482948976581755,
	"Demonic Skeletal Hand": 0.7185107341240053,
	"Rat Cheese": 0.7173747672573862,
	"Serpent Sword": 0.7101531626933905,
	"Wand of Starstorm": 0.7083333333333333,
	"Poison Spider Shell": 0.6957971354778117,
	"Boggy Dreads": 0.6909759108788653,
	"Bone Shield": 0.6814706100072648,
	"Red Apple": 0.6806328233657858,
	"Mana Potion": 0.6725313348608613,
	"Soft Cheese": 0.6722167012672509,