{
	"Gold Coin": 10171.443222254351,
	"Platinum Coin": 1274.7830885732403,
	"Torch": 1184.4865749329365,
	"Meat": 1162.7394907706735,
	"Skull": 610.3987287136555,
	"Dagger": 498.07304609304975,
	"Bone": 475.3837276980016,
	"Bolt": 465.8260342078622,
	"Ham": 456.61751778001286,
	"Dragon Ham": 453.4960286754703,
	"Knife": 381.1925157079098,
	"Brass Helmet": 301.74988461526357,
	"Great Health Potion": 297.049292600763,
	"White Mushroom": 236.67044880932292,
	"Cheese": 234.56534427642686,
	"Worm": 232.98950347398278,
	"Axe": 223.4362998132599,
	"Chain Armor": 214.587522263765,
	"Brown Bread": 182.24221716021262,
	"Sabre": 143.99009041742949,
	"Halberd": 142.24311591565808,
	"Leather Legs": 132.32973575575062,
	"Bread": 129.40042410297036,
	"Viking Helmet": 126.03588525647527,
	"Chain Helmet": 119.04808399536978,
	"Hatchet": 118.20291805485317,
	"Arrow": 112.48969600816858,
	"Mace": 111.11138199681997,
	"Little Bowl of Myrrh": 110.88218307825584,
	"Cookie": 109.13207615390722,
	"Fish": 100.70607067997337,
	"Werehyaena Nose": 98.91341991341992,
	"Small Pitchfork": 94.85421686746987,
	"Carrot": 94.16775222711294,
	"Leather Helmet": 93.45400104726805,
	"Red Crystal Fragment": 91.79625136767994,
	"Green Bandage": 86.54779093271729,
	"Lamp": 84.59523119723717,
	"Single Human Eye": 78.51285012994514,
	"Broken Flask": 76.9058619693907,
	"Red Gem": 74.52528341499017,
	"Combat Knife": 74.31960492144103,
	"Broken Crossbow": 73.92122382598089,
	"Spear": 73.73834244469482,
	"Minotaur Horn": 72.92283573674337,
	"Plate Shield": 71.61734273859389,
	"Scarab Coin": 71.39618827606122,
	"Insectoid Eggs": 69.47481311046036,
	"Rope": 66.85932557236302,
	"Chicken Feather": 64.54841416345025,
	"Girlish Hair Decoration": 63.8675530639767,
	"Dark Rosary": 63.20951771928607,
	"Battle Axe": 61.86190542698084,
	"Steel Shield": 61.62626668798485,
	"Piercing Bolt": 61.4113410108862,
	"Scale Armor": 58.616344957605385,
	"Blank Rune": 58.06280691464193,
	"Corncob": 57.04496528428146,
	"Pelvis Bone": 54.86158253219544,
	"Small Sapphire": 54.145552891394985,
	"Ice Cube": 53.6260515515378,
	"Small Diamond": 52.65909419250388,
	"Yellow Gem": 52.62993126983716,
	"Sword": 50.66215359629847,
	"Brown Crystal Splinter": 49.76255886970172,
	"Brass Shield": 48.967407918895795,
	"Health Potion": 48.541187968198194,
	"Strong Mana Potion": 47.068363656960884,
	"Green Mushroom": 46.092198138051415,
	"Leather Boots": 45.07695094034654,
	"Hand Axe": 44.34270910436713,
	"Damselfly Wing": 43.379285696050644,
	"Throwing Star": 42.9614605041613,
	"Crossbow": 42.7359614680129,
	"Short Sword": 41.377017206702526,
	"Piece of Archer Armor": 38.80168733482415,
	"Great Mana Potion": 38.61192443919717,
	"Strong Health Potion": 38.00644195302067,
	"Fur Bag": 37.86484198645598,
	"Rope Belt": 37.23036392995762,
	"Wolf Tooth Chain": 37.22956545514101,
	"Pick": 37.20570504259577,
	"Plate Armor": 37.109991466545104,
	"Copper Shield": 37.02224423400101,
	"Damselfly Eye": 36.65221720150111,
	"Bony Tail": 35.92218449619817,
	"Swampling Moss": 35.90892237901028,
	"Life Preserver": 34.848484848484844,
	"Witch Broom": 34.78818835761349,
	"Brass Armor": 34.46630747804834,
	"Protective Charm": 34.14710599489082,
	"Small Enchanted Amethyst": 32.6389663161674,
	"Dragon's Tail": 32.551311884374655,
	"Staff": 32.30404526687101,
	"Studded Armor": 32.076919070444326,
	"Longsword": 31.822100901464605,
	"Star Herb": 31.36000120897056,
	"Mana Potion": 31.160981681836205,
	"Steel Helmet": 30.697787708959495,
	"Hunting Spear": 30.288651167290038,
	"Letter": 29.12846359993116,
	"Burst Arrow": 28.99125433793627,
	"Crystalline Spikes": 27.10290399726683,
	"Piece of Swampling Wood": 26.879675470545898,
	"Piece of Warrior Armor": 26.74786865873217,
	"Royal Spear": 26.522590551151044,
	"Minotaur Leather": 26.357699655778696,
	"Purple Robe": 26.322094926350246,
	"Crystal Sword": 26.19226841773774,
	"Book (Gemmed)": 26.022706901703017,
	"Small Amethyst": 24.574853557561326,
	"Egg": 24.489649301513026,
	"Book (Grey)": 23.244024105127377,
	"Battle Shield": 23.149324130550326,
	"Green Crystal Fragment": 22.541417158892887,
	"Viper Star": 21.236031927023944,
	"Beetroot": 21.18220188085656,
	"Lump of Dirt": 21.108222357764898,
	"Small Enchanted Ruby": 20.911722874967083,
	"Ratana": 20.90909090909091,
	"Great Spirit Potion": 20.468654065504627,
	"Wooden Shield": 20.419465654324867,
	"Cape": 20.073384752503564,
	"Bone Club": 19.75243980242639,
	"Heavy Old Tome": 19.583114603403224,
	"Rotten Piece of Cloth": 19.1379080019593,
	"Power Bolt": 19.08648745905861,
	"Raspberry": 18.520192235488473,
	"Green Crystal Splinter": 18.5,
	"Marsh Stalker Feather": 18.322813917345936,
	"Small Enchanted Emerald": 18.279591836734692,
	"Golden Idol of Tukh": 17.987441130298272,
	"Pharaoh Banner": 17.447300028876697,
	"Warwolf Fur": 17.125223718629925,
	"Black Pearl": 17.073520255992467,
	"Crystalline Arrow": 16.780116159890675,
	"Scimitar": 16.038077743157118,
	"Flask of Embalming Fluid": 15.731273050998347,
	"Scroll": 15.436135249305199,
	"Bone Sword": 14.907652864429101,
	"Green Gem": 14.807248050822986,
	"Energy Ring": 14.506722438004182,
	"Scorpion Tail": 14.014329055507286,
	"Sniper Arrow": 13.862663400593163,
	"Sickle": 13.682948139071923,
	"Swampling Club": 13.410736219881356,
	"Blue Crystal Splinter": 13.383874274000684,
	"Rapier": 13.235309503028272,
	"Lion's Mane": 13.048091437515266,
	"Gauze Bandage": 13.014673152740684,
	"Marsh Stalker Beak": 12.943639189317771,
	"Double Axe": 12.611508211778373,
	"Book of Prayers": 12.597720283111975,
	"Studded Club": 12.15093383689285,
	"Wand of Inferno": 11.972863883182086,
	"Brown Piece of Cloth": 11.713505632252753,
	"Orange": 11.660304158907511,
	"Sword Ring": 11.062145961566468,
	"Bloody Pincers": 10.983084465590423,
	"Wand of Draconia": 10.444966382033623,
	"Ankh": 9.665236992955823,
	"Bow": 9.66260868581793,
	"Wand of Starstorm": 9.254675753315812,
	"Roll": 9.091621655807375,
	"Frosty Heart": 8.977781827821593,
	"Poison Arrow": 8.810781372196178,
	"Golden Mug": 8.801314610098595,
	"Garlic Necklace": 8.76561083237623,
	"Doublet": 8.684519089158265,
	"Life Crystal": 8.605508512941904,
	"Wolf Paw": 8.567911699564924,
	"Hailstorm Rod": 8.03718872082884,
	"Soul Orb": 7.937123012246389,
	"Demonic Skeletal Hand": 7.903618075364059,
	"Magic Light Wand": 7.863569884268091,
	"Bone Shield": 7.816029994767348,
	"Soldier Helmet": 7.81002397986484,
	"Red Ectoplasm": 7.766091051805337,
	"Coat": 7.601790102460108,
	"Shovel": 7.502140152092168,
	"Protection Amulet": 7.240951823229841,
	"Orc Leather": 7.156336197214931,
	"Brown Mushroom": 7.046073447056815,
	"Clerical Mace": 7.031126612667934,
	"Dark Armor": 6.863532186112058,
	"Silver Brooch": 6.830572899221935,
	"Shard": 6.767670715703975,
	"Plate Legs": 6.715063658399539,
	"Tomato": 6.701641020873042,
	"Ghoul Snack": 6.680322393908358,
	"Broadsword": 6.561224176886412,
	"Strange Talisman": 6.472720335749714,
	"Necrotic Rod": 6.13669708649836,
	"Cleaver": 6.091247649733435,
	"Small Stone": 6.05172582259848,
	"Safety Pin": 5.99164673010603,
	"Poison Dagger": 5.943695257997912,
	"Hunter's Quiver": 5.8864059590316575,
	"Voluminous Piece of Cloth": 5.750224618149146,
	"Fox Paw": 5.73002314327793,
	"Sandals": 5.6995678179509754,
	"Red Dragon Scale": 5.619958171496863,
	"Ludicrous Piece of Cloth": 5.615453728661276,
	"Leather Armor": 5.611858677649164,
	"Black Shield": 5.599859246390115,
	"Ominous Piece of Cloth": 5.435759209344115,
	"Luminous Piece of Cloth": 5.4132973944294696,
	"Wand of Voodoo": 5.403427039790676,
	"Winter Wolf Fur": 5.300000000000001,
	"Grapes": 5.2773240329816975,
	"Obvious Piece of Cloth": 5.188679245283018,
	"Red Piece of Cloth": 5.019036954087346,
	"Piece of Dead Brain": 5.002225755166932,
	"Prismatic Quartz": 4.883830455259027,
	"Magma Coat": 4.803767660910518,
	"Dubious Piece of Cloth": 4.739442946990116,
	"Red Apple": 4.670277695541239,
	"Werebadger Claws": 4.625418807236989,
	"Troll Green": 4.580976942826788,
	"Onyx Chip": 4.4844592079496355,