{
	"Gold Coin": 3267.04807005692,
	"Platinum Coin": 2327.4158695986735,
	"Dragon Ham": 623.0019634945785,
	"Great Mana Potion": 421.22275596599445,
	"Meat": 326.9024381464973,
	"Dark Mushroom": 195.81529833947317,
	"Green Mushroom": 194.57594191782326,
	"Ham": 143.05377060780123,
	"Bone": 124.51980343725624,
	"Worm": 104.383290273907,
	"Terra Amulet": 86.2817002241624,
	"Great Health Potion": 74.68328502833906,
	"Garlic Necklace": 66.47284959154253,
	"Bat Wing": 63.71359923113887,
	"Poison Arrow": 54.86512210568156,
	"Small Sapphire": 45.37812314878779,
	"Flask of Embalming Fluid": 40.175251176395776,
	"Skull": 37.82689275334599,
	"Gauze Bandage": 33.23747297469159,
	"Power Bolt": 32.44045267513216,
	"Rotten Piece of Cloth": 31.356726187825622,
	"Torch": 30.433163279419503,
	"Book (Gemmed)": 29.406110572412928,
	"Small Stone": 28.57909879765915,
	"Ultimate Health Potion": 27.040035275965323,
	"Magic Light Wand": 25.71691265480866,
	"Lizard Essence": 22.990609885572727,
	"Wyvern Talisman": 22.58646112600536,
	"Energy Ring": 22.498377385656696,
	"Lion's Mane": 22.446627451586952,
	"Quara Pincers": 20.866131191432398,
	"Fairy Wings": 19.415042398576404,
	"Shrimp": 19.049896263033187,
	"Terra Boots": 17.913181485318045,
	"Ancient Stone": 17.259300501268477,
	"Silver Amulet": 16.910814937007263,
	"Strange Talisman": 16.530331934376193,
	"Royal Spear": 16.46257546564464,
	"Small Ruby": 15.896068360069393,
	"Halberd": 15.765340304196215,
	"Great Spirit Potion": 15.255443360562968,
	"Snake Skin": 15.119156783460506,
	"Piece of Scarab Shell": 14.732881983443571,
	"Small Emerald": 14.701321839465194,
	"Silver Brooch": 14.315058289544695,
	"Plate Armor": 13.999943661020609,
	"Bony Tail": 13.333996461192672,
	"Golden Mug": 13.190943230633344,
	"Steel Shield": 13.114652478239533,
	"Leather Helmet": 11.912600875833782,
	"Quara Bone": 11.501934703748487,
	"Frosty Heart": 11.481808417802242,
	"Crossbow": 11.33315462115313,
	"Strand of Medusa Hair": 11.327719523667485,
	"Ice Cube": 11.077307300128343,
	"Strong Health Potion": 11.075217533043517,
	"Ghoul Snack": 10.945451306942156,
	"Spear": 10.727448239001092,
	"Spider Silk": 10.654552600288518,
	"Small Amethyst": 10.632771246163749,
	"Quara Eye": 10.442944579525447,
	"Fish Fin": 10.210978397594246,
	"Frazzle Tongue": 9.955426607883817,
	"Lump of Dirt": 9.903857883501066,
	"Axe": 9.802592098676651,
	"Arrow": 9.664212089744627,
	"Beetroot": 9.659895451141779,
	"Mace": 9.605107845857301,
	"Black Pearl": 9.424356407238312,
	"Pelvis Bone": 9.41858561022775,
	"Dragon's Tail": 9.105170717546995,
	"Health Potion": 9.000845373489943,
	"Viking Helmet": 8.731532045896794,
	"Frazzle Skin": 8.6961877593361,
	"Demonic Skeletal Hand": 8.622128809488064,
	"Spiked Iron Ball": 8.580156026810242,
	"Leather Legs": 8.525939339123735,
	"Remains of a Fish": 8.37655601659751,
	"Heavy Old Tome": 8.348174249654827,
	"Small Diamond": 8.14925684579902,
	"Scarab Coin": 7.688086495437346,
	"Red Gem": 7.618161363399716,
	"Throwing Star": 7.544429786317684,
	"Burst Arrow": 7.175852996501519,
	"Red Crystal Fragment": 6.813094926207318,
	"Brown Mushroom": 6.689828081566201,
	"Bone Club": 6.65033714313041,
	"Wereboar Hooves": 6.643860444041685,
	"Wereboar Tusks": 6.526959673765291,
	"Life Ring": 6.522576718689682,
	"Fish": 6.474834591612014,
	"Longsword": 6.190634602216724,
	"Knife": 6.0455439731853335,
	"Sword": 5.964394809725859,
	"Hydra Head": 5.58665376135936,
	"Quara Tentacle": 5.491291221551324,
	"Leather Boots": 5.346660726040719,
	"Hand Axe": 5.251110288675055,
	"White Pearl": 5.1610024641468755,
	"Dark Armor": 5.114057286590081,
	"Lamassu Horn": 5.078170028818444,
	"Crystal Ring": 4.994604331493703,
	"Warwolf Fur": 4.855237714209508,
	"Mana Potion": 4.851136347220551,
	"Assassin Star": 4.71433468775882,
	"Cheese": 4.624023472576416,
	"Hatchet": 4.556233775345541,
	"Big Bone": 4.494132520746888,
	"Double Axe": 4.45458428986035,
	"Combat Knife": 4.236340436577799,
	"Piece of Iron": 4.174500778008299,
	"Terra Mantle": 4.075122176969986,
	"Violet Crystal Shard": 4.051873198847263,
	"Werewolf Fangs": 3.979890121281227,
	"Soul Orb": 3.9685615061231947,
	"Small Topaz": 3.9486437868152797,
	"Scarab Pincers": 3.9383527537097898,
	"Iron Ore": 3.9159308016566414,
	"Werebear Fur": 3.912411789124118,
	"Blue Crystal Shard": 3.878602305475504,
	"Steel Helmet": 3.8405324900869986,
	"Bolt": 3.8102410540500076,
	"Medusa Shield": 3.747325113296253,
	"Battle Shield": 3.72100335207527,
	"Werebear Skull": 3.6695724366957245,
	"Werehyaena Nose": 3.6277056277056277,
	"Ankh": 3.5384016760777133,
	"Crystal Sword": 3.516441470512447,
	"Shadow Herb": 3.483515078893088,
	"Broken Helmet": 3.3025431657735815,
	"Centipede Leg": 3.2562780079479157,
	"Warrior Helmet": 3.208660298835544,
	"Life Crystal": 3.206683818941308,
	"Iron Helmet": 3.205103026639705,
	"Yellow Piece of Cloth": 3.1429797787104157,
	"Bone Shield": 3.1362049068828037,
	"Knight Armor": 3.0790899223506254,
	"Wolf Paw": 3.073763594257136,
	"Ectoplasmic Sushi": 3.0574731626754748,
	"Lamassu Hoof": 2.998919308357349,
	"Plate Shield": 2.979407278423799,
	"Rapier": 2.9559415118651833,
	"Chain Armor": 2.910157377483036,
	"Battle Hammer": 2.90947305209428,
	"Werebadger Claws": 2.8349341076613803,
	"Troll Green": 2.719710303108547,
	"Terra Hood": 2.716466784932975,
	"Cucumber": 2.715939846928716,
	"Mantassin Tail": 2.6551232430230187,
	"Werewolf Fur": 2.65186068207733,
	"Werebadger Skull": 2.650323877596605,
	"Morning Star": 2.62885069495243,
	"Orc Leather": 2.552935576068383,
	"Brass Shield": 2.5182367589237864,
	"Tower Shield": 2.4965260410479013,
	"Green Crystal Fragment": 2.4478915878149254,
	"Wand of Inferno": 2.3919067403441123,
	"Small Enchanted Sapphire": 2.3722579199627547,
	"Wooden Shield": 2.367035581290354,
	"Sphinx Feather": 2.354385788334759,
	"Bow": 2.289133568455848,
	"Cape": 2.281806437946368,
	"Opal": 2.279178674351585,
	"Studded Helmet": 2.2785616406714,
	"White Mushroom": 2.266978922716628,
	"Brass Armor": 2.225485960722008,
	"Moonlight Crystals": 2.221719802853039,
	"Rope": 2.218356772760918,
	"Strange Helmet": 2.1853352892821247,
	"Silencer Claws": 2.1699171512375854,
	"Scale Armor": 2.162532840539698,
	"Rusted Armor": 2.1536747175287654,
	"Pile of Grave Earth": 2.1340784610589125,
	"Brown Piece of Cloth": 2.1245936678986506,
	"Short Sword": 2.1118269880603737,
	"Wand of Cosmic Energy": 2.104765070442138,
	"Plate Legs": 2.083160514723644,
	"Mercenary Sword": 2.0488097856429865,
	"Scarab Amulet": 2.0084320950768517,
	"Studded Club": 1.986449989911688,
	"Blue Gem": 1.959395920691341,
	"Sphinx Tiara": 1.9002566554275073,
	"Magma Amulet": 1.8986462684313825,
	"Roll": 1.8835010558938419,
	"Onyx Chip": 1.8628472896722101,
	"Studded Legs": 1.8625060945880059,
	"Yellow Gem": 1.8386403240772173,
	"Rainbow Quartz": 1.8169017544741721,
	"Studded Armor": 1.779822767552829,
	"Broadsword": 1.7651594765825835,
	"Titan Axe": 1.7553137829588663,
	"Ring of Healing": 1.729022057817455,
	"Half-Digested Piece of Meat": 1.7278169228229612,
	"Green Gem": 1.7198933118615067,
	"Zaoan Halberd": 1.7150862542577738,
	"Small Enchanted Amethyst": 1.7101109373836647,
	"Poison Dagger": 1.7004903797641786,
	"Sacred Tree Amulet": 1.6885175729822475,
	"Serpent Sword": 1.6665756903549567,
	"Small Enchanted Ruby": 1.6660217453873067,
	"Scorpion Tail": 1.5683906163203098,
	"Stone Skin Amulet": 1.5521310152549415,
	"Life Preserver": 1.5151515151515151,
	"Necrotic Rod": 1.4967359849984616,
	"Green Crystal Splinter": 1.492915465898175,
	"Lightning Headband": 1.4576883874078852,
	"Ivory Carving": 1.4495287385828326,
	"Shard": 1.4166289481960206,
	"Studded Shield": 1.4124062713019767,
	"Hardened Bone": 1.3726172827698342,
	"Ancient Amulet": 1.3639079772930982,
	"Emerald Bangle": 1.3286584416426104,
	"Stone Wing": 1.320046439628483,
	"Strong Mana Potion": 1.3174439617032827,
	"War Hammer": 1.2987146933628082,
	"Twin Hooks": 1.2651232262882748,
	"Vampire Teeth": 1.2502759459994905,
	"Carrot": 1.2266172229089412,