{
	"Gold Coin": 3343.6522837998773,
	"Platinum Coin": 1247.90835622663,
	"Meat": 455.5896269153764,
	"Skull": 451.59136060096955,
	"Dagger": 446.40000000000003,
	"Spear": 265.73938497821786,
	"Flask of Demonic Blood": 247.30677534949555,
	"Soul Orb": 200.8778289778848,
	"Golden Lotus Brooch": 175.58686591382772,
	"Brown Bread": 164.81548974943053,
	"Demonic Essence": 160.7770306405649,
	"Peacock Feather Fan": 149.58016527271224,
	"Sabre": 129.5220956719818,
	"Great Health Potion": 120.92748341744787,
	"Arrow": 83.19946898379091,
	"Girlish Hair Decoration": 82.24089265969883,
	"Insectoid Eggs": 72.26777042143364,
	"Worm": 70.14483219641463,
	"Rope": 68.75176747971216,
	"Damselfly Wing": 66.54642465088969,
	"Fish": 66.27302285731648,
	"Small Ruby": 65.48439378187904,
	"Small Diamond": 61.725544650079364,
	"Great Mana Potion": 61.22047508543938,
	"Assassin Star": 60.14719192483432,
	"Damselfly Eye": 56.22669832273876,
	"Chain Armor": 49.488837935408974,
	"Small Topaz": 49.207221858672945,
	"Small Emerald": 47.46346340340889,
	"Protective Charm": 43.853244878411445,
	"White Pearl": 42.55957628629571,
	"Swampling Moss": 42.29273080194543,
	"Small Sapphire": 37.68997928339009,
	"Red Apple": 35.219423637987454,
	"Cookie": 34.43386004900589,
	"White Mushroom": 34.22059138362339,
	"Ham": 33.73870605719717,
	"Piece of Swampling Wood": 31.65828444308739,
	"Bone": 31.031923262729272,
	"Health Potion": 30.71063490759363,
	"Hellspawn Tail": 29.94123491838183,
	"Silver Brooch": 26.94372002020449,
	"Black Pearl": 26.509075885802662,
	"Marsh Stalker Feather": 26.274223730533794,
	"Longsword": 24.823197165859796,
	"Hunting Spear": 24.682842651732393,
	"Battle Shield": 24.005630039081847,
	"Mana Potion": 23.903015201296252,
	"Small Amethyst": 22.96105773397169,
	"Torch": 21.04491247893993,
	"Winter Wolf Fur": 20.200000000000003,
	"Marsh Stalker Beak": 18.560690158266993,
	"Rotten Piece of Cloth": 18.549049294206707,
	"Necrotic Rod": 18.186019854536802,
	"Cyclops Toe": 17.79297782577909,
	"Red Piece of Cloth": 17.168940189474093,
	"Mystic Turban": 16.433713927143202,
	"Short Sword": 15.816751607477407,
	"Morning Star": 15.784734621264782,
	"Swampling Club": 15.73435693877996,
	"Ultimate Health Potion": 15.00998914778581,
	"Mace": 14.690530055694166,
	"Leather Boots": 14.316656385780487,
	"Tribal Mask": 13.8989898989899,
	"Wolf Tooth Chain": 13.319778894762685,
	"Red Mushroom": 11.785379701916252,
	"Cheese": 11.728267213821344,
	"Witch Broom": 11.363476999335067,
	"Leather Helmet": 11.196788452594221,
	"Red Gem": 11.138844453732496,
	"Star Herb": 10.243668016683793,
	"Hand Axe": 9.724278312361214,
	"Dragon Ham": 9.57273312895541,
	"Bolt": 8.321449097286905,
	"Heavy Old Tome": 8.093333583921973,
	"Silver Amulet": 8.058020504404759,
	"Plate Shield": 7.441451931229019,
	"Mysterious Fetish": 7.343168281008759,
	"Wand of Inferno": 7.001725096908062,
	"Orc Leather": 6.871467642741054,
	"Ghoul Snack": 6.474774012557332,
	"Pelvis Bone": 6.165586105515914,
	"Bow": 6.052991631154148,
	"Yellow Gem": 6.034458816820724,
	"Blue Gem": 6.0226382934137295,
	"Focus Cape": 5.874450847998847,
	"Viking Helmet": 5.84960428642847,
	"Cape": 5.678292933567067,
	"Ruby Necklace": 5.375281593300475,
	"Battle Axe": 5.272861707642757,
	"Leather Legs": 5.0599249230962124,
	"Protection Amulet": 5.058545834335491,
	"Underworld Rod": 5.001642684318499,
	"Oriental Shoes": 4.9956051655737355,
	"Brass Helmet": 4.689894504497282,
	"Knight Legs": 4.620630034872964,
	"Plate Armor": 4.592749560766001,
	"Battle Hammer": 4.5579774757167915,
	"Sickle": 4.451671401801366,
	"Axe": 4.434032446488619,
	"Throwing Star": 4.41005921704858,
	"Lamassu Horn": 4.39193083573487,
	"Scroll": 4.3661613760140785,
	"Rusted Armor": 4.285592618878637,
	"Wooden Shield": 4.262502090544874,
	"Brass Shield": 4.0573008942330695,
	"Hatchet": 3.904725373338614,
	"Bread": 3.821635806150586,
	"Blank Rune": 3.7768954404938726,
	"Grapes": 3.7680950651864986,
	"Studded Club": 3.6673616210310382,
	"Magma Coat": 3.661322703089672,
	"Crystal Ring": 3.6537973895916616,
	"Demonic Skeletal Hand": 3.5925536706200267,
	"Broken Helmet": 3.538113032645405,
	"Violet Crystal Shard": 3.5043227665706054,
	"Red Crystal Fragment": 3.4812680115273773,
	"Halberd": 3.4730416366562986,
	"Blue Crystal Shard": 3.354466858789625,
	"Poison Arrow": 3.3136401980640677,
	"Beetroot": 3.2861804719270484,
	"Roll": 3.21405874424779,
	"Sphinx Feather": 3.1637059030748325,
	"Blue Robe": 3.14694110920526,
	"Flask of Embalming Fluid": 3.025244817499682,
	"Garlic Necklace": 2.875886788710093,
	"Warrior Helmet": 2.6914157281909845,
	"Orcish Gear": 2.677430568967515,
	"Soldier Helmet": 2.6033413266216137,
	"Lamassu Hoof": 2.5936599423631126,
	"Terra Amulet": 2.5936599423631126,
	"Double Axe": 2.572885990159973,
	"Sphinx Tiara": 2.553469880730713,
	"Magma Amulet": 2.55130592320467,
	"Gauze Bandage": 2.502821760142439,
	"Egg": 2.435304524934879,
	"Orange": 2.4124767225325883,
	"Lump of Dirt": 2.4009352444851073,
	"Death Ring": 2.3519795223600792,
	"Coat": 2.328667229661728,
	"Green Gem": 2.3111066378138996,
	"Assassin Dagger": 2.2290832856870595,
	"Shovel": 2.2083275530628828,
	"Orc Tooth": 2.1591366940618792,
	"Terra Hood": 2.1440922190201728,
	"Warwolf Fur": 2.065472990104813,
	"Steel Shield": 2.0257238518177068,
	"Sword": 2.007366054279642,
	"Carrion Worm Fang": 1.9978028237783294,
	"Opal": 1.9711815561959654,
	"Sling Herb": 1.958227651739397,
	"Shaggy Tail": 1.733729512124988,
	"Strong Health Potion": 1.6993372529810256,
	"Magic Light Wand": 1.6509867219018979,
	"Scale Armor": 1.6144503305356326,
	"Brown Mushroom": 1.607755922184305,
	"Crossbow": 1.577539410926398,
	"Magma Boots": 1.5403433915673388,
	"Scimitar": 1.53267428216247,
	"Spellbook of Mind Control": 1.451082727032821,
	"Goat Grass": 1.4470130244629211,
	"Berserk Potion": 1.4381868951615873,
	"Spiked Squelcher": 1.426362868223564,
	"Iron Helmet": 1.4086522097588308,
	"Crystal Necklace": 1.4084454559218889,
	"Elvish Talisman": 1.4078445103221533,
	"Vampire Teeth": 1.4065604392494269,
	"Throwing Knife": 1.334909255875416,
	"Burst Arrow": 1.334521490013794,
	"Lightning Headband": 1.3189386923156174,
	"Brass Armor": 1.3133719657215592,
	"Melon": 1.3086133921788519,
	"Heavy Machete": 1.2987856537701215,
	"Onyx Chip": 1.2680115273775217,
	"Pile of Grave Earth": 1.262412610767244,
	"Brown Piece of Cloth": 1.256801888052723,
	"Orcish Axe": 1.251737101374125,
	"Strange Talisman": 1.244753910721099,
	"Hunter's Quiver": 1.2178770949720672,
	"Bunch of Troll Hair": 1.1936695781231244,
	"Dead Frog": 1.1918900173866778,
	"Flaming Arrow": 1.180937031316455,
	"Gold Ingot": 1.1801029159519725,
	"Skullcracker Armor": 1.1801029159519725,
	"Dark Rosary": 1.173643485365502,
	"Rainbow Quartz": 1.1296829971181557,
	"Dragon's Tail": 1.1200567652538556,
	"Elven Scouting Glass": 1.1106868609732299,
	"Green Crystal Fragment": 1.106628242074928,
	"Lightning Pendant": 1.0278798248704142,
	"Red Rose": 1.0179841631995705,
	"Bag of Apple Slices": 1.0164419996373089,
	"Green Crystal Splinter": 1.0028818443804035,
	"Two Handed Sword": 0.982787540250724,
	"Chain Helmet": 0.9823810307920302,
	"Hydra Head": 0.9141797064042588,
	"Blood Preservation": 0.9118953952395777,
	"Acorn": 0.9101971416778054,
	"Wand of Defiance": 0.9066982034120075,
	"Tarantula Egg": 0.8970056881193431,
	"Strong Mana Potion": 0.8930786736531986,
	"Studded Helmet": 0.8895709264091005,
	"Magma Monocle": 0.863419052891148,
	"Wand of Starstorm": 0.863419052891148,
	"Piercing Bolt": 0.843219247309697,
	"Wolf Paw": 0.8419472693844501,
	"Green Tunic": 0.8358971131500029,
	"Rope Belt": 0.8263184603590707,
	"Skull Belt": 0.7929359864998924,
	"Book of Prayers": 0.758611665412673,
	"Werebadger Claws": 0.7460352914898369,
	"Elven Amulet": 0.7457645707346686,
	"Powder Herb": 0.7393665593309944,
	"Corncob": 0.7365353923186337,
	"Plate Legs": 0.7247460458255923,
	"Dark Mushroom": 0.7171366170094859,
	"Werebadger Skull": 0.6974536519991066,
	"Dark Helmet": 0.67893238648391,