{
	"Gold Coin": 3166.4679825999906,
	"Meat": 502.59437067153164,
	"Platinum Coin": 491.12792163298576,
	"Dragon Ham": 267.63879189522896,
	"Torch": 204.01209394343226,
	"Ham": 145.56361170363652,
	"Orc Leather": 87.8256803500263,
	"Rare Earth": 86.88542568542569,
	"Coal": 65.01814047964048,
	"Chain Armor": 61.33271208460859,
	"Spear": 61.17048506139125,
	"Broken Helmet": 60.388056451411764,
	"Leather Legs": 57.84240011572635,
	"Glob of Acid Slime": 54.48427128427128,
	"Knife": 53.2917351039601,
	"Strong Health Potion": 51.09040626480129,
	"Worm": 48.48665411585951,
	"Shaggy Tail": 46.21783161858627,
	"Short Sword": 44.339688794199226,
	"Stonerefiner's Skull": 43.725829725829726,
	"Crossbow": 43.06060787529994,
	"Poisonous Slime": 42.50947570947571,
	"Leather Helmet": 39.09664338815049,
	"Warwolf Fur": 38.11994197072529,
	"Steel Shield": 36.37642721764821,
	"Wolf Tooth Chain": 34.77389605833301,
	"Great Health Potion": 34.547735162026605,
	"Burst Arrow": 34.421276225554834,
	"Orc Tooth": 33.214637040019895,
	"Half-Digested Stones": 32.06560846560846,
	"Strong Mana Potion": 31.742502821665116,
	"Orcish Axe": 30.70352929052967,
	"Wyrm Scale": 29.506050974879287,
	"Compass": 26.98332640126258,
	"Tainted Glooth Capsule": 25.138213975896853,
	"Glooth Bag": 24.065800600228233,
	"Great Mana Potion": 23.957084064048907,
	"Dragon's Tail": 23.196231503270745,
	"Rat Cheese": 22.67032227032227,
	"Sword": 22.64309350711686,
	"Studded Legs": 20.580692345197466,
	"Beetroot": 19.24519360546485,
	"Raspberry": 19.15881955395359,
	"Brass Helmet": 19.140537099262055,
	"Studded Helmet": 18.615677136008383,
	"Bow": 18.292792050231004,
	"Broken Crossbow": 17.629659588810245,
	"Combat Knife": 15.779229556206351,
	"Heavy Old Tome": 15.52373899124055,
	"Plate Shield": 14.714615286143914,
	"Orcish Gear": 14.519911931708448,
	"Halberd": 14.080601802697423,
	"Striped Fur": 12.643065675454464,
	"Fish": 12.1565744957961,
	"Ultimate Health Potion": 12.14688434715406,
	"Hunting Spear": 11.874050868501477,
	"Great Spirit Potion": 11.674254428964012,
	"Small Emerald": 11.355662779403847,
	"Battle Axe": 10.163432471582999,
	"Scale Armor": 10.049167427868523,
	"Small Topaz": 9.649912235603384,
	"Glooth Capsule": 9.638694277859866,
	"Brown Crystal Splinter": 9.546512071107859,
	"Longsword": 9.475673059551337,
	"Small Amethyst": 9.268029221794889,
	"Bolt": 9.024255128013175,
	"Wyvern Talisman": 9.010556300268096,
	"Bone": 8.93269908934247,
	"Obsidian Lance": 8.433650071203154,
	"Skull": 8.38304612624892,
	"Steel Helmet": 8.326723831585241,
	"Small Sapphire": 8.14904913790091,
	"Corncob": 7.99618804319589,
	"Glooth Steak": 7.969476140177998,
	"Small Diamond": 7.760050785643446,
	"Glooth Sandwich": 7.75187641750048,
	"Piece of Warrior Armor": 7.667142449329146,
	"Small Ruby": 7.4576817510748405,
	"Skull Belt": 7.308770522735281,
	"Green Crystal Splinter": 7.170533967011462,
	"Frazzle Tongue": 6.6683361157484695,
	"Sabretooth": 6.61079900124844,
	"Machete": 6.545953193564115,
	"Plate Legs": 6.2340657508585915,
	"Viking Helmet": 6.20609240470987,
	"Throwing Star": 6.143870992424822,
	"Broken Shamanic Staff": 5.703703703703703,
	"Frazzle Skin": 5.695603784084585,
	"Banana": 5.076923076923077,
	"Leather Armor": 5.0345132609219325,
	"Violet Crystal Shard": 5.003872667597925,
	"Winter Wolf Fur": 4.9,
	"Broadsword": 4.668793539139084,
	"Cheese": 4.414382116303294,
	"Cultish Robe": 4.368015170670038,
	"Fishbone": 4.3516972732331665,
	"Minotaur Horn": 4.312303739651727,
	"Badger Fur": 4.24432363287496,
	"Shamanic Hood": 4.203703703703704,
	"Two Handed Sword": 4.16071972397404,
	"Lamp": 4.03810456313831,
	"Chain Helmet": 3.9791108208451194,
	"Scroll of Heroic Deeds": 3.9018590838825156,
	"Fish Tail": 3.890929326655537,
	"Assassin Star": 3.880943159099245,
	"Silencer Claws": 3.8262213976499693,
	"Battle Shield": 3.7982014655474816,
	"Dead Snake": 3.773626677736267,
	"Giant Shimmering Pearl (Green)": 3.7537856368959224,
	"Life Ring": 3.7479496275548168,
	"Piece of Iron": 3.660545353366722,
	"Piece of Crocodile Leather": 3.611062096031325,
	"Crystal Rubbish": 3.609348914858097,
	"Remains of a Fish": 3.468558708959377,
	"Banana Skin": 3.3149693934335,
	"War Hammer": 3.3044332933675857,
	"Wand of Inferno": 3.1824740546376393,
	"Glooth Spear": 3.142947252018925,
	"Glooth Club": 3.1337272651872032,
	"Glooth Axe": 3.1319067002976992,
	"Glooth Blade": 3.1240855446340685,
	"Glooth Amulet": 3.0726446019758678,
	"Small Enchanted Sapphire": 3.0577002905770025,
	"Silky Fur": 2.905668541756815,
	"Plate Armor": 2.8864354124838045,
	"Minotaur Leather": 2.775906365972024,
	"Treasure Map (Pirate)": 2.6859370285519613,
	"Copper Shield": 2.604746108701199,
	"Power Bolt": 2.5511058981233243,
	"Focus Cape": 2.548150142330637,
	"Rapier": 2.4930813546546062,
	"Wooden Shield": 2.480159371130135,
	"Acorn": 2.4477832526425485,
	"Cleaver": 2.4300187729074167,
	"Green Dragon Scale": 2.425601157114446,
	"Green Dragon Leather": 2.3792649223855156,
	"Double Axe": 2.3409871632616164,
	"Soul Orb": 2.334932829115277,
	"Health Potion": 2.302097605686713,
	"Brown Mushroom": 2.270095512844902,
	"Lizard Leather": 2.224620403011974,
	"Thick Fur": 2.219455414674704,
	"Onyx Chip": 2.219178082191781,
	"Mammoth Tusk": 2.1603824568696735,
	"Silencer Resonating Chamber": 2.154916512059369,
	"Fish Fin": 2.124652198107958,
	"Rubber Cap": 2.121178521689618,
	"Flask of Demonic Blood": 2.106632747717949,
	"Bandana": 2.071697174141459,
	"Terra Hood": 2.0666998800970124,
	"Lizard Scale": 2.0566334801484016,
	"Bone Shoulderplate": 2.0492181406006242,
	"Red Crystal Fragment": 2.0478575403450194,
	"Earth Arrow": 2.0144609090023486,
	"Wereboar Hooves": 2.008608971454463,
	"Carrot": 1.9985299878030887,
	"Lump of Earth": 1.9953023693809735,
	"Wand of Draconia": 1.9927571664323698,
	"Wereboar Tusks": 1.9732668781150882,
	"Voluminous Piece of Cloth": 1.9655313240218901,
	"Hardened Bone": 1.9198664440734556,
	"Ludicrous Piece of Cloth": 1.919464183615127,
	"Arrow": 1.8933209996354827,
	"Terra Mantle": 1.8807303709611252,
	"Big Bone": 1.8711009577365787,
	"Rotten Feather": 1.8672071568353368,
	"Ominous Piece of Cloth": 1.8580413297394431,
	"Luminous Piece of Cloth": 1.8503634730049825,
	"Obvious Piece of Cloth": 1.7735849056603772,
	"Opal": 1.767913593256059,
	"Terra Boots": 1.7607807393196007,
	"Scimitar": 1.758306597939828,
	"Terra Legs": 1.739106623798613,
	"Gold Ingot": 1.726355492136511,
	"Gold-Brocaded Cloth": 1.7222962947033396,
	"Blank Rune": 1.6944831887111897,
	"Kongra's Shoulderpad": 1.6923076923076923,
	"Red Piece of Cloth": 1.6430021319310335,
	"Dubious Piece of Cloth": 1.620027770971167,
	"Weaver's Wandtip": 1.6005588398897843,
	"Wolf Paw": 1.5733989449164685,
	"Pirate Bag": 1.5483654115574719,
	"Tarantula Egg": 1.4950094801989053,
	"Lightning Pendant": 1.4719913208239106,
	"Eye Patch": 1.4318862737239706,
	"Hook": 1.4309058354651967,
	"Peg Leg": 1.3768888189044652,
	"Zaoan Halberd": 1.3603439450078003,
	"Werebadger Claws": 1.3428635246817064,
	"Twigs": 1.3128735260862543,
	"Fur Bag": 1.3083380361173815,
	"Dragon Hammer": 1.2913431880188628,
	"Scarf": 1.25872947625906,
	"Werebadger Skull": 1.255416573598392,
	"Beastslayer Axe": 1.2534314052628923,
	"Throwing Knife": 1.2296571420854856,
	"Iron Ore": 1.2287145242070117,
	"Glorious Axe": 1.2203750414023289,
	"Scroll": 1.2189704445971856,
	"Ice Cube": 1.1902699976438702,
	"Warmaster's Wristguards": 1.1886304358424336,
	"Serpent Sword": 1.1785520572358397,
	"Honeycomb": 1.1718501152023053,
	"Haunted Blade": 1.1292424087558837,
	"Centipede Leg": 1.119345565232096,
	"Staff": 1.1140660270880363,
	"Onyx Arrow": 1.0939208795275241,
	"Morning Star": 1.0674543000357342,
	"Cobra Tongue": 1.067208165612421,
	"Small Notebook": 1.059425983394741,
	"Werebear Fur": 1.0533416355334164,
	"Book (Grey)": 1.0486738148984198,
	"Werewolf Fangs": 1.0318233647766144,
	"Heavily Rusted Armor": 1.0243481271845738,
	"Poison Dagger": 1.0131097965881297,
	"Small Stone": 1.0105317847749142,
	"Light Shovel": 0.9961469933184857,