{
	"Gold Coin": 2594.4729150491216,
	"Platinum Coin": 607.6673182993384,
	"Dragon Ham": 437.3425292098766,
	"Meat": 297.9351824454346,
	"Great Health Potion": 235.43825623215292,
	"Fish": 153.53334207736233,
	"Wild Flowers": 121.53856790311305,
	"Great Mana Potion": 94.05207374327168,
	"Worm": 89.19110610380886,
	"Dandelion Seeds": 87.8017336812992,
	"Fresh Fruit": 76.41629937512937,
	"Colourful Snail Shell": 68.76067209996033,
	"Ham": 62.68614331690816,
	"Axe": 59.531228530826475,
	"Steel Shield": 57.834249355143804,
	"Werehyaena Nose": 57.78354978354979,
	"Knife": 53.18181818181818,
	"Strong Health Potion": 52.30151087256744,
	"Torch": 46.84234090882646,
	"Halberd": 43.92886826445719,
	"Dragon's Tail": 41.31137707612855,
	"Flask of Embalming Fluid": 40.53828055449574,
	"Spear": 39.992524110069716,
	"Crossbow": 39.05617687320815,
	"Red Crystal Fragment": 38.76830854622223,
	"Ice Rapier": 37.10603833693795,
	"Pirate Coin": 34.88091339836498,
	"Leaf Star": 34.46192645589316,
	"Gauze Bandage": 33.537811585908685,
	"Magic Light Wand": 33.35588134616548,
	"Burst Arrow": 30.87976857711083,
	"Small Enchanted Amethyst": 30.47245720610115,
	"Carrot": 30.418491286672964,
	"Shimmering Beetles": 29.3935064475056,
	"Bone": 29.109190615122294,
	"Leather Boots": 25.747094472507058,
	"Mouldy Cheese": 25.728960567879973,
	"Small Stone": 24.928791598587896,
	"Pirat's Tail": 24.56250601038081,
	"Red Gem": 24.284777879559485,
	"Crystal Sword": 24.062088646264364,
	"Banana": 22.027416471706616,
	"Strange Talisman": 21.97964794061007,
	"Yellow Gem": 21.601676320742115,
	"Mutated Flesh": 21.345470813639107,
	"Combat Knife": 21.272727272727273,
	"Short Sword": 20.579382031116467,
	"Life Preserver": 20.454545454545453,
	"Rainbow Quartz": 20.186792183938906,
	"Honeycomb": 19.530570881600653,
	"Wyvern Talisman": 19.102379356568363,
	"Cyclops Toe": 17.214372408565843,
	"Beetroot": 16.786844732973755,
	"Longsword": 15.936272856852126,
	"Silver Brooch": 15.12882355838947,
	"Small Sapphire": 14.650676133938717,
	"Strong Mana Potion": 14.25397266019365,
	"Small Amethyst": 14.10419267943197,
	"Star Herb": 13.876729559748426,
	"Knight Axe": 13.852721451440768,
	"Glob of Glooth": 13.65833403984004,
	"Crowbar": 13.617929562433298,
	"Green Crystal Fragment": 13.367566151427823,
	"Wand of Inferno": 13.327604123316826,
	"Cookie": 12.520029795827757,
	"Green Mushroom": 12.499951884710008,
	"Ratana": 12.272727272727273,
	"Cheese": 12.25362898121893,
	"Steel Helmet": 12.044922973176918,
	"Shark Fins": 11.457844183564568,
	"Green Crystal Splinter": 10.917387127761767,
	"Fishbone": 10.771595572931863,
	"Small Topaz": 10.606713717843157,
	"Wand of Starstorm": 10.301913858756798,
	"Small Enchanted Emerald": 10.132393498004554,
	"Plate Shield": 9.923146422896911,
	"Heavy Old Tome": 9.474197906233751,
	"Scale Armor": 9.031489584743541,
	"Goat Grass": 9.02153276531204,
	"Red Rose": 8.71111111111111,
	"Power Bolt": 8.685676672898284,
	"Knight Armor": 8.621033244794702,
	"Rotten Piece of Cloth": 8.244021908536315,
	"Grappling Hook": 7.938103448275862,
	"Swamp Grass": 7.817909896602658,
	"Skull": 7.73593663475785,
	"Broadsword": 7.69661905622853,
	"Plate Legs": 7.4911522461517,
	"White Mushroom": 7.421553005071418,
	"Sword": 7.361645629742114,
	"Orange": 7.250790295178628,
	"Brown Crystal Splinter": 6.857142857142857,
	"Terra Boots": 6.849063273241428,
	"Battle Shield": 6.769141480907158,
	"Fairy Wings": 6.591383254236397,
	"Dagger": 6.417889168880111,
	"Emerald Bangle": 6.273565794945997,
	"Dark Mushroom": 6.250497028569961,
	"Panpipes": 6.250427131195075,
	"Opal": 6.144404092371252,
	"Wand of Voodoo": 6.137388520711404,
	"Medicine Pouch": 6.124889217134417,
	"Sword Ring": 6.095238095238095,
	"Small Enchanted Ruby": 5.931031531028032,
	"Wood": 5.825487018279487,
	"Focus Cape": 5.799359658484525,
	"Royal Spear": 5.735744539276564,
	"Troll Green": 5.6779068938747175,
	"Brown Mushroom": 5.52921595318941,
	"Warwolf Fur": 5.449756617990265,
	"Pelvis Bone": 5.4377067747436705,
	"Crystal Ring": 5.090654582290903,
	"Grapes": 5.045795601552393,
	"Broken Helmet": 4.662413881092116,
	"Mouldy Powder": 4.632025450689289,
	"Doublet": 4.571428571428571,
	"Hailstorm Rod": 4.571428571428571,
	"Orange Mushroom": 4.567548884060833,
	"Book (Gemmed)": 4.549424283514513,
	"Wood Cape": 4.379577442213169,
	"Magma Boots": 4.3497220202152596,
	"Butterfly Ring": 4.337059289679495,
	"Wereboar Hooves": 4.326234707748074,
	"Sabre": 4.286395460961192,
	"Double Axe": 4.266512151021784,
	"Wereboar Tusks": 4.25011327594019,
	"Werebadger Claws": 4.177797632343086,
	"Studded Armor": 4.130278519487894,
	"Chain Armor": 4.129522984585687,
	"Black Pearl": 4.113242732354106,
	"Protection Amulet": 4.112485949800201,
	"Studded Helmet": 4.025191351506811,
	"Green Dragon Scale": 4.0115711444585065,
	"Dream Blossom Staff": 3.981204684702292,
	"Fern": 3.9435295010935967,
	"Green Dragon Leather": 3.934938140868353,
	"Werebadger Skull": 3.905740451194997,
	"Springsprout Rod": 3.9050550737923126,
	"Glob of Mercury": 3.7717908082408873,
	"Mace": 3.740476264554869,
	"Powder Herb": 3.678718672163556,
	"Black Shield": 3.660060227830163,
	"Small Emerald": 3.5653649419748077,
	"Shaggy Tail": 3.467459024249976,
	"Werebear Fur": 3.460979659609797,
	"Viking Helmet": 3.4459851694213297,
	"Centipede Leg": 3.2562780079479157,
	"Werebear Skull": 3.246160232461602,
	"Hatchet": 3.2202402706091426,
	"Yellow Piece of Cloth": 3.171380198397558,
	"Sacred Tree Amulet": 3.1024290662068124,
	"Studded Legs": 3.07313505607021,
	"Small Enchanted Sapphire": 3.0110470800334195,
	"Studded Shield": 2.9593274255850943,
	"Ghoul Snack": 2.8776773389143697,
	"Kongra's Shoulderpad": 2.8079177854943698,
	"Mana Potion": 2.796218197129665,
	"Stone Herb": 2.753507159166634,
	"Orc Leather": 2.7351595665783224,
	"Wolf Paw": 2.6960538822438966,
	"Prismatic Quartz": 2.563033247005929,
	"Energy Ring": 2.5361402863643674,
	"Ring of Blue Plasma": 2.5337575114881585,
	"Slime Heart": 2.52462482946794,
	"Werewolf Fangs": 2.5058567430289207,
	"Battle Hammer": 2.5013215589843547,
	"Werehyaena Talisman": 2.4545454545454546,
	"Health Potion": 2.429058509459964,
	"Badger Fur": 2.4253277902142627,
	"Lump of Dirt": 2.4009352444851073,
	"Small Diamond": 2.3770813232282246,
	"Brown Bread": 2.3629460895975702,
	"Glooth Spear": 2.3443153632039,
	"Fox Paw": 2.331580054702293,
	"Carniphila Seeds": 2.322117547348176,
	"Heavily Rusted Armor": 2.2429997613851236,
	"Poisoned Fang": 2.1663710777626193,
	"Dragon Hammer": 1.99578996306532,
	"Battle Axe": 1.955599937483557,
	"Serpent Sword": 1.9491437869669654,
	"Blank Rune": 1.9132879959440467,
	"Banana Sash": 1.8963562255670392,
	"Lightning Boots": 1.8013432308236126,
	"Flower Wreath": 1.7287097592500373,
	"Stealth Ring": 1.7251285998481762,
	"Poison Dagger": 1.7205148502372067,
	"Hibiscus Dress": 1.6775983854692231,
	"Demonic Skeletal Hand": 1.676525046289346,
	"Werewolf Fur": 1.669690059085726,
	"Leather Legs": 1.6254357165393674,
	"Wooden Spellbook": 1.5824605339356312,
	"White Pearl": 1.5667934024329424,
	"Hunting Spear": 1.5496522886664394,
	"Cave Turnip": 1.5387931034482758,
	"Golden Mug": 1.5386913654018524,
	"Glob of Acid Slime": 1.5311447001059015,
	"Boots of Haste": 1.5145783150820538,
	"Ultimate Health Potion": 1.5089118317765078,
	"Blue Rose": 1.4986545576858392,
	"Moonlight Crystals": 1.463346366203882,
	"Striped Fur": 1.4516450648055832,
	"Purple Robe": 1.439544367880748,
	"Throwing Star": 1.4388435336892718,
	"Sandcrawler Shell": 1.4146341463414633,
	"Arrow": 1.4107223989095865,
	"Small Ruby": 1.384029283197024,
	"Rusted Armor": 1.3560174147403339,
	"Terra Amulet": 1.2631853889076092,
	"Leather Helmet": 1.2536170950665613,
	"Acorn": 1.2107451231212023,
	"Dragon Shield": 1.1828137510654233,
	"Coral Brooch": 1.1218808001649825,
	"Lamassu Horn": 1.0979827089337175,
	"Vampire Teeth": 1.0939914527495542,
	"Snakebite Rod": 1.0721276894951484,
	"Viper Star": 1.0375170532060027,
	"Plate Armor": 1.0350340923458958,
	"Shadow Herb": 1.0193391317127445,