{
	"Gold Coin": 4494.380609490975,
	"Meat": 828.6799954463638,
	"Dragon Ham": 390.2592459397822,
	"Ham": 355.13481332800865,
	"Bone": 145.8702989556862,
	"Plate Shield": 131.8358774618749,
	"Mace": 118.24690566243346,
	"Chain Armor": 105.73503997909478,
	"Steel Shield": 83.15881912338249,
	"Crossbow": 76.09003549785976,
	"Spear": 70.69263075853561,
	"Lump of Dirt": 69.22696621598726,
	"Bolt": 64.63409350245388,
	"Platinum Coin": 60.08381484637741,
	"Dragon's Tail": 56.43575636350788,
	"Sword": 54.947421231000014,
	"Worm": 50.405120688892225,
	"Broken Helmet": 49.149612996512715,
	"Brass Helmet": 47.77260549120284,
	"Fish": 46.310893374807904,
	"Torch": 45.8243876035992,
	"Burst Arrow": 45.50026410028415,
	"Skull": 42.65462074780285,
	"Gloom Wolf Fur": 42.55188038060716,
	"Fairy Wings": 41.12331341271821,
	"Cheese": 40.41758677431745,
	"Axe": 40.29911127848722,
	"Arrow": 39.71846311688017,
	"Wolf Tooth Chain": 38.73073545833368,
	"Strong Health Potion": 36.03322353847172,
	"White Mushroom": 35.539593453433085,
	"Heavy Old Tome": 32.85730229760276,
	"Studded Helmet": 31.906793515964615,
	"Longsword": 31.18452262467687,
	"Orc Leather": 30.04478062832586,
	"Shimmering Beetles": 29.03972238688877,
	"Scroll": 28.41383706884982,
	"Rotten Piece of Cloth": 27.67635926437191,
	"Dagger": 26.400000000000002,
	"Studded Armor": 26.09863446365653,
	"Leather Boots": 24.25421246213049,
	"Pelvis Bone": 23.1951168175121,
	"Hatchet": 23.073509251535263,
	"Carrion Worm Fang": 20.677259226105708,
	"Viking Helmet": 20.030898012091807,
	"Short Sword": 19.710069217709286,
	"Wild Flowers": 19.64577353897249,
	"Great Health Potion": 19.436599505643933,
	"Sabre": 18.31635060161829,
	"Studded Legs": 17.600682593856657,
	"Wolf Paw": 17.230925823301618,
	"Steel Helmet": 17.122651281545906,
	"Soft Cheese": 16.27930053920199,
	"Rat Cheese": 16.028624165910884,
	"Minotaur Horn": 15.578686551861285,
	"Carrot": 14.747254789644144,
	"Plum": 14.030825560970783,
	"Red Rose": 13.728822678536812,
	"Hand Axe": 13.613989637305698,
	"Grapes": 13.328801431351165,
	"Studded Shield": 12.980686207680073,
	"Cyclops Toe": 12.766749379652605,
	"Leaf Star": 12.182938442804632,
	"Colourful Snail Shell": 11.941039894303575,
	"Broadsword": 11.217641750104168,
	"Plate Legs": 11.180113927629822,
	"Prismatic Quartz": 10.460939040582645,
	"Halberd": 10.119506639272926,
	"Earflap": 9.875195639512384,
	"Bow": 9.84602002971454,
	"Brown Bread": 9.747152619589977,
	"Ghoul Snack": 9.66077392349824,
	"Cheese Cutter": 9.542668842927565,
	"Bola": 9.493630101692343,
	"Leather Helmet": 9.277684660528774,
	"Dandelion Seeds": 8.725750996905436,
	"Small Stone": 8.369737813116355,
	"Stone Herb": 8.262295081967213,
	"Great Mana Potion": 8.221573388600287,
	"Rope": 8.097272010167178,
	"Fresh Fruit": 7.9491686294952695,
	"Cookie": 7.837117358181401,
	"Goat Grass": 7.368269616808672,
	"Cave Turnip": 7.331896551724138,
	"Sniper Arrow": 7.258824318883371,
	"Copper Shield": 6.8371291407707915,
	"Minotaur Leather": 6.831706968487992,
	"Battle Shield": 6.469532005339555,
	"Orcish Gear": 6.281664027193016,
	"Mouldy Cheese": 6.172082717872969,
	"Double Axe": 5.931848055306343,
	"Wand of Inferno": 5.921712750212141,
	"Frazzle Tongue": 5.856133298755187,
	"Orc Tooth": 5.846690054001754,
	"Green Dragon Scale": 5.784125836195986,
	"Scroll of Heroic Deeds": 5.686092445421715,
	"Green Dragon Leather": 5.67363173799623,
	"Small Diamond": 5.612578147490583,
	"Machete": 5.598122866894197,
	"Skull Belt": 5.588481792699292,
	"Honeycomb": 5.345532145139764,
	"Girlish Hair Decoration": 5.1735289458593785,
	"Frazzle Skin": 5.1154045643153525,
	"Leather Legs": 5.016458351748416,
	"Green Tunic": 5.016071668232453,
	"Remains of a Fish": 4.927385892116183,
	"Hunting Spear": 4.616018176669617,
	"Broken Crossbow": 4.591380361862168,
	"Bony Tail": 4.577342068767634,
	"Piercing Bolt": 4.500466655319455,
	"Health Potion": 4.45839161293793,
	"Plate Armor": 4.378652040059972,
	"Pick": 4.36523000516313,
	"Small Enchanted Emerald": 4.326952533184664,
	"Wood Mushroom": 4.325581395348837,
	"Dark Mushroom": 4.189655172413793,
	"Demonic Skeletal Hand": 4.071560826702697,
	"Battle Axe": 4.048333302867647,
	"Shovel": 4.005580318242823,
	"Small Amethyst": 3.9126464899867495,
	"Wooden Shield": 3.838273159978473,
	"Orange": 3.8197548106765984,
	"Studded Club": 3.726997397551941,
	"Small Emerald": 3.6072390930142517,
	"Small Enchanted Ruby": 3.4770993178261596,
	"Wedding Ring": 3.4495656055327486,
	"Panpipes": 3.4274936432172014,
	"Letter": 3.422196543161311,
	"Throwing Star": 3.396937396787269,
	"Two Handed Sword": 2.9442873157373324,
	"Dragon Hammer": 2.877650644419764,
	"Serpent Sword": 2.810393367254694,
	"Protective Charm": 2.757634411668108,
	"Scale Armor": 2.7013532902333446,
	"Brass Armor": 2.69599943956989,
	"Big Bone": 2.643607365145228,
	"Soldier Helmet": 2.6033413266216137,
	"Swampling Moss": 2.5934221718174086,
	"Assassin Star": 2.519191948894002,
	"Fish Fin": 2.518801867219917,
	"Piece of Iron": 2.455588692946058,
	"Roll": 2.439729010514097,
	"Red Apple": 2.420027816411683,
	"Piece of Archer Armor": 2.4100426916039845,
	"Bone Club": 2.2829515565970064,
	"Brass Shield": 2.278818494352066,
	"Terra Amulet": 2.1627906976744184,
	"Corncob": 2.1593915343915344,
	"Star Herb": 2.15608660031015,
	"War Hammer": 2.126372784711474,
	"Orange Mushroom": 2.0956015740135827,
	"Small Ruby": 2.047702888052763,
	"Broken Shamanic Staff": 2.0370370370370368,
	"Powder Herb": 2.0218601773561558,
	"Red Piece of Cloth": 2.006953590567642,
	"Piece of Swampling Wood": 1.9413098950949814,
	"Hunter's Quiver": 1.9283054003724396,
	"Mana Potion": 1.8934479904444637,
	"Piece of Warrior Armor": 1.8892546636279228,
	"Pile of Grave Earth": 1.8835997684463641,
	"Swamp Grass": 1.877529542097489,
	"Brown Piece of Cloth": 1.8752282139199359,
	"Small Enchanted Sapphire": 1.8640596422358033,
	"Ancient Coin": 1.8023255813953487,
	"Red Crystal Fragment": 1.8023255813953487,
	"Sling Herb": 1.8023255813953487,
	"Brown Mushroom": 1.723381183999602,
	"Piece of Scarab Shell": 1.7096177045634178,
	"Dragon Shield": 1.7054523852571222,
	"Green Mushroom": 1.6874059810014963,
	"Battle Hammer": 1.6435019838457463,
	"Scarf": 1.6064821885979867,
	"Throwing Knife": 1.6024038203573536,
	"Magic Light Wand": 1.5770503360616597,
	"Ratana": 1.533804720202407,
	"Wood Cape": 1.509100236427711,
	"Iron Ore": 1.508157000273231,
	"Shamanic Hood": 1.5013227513227514,
	"Life Preserver": 1.498227815405642,
	"Elvish Talisman": 1.491635400168309,
	"Boggy Dreads": 1.480662666168997,
	"Medicine Pouch": 1.4709379615952731,
	"Poison Arrow": 1.4469218459217805,
	"Black Pearl": 1.4209740704635214,
	"Vampire Teeth": 1.4065604392494269,
	"Silencer Claws": 1.356198219523491,
	"Cheesy Figurine": 1.2926612092232834,
	"Silver Brooch": 1.2620030360089767,
	"Small Enchanted Amethyst": 1.257133749544624,
	"Small Notebook": 1.2520363254839157,
	"Wood": 1.251310930576071,
	"Rainbow Quartz": 1.2109653169022947,
	"Earth Arrow": 1.2086765454014092,
	"Lump of Earth": 1.197181421628584,
	"Wooden Spellbook": 1.1935519358757305,
	"Strong Mana Potion": 1.180714114995404,
	"Stealth Ring": 1.1610327514515368,
	"Iron Helmet": 1.150461225374902,
	"Golden Sickle": 1.0813953488372092,
	"Wyvern Talisman": 1.0812667560321716,
	"Lyre": 0.98926318614951,
	"Spike Shield": 0.9879917759504832,
	"Swampling Club": 0.9648426424723561,
	"Bone Shield": 0.9520730715891158,
	"Might Ring": 0.9440801719208406,
	"Poison Spider Shell": 0.9171871331298428,
	"Blood Preservation": 0.9118953952395777,
	"Troll Green": 0.8906676932439943,
	"Bunch of Troll Hair": 0.8175069914586173,
	"Leather Harness": 0.7999142463028568,
	"Witch Broom": 0.7974369824094784,
	"Small Topaz": 0.7605651452258562,
	"Opal": 0.7545229795237871,
	"Emerald Bangle": 0.7364547289280672,
	"Heaven Blossom": 0.728794127229433,
	"Leaf Legs": 0.7280300664674131,
	"Old Rag": 0.716884411365265,
	"White Pearl": 0.6974633945143328,
	"Blank Rune": 0.6956950340246326,
	"Butterfly Ring": 0.6944000945794165,