{
	"Gold Coin": 5339.450728232096,
	"Skull": 675.5827843133297,
	"Dagger": 607.2,
	"Platinum Coin": 602.778982427754,
	"Leather Armor": 336.249634456377,
	"Dragon Ham": 319.6367470981594,
	"Meat": 241.4705290914069,
	"Brown Bread": 224.18451025056947,
	"Torch": 204.50243036452454,
	"Sabre": 176.2331190519446,
	"Cleaver": 126.09097410530707,
	"Flask of Demonic Blood": 114.3300031780438,
	"Throwing Knife": 111.74575770050701,
	"Strong Health Potion": 98.82607128825637,
	"Girlish Hair Decoration": 75.38024781318016,
	"Poison Arrow": 73.33464856038606,
	"Rare Earth": 71.74025974025975,
	"Great Health Potion": 69.20796291678158,
	"Strong Mana Potion": 68.10540267518493,
	"Great Mana Potion": 64.4114995977227,
	"Bone": 64.1265143391222,
	"Wyrm Scale": 62.23548732700323,
	"Poison Dagger": 54.48872373886733,
	"Coal": 53.64502164502164,
	"Ultimate Health Potion": 49.528988200132325,
	"Plate Shield": 46.106752614842556,
	"Striped Fur": 45.82695737471018,
	"Glob of Acid Slime": 44.98701298701298,
	"Crossbow": 42.755675895541046,
	"Protective Charm": 40.31768697137993,
	"Demonic Essence": 39.26118035316525,
	"Burst Arrow": 39.118560790675836,
	"Mace": 38.58703848646378,
	"Tainted Glooth Capsule": 36.69618803347982,
	"Axe": 36.260897528611174,
	"Stonerefiner's Skull": 36.103896103896105,
	"Centipede Leg": 35.920816775175446,
	"Poisonous Slime": 35.0995670995671,
	"Glooth Bag": 34.136868542257844,
	"Scythe": 30.930091185410333,
	"Hunting Spear": 29.06944914585838,
	"Half-Digested Stones": 26.476190476190474,
	"Ham": 26.017225354902276,
	"Steel Shield": 25.178891685375497,
	"Sabretooth": 24.986579275905118,
	"Chain Armor": 23.702877738465705,
	"Spear": 23.266013543801826,
	"Worm": 22.390158969899712,
	"Fish": 19.86422996960461,
	"Rat Cheese": 18.71861471861472,
	"Dragon's Tail": 18.546989362249196,
	"Brass Helmet": 18.47577357443494,
	"Great Spirit Potion": 17.98355705032081,
	"Mystical Hourglass": 16.267477203647417,
	"Magic Light Wand": 16.22648392281653,
	"Arrow": 16.203776885429797,
	"Werehyaena Nose": 16.173160173160174,
	"Tribal Mask": 15.892823410124581,
	"Knife": 15.454545454545455,
	"Bone Shield": 14.873040041330448,
	"Glooth Capsule": 14.055647379754916,
	"Big Bone": 13.426882006624444,
	"Life Ring": 13.363776978772258,
	"Sword": 12.817675215310896,
	"Halberd": 12.630216521639516,
	"Health Potion": 12.445867380873022,
	"Glooth Steak": 11.656768755978824,
	"Glooth Sandwich": 11.313224169822083,
	"Rotten Piece of Cloth": 11.041100770361135,
	"Red Crystal Fragment": 10.937062937062938,
	"Throwing Star": 10.62476478295568,
	"Cheese": 9.785671312093674,
	"Dark Shield": 9.264437689969604,
	"Brass Shield": 8.47437513595579,
	"Demonic Skeletal Hand": 8.38262523144673,
	"Slightly Rusted Armor": 8.097264437689969,
	"Leather Helmet": 7.868510662840489,
	"Small Diamond": 7.737687911710384,
	"White Mushroom": 7.672418060053908,
	"Soul Orb": 7.233095735246385,
	"Longsword": 7.224358815794774,
	"Pelvis Bone": 7.119055466567268,
	"Leather Boots": 7.049332279512603,
	"Combat Knife": 7.024021161068015,
	"Wooden Shield": 7.021399336859423,
	"Red Gem": 6.968318904372019,
	"Hand Axe": 6.806994818652849,
	"Small Topaz": 6.544104564910798,
	"Hatchet": 6.45283119236519,
	"Yellow Gem": 6.3849607726691175,
	"Mana Potion": 6.316685270354307,
	"Life Preserver": 5.944055944055944,
	"Viking Helmet": 5.827854532482091,
	"Egg": 5.72410670179483,
	"Small Enchanted Amethyst": 5.584132660155587,
	"Small Emerald": 5.454769618412943,
	"Steel Helmet": 5.369042139997467,
	"Battle Shield": 5.169822651563621,
	"Rapier": 4.674527539977387,
	"Heavy Old Tome": 4.6372520098763585,
	"Glooth Spear": 4.590667993602156,
	"Glooth Axe": 4.581798476876905,
	"Glooth Club": 4.5756308819957265,
	"Glooth Blade": 4.561463502665072,
	"Wand of Draconia": 4.552217425899148,
	"Leather Legs": 4.531203554265812,
	"Minotaur Horn": 4.4968840745211915,
	"Glooth Amulet": 4.492198302778411,
	"Orichalcum Pearl": 4.1580547112462005,
	"Small Amethyst": 4.09785629588057,
	"Focus Cape": 4.005013561794625,
	"Ghoul Snack": 3.854032150331745,
	"Green Crystal Fragment": 3.804195804195804,
	"Plate Legs": 3.6914565045947394,
	"Underworld Rod": 3.5782652707217504,
	"Iron Helmet": 3.568724201327333,
	"Ratana": 3.5664335664335667,
	"Giant Shimmering Pearl (Green)": 3.440854446182354,
	"Essence of a Bad Dream": 3.3970158014763334,
	"Wand of Starstorm": 3.3599299060171397,
	"Broadsword": 3.2492403783202195,
	"Power Bolt": 3.1881739696943923,
	"Green Mushroom": 3.1566373718827783,
	"Rubber Cap": 3.11682345274403,
	"Lightning Pendant": 3.0873456811210658,
	"Black Pearl": 3.024205988499614,
	"Piece of Crocodile Leather": 3.005028537480639,
	"Wyvern Talisman": 3.003518766756032,
	"Terra Hood": 2.9969813101294736,
	"Rope": 2.9772228152680436,
	"Short Sword": 2.9766226981846673,
	"Battle Hammer": 2.8975374937699634,
	"Small Ruby": 2.862476751161495,
	"Brass Armor": 2.8515692528729044,
	"Terra Mantle": 2.7455930931163124,
	"Seeds": 2.7448516581858997,
	"Blank Rune": 2.7011764407685566,
	"Green Crystal Splinter": 2.6666666666666665,
	"Roll": 2.6602195802314337,
	"Cookie": 2.592980622732655,
	"Nightmare Blade": 2.5738087092787145,
	"Bow": 2.5303676491688303,
	"Chain Helmet": 2.4788552002940833,
	"Twigs": 2.461637861411727,
	"Small Sapphire": 2.429811870079398,
	"Orange": 2.4124767225325883,
	"Winter Wolf Fur": 2.4000000000000004,
	"Studded Club": 2.293790979749994,
	"Mouldy Cheese": 2.2730569992105014,
	"Glorious Axe": 2.265729943818068,
	"Terra Legs": 2.261679140377743,
	"Terra Boots": 2.256527759371187,
	"Minotaur Leather": 2.23214460504421,
	"Scimitar": 2.164040581855589,
	"Strange Symbol": 2.156884486497142,
	"Scythe Leg": 2.1395304592418394,
	"Silky Tapestry": 2.1277866952024254,
	"Royal Spear": 2.1241063134661617,
	"Vampire Teeth": 2.1098406588741403,
	"Book (Gemmed)": 2.0927351704166766,
	"Crystal Necklace": 1.996996790237719,
	"Cyclops Toe": 1.9280397022332505,
	"Small Enchanted Emerald": 1.9210884353741495,
	"Wand of Inferno": 1.9046350978441455,
	"Beetroot": 1.8690605267486973,
	"Heavily Rusted Armor": 1.8414597531821668,
	"Beastslayer Axe": 1.8233800343007698,
	"Flask of Embalming Fluid": 1.8151468904998092,
	"Book of Necromantic Rituals": 1.812807881773399,
	"Bread": 1.7921096535706107,
	"Half-Digested Piece of Meat": 1.7771831206179027,
	"Morning Star": 1.7761774434826307,
	"Shadow Herb": 1.74783208745459,
	"Brown Crystal Splinter": 1.7142857142857142,
	"Green Dragon Scale": 1.6896281564515157,
	"Bronze Amulet": 1.6795292174375807,
	"Double Axe": 1.6753097997739717,
	"Green Dragon Leather": 1.6573512066189702,
	"Red Apple": 1.6433903051509962,
	"Sword Ring": 1.5615570153585927,
	"Fire Mushroom": 1.5516559600616455,
	"Plate Armor": 1.5470069425279191,
	"Gauze Bandage": 1.5016930560854636,
	"Protection Amulet": 1.497257347782021,
	"Sling Herb": 1.4866150814629693,
	"Cape": 1.4845674528642734,
	"Two Handed Sword": 1.4102824003648082,
	"Bast Skirt": 1.4050542091836735,
	"Energy Ring": 1.399644952784219,
	"Blood Preservation": 1.3678430928593666,
	"Star Herb": 1.3657185823762814,
	"Ripper Lance": 1.3498316397985637,
	"Goat Grass": 1.3264286057576777,
	"Glooth Cape": 1.3202813657340282,
	"Frosty Heart": 1.2825402611173704,
	"Hailstorm Rod": 1.2623361643402975,
	"Carrot": 1.2334457816890145,
	"Copper Shield": 1.2212843564675104,
	"Pick": 1.218203722371106,
	"Hunter's Quiver": 1.2178770949720672,
	"Dead Frog": 1.1918900173866778,
	"Belted Cape": 1.1889622700308153,
	"Glacier Kilt": 1.1671732522796352,
	"Silky Fur": 1.162267416702726,
	"Doublet": 1.1428571428571428,
	"Fairy Wings": 1.140035968888102,
	"Wolf Tooth Chain": 1.1367973151196864,
	"Orc Leather": 1.1358810537843322,
	"Guardian Shield": 1.0906603812812854,
	"Dark Rosary": 1.0758398615850435,
	"Studded Armor": 1.047455995055426,
	"Brass Legs": 1.0322886931736317,
	"Hibiscus Dress": 1.0006112095837663,
	"Broken Gladiator Shield": 0.9856564791002318,
	"Skull Staff": 0.9754315376165034,
	"Angelic Axe": 0.9744069912609239,
	"Wolf Paw": 0.9551072462300554,
	"Letter": 0.9550315934403659,