{
	"Gold Coin": 3268.823042789389,
	"Platinum Coin": 1409.982923544618,
	"Meat": 583.8994468515402,
	"Flask of Demonic Blood": 518.6296419341311,
	"Great Health Potion": 351.3308785446095,
	"Great Mana Potion": 262.3432582575524,
	"Ham": 255.7997222352157,
	"Demonic Essence": 170.90024578125656,
	"Ultimate Health Potion": 155.83862300499388,
	"Scythe": 140.4741641337386,
	"Great Spirit Potion": 101.55730920963506,
	"Axe": 96.0554329491592,
	"Werehyaena Nose": 87.33549783549783,
	"Knife": 81.65590803279473,
	"Mystical Hourglass": 73.88145896656535,
	"White Mushroom": 70.8511623361608,
	"Magic Light Wand": 69.93740207976491,
	"Halberd": 68.69228773636739,
	"Short Sword": 58.15765303759126,
	"Red Crystal Fragment": 56.86046433733906,
	"Crystal Sword": 56.438859758548524,
	"Lion's Mane": 51.857636114731505,
	"Ice Rapier": 51.13824809128971,
	"Pirate Coin": 49.23491439788925,
	"Cyclops Toe": 47.76990373843094,
	"Dark Shield": 46.21555961038303,
	"Worm": 40.199057070800585,
	"Bolt": 39.71600705523296,
	"Soul Orb": 39.377007975059215,
	"Slightly Rusted Armor": 36.775075987841944,
	"Pirat's Tail": 34.83980643679834,
	"Combat Knife": 34.65861054250928,
	"Red Gem": 34.526806526806524,
	"Yellow Gem": 33.36095885436286,
	"Dark Armor": 32.05293417922284,
	"Bone": 31.805794424224654,
	"Leather Boots": 31.529334796644882,
	"Life Preserver": 30.827505827505828,
	"Small Enchanted Amethyst": 28.92708601799511,
	"Plate Shield": 25.209340777621883,
	"Leather Helmet": 22.68884929090482,
	"Lump of Dirt": 21.50837823184575,
	"Green Crystal Fragment": 20.70301672437595,
	"Tainted Glooth Capsule": 20.1543473716473,
	"Small Amethyst": 19.922807865673963,
	"Battle Shield": 19.40627465573811,
	"Knight Axe": 19.132255151465397,
	"Rapier": 19.018444895417446,
	"Orichalcum Pearl": 18.884498480243163,
	"Crowbar": 18.80797964042361,
	"Glooth Bag": 18.68643750035975,
	"Ratana": 18.496503496503497,
	"Beetroot": 17.902670957105208,
	"Terra Boots": 17.399075924998865,
	"Arrow": 16.933430308903983,
	"Underworld Rod": 16.363146864113983,
	"Green Crystal Splinter": 16.25,
	"Wand of Starstorm": 16.01047834700337,
	"Shark Fins": 15.824644938839175,
	"Cheese": 15.550941058151649,
	"Small Enchanted Sapphire": 14.274533771372646,
	"Heavy Old Tome": 13.988232264877398,
	"Ankh": 13.160299762383476,
	"Wand of Inferno": 13.053554779093513,
	"Grappling Hook": 12.87051724137931,
	"Mace": 12.840496787996122,
	"Soldier Helmet": 12.425038149784973,
	"Black Pearl": 12.357823522443676,
	"Essence of a Bad Dream": 12.040570092993198,
	"Small Enchanted Emerald": 12.031632653061223,
	"Torch": 11.953630290900653,
	"Knight Armor": 11.868483704129382,
	"Nightmare Blade": 11.595744680851064,
	"Shovel": 10.55508006082291,
	"Doublet": 10.543128062577786,
	"Blank Rune": 10.456561477831587,
	"Brown Crystal Splinter": 10.446428571428571,
	"Wand of Voodoo": 9.60920283308998,
	"Ivory Carving": 9.59894384361867,
	"Chain Armor": 9.440657600138824,
	"Sword Ring": 9.43670425191056,
	"Small Pitchfork": 9.310843373493976,
	"Sword": 8.593619094403849,
	"Serpent Sword": 8.510327179674649,
	"Silver Brooch": 8.313463762310214,
	"Focus Cape": 8.195128272350464,
	"Warwolf Fur": 8.174634926985396,
	"Scroll": 7.923307889881706,
	"Glooth Capsule": 7.718747340151637,
	"Terramite Legs": 7.637641759618332,
	"Scythe Leg": 7.62017530687238,
	"Small Enchanted Ruby": 7.529302985562123,
	"Battle Axe": 7.0069775128353635,
	"Hailstorm Rod": 6.975147443511455,
	"Battle Hammer": 6.896338792836416,
	"War Hammer": 6.814954228036001,
	"Studded Armor": 6.585973585403774,
	"Brown Mushroom": 6.4792007852690485,
	"Glooth Steak": 6.40359995322628,
	"Small Diamond": 6.378915737878521,
	"Spear": 6.303499980697534,
	"Glooth Sandwich": 6.213294977726365,
	"Twin Hooks": 6.199103808812546,
	"Studded Helmet": 6.182748421704751,
	"Mouldy Powder": 6.079533404029692,
	"Springsprout Rod": 6.046551724137932,
	"Plum": 6.013210954701764,
	"Protection Amulet": 5.913533834586466,
	"Steel Helmet": 5.7772789819671475,
	"Grapes": 5.708709855330703,
	"Melon": 5.670658032775025,
	"Poison Arrow": 5.633628385102675,
	"Moonlight Crystals": 5.47115829889116,
	"Magma Boots": 5.441288799942593,
	"Glacier Kilt": 5.300911854103344,
	"Leather Legs": 5.2720689909546365,
	"Werebadger Claws": 5.073039982130891,
	"Hand Axe": 5.056624722427831,
	"Pelvis Bone": 5.026366444732208,
	"Strong Health Potion": 5.012235701757434,
	"White Pearl": 4.883933467373423,
	"Fox Paw": 4.857395329265727,
	"Elvish Talisman": 4.850293878654865,
	"Dragon Ham": 4.748629498851335,
	"Werebadger Skull": 4.742684833593925,
	"Black Shield": 4.655892850819936,
	"Health Potion": 4.455486563969827,
	"Troll Green": 4.441527539763853,
	"Wereboar Hooves": 4.326234707748074,
	"Scale Armor": 4.293692520213581,
	"Wereboar Tusks": 4.25011327594019,
	"Piercing Bolt": 4.024455498523554,
	"Mana Potion": 4.013811712224889,
	"Rare Earth": 3.9855699855699855,
	"Strong Mana Potion": 3.8305831985630032,
	"Terramite Shell": 3.8019429896453847,
	"Werehyaena Talisman": 3.699300699300699,
	"Bread": 3.617407661975907,
	"Rotten Piece of Cloth": 3.533152246515563,
	"Crossbow": 3.51776956674264,
	"Wolf Paw": 3.4767034367346814,
	"Werebear Fur": 3.460979659609797,
	"Longsword": 3.4006460285263653,
	"Throwing Star": 3.372748085872992,
	"Death Ring": 3.343868967525769,
	"Ring of Blue Plasma": 3.325556733828208,
	"Lightning Headband": 3.246207274721258,
	"Werebear Skull": 3.246160232461602,
	"Elven Scouting Glass": 3.2310890501039413,
	"Rainbow Quartz": 3.2196669310071373,
	"Viking Helmet": 3.2152817939008993,
	"Small Topaz": 3.1902698492920285,
	"Dwarven Shield": 3.190015656275392,
	"Coal": 3.1085490667193207,
	"Fish": 3.0894270536039676,
	"Demonic Skeletal Hand": 2.9937947255166892,
	"Glorious Axe": 2.960943695479778,
	"Studded Shield": 2.9593274255850943,
	"Werewolf Fangs": 2.9480667565046126,
	"Orc Leather": 2.932341312195312,
	"Green Crystal Shard": 2.8836445108289768,
	"Spirit Cloak": 2.7884615384615388,
	"Skullcracker Armor": 2.650455927051672,
	"Wolf Tooth Chain": 2.582593560719188,
	"Small Emerald": 2.5822814834754357,
	"Terramite Eggs": 2.5468622982715656,
	"Hatchet": 2.5316799151614986,
	"Glooth Spear": 2.521462092929615,
	"Glooth Axe": 2.517044886942958,
	"Glooth Club": 2.5131045031748487,
	"Voluminous Piece of Cloth": 2.509188924283264,
	"Glooth Blade": 2.505317665676132,
	"Onyx Chip": 2.5009912767644726,
	"Glob of Acid Slime": 2.4992784992784993,
	"Broken Helmet": 2.4882535184606063,
	"Spiked Squelcher": 2.480760402966855,
	"Wood Cape": 2.468186638388123,
	"Glooth Amulet": 2.4676408447458167,
	"Ludicrous Piece of Cloth": 2.4503798088703745,
	"Sabre": 2.4294478527607364,
	"Ominous Piece of Cloth": 2.371967654986523,
	"Lightning Boots": 2.366349021242929,
	"Luminous Piece of Cloth": 2.3621661357510413,
	"Cyan Crystal Fragment": 2.352686725787345,
	"Bow": 2.346240182902889,
	"Badger Fur": 2.324272465622002,
	"Obvious Piece of Cloth": 2.2641509433962264,
	"Wooden Shield": 2.1991240166102335,
	"Shadow Herb": 2.179391720482113,
	"Rope": 2.1361954108068097,
	"Werefox Tail": 2.1224489795918364,
	"Dubious Piece of Cloth": 2.068120558686596,
	"Elven Astral Observer": 2.028795716818001,
	"Stonerefiner's Skull": 2.005772005772006,
	"Werewolf Fur": 1.9643412459832073,
	"Titan Axe": 1.9547977795400477,
	"Poisonous Slime": 1.9499759499759501,
	"Green Tunic": 1.8971168107658358,
	"Giant Shimmering Pearl (Green)": 1.8700295903164967,
	"Dark Helmet": 1.8267804451601086,
	"Carrion Worm Fang": 1.7980225414004964,
	"Coral Brooch": 1.7535685963521015,
	"Double Axe": 1.7258761426510665,
	"Brass Shield": 1.721803945186112,
	"Rubber Cap": 1.7131042497177003,
	"Scimitar": 1.7056201679467973,
	"Heavy Machete": 1.6698672691330134,
	"Crown Helmet": 1.6695427769290858,
	"Terra Hood": 1.6447580790195475,
	"Morning Star": 1.6059433469740976,
	"Rusted Armor": 1.5953146055768632,
	"Studded Club": 1.5303957405306416,
	"Old Rag": 1.5103617276132384,
	"Terra Mantle": 1.5079488015437306,
	"Magma Legs": 1.491500639736794,
	"Half-Digested Stones": 1.4708994708994707,