{
	"Gold Coin": 3964.830852365084,
	"Meat": 417.9724240148581,
	"Fish": 238.28791697727146,
	"Skull": 230.91699056559162,
	"Dagger": 202.245169222032,
	"Platinum Coin": 201.0615220770778,
	"Banana": 192.99436143872862,
	"Ham": 149.12008230494237,
	"Spear": 146.2775894034106,
	"Small Stone": 110.96263932864579,
	"Dragon Ham": 93.67387553203112,
	"Scroll": 87.20479706717575,
	"Brown Bread": 69.41154138192863,
	"Torch": 68.79059131163896,
	"Bolt": 66.24107780952829,
	"Arrow": 60.538507606983806,
	"Bone": 57.098573469293775,
	"Sabre": 55.21041267800495,
	"Orange": 54.55029120452386,
	"Cheese": 53.23687322755818,
	"Leather Boots": 47.27275600240426,
	"Crossbow": 47.23011029578906,
	"Mouldy Cheese": 41.297788396956456,
	"Worm": 41.128460146370784,
	"Red Rose": 38.886995034223595,
	"Grapes": 38.547342638572005,
	"Great Health Potion": 32.9761989921808,
	"Chain Armor": 32.54981771899433,
	"Girlish Hair Decoration": 32.217308059895046,
	"Short Sword": 30.793250616748647,
	"Wolf Tooth Chain": 27.44249739302057,
	"Bow": 25.833378011835837,
	"Leather Armor": 23.99395520972008,
	"Kongra's Shoulderpad": 23.680106657669185,
	"Gloom Wolf Fur": 22.595378341640235,
	"Sniper Arrow": 22.00691182391625,
	"Plate Armor": 21.884197926340143,
	"Scroll of Heroic Deeds": 20.875994196444623,
	"Mutated Flesh": 20.348018906459707,
	"Tarantula Egg": 18.936786749186133,
	"Small Axe": 18.620756798878496,
	"Cookie": 18.57213232290831,
	"Leather Helmet": 18.427005501434707,
	"Plate Shield": 18.301363330994604,
	"Protective Charm": 17.18734416631553,
	"Scale Armor": 16.49844934776245,
	"Halberd": 16.404031337322984,
	"Strong Health Potion": 15.68262894941753,
	"Hunting Spear": 15.507232188739142,
	"Two Handed Sword": 15.454413346547495,
	"Green Tunic": 15.42635346866734,
	"Banana Sash": 15.066191598434404,
	"Poison Arrow": 14.45380131495605,
	"White Mushroom": 14.148243690426588,
	"Bone Club": 13.508554763571901,
	"Wedding Ring": 13.142385348166972,
	"Dark Mushroom": 12.988140952505134,
	"Rope Belt": 12.938676642512178,
	"Steel Shield": 12.229993431209259,
	"Hand Axe": 12.058105107327904,
	"Small Emerald": 11.600798014297348,
	"Red Apple": 11.419506258692628,
	"Rope": 11.397149885216372,
	"Strong Mana Potion": 11.129346252654127,
	"Burst Arrow": 10.974794842324245,
	"Glob of Mercury": 10.561014263074485,
	"Swamp Grass": 10.464918759231905,
	"Fishbone": 10.268249985411684,
	"Small Diamond": 10.262648650243682,
	"Sword": 9.979969283570895,
	"Plate Legs": 9.926228615492652,
	"Scarf": 9.888063904225376,
	"Steel Helmet": 9.860249927953994,
	"Spider Fangs": 9.609729164356336,
	"Wolf Paw": 9.445697005902433,
	"Red Gem": 9.415754407601018,
	"Small Amethyst": 9.142567776542052,
	"Flask of Embalming Fluid": 8.833714867099072,
	"Swampling Moss": 8.777736581535844,
	"Strange Talisman": 8.686965949853546,
	"Small Ruby": 8.513542505692524,
	"Dragon's Tail": 8.250556580268801,
	"Wyrm Scale": 8.237729967605892,
	"Medicine Pouch": 8.198670605612998,
	"Brass Legs": 8.089590099122741,
	"Magic Light Wand": 8.080300575574816,
	"Bony Tail": 7.960594902204581,
	"Lamassu Horn": 7.960374639769452,
	"Orc Leather": 7.889711781631846,
	"Gauze Bandage": 7.308239539615922,
	"Red Piece of Cloth": 7.226651151377347,
	"Throwing Star": 7.1906765019151715,
	"Longsword": 7.059678424991124,
	"Wood": 6.974519940915806,
	"Piece of Crocodile Leather": 6.811398018289449,
	"Mace": 6.640107811082844,
	"Piece of Swampling Wood": 6.570587337244553,
	"Carniphila Seeds": 6.525951038237116,
	"Cleaver": 6.480050061086445,
	"Shrimp": 6.456517051558618,
	"War Hammer": 6.422573691233126,
	"Heavy Old Tome": 6.356849342973446,
	"Violet Crystal Shard": 6.351585014409222,
	"Rotten Piece of Cloth": 6.330231108340384,
	"Red Crystal Fragment": 6.3097982708933715,
	"Ape Fur": 6.214433663942914,
	"Blue Crystal Shard": 6.079971181556195,
	"Witch Broom": 5.881097745269903,
	"Centipede Leg": 5.800245201657225,
	"Health Potion": 5.482525390451245,
	"Axe": 5.431339666600696,
	"Cyclops Toe": 5.315136476426799,
	"Star Herb": 5.301547482318806,
	"Protection Amulet": 5.258159047822922,
	"Broken Helmet": 5.188023963967075,
	"Stone Herb": 5.181781075175874,
	"Throwing Knife": 5.114641829603082,
	"Coconut": 5.078545375468285,
	"Mantassin Tail": 4.966087085479769,
	"Small Notebook": 4.9595757294362635,
	"Corncob": 4.845867625608555,
	"Scimitar": 4.710802166307567,
	"Lamassu Hoof": 4.7010086455331415,
	"Terra Amulet": 4.7010086455331415,
	"Cape": 4.504710563000979,
	"Brass Armor": 4.371532180534444,
	"Green Mushroom": 4.25129507710704,
	"Shadow Herb": 4.178525564466022,
	"Sphinx Feather": 4.120175129585828,
	"Mutated Rat Tail": 4.0924872145789815,
	"Quara Tentacle": 3.994618927428588,
	"Terra Hood": 3.886167146974063,
	"Small Sapphire": 3.855381082615055,
	"Troll Green": 3.6661742983751844,
	"Opal": 3.572766570605187,
	"Honeycomb": 3.5540837872246414,
	"Brass Helmet": 3.4424453701894606,
	"Quara Pincers": 3.3782117704824994,
	"Wooden Shield": 3.3646716205926066,
	"Sphinx Tiara": 3.325449146998138,
	"Magma Amulet": 3.3226309697549192,
	"Piece of Scarab Shell": 3.318669661799576,
	"Blue Gem": 3.3170912761954376,
	"Dead Snake": 3.3019233430192334,
	"Studded Club": 3.2677885438404504,
	"Swampling Club": 3.2656212514448977,
	"Glob of Acid Slime": 3.2536824877250408,
	"Melon": 3.2366784180936365,
	"Heavily Rusted Armor": 3.1244923721651974,
	"Leather Legs": 3.106519164950366,
	"Morning Star": 3.058850689892707,
	"Broken Shamanic Staff": 3.0555555555555554,
	"Book of Necromantic Rituals": 3.033688807087822,
	"Green Gem": 3.009813295757637,
	"Lyre": 2.9991947389612132,
	"Poison Dagger": 2.921008295194215,
	"Silver Brooch": 2.8658511382424012,
	"White Pearl": 2.847244783808807,
	"Double Axe": 2.769003863959139,
	"Quara Bone": 2.690698995818765,
	"Crown Armor": 2.6426220800604296,
	"Royal Spear": 2.6302220273762975,
	"Incantation Notes": 2.621664050235479,
	"Lancet": 2.621664050235479,
	"Earth Arrow": 2.6187991817030536,
	"Lump of Earth": 2.5938930801952655,
	"Blood Tincture in a Vial": 2.5525902668759812,
	"Orcish Gear": 2.4714743713546294,
	"Cultish Robe": 2.459762469970643,
	"Cobra Tongue": 2.4393329499712477,
	"Bone Shield": 2.3988288094535197,
	"Orc Tooth": 2.3933047762544013,
	"Battle Shield": 2.363398576034376,
	"Garlic Necklace": 2.335910749019863,
	"Brass Shield": 2.3102146620307584,
	"Sickle": 2.3039351991779,
	"Onyx Chip": 2.298270893371758,
	"Shamanic Hood": 2.251984126984127,
	"Carrot": 2.243140767218299,
	"Might Ring": 2.23124255852831,
	"Quara Eye": 2.2311607913040064,
	"Crown Legs": 2.2244587100606643,
	"Ghoul Snack": 2.209645099523534,
	"Music Sheet (First Verse)": 2.135113268608414,
	"Broken Gladiator Shield": 2.130155329405463,
	"Belted Cape": 2.1238809396281275,
	"Chicken Feather": 2.1006880349051853,
	"Blank Rune": 2.0724385047155125,
	"Lizard Leather": 2.0691560581433723,
	"Bread": 2.0540952204282785,
	"Rainbow Quartz": 2.0475504322766573,
	"Cherry": 2.046418311978478,
	"Mana Potion": 2.0293173232321973,
	"Fire Sword": 2.0243484204321724,
	"Green Crystal Fragment": 2.005763688760807,
	"Lizard Scale": 2.00258725751423,
	"Magma Boots": 1.991515576218489,
	"Lightning Headband": 1.962499627983943,
	"Crown Helmet": 1.8615730904432186,
	"Spider Silk": 1.840874562388533,
	"Great Mana Potion": 1.8406377108427372,
	"Green Crystal Splinter": 1.8177233429394815,
	"Horoscope": 1.7739403453689166,
	"Lightning Pendant": 1.7495962344137594,
	"Knight Legs": 1.7453659313399874,
	"Black Pearl": 1.7091751008240925,
	"Broken Crossbow": 1.6835061326827947,
	"Broadsword": 1.5989760969810543,
	"Book (Orange)": 1.5647136920667202,
	"Spellbook": 1.5237424955036407,
	"Wand of Decay": 1.4720047240906324,
	"Crystal Ring": 1.4216289102899666,
	"Minotaur Horn": 1.4092311640851563,
	"Battle Axe": 1.401617220507728,
	"Haunch of Boar": 1.3986321446018564,
	"Wand of Starstorm": 1.3816191524139452,
	"Piercing Bolt": 1.3793188638752307,
	"Warwolf Fur": 1.367683100598461,
	"Hatchet": 1.3647700597483818,
	"Fish Fin": 1.3606673909331521,
	"Studded Armor": 1.337942424770047,