{
	"Gold Coin": 2605.712643564369,
	"Platinum Coin": 332.3443409176971,
	"Fish": 270.57793294434657,
	"Meat": 117.35212971904417,
	"Strong Health Potion": 77.921867230641,
	"Strong Mana Potion": 75.28575832019875,
	"Bone": 42.7516494614252,
	"Torch": 41.28024423203152,
	"Spear": 40.94312905865573,
	"Bolt": 36.55167915780795,
	"Small Emerald": 36.05737083039896,
	"Worm": 33.8549342370155,
	"Tarantula Egg": 31.09619718813723,
	"White Mushroom": 24.63129107668649,
	"Ham": 24.29615232607827,
	"Scroll": 24.264974666944234,
	"Small Diamond": 23.73790734711161,
	"Leather Boots": 20.716947089737054,
	"Candlestick": 20.40661851756554,
	"Chain Armor": 20.309328241950073,
	"Mantassin Tail": 20.05106668293913,
	"Quara Eye": 18.337413561691985,
	"Arrow": 18.209487492642463,
	"Shrimp": 17.95998304904588,
	"Quara Pincers": 17.662753145154973,
	"Wild Flowers": 17.251823899371068,
	"Glob of Glooth": 16.105574476123245,
	"Mouldy Cheese": 15.447668275907974,
	"Spider Fangs": 15.292437952874407,
	"Crossbow": 14.1669696236492,
	"Dandelion Seeds": 14.096100628930818,
	"Red Rose": 13.82791746924803,
	"Skull": 13.2427590087989,
	"Compass": 11.852452509414487,
	"Great Health Potion": 11.43457084521114,
	"Grapes": 11.053177401792286,
	"Dragon Ham": 10.920949703763702,
	"Plate Armor": 10.847787257205798,
	"Brass Legs": 10.694749360839232,
	"Halberd": 10.341077397188414,
	"Small Ruby": 10.299078109849777,
	"Plate Shield": 10.230055799960127,
	"Fresh Fruit": 9.386666666666667,
	"Colourful Snail Shell": 9.306163522012579,
	"Leaf Star": 8.727298850574712,
	"Red Gem": 8.565200391767437,
	"Life Ring": 7.988059647205774,
	"Small Sapphire": 7.8919883012474,
	"Energy Ring": 7.734261951822402,
	"Bow": 7.6392195502187805,
	"Lamassu Horn": 7.274135446685879,
	"Rainbow Trout": 7.254863257813998,
	"White Pearl": 7.183020244973237,
	"Green Perch": 7.161288869261891,
	"Hatchet": 6.885728447468825,
	"Throwing Knife": 6.774787143769927,
	"Rotten Piece of Cloth": 6.7718751391548295,
	"Sabre": 6.451834989566591,
	"Black Pearl": 6.323241041867864,
	"Throwing Star": 6.236951060730211,
	"Sniper Arrow": 6.106629982552677,
	"Shadow Herb": 5.988474218770227,
	"Mace": 5.941043094501099,
	"Dagger": 5.886226702081773,
	"Demonic Skeletal Hand": 5.86783766201271,
	"Fish Fin": 5.828747403381672,
	"Violet Crystal Shard": 5.804034582132565,
	"Lump of Dirt": 5.802260174172342,
	"Red Crystal Fragment": 5.7658501440922185,
	"Star Herb": 5.656303218941146,
	"Great Mana Potion": 5.604371604731574,
	"Blue Crystal Shard": 5.555835734870317,
	"Small Amethyst": 5.534477862297775,
	"Sphinx Feather": 5.518091691409591,
	"Cheese": 5.223204545478824,
	"Pelvis Bone": 5.20347530270549,
	"Morning Star": 5.153926161619165,
	"Small Topaz": 5.071811342274499,
	"Health Potion": 5.059706017902151,
	"Slime Heart": 5.04924965893588,
	"Magic Light Wand": 4.903534634387471,
	"Rainbow Quartz": 4.80135192938575,
	"Swamp Grass": 4.647655096011817,
	"Sphinx Tiara": 4.453726536158221,
	"Magma Amulet": 4.4499521916360525,
	"Cape": 4.4042625981910986,
	"Orc Leather": 4.39068103666353,
	"Viking Helmet": 4.369983292375868,
	"Poisoned Fang": 4.332742155525239,
	"Lamassu Hoof": 4.295749279538906,
	"Terra Amulet": 4.295749279538906,
	"Green Tunic": 4.292835847315365,
	"Sword": 4.2104737213325505,
	"Green Gem": 4.184031934279302,
	"Battle Shield": 4.043005942738174,
	"Blue Gem": 4.033594095460388,
	"Orcish Gear": 4.016145853451273,
	"Heavy Old Tome": 4.014674725786653,
	"Mutated Flesh": 3.98980762871759,
	"Leather Helmet": 3.8097673917443933,
	"Scroll of Heroic Deeds": 3.6992390858635105,
	"Hand Axe": 3.695225758697261,
	"Medicine Pouch": 3.6411742983751845,
	"Terra Hood": 3.5511527377521612,
	"Scale Armor": 3.500034535746229,
	"Two Handed Sword": 3.4980079846070966,
	"Steel Helmet": 3.353705775923771,
	"Rope Belt": 3.327234465490702,
	"Soldier Helmet": 3.313343506609326,
	"Cookie": 3.2830949023225937,
	"Opal": 3.264769452449568,
	"Blank Rune": 3.263603453105139,
	"Wedding Ring": 3.246433516484041,
	"Studded Helmet": 3.201631108104894,
	"Axe": 3.2012478123383707,
	"Rope": 3.200925156597068,
	"Wood": 3.097507385524372,
	"Worn Leather Boots": 3.0659340659340657,
	"Battle Axe": 2.9362319984660634,
	"Broken Helmet": 2.933979660813171,
	"Combat Knife": 2.8847081853774013,
	"Hunting Spear": 2.869754213262266,
	"Shovel": 2.832067593584664,
	"Glob of Mercury": 2.8288431061806656,
	"Studded Legs": 2.793759141882009,
	"Leather Legs": 2.7725898602894086,
	"Silver Amulet": 2.7111935111917624,
	"Small Stone": 2.708471868094477,
	"Magma Boots": 2.6608979421025007,
	"Obsidian Lance": 2.6570888186333255,
	"Quara Tentacle": 2.6011379470506273,
	"Mana Potion": 2.5268707965122816,
	"Glooth Spear": 2.5238037512344498,
	"Brass Shield": 2.4660247907114603,
	"Ghoul Snack": 2.3638063855368037,
	"Studded Armor": 2.311493374885413,
	"Lightning Headband": 2.3018600729710266,
	"Bony Tail": 2.288671034383817,
	"Green Mushroom": 2.263316178821084,
	"Longsword": 2.2157559354632315,
	"Battle Hammer": 2.211130181076324,
	"Small Enchanted Amethyst": 2.1177726830213963,
	"Onyx Chip": 2.10014409221902,
	"Viper Star": 2.0750341064120055,
	"Brown Bread": 2.067577828397874,
	"Fishbone": 2.013382350080722,
	"Bone Club": 1.9754125995197496,
	"Piercing Bolt": 1.9265458614752247,
	"Scarf": 1.91106486474385,
	"Stealth Ring": 1.9073593213992568,
	"Voluminous Piece of Cloth": 1.8818916932124479,
	"Orc Tooth": 1.8413593125064225,
	"Copper Shield": 1.8395061314026029,
	"Ludicrous Piece of Cloth": 1.837784856652781,
	"Green Crystal Fragment": 1.8328530259365996,
	"Lightning Pendant": 1.792813648029792,
	"Ominous Piece of Cloth": 1.7789757412398923,
	"Cultish Robe": 1.7787843274321669,
	"Luminous Piece of Cloth": 1.771624601813281,
	"Steel Shield": 1.769199465033504,
	"Simple Dress": 1.766284206949007,
	"Corncob": 1.7373707755133578,
	"Pick": 1.7257886066924002,
	"Glob of Acid Slime": 1.7225377876191392,
	"Ring of Healing": 1.710868142105409,
	"Obvious Piece of Cloth": 1.6981132075471697,
	"Troll Green": 1.6793630269795168,
	"Green Crystal Splinter": 1.6610230547550433,
	"Iron Helmet": 1.6580176483344178,
	"Soul Orb": 1.64442806241553,
	"Broken Shamanic Staff": 1.6296296296296295,
	"Poison Spider Shell": 1.6235266494482274,
	"Girlish Hair Decoration": 1.5913988782614847,
	"Wand of Defiance": 1.5814503547883851,
	"Small Axe": 1.5771527162932188,
	"Dubious Piece of Cloth": 1.5510904190149473,
	"Assassin Star": 1.5502651419542524,
	"Magma Monocle": 1.5059634643450255,
	"Wand of Starstorm": 1.5059634643450255,
	"War Hammer": 1.4695138828367043,
	"Scorpion Tail": 1.467204124944806,
	"Flask of Demonic Blood": 1.4532497849858705,
	"Short Sword": 1.4458723326238243,
	"Swampling Moss": 1.3964580925170662,
	"Hair of a Banshee": 1.3915492046024631,
	"Strange Talisman": 1.3889652770283865,
	"Poisonous Slime": 1.3773416031221704,
	"Wooden Shield": 1.370725209453841,
	"Red Piece of Cloth": 1.3672350640207058,
	"Wand of Cosmic Energy": 1.35513483004364,
	"Life Crystal": 1.3544554711109615,
	"Letter": 1.3529614240405183,
	"Studded Club": 1.3247506510359508,
	"Royal Spear": 1.2287544859839528,
	"Shamanic Hood": 1.2010582010582012,
	"Petrified Scream": 1.1967051284126033,
	"Fir Cone": 1.194655821564173,
	"Wolf Tooth Chain": 1.1559953559534992,
	"Red Apple": 1.1343880389429764,
	"Lyre": 1.102753361458994,
	"Violet Gem": 1.0952510264331408,
	"Quara Bone": 1.081378476420798,
	"Wyvern Talisman": 1.0812667560321716,
	"Treasure Map (Pirate)": 1.0790158340560263,
	"Broken Crossbow": 1.0713220844345057,
	"Elven Amulet": 1.0515275245172575,
	"Piece of Swampling Wood": 1.0453207127434516,
	"Glooth Axe": 1.0452647653826095,
	"Centipede Leg": 1.0175868774837236,
	"Witch Broom": 0.996796228011848,
	"Sacred Tree Amulet": 0.9927953890489913,
	"Glooth Club": 0.9845453704596588,
	"Brass Armor": 0.974810778705796,
	"Dowser": 0.9745341318887318,
	"Flask of Embalming Fluid": 0.9680783415998983,
	"Leather Armor": 0.9461400246639587,
	"Swampling Club": 0.9305430926749754,
	"Poison Arrow": 0.9271791826455629,