{
	"Gold Coin": 4130.778864438071,
	"Platinum Coin": 1123.685007454965,
	"Meat": 319.80294161215824,
	"Ham": 225.83177092324942,
	"Worm": 206.88022228513188,
	"Great Health Potion": 177.23992982860722,
	"Bone": 172.68587693574278,
	"Flask of Demonic Blood": 150.83070919526224,
	"Great Mana Potion": 126.44300874404028,
	"Soul Orb": 122.27924215867303,
	"Golden Lotus Brooch": 106.82170108133609,
	"Fairy Wings": 106.22094230618532,
	"White Mushroom": 99.02043123177518,
	"Demonic Essence": 98.49299315863831,
	"Peacock Feather Fan": 91.0126236069323,
	"Dragon Ham": 80.85342974338008,
	"Bolt": 73.94984306206517,
	"Skull": 73.83587864211731,
	"Piece of Crocodile Leather": 71.31934395620716,
	"Fish": 69.70196935759228,
	"Assassin Star": 56.98089391988467,
	"Frazzle Tongue": 56.3360023340249,
	"Rope Belt": 55.15425967150927,
	"Frazzle Skin": 49.21019190871369,
	"Remains of a Fish": 47.40145228215768,
	"Cultish Robe": 45.5677931962977,
	"Rotten Piece of Cloth": 44.01718840450639,
	"Arrow": 41.323175251986626,
	"Short Sword": 40.637163386365856,
	"Small Ruby": 40.196809166780135,
	"Small Diamond": 39.29325171100671,
	"Small Stone": 36.348004114613566,
	"Morning Star": 34.798173498640686,
	"Ice Rapier": 32.826732674394705,
	"Poison Arrow": 32.176180985011065,
	"Small Topaz": 30.359792777720898,
	"Pirate Coin": 30.1875117814215,
	"Small Emerald": 30.005638909269365,
	"Torch": 28.62424228082037,
	"Plate Shield": 27.368643152227705,
	"Mace": 26.704578211080126,
	"Big Bone": 25.431502852697093,
	"White Pearl": 24.854432967253636,
	"Fish Fin": 24.230873962655604,
	"Small Sapphire": 24.177266483712494,
	"Piece of Iron": 23.62276322614108,
	"Flaming Arrow": 23.028272110670876,
	"Pirat's Tail": 21.374982381767,
	"Crystal Sword": 21.0603398735736,
	"Grapes": 20.52947073055962,
	"Chain Armor": 20.39257853351328,
	"Small Axe": 20.28024012623798,
	"Axe": 19.966282477245258,
	"Hatchet": 19.828317892647533,
	"Hellspawn Tail": 19.52051100070972,
	"Cyclops Toe": 18.24689619853622,
	"Battle Shield": 18.240609895424956,
	"Crossbow": 17.894592284125974,
	"Cheese": 17.738654322761395,
	"Book of Necromantic Rituals": 17.725232621784347,
	"Lump of Dirt": 17.506819491037238,
	"Longsword": 17.308724604645384,
	"Steel Shield": 16.348340966789657,
	"Black Pearl": 16.064394097804318,
	"Silver Brooch": 15.82045506900002,
	"Soldier Helmet": 15.7383816563943,
	"Leather Helmet": 15.731953844211429,
	"Small Amethyst": 15.608116729277596,
	"Ghoul Snack": 15.364741505989224,
	"Leather Boots": 15.19851067644547,
	"Iron Ore": 13.880571519451479,
	"Bone Club": 13.853258584830078,
	"Heavy Old Tome": 13.844023966616167,
	"Shovel": 13.580367661585623,
	"Leather Legs": 13.525605393678962,
	"Wand of Inferno": 13.28750441894366,
	"Cultish Mask": 13.284199899040889,
	"Voluminous Piece of Cloth": 12.94323286776117,
	"Ludicrous Piece of Cloth": 12.639875847423017,
	"Ominous Piece of Cloth": 12.235399820305481,
	"Knight Axe": 12.205894425745013,
	"Luminous Piece of Cloth": 12.184840316915789,
	"Coal": 12.090987961678923,
	"Crowbar": 11.999014859206962,
	"Obvious Piece of Cloth": 11.679245283018867,
	"Shadow Herb": 11.22785213511791,
	"Silencer Claws": 11.082076879534812,
	"Mystic Turban": 11.007037924354677,
	"Sword": 10.955842497720534,
	"Dubious Piece of Cloth": 10.668055215225026,
	"Red Piece of Cloth": 10.52295081967213,
	"Necrotic Rod": 10.339280929803895,
	"Viking Helmet": 10.190620720586269,
	"Shark Fins": 10.09572284705689,
	"Ultimate Health Potion": 9.946323233684648,
	"Spear": 9.40074215981695,
	"Pelvis Bone": 9.298042517364765,
	"Bow": 9.28468317872708,
	"Focus Cape": 8.724679391850518,
	"Dragon's Tail": 8.667175326674782,
	"Blank Rune": 8.488779871942398,
	"Tribal Mask": 8.343434343434344,
	"Grappling Hook": 7.783965517241379,
	"Red Mushroom": 7.68360539389638,
	"Silver Amulet": 7.630893943338498,
	"Knight Armor": 7.571792135292669,
	"Small Pitchfork": 7.565060240963855,
	"Terra Boots": 7.501705227250524,
	"Pirate Voodoo Doll": 7.449123057451739,
	"Bony Tail": 7.3635502845392375,
	"Burst Arrow": 7.325445704651431,
	"Brass Shield": 7.238648060257572,
	"Elvish Talisman": 7.23365443700687,
	"Brass Helmet": 7.144409802037806,
	"Piercing Bolt": 7.048175582401706,
	"Book (Orange)": 7.030394934426189,
	"Cape": 6.903919694072658,
	"Studded Armor": 6.639465440647878,
	"Two Handed Sword": 6.591164886072327,
	"Small Flask of Eyedrops": 6.536239627418677,
	"Half-Digested Piece of Meat": 6.466971911137368,
	"Copper Shield": 6.111355013604031,
	"Pick": 6.091018611855531,
	"Plate Armor": 5.913394558701289,
	"Scale Armor": 5.552422771636564,
	"Leather Armor": 5.522930040999168,
	"Combat Knife": 5.417622689611217,
	"Roll": 5.320289861050124,
	"Scroll": 5.180624389538039,
	"Hand Axe": 5.056624722427831,
	"Battle Axe": 4.951550979212471,
	"Egg": 4.800799038227272,
	"Letter": 4.77515796720183,
	"Wand of Starstorm": 4.7539655172413795,
	"Dagger": 4.6685857207066865,
	"Spellbook": 4.6625758418452845,
	"Orange": 4.623913718187461,
	"Chicken Feather": 4.583319348884041,
	"Green Mushroom": 4.533900754222659,
	"Haunted Blade": 4.53104974502355,
	"Mysterious Fetish": 4.461202814742258,
	"Scarf": 4.109238442861289,
	"Dwarven Shield": 4.04068649794883,
	"Stealth Ring": 3.9193343257332516,
	"Minotaur Horn": 3.8279008125388687,
	"Springsprout Rod": 3.7987898016021133,
	"Halberd": 3.77190554464289,
	"Melon": 3.707737944506747,
	"Red Gem": 3.6974564181213423,
	"Yellow Gem": 3.6287304491961034,
	"Elder Bonelord Tentacle": 3.6061502069781195,
	"Clerical Mace": 3.5698063109107565,
	"Battle Hammer": 3.4828372836762895,
	"Mouldy Powder": 3.391304347826087,
	"Iron Helmet": 3.3051254912430825,
	"Ruby Necklace": 3.29344262295082,
	"Studded Helmet": 3.292584367006876,
	"Vampire Teeth": 3.2038321116236945,
	"Carrot": 3.1859445396409867,
	"Knight Legs": 3.162865186275511,
	"Brass Armor": 3.049265834811454,
	"Magma Boots": 3.028985507246377,
	"Oriental Shoes": 3.018518310228796,
	"Underworld Rod": 2.9986368717071974,
	"Pile of Grave Earth": 2.995725163646079,
	"Brown Piece of Cloth": 2.98241082958543,
	"Rope": 2.936393376798639,
	"Wand of Voodoo": 2.933111612610045,
	"Dragon Necklace": 2.895384965975106,
	"Bone Shield": 2.8894095190163016,
	"Steel Helmet": 2.8767727846734297,
	"Elven Scouting Glass": 2.827202918840949,
	"Rusted Armor": 2.7940383250532292,
	"Scorpion Tail": 2.7320352671386043,
	"Shadow Sceptre": 2.693253743631966,
	"Strong Mana Potion": 2.6725845610891255,
	"Glorious Axe": 2.6638192764884474,
	"Bone Sword": 2.6550360496323124,
	"Rotten Meat": 2.589292695853135,
	"Strong Health Potion": 2.553031219840154,
	"Broken Crossbow": 2.448736192993156,
	"Sniper Arrow": 2.445021461057917,
	"Health Potion": 2.444839968316498,
	"Mouldy Cheese": 2.416098454669392,
	"Wyvern Talisman": 2.4028150134048256,
	"Terra Legs": 2.384191838625019,
	"Bread": 2.3652280866765545,
	"Hunter's Quiver": 2.334264432029795,
	"Magma Coat": 2.2491803278688525,
	"Blue Gem": 2.224936966322676,
	"Earth Arrow": 2.2159069999025838,
	"Lump of Earth": 2.194832606319071,
	"Beetroot": 2.1223551436796777,
	"Throwing Star": 2.1127052208923325,
	"Diamond Sceptre": 2.1045644007615913,
	"Blood Preservation": 2.077095066934594,
	"Crystal Ring": 2.0663027248485313,
	"Stone Wing": 2.0400717703349285,
	"Blue Robe": 1.9932692771148668,
	"Goblin Ear": 1.9024268428341164,
	"Chain Helmet": 1.8613535320270047,
	"Ring of Blue Plasma": 1.855072463768116,
	"Plum": 1.8039632864105293,
	"Necromantic Robe": 1.8035638265523322,
	"Swampling Moss": 1.7954461189505138,
	"Warrior Helmet": 1.795248318910842,
	"Wooden Shield": 1.7917730848870796,
	"Double Axe": 1.7845736717949687,
	"Studded Legs": 1.7693807898586056,
	"Plate Legs": 1.757332243634359,
	"Boots of Haste": 1.7406537617187707,
	"Studded Club": 1.732886225694888,
	"Cultish Symbol": 1.729725631371492,
	"Music Sheet (Third Verse)": 1.718013895949839,
	"Amber Staff": 1.6973445238664104,
	"Potato": 1.686602870813397,
	"Nightmare Blade": 1.6528137966804979,
	"Life Ring": 1.6377795771005785,
	"Bloody Pincers": 1.5720294426919033,