{
	"Gold Coin": 2787.4946075655575,
	"Platinum Coin": 849.3478359095643,
	"Meat": 249.0686119534692,
	"Dragon Ham": 204.79605377557897,
	"Worm": 112.92065172398823,
	"Ham": 111.13311303461869,
	"Fairy Wings": 82.08784520940446,
	"Orc Leather": 78.01521493607437,
	"Rare Earth": 76.92150072150072,
	"Fish": 70.6919819713658,
	"Bone": 69.4296392013471,
	"Coal": 58.30983747835611,
	"Glob of Acid Slime": 48.236075036075036,
	"Great Mana Potion": 46.23365142721634,
	"Skull": 45.53568378940072,
	"Great Health Potion": 44.63397869326882,
	"Frazzle Tongue": 44.27236773858921,
	"Spear": 43.6001451051762,
	"Chain Armor": 40.85180444264178,
	"Stonerefiner's Skull": 38.711399711399714,
	"Frazzle Skin": 38.67245850622407,
	"Poisonous Slime": 37.63453583453583,
	"Remains of a Fish": 37.25103734439834,
	"Rat Cheese": 35.859993889170646,
	"Seacrest Scale": 29.292697407480706,
	"Half-Digested Stones": 28.388359788359786,
	"Warwolf Fur": 28.27891638173745,
	"Corncob": 27.540584186565496,
	"Wolf Tooth Chain": 26.71687747882784,
	"Broken Shamanic Staff": 24.13888888888889,
	"Strong Health Potion": 24.12279531138273,
	"Broken Helmet": 24.01877900607605,
	"Orcish Gear": 23.890918923094752,
	"Cheese": 22.963361531365045,
	"Orc Tooth": 21.91413485020409,
	"Mutated Flesh": 21.345470813639107,
	"Wyvern Talisman": 21.144772117962464,
	"Big Bone": 20.082886870371343,
	"Seacrest Hair": 19.923213932317434,
	"Strong Mana Potion": 19.472213288675643,
	"Orcish Axe": 19.414145473401373,
	"Fish Fin": 19.262397044219302,
	"Plate Shield": 19.119095600993443,
	"Piece of Iron": 18.5642505186722,
	"Halberd": 18.31232770437451,
	"Swampling Moss": 17.95446118950514,
	"Shamanic Hood": 17.790674603174605,
	"Small Sapphire": 17.13698293834769,
	"Heavy Old Tome": 17.047614423045985,
	"Dark Mushroom": 15.77700557420869,
	"Assassin Star": 15.32488054700394,
	"Soft Cheese": 14.836433453725737,
	"Shiver Arrow": 14.768256481298238,
	"Battle Axe": 14.761166859758115,
	"Piece of Swampling Wood": 13.439837735272949,
	"Short Sword": 13.343237191058472,
	"Studded Helmet": 13.313999322657377,
	"Hunting Spear": 12.709908256387811,
	"Studded Legs": 12.57191613846904,
	"Sea Serpent Scale": 12.297648992706387,
	"Seacrest Pearl": 11.842469819908963,
	"Lump of Dirt": 11.704559316864897,
	"Sword": 11.546869748915611,
	"Torch": 11.21804008862121,
	"Arrow": 11.187170682608077,
	"Fishbone": 10.771595572931863,
	"Mace": 10.48105945238939,
	"Tainted Glooth Capsule": 10.438594974623822,
	"Iron Ore": 10.366571576763485,
	"Scale Armor": 10.08468625957594,
	"Plate Legs": 9.82312164664415,
	"White Mushroom": 9.768018081148469,
	"Glooth Bag": 9.690498789780019,
	"Throwing Knife": 9.414122444599453,
	"Brown Mushroom": 9.337224866657904,
	"Bola": 8.931676128970865,
	"Earflap": 8.904228255125265,
	"Red Gem": 8.826647208831679,
	"Cyclops Toe": 8.746367213611286,
	"Voluminous Piece of Cloth": 8.447602711753655,
	"Cheese Cutter": 8.280335586393058,
	"Silencer Claws": 8.253434878814387,
	"Ludicrous Piece of Cloth": 8.249612023196928,
	"Ominous Piece of Cloth": 7.985624438454628,
	"Luminous Piece of Cloth": 7.952625990361839,
	"Carniphila Seeds": 7.92722886853343,
	"Obvious Piece of Cloth": 7.622641509433962,
	"Small Diamond": 7.611244723703831,
	"Lamassu Horn": 7.411383285302593,
	"Axe": 7.322292650376952,
	"Rope": 7.114251731495365,
	"Dubious Piece of Cloth": 6.962672547578207,
	"Leather Helmet": 6.743156025426478,
	"Swampling Club": 6.679679832500927,
	"Power Bolt": 6.314328391150418,
	"Soul Orb": 6.199881258658223,
	"White Pearl": 6.152512397798344,
	"Red Crystal Fragment": 6.089091983904664,
	"Violet Crystal Shard": 5.913544668587897,
	"Studded Armor": 5.847989093387866,
	"Hand Axe": 5.704149350477983,
	"Battle Shield": 5.673376419266766,
	"Blue Crystal Shard": 5.660662824207493,
	"Strange Talisman": 5.299945536947346,
	"Great Spirit Potion": 5.195806562558327,
	"Skull Belt": 5.162096361903547,
	"Sphinx Feather": 5.076644356096824,
	"Ultimate Health Potion": 4.966201983527838,
	"Leather Legs": 4.946603235593177,
	"Morning Star": 4.785318294781113,
	"Serpent Sword": 4.703583380150956,
	"Studded Shield": 4.640763462849352,
	"Terra Amulet": 4.636469592622363,
	"Glacier Kilt": 4.579562995374655,
	"Throwing Star": 4.5369595406095184,
	"Terra Hood": 4.470273984170471,
	"Lamassu Hoof": 4.376801152737753,
	"Small Emerald": 4.363236640644719,
	"Sphinx Tiara": 4.097428413265563,
	"Magma Amulet": 4.093956016305168,
	"Machete": 3.998659190638713,
	"Glooth Capsule": 3.997971588452296,
	"Green Gem": 3.938256144501152,
	"Black Pearl": 3.8303032002515427,
	"Giant Shimmering Pearl (Green)": 3.8285404611779166,
	"Sabre": 3.8098159509202456,
	"Blue Gem": 3.7977365390051134,
	"Leather Boots": 3.7793869226552115,
	"Deepling Scales": 3.7440714858517583,
	"Glacier Mask": 3.6572333267365917,
	"Bolt": 3.6045266653113774,
	"Sword Ring": 3.548264205612491,
	"Stealth Ring": 3.4952357838721198,
	"Brass Legs": 3.443734718694915,
	"Glacier Shoes": 3.3785869780328515,
	"Spirit Cloak": 3.360511981240382,
	"Opal": 3.3263688760806915,
	"Glooth Steak": 3.3163503471367735,
	"Haunted Blade": 3.2772603303658725,
	"Longsword": 3.2388623296933314,
	"Glooth Sandwich": 3.2181026309009533,
	"Health Potion": 3.179774721891119,
	"Heavily Rusted Armor": 3.1032559265543074,
	"Royal Spear": 3.0503713903867027,
	"Plate Armor": 2.9959424611168304,
	"Wooden Shield": 2.9589792556465655,
	"Grapes": 2.958160654253599,
	"Glacier Amulet": 2.8632528032190225,
	"Scimitar": 2.85636962570616,
	"Obsidian Lance": 2.5388429752066117,
	"Rotten Piece of Cloth": 2.502649507948524,
	"Magma Boots": 2.4953193398170077,
	"Terra Boots": 2.4893289410823156,
	"Bloody Pincers": 2.467501772630584,
	"Wood": 2.4604414261460104,
	"Scroll": 2.4379408891943712,
	"Terra Legs": 2.41419296183394,
	"Brass Helmet": 2.4077075783922073,
	"Wand of Decay": 2.312003968253968,
	"Pelvis Bone": 2.199536939591665,
	"Onyx Chip": 2.139769452449568,
	"Lightning Headband": 2.1077449549594887,
	"Shadow Herb": 2.0912105693479797,
	"Poison Arrow": 2.0408050813710186,
	"Shadow Sceptre": 2.0058148510266043,
	"Glorious Axe": 1.9838933772448928,
	"Lamp": 1.971493684576461,
	"Green Crystal Fragment": 1.9420272330935155,
	"Studded Club": 1.940138100995709,
	"Rainbow Quartz": 1.9063400576368876,
	"Viking Helmet": 1.8914848158983542,
	"Crest of the Deep Seas": 1.8808628537502472,
	"Wand of Defiance": 1.872903849460925,
	"Small Topaz": 1.8580001006298636,
	"Bow": 1.8368325638127414,
	"Knife": 1.8074231843098705,
	"Melon": 1.7548270489594155,
	"Mana Potion": 1.713659019522067,
	"Green Crystal Splinter": 1.692363112391931,
	"Lightning Pendant": 1.6493885561874086,
	"Blank Rune": 1.6307969379990843,
	"Elvish Talisman": 1.6191284333775906,
	"Diamond Sceptre": 1.5673853753923739,
	"Ring of Healing": 1.5439270377049656,
	"Wand of Draconia": 1.5325549178705717,
	"Flaming Arrow": 1.476171289145569,
	"Sling Herb": 1.4382131877200304,
	"Brass Shield": 1.3944222246164675,
	"Magma Monocle": 1.3854863871974235,
	"Wand of Starstorm": 1.3854863871974235,
	"Wand of Inferno": 1.3753351206434314,
	"Battle Hammer": 1.3516243259183294,
	"Hydra Head": 1.320481798139485,
	"Glooth Spear": 1.3059149218271324,
	"Glooth Axe": 1.3035382709931829,
	"Glooth Club": 1.3016055957831698,
	"Nightmare Blade": 1.2988848547717842,
	"Glooth Blade": 1.2975736735207857,
	"Glooth Amulet": 1.2779881891008777,
	"Roll": 1.2191926578997019,
	"Elven Amulet": 1.2148138560804227,
	"Life Preserver": 1.2128680346721525,
	"Beetroot": 1.2118244323632874,
	"Orange": 1.2049277950832715,
	"Ratana": 1.1985451486271508,
	"Hatchet": 1.1792605065600223,
	"Northwind Rod": 1.1787293290016854,
	"Quara Pincers": 1.1673360107095048,
	"Centipede Leg": 1.119345565232096,
	"Sai": 1.1150803941908713,
	"Bread": 1.1130485113772022,
	"Elven Scouting Glass": 1.1106868609732299,
	"Emerald Bangle": 1.0745400212082035,
	"Wolf Paw": 1.064120974881066,
	"Book (Grey)": 1.0580357142857142,
	"Boots of Haste": 1.0536196667631823,
	"Seeds": 1.0178283497368161,
	"Sacred Tree Amulet": 1.0115273775216138,