{
	"Gold Coin": 2156.8738778321044,
	"Platinum Coin": 1715.3274100231804,
	"Skull": 832.2933583122899,
	"Dagger": 829.6,
	"Brown Bread": 306.296886864085,
	"Meat": 300.6180816517444,
	"Rare Earth": 278.591341991342,
	"Sabre": 240.70683371298406,
	"Coal": 210.6305929700543,
	"Dragon Ham": 203.52885335156,
	"Glob of Acid Slime": 174.6995670995671,
	"Great Health Potion": 172.22773484965217,
	"Stonerefiner's Skull": 140.2034632034632,
	"Small Diamond": 136.6955664986751,
	"Poisonous Slime": 136.3033189033189,
	"Small Sapphire": 118.80045593496207,
	"Red Gem": 115.93751609212065,
	"Brown Crystal Splinter": 112.98557212287294,
	"Red Crystal Fragment": 103.20249138616485,
	"Half-Digested Stones": 102.81587301587301,
	"Girlish Hair Decoration": 102.08583902809416,
	"Plate Shield": 101.77875750081641,
	"Ham": 87.45701031985925,
	"Great Mana Potion": 84.52450947563528,
	"Rat Cheese": 73.13350031037572,
	"Flask of Demonic Blood": 70.50585639965074,
	"Axe": 66.22329669488663,
	"Mace": 65.10218537156722,
	"Yellow Gem": 59.530733227509984,
	"Protective Charm": 54.605884586180714,
	"Small Enchanted Ruby": 54.26131361341222,
	"Golden Idol of Tukh": 50.83845406294385,
	"Chain Armor": 49.59902219803432,
	"Halberd": 46.129303504500186,
	"White Mushroom": 44.46016369911971,
	"Brass Helmet": 40.52481490976637,
	"Werehyaena Nose": 38.12337662337662,
	"Knife": 36.64631921352252,
	"Wand of Inferno": 33.55467989613542,
	"Ice Rapier": 33.163907932007696,
	"Ultimate Health Potion": 32.72629465796276,
	"Pirate Coin": 31.002185994550107,
	"Wand of Draconia": 29.49233759437841,
	"Bone": 27.905928985548847,
	"Demonic Essence": 27.32114611625034,
	"Spear": 26.63994900878746,
	"Steel Shield": 26.229304956479066,
	"Sword": 25.512325029927734,
	"Crystal Sword": 23.957335701465183,
	"Torch": 23.518501454824953,
	"Red Ectoplasm": 21.949540255662704,
	"Pirat's Tail": 21.89438676709769,
	"Fish": 21.60909998248693,
	"Beetroot": 21.54479380237077,
	"Knight Axe": 20.051232408023502,
	"Essence of a Bad Dream": 19.91758580112716,
	"Strong Mana Potion": 19.888449841635158,
	"Terra Boots": 18.984121305704566,
	"Scythe": 18.439092822071547,
	"Small Enchanted Emerald": 18.357191448007775,
	"Dragon's Tail": 18.21034143509399,
	"Hatchet": 17.980998187223115,
	"Crossbow": 17.8708632173328,
	"Wooden Shield": 17.7052453725847,
	"Rapier": 16.04921122058903,
	"Burst Arrow": 15.613088798515461,
	"Combat Knife": 14.332288329898272,
	"Crowbar": 13.955895173256,
	"Prismatic Quartz": 13.803319129849742,
	"Life Preserver": 13.596061848609342,
	"Magma Coat": 13.57703520968827,
	"Frosty Heart": 13.537924978461131,
	"Small Enchanted Amethyst": 13.190747008928827,
	"Green Mushroom": 12.017360764294002,
	"Onyx Chip": 11.985257869518422,
	"Small Amethyst": 11.151413704968594,
	"Green Crystal Splinter": 11.035760879694342,
	"Rotten Piece of Cloth": 10.893886093422987,
	"Worm": 10.830556656881898,
	"Dark Shield": 10.686541348935606,
	"Minotaur Horn": 10.499656324013248,
	"Plate Armor": 10.29083725175101,
	"Steel Helmet": 10.192479246826917,
	"Shark Fins": 10.135785239307117,
	"Mystical Hourglass": 9.69791910217442,
	"Royal Spear": 9.278649687417616,
	"Great Spirit Potion": 9.252018958925277,
	"Ice Cube": 9.246762938596337,
	"Magic Light Wand": 9.132569558101473,
	"Terramite Legs": 8.835703212107482,
	"Terra Hood": 8.74354561101549,
	"Green Crystal Fragment": 8.68997668997669,
	"Book (Gemmed)": 8.552917653007286,
	"Twigs": 8.451623324180263,
	"Winter Wolf Fur": 8.4,
	"Leather Legs": 8.382362281644498,
	"Knight Armor": 8.293242290447694,
	"Ratana": 8.165748123554463,
	"Wand of Starstorm": 8.11816091954023,
	"Longsword": 8.117284099654881,
	"Strong Health Potion": 8.091400935685405,
	"Hexagonal Ruby": 7.995365179038648,
	"Pick": 7.901796004272837,
	"Short Sword": 7.642679900744416,
	"Grappling Hook": 7.629827586206896,
	"Hunting Spear": 7.2600511222636746,
	"Mino Shield": 7.125645438898451,
	"Copper Shield": 6.965652890123669,
	"Fox Paw": 6.801009888491479,
	"Brown Mushroom": 6.775151102378372,
	"Power Bolt": 6.331509761052072,
	"Werebadger Claws": 6.2666964485146295,
	"Deepling Filet": 6.211458843754368,
	"Arrow": 6.12200737200862,
	"Black Shield": 5.88324727481354,
	"Werebadger Skull": 5.8586106767924955,
	"Wand of Cosmic Energy": 5.8112125817599525,
	"Beastslayer Axe": 5.748709122203098,
	"Mana Potion": 5.548834206048569,
	"Studded Armor": 5.535539547119711,
	"Troll Green": 5.52898476424369,
	"Letter": 5.491431662282104,
	"Sniper Arrow": 5.304975188148908,
	"Deepling Warts": 5.269850487884652,
	"Pelvis Bone": 5.176613296908938,
	"Focus Cape": 5.146827259950448,
	"Banana": 5.076923076923077,
	"Deeptags": 5.061443963096325,
	"Wand of Voodoo": 5.003258478932461,
	"Minotaur Leather": 4.980801890027508,
	"Cyclops Toe": 4.9503722084367245,
	"Silky Fur": 4.939636520986586,
	"Small Emerald": 4.89311126271942,
	"Hand Axe": 4.862139156180607,
	"Leather Helmet": 4.829425575683754,
	"Slightly Rusted Armor": 4.8272153378536355,
	"Soul Orb": 4.818674172238966,
	"Energy Ring": 4.776567660374759,
	"Warrior's Shield": 4.664992162379218,
	"Heavy Old Tome": 4.504519280630917,
	"Flaming Arrow": 4.428513867436707,
	"Terramite Shell": 4.398326203707406,
	"Demonic Skeletal Hand": 4.311064404744032,
	"Wereboar Hooves": 4.1717263253285,
	"Wereboar Tusks": 4.098323516085183,
	"Vortex Bolt": 4.066802824566416,
	"Grapes": 4.057758022325517,
	"Sword Ring": 4.0278759354790905,
	"Crystal Necklace": 4.025896760514505,
	"Health Potion": 4.016746047487193,
	"Mouldy Powder": 3.887592788971368,
	"Plate Legs": 3.8261278112169252,
	"Sickle": 3.820998278829604,
	"Deepling Ridge": 3.812526618494509,
	"Ghoul Snack": 3.8026450549939885,
	"Springsprout Rod": 3.655429383559677,
	"Obsidian Lance": 3.631669535283993,
	"Throwing Star": 3.6168095464573065,
	"Broadsword": 3.5152950759317068,
	"Magma Boots": 3.47225167903853,
	"Werefox Tail": 3.346938775510204,
	"Battle Shield": 3.3305951866510846,
	"Leather Boots": 3.283487513426809,
	"Violet Crystal Shard": 3.2653061224489797,
	"Crystalline Arrow": 3.2623250948084217,
	"Warwolf Fur": 3.220310728812429,
	"Werebear Fur": 3.0095475300954755,
	"Warrior's Axe": 2.9983855401186146,
	"Doublet": 2.964285714285714,
	"Hailstorm Rod": 2.964285714285714,
	"Terramite Eggs": 2.9463701097651445,
	"Bolt": 2.9370063913766304,
	"Golden Mug": 2.8927397669554824,
	"Small Enchanted Sapphire": 2.8299763815598658,
	"Werebear Skull": 2.82274802822748,
	"Bloody Pincers": 2.8224143492971105,
	"Small Ruby": 2.7772919891434973,
	"Badger Fur": 2.728493763991046,
	"Black Pearl": 2.6982427393025024,
	"Viking Helmet": 2.642589398410337,
	"Protection Amulet": 2.6240842490842486,
	"Titan Axe": 2.5836522662944845,
	"Orichalcum Pearl": 2.5074024637719767,
	"Life Ring": 2.3108084582036503,
	"Underworld Rod": 2.290414692735776,
	"Rope": 2.153841427843319,
	"Ring of Blue Plasma": 2.126546482856133,
	"Wand of Defiance": 2.099827882960413,
	"Frosty Ear of a Troll": 2.096268777257309,
	"Crystal Ring": 2.089334182303946,
	"Werewolf Fangs": 2.063646729553229,
	"Poison Arrow": 2.0334814779789396,
	"Eye of a Deepling": 1.981657311027503,
	"Assassin Star": 1.9803693445628696,
	"Spider Silk": 1.8623346399168468,
	"Red Dragon Scale": 1.8471191193031649,
	"Green Dragon Scale": 1.824383776291207,
	"Carrot": 1.8217696236822265,
	"Moonlight Crystals": 1.8065546842707796,
	"Double Axe": 1.795350399385695,
	"Green Dragon Leather": 1.7895325911959432,
	"Bow": 1.7893471587406704,
	"Shovel": 1.7855559480236236,
	"Wolf Paw": 1.741965381798857,
	"Kongra's Shoulderpad": 1.6923076923076923,
	"Studded Club": 1.6818129466423344,
	"Werehyaena Talisman": 1.6293706293706294,
	"Wood Cape": 1.5782962177447861,
	"Time Ring": 1.5678043931996468,
	"Rusted Armor": 1.5570599303324806,
	"Nightmare Blade": 1.5220949263502457,
	"Scale Armor": 1.5154050260620935,
	"Lightning Boots": 1.511841640155532,
	"Elvish Talisman": 1.4617495517703778,
	"Battle Hammer": 1.45473652604714,
	"Scythe Leg": 1.4454031271980687,
	"Cheese": 1.3864972269704634,
	"Werewolf Fur": 1.375038872188245,