{
	"Gold Coin": 1267.8717710795686,
	"Skull": 512.5503366067802,
	"Dagger": 510.074377465045,
	"Platinum Coin": 450.26133320507785,
	"Meat": 360.6742996778175,
	"Spear": 316.2484399584403,
	"Brown Bread": 186.43045243643752,
	"Great Health Potion": 163.71561770003862,
	"Sabre": 146.46674259681095,
	"Dragon Ham": 125.27870313129061,
	"Girlish Hair Decoration": 95.56286820575696,
	"Chain Armor": 64.67206226588476,
	"Axe": 61.11471649737125,
	"Werehyaena Nose": 54.05194805194805,
	"Protective Charm": 50.94828951245243,
	"Knife": 50.603908879286216,
	"Red Apple": 42.047983310152986,
	"Halberd": 39.8643452325296,
	"Red Crystal Fragment": 35.5990675990676,
	"Cookie": 30.804913162175318,
	"Hunting Spear": 29.614203111972785,
	"Bolt": 25.698909441965835,
	"Worm": 24.94017386256227,
	"Red Gem": 21.66899766899767,
	"Torch": 20.473192093016877,
	"Combat Knife": 20.31084769083996,
	"Yellow Gem": 20.135244907053803,
	"Great Mana Potion": 19.43439285223452,
	"Life Preserver": 19.347319347319345,
	"Ham": 18.10240981568394,
	"Small Enchanted Amethyst": 17.8161744070835,
	"Plate Shield": 16.53988987078356,
	"Short Sword": 15.610943210273703,
	"Rotten Piece of Cloth": 14.132608986062252,
	"Small Stone": 13.674618090522637,
	"Leather Armor": 13.483793594179922,
	"Bone": 12.841184649215444,
	"Green Crystal Fragment": 12.382284382284382,
	"Fish": 12.125065470738948,
	"Small Amethyst": 11.810436923242376,
	"Green Mushroom": 11.645055273379146,
	"Ratana": 11.60839160839161,
	"Mace": 11.58408751970739,
	"Wolf Tooth Chain": 10.845806630541619,
	"Cheese": 10.825444039366403,
	"Witch Broom": 10.16732152572085,
	"Green Crystal Splinter": 9.666666666666666,
	"Steel Shield": 9.615485472251088,
	"Protection Amulet": 9.56548799348448,
	"Leather Boots": 9.404939032603718,
	"Star Herb": 9.16538717282234,
	"Royal Spear": 8.807979122760965,
	"Book (Gemmed)": 8.734894624347866,
	"Leather Helmet": 8.317289855204194,
	"Small Axe": 7.506693099942764,
	"White Mushroom": 7.417175034548495,
	"Small Enchanted Emerald": 6.904761904761904,
	"Crossbow": 6.870470904733654,
	"Power Bolt": 6.575938271564621,
	"Dragon's Tail": 6.457819803571216,
	"Arrow": 6.259969768182632,
	"Brown Crystal Splinter": 6.2142857142857135,
	"Hand Axe": 6.029052553663952,
	"Wooden Trash": 5.844661042877748,
	"Plate Armor": 5.791857056751967,
	"Sword Ring": 5.599304506907662,
	"Brass Helmet": 5.373523828772786,
	"Cape": 5.356124303447196,
	"Burst Arrow": 5.209462977197201,
	"Minotaur Horn": 5.1973632366229765,
	"Small Sapphire": 5.159171179076564,
	"Cyclops Toe": 5.158808933002481,
	"Health Potion": 5.079796553011068,
	"Heavy Old Tome": 5.061485585140482,
	"Ghoul Snack": 4.933161152424634,
	"Energy Ring": 4.869389349819586,
	"Wand of Starstorm": 4.833333333333333,
	"Cleaver": 4.410034069350497,
	"Leather Legs": 4.232682692797201,
	"Doublet": 4.142857142857142,
	"Hailstorm Rod": 4.142857142857142,
	"Sword": 4.117301762153926,
	"Sickle": 3.9830744121380643,
	"Broken Crossbow": 3.9791963136138784,
	"Bone Club": 3.862109294706037,
	"Piercing Bolt": 3.399583305905041,
	"Brass Shield": 3.315144524677167,
	"Poison Arrow": 3.314170121726471,
	"Carrot": 3.2151156372224032,
	"Flask of Embalming Fluid": 3.1462546101996693,
	"Throwing Knife": 3.1147353071630555,
	"Double Axe": 3.042801023861097,
	"Wooden Shield": 3.0422801191877653,
	"Golden Mug": 2.9542874215715567,
	"Strong Health Potion": 2.887806645118355,
	"Longsword": 2.8149264126101508,
	"Black Shield": 2.8094375102196545,
	"Wand of Voodoo": 2.7657019475201294,
	"Steel Helmet": 2.691614320292663,
	"Gauze Bandage": 2.6029346305481367,
	"Tarantula Egg": 2.5913497656781024,
	"Garlic Necklace": 2.5618690684881824,
	"Rope": 2.54700222057735,
	"Battle Shield": 2.509152414885259,
	"Hatchet": 2.482152417581488,
	"Scroll": 2.4379408891943712,
	"Grapes": 2.3814468146810466,
	"Werehyaena Talisman": 2.3216783216783217,
	"Mouldy Cheese": 2.1999309345859457,
	"Studded Club": 2.1907431061219027,
	"Brass Armor": 2.1506892057718625,
	"Coat": 2.109728382628501,
	"Piece of Archer Armor": 2.088703666056787,
	"Viking Helmet": 2.0267765125852857,
	"Blank Rune": 1.904711466872602,
	"Red Dragon Scale": 1.8864195260968493,
	"Minotaur Leather": 1.8634609824553254,
	"Banana": 1.829144551943367,
	"Poison Dagger": 1.8160457694057968,
	"Orc Leather": 1.7553858808757288,
	"Melon": 1.744817856238469,
	"Magic Light Wand": 1.723714089225795,
	"Piece of Warrior Armor": 1.6903857516670888,
	"Strong Mana Potion": 1.6597992827923536,
	"Crystal Necklace": 1.6394556859367615,
	"Plate Legs": 1.6084078410823186,
	"Pelvis Bone": 1.6042330379191299,
	"Throwing Star": 1.574369464044438,
	"Red Mushroom": 1.5682503605926832,
	"Broken Helmet": 1.5169172932330826,
	"Vampire Teeth": 1.484702685874395,
	"Elvish Talisman": 1.467512223402907,
	"Silky Fur": 1.4528342708784074,
	"Strange Talisman": 1.2945440671499429,
	"Spider Fangs": 1.2897150629384788,
	"Broadsword": 1.2878497676691862,
	"Scale Armor": 1.275997000235467,
	"Bread": 1.1130485113772022,
	"Necrotic Rod": 1.1036692256543554,
	"Purple Robe": 1.09169978957213,
	"Beetroot": 1.0611775718398389,
	"Silver Brooch": 1.0207141040315402,
	"Elven Scouting Glass": 1.0097153281574816,
	"Haunted Piece of Wood": 0.9965470518816382,
	"Red Dragon Leather": 0.9774080117671393,
	"Blood Preservation": 0.9625562505306654,
	"Pile of Grave Earth": 0.961838179632186,
	"Wyvern Talisman": 0.9611260053619303,
	"Brown Piece of Cloth": 0.9575633432782651,
	"Dead Snake": 0.9434066694340667,
	"Tomato": 0.9243642787411093,
	"Small Ruby": 0.9243488200892929,
	"Bag of Apple Slices": 0.9094481049386448,
	"Brass Legs": 0.90552561389456,
	"Chain Helmet": 0.9048980818142106,
	"Flaming Arrow": 0.8857027734873413,
	"Small Diamond": 0.8666065880506568,
	"Demonic Skeletal Hand": 0.838262523144673,
	"Black Pearl": 0.805474066617705,
	"Shovel": 0.804692110736144,
	"Bow": 0.7880126926337949,
	"Life Crystal": 0.7869462291014068,
	"Rapier": 0.7790879233295644,
	"Egg": 0.7632142269059774,
	"Wand of Inferno": 0.7491107103819202,
	"Pick": 0.7106188380498119,
	"Soldier Helmet": 0.7100021799877128,
	"Copper Shield": 0.7066604381284882,
	"Orc Tooth": 0.6921234398662073,
	"Boggy Dreads": 0.6909759108788653,
	"Werehyaena Trophy": 0.6904761904761905,
	"Bunch of Troll Hair": 0.6897170850054537,
	"Big Bone": 0.685658449922274,
	"Wolf Paw": 0.6752623142695835,
	"Green Dragon Scale": 0.6634122822877117,
	"Green Dragon Leather": 0.6507391240712521,
	"Elven Astral Observer": 0.6242448359440003,
	"Earth Arrow": 0.6043382727007046,
	"Lump of Earth": 0.598590710814292,
	"Green Tunic": 0.583728249466411,
	"Studded Armor": 0.5615764757947533,
	"Silver Dagger": 0.5610832376231639,
	"Letter": 0.5571017628402135,
	"Honeycomb": 0.5548373045689355,
	"Mana Potion": 0.5375406175900816,
	"Crystal Ring": 0.5158027685216062,
	"Bone Shield": 0.5056865023788949,
	"Goblin Ear": 0.5041431133510409,
	"Tribal Mask": 0.4840826882794119,
	"Coal": 0.48018819936111695,
	"Sniper Arrow": 0.4715533500576807,
	"Orange": 0.45252987889683305,
	"Strange Helmet": 0.4469687253356033,
	"Grave Flower": 0.435619437869262,
	"Twigs": 0.41027297690195447,
	"Haunch of Boar": 0.39960918417195895,
	"Ice Cube": 0.39156946402739373,
	"Sling Herb": 0.38838042180660565,
	"Brown Mushroom": 0.37774135399851716,
	"Orange Mushroom": 0.365400585689934,
	"Iron Helmet": 0.3613435067970594,
	"Dragon Hammer": 0.3441508648678286,
	"Skull Belt": 0.3401601571939722,
	"Roll": 0.33260209723530104,
	"High Guard Shoulderplates": 0.3239328763885606,
	"Serpent Sword": 0.32233902420125526,
	"Battle Axe": 0.32190541659961414,
	"Orcish Axe": 0.31954887218045114,
	"Morning Star": 0.3173212600074339,
	"Bear Paw": 0.3164106108128223,
	"Striped Fur": 0.31106679960119643,
	"Dark Helmet": 0.3107357413384578,
	"Orcish Gear": 0.3089342964193287,
	"Scorpion Tail": 0.30355947412651163,
	"Cherry": 0.3009438694085997,
	"Lump of Dirt": 0.3001169055606384,
	"Winter Wolf Fur": 0.30000000000000004,
	"Carrion Worm Fang": 0.2996704235667494,
	"Tower Shield": 0.2972115747539338,
	"Old Rag": 0.2901820968162444,