{
	"Gold Coin": 2320.1828237516356,
	"Platinum Coin": 1312.1362098053921,
	"Meat": 704.7733110849038,
	"Ham": 483.4369795598388,
	"Great Health Potion": 294.75392990831847,
	"Fish": 150.10512280464994,
	"Axe": 128.24777008719505,
	"Worm": 121.57847593973936,
	"Skull": 120.47189058783007,
	"Dagger": 116.80000000000001,
	"Werehyaena Nose": 98.55194805194806,
	"Spear": 93.98587480754506,
	"Knife": 90.50361602053425,
	"Gloom Wolf Fur": 83.8667874943362,
	"Wolf Tooth Chain": 75.30707308335397,
	"Red Crystal Fragment": 74.43117180944739,
	"Halberd": 70.13767656772798,
	"Red Gem": 54.34495863077238,
	"Bone": 44.16826494213992,
	"Torch": 43.711261430153,
	"Brown Bread": 43.123766135155655,
	"Great Mana Potion": 41.03998849704889,
	"Sabre": 37.864753972357704,
	"Combat Knife": 36.33700802085311,
	"Yellow Gem": 36.30523004503588,
	"Life Preserver": 36.02297038402528,
	"Leather Boots": 35.5730814147454,
	"Vampire Teeth": 35.22803410372296,
	"Cheese": 35.07874817822907,
	"Blue Glass Plate": 34.41386901485966,
	"Small Enchanted Amethyst": 34.230429066295535,
	"Wolf Paw": 33.597126707484314,
	"Strong Health Potion": 31.296616036264382,
	"Strong Mana Potion": 27.679127795060793,
	"Green Crystal Fragment": 25.8139645977095,
	"Wild Flowers": 24.621936829251304,
	"Mouldy Cheese": 24.384785819793205,
	"Dark Armor": 23.866870472671625,
	"Small Amethyst": 22.417498912458733,
	"Ratana": 22.203900241348286,
	"Green Crystal Splinter": 21.331292026897213,
	"Brown Crystal Splinter": 20.597603353959286,
	"Girlish Hair Decoration": 18.884215348027244,
	"Blood Preservation": 18.12135781646566,
	"Dandelion Seeds": 17.997564529133736,
	"Piece of Crocodile Leather": 17.83151193940331,
	"Great Spirit Potion": 17.310630336533652,
	"Chain Armor": 16.67722664918815,
	"Fresh Fruit": 15.675879474128738,
	"White Mushroom": 15.598120176178895,
	"Small Enchanted Emerald": 14.346414348703533,
	"Colourful Snail Shell": 13.97361765431799,
	"Ice Rapier": 13.78760830244807,
	"Soft Cheese": 13.662980905596203,
	"Rat Cheese": 13.563135612481908,
	"Green Glass Plate": 13.418706842435656,
	"Lamassu Horn": 12.764048991354466,
	"Bolt": 12.393198547384479,
	"Hand Axe": 12.058105107327904,
	"Wand of Starstorm": 11.761401557483765,
	"Sword": 11.611530187372766,
	"Blue Crystal Splinter": 11.570621468926554,
	"Shimmering Beetles": 11.39032639009089,
	"Leather Helmet": 10.671671801468824,
	"Sword Ring": 10.561557015358593,
	"Rainbow Quartz": 10.448095133904621,
	"Violet Crystal Shard": 10.184438040345821,
	"Terra Amulet": 10.115336287961124,
	"Protective Charm": 10.078475916204379,
	"Green Gem": 9.773852618788588,
	"Lion's Mane": 9.767780111068722,
	"Blue Crystal Shard": 9.748919308357348,
	"Cookie": 9.67980400692446,
	"Voluminous Piece of Cloth": 9.472188189169321,
	"Ludicrous Piece of Cloth": 9.250183778485665,
	"Leaf Star": 9.165415081577414,
	"Sphinx Feather": 8.961567439279339,
	"Ominous Piece of Cloth": 8.954177897574125,
	"Luminous Piece of Cloth": 8.917177162460181,
	"Doublet": 8.897054730140523,
	"Obvious Piece of Cloth": 8.547169811320755,
	"Cheese Cutter": 8.36044685865861,
	"Earflap": 8.263166214638037,
	"Black Pearl": 8.213489558492583,
	"Blue Gem": 8.162071060905728,
	"Bola": 8.137509068166318,
	"Fairy Wings": 7.951099031117304,
	"Hailstorm Rod": 7.892857142857142,
	"Dubious Piece of Cloth": 7.807155109041901,
	"Moonlight Rod": 7.723285116557083,
	"Lamassu Hoof": 7.537824207492796,
	"Protection Amulet": 7.432548290262586,
	"Swamp Grass": 7.4177806499261445,
	"Studded Helmet": 7.343624587337814,
	"Carrot": 7.27267096120998,
	"Magma Amulet": 7.245872402354765,
	"Sphinx Tiara": 7.231522616866678,
	"Tooth File": 6.845623778669135,
	"Heavy Old Tome": 6.7165091721435966,
	"Mace": 6.680286017723625,
	"Opal": 6.518085392292267,
	"Broken Helmet": 6.333656449109505,
	"Terra Hood": 6.231268011527377,
	"Studded Armor": 6.102249488752557,
	"Studded Legs": 5.8668941979522184,
	"Guardian Shield": 5.866754867814667,
	"Medicine Pouch": 5.811410635155096,
	"Red Apple": 5.671940194714882,
	"Soul Orb": 5.396549773263353,
	"Wand of Voodoo": 5.393467992570606,
	"Small Emerald": 5.343285712431528,
	"Black Shield": 5.263732944532258,
	"Lump of Dirt": 5.203034056708292,
	"White Pearl": 5.124802413589819,
	"Rope": 5.0940044411547,
	"Orc Leather": 5.036085542441926,
	"Vampire's Cape Chain": 5.002571222873598,
	"Wood": 4.943703840472674,
	"Crystal Sword": 4.891363149191537,
	"Studded Shield": 4.842535787321063,
	"Small Ruby": 4.799185944524108,
	"Dragon Ham": 4.6842770193194445,
	"Violet Gem": 4.625399088658348,
	"Crab Pincers": 4.596829772570641,
	"Star Herb": 4.473361154863426,
	"Prismatic Quartz": 4.393668191844387,
	"Onyx Chip": 4.383416123352365,
	"Small Stone": 4.342308066640699,
	"Lightning Pendant": 4.333830757867991,
	"Hunting Spear": 4.33364572766365,
	"Lightning Headband": 4.325143087739535,
	"Magma Boots": 4.308588386117418,
	"Werehyaena Talisman": 4.1678321678321675,
	"Goat Grass": 3.9285229959405807,
	"Small Enchanted Sapphire": 3.800205347780511,
	"Plate Shield": 3.622755906813089,
	"Warrior Helmet": 3.6169459998320574,
	"Rapier": 3.5640650703710475,
	"Pelvis Bone": 3.4992633129867396,
	"Wooden Shield": 3.4710160761222966,
	"Giant Shimmering Pearl (Brown)": 3.4413869014859664,
	"Studded Club": 3.3690337864225732,
	"Soldier Helmet": 3.313343506609326,
	"Blue Robe": 3.2982759258050063,
	"Rotten Piece of Cloth": 3.238722892639266,
	"Two Handed Sword": 3.104678357306856,
	"Glorious Axe": 2.990040314467687,
	"Small Diamond": 2.9700624569887886,
	"Viking Helmet": 2.9604266089780205,
	"Emerald Bangle": 2.924550938990462,
	"Small Enchanted Ruby": 2.8985678929484933,
	"Green Crystal Shard": 2.8840645111978347,
	"Troll Green": 2.882733822143747,
	"Shovel": 2.8596704517529563,
	"Grave Flower": 2.6618742034683733,
	"Talon": 2.571249215317012,
	"Wand of Defiance": 2.551406572391928,
	"Ankh": 2.5498080789617985,
	"Magic Light Wand": 2.546526734958811,
	"Magma Monocle": 2.4457073540688694,
	"Sacred Tree Amulet": 2.352569378004344,
	"Panpipes": 2.281988000178436,
	"Cave Turnip": 2.2629310344827585,
	"Glacier Amulet": 2.2498430634023854,
	"Stone Herb": 2.0655737704918034,
	"Silver Brooch": 2.0353037580263815,
	"Witch Broom": 1.993592456023696,
	"Machete": 1.981205476375319,
	"Katana": 1.9745846658930746,
	"Lancer Beetle Shell": 1.917644486553458,
	"Hatchet": 1.8760962604363993,
	"Ivory Carving": 1.856765780089698,
	"Arrow": 1.8515512479984113,
	"Hibiscus Dress": 1.811712977393109,
	"Elven Amulet": 1.809077809798271,
	"Cherry": 1.8056632164515982,
	"Fur Armor": 1.7797113209996902,
	"Serpent Sword": 1.7039545748960119,
	"Brass Shield": 1.696246041532638,
	"Morning Star": 1.6934187246142152,
	"Dark Mushroom": 1.6915126799477989,
	"Red Rose": 1.68,
	"Magma Legs": 1.6176986183444735,
	"Poison Arrow": 1.5806279913308103,
	"Wyrm Scale": 1.516529077682628,
	"Velvet Tapestry": 1.5155146443514644,
	"Crossbow": 1.495158264517195,
	"Rusted Armor": 1.4909121338912132,
	"Spike Sword": 1.3925822061025188,
	"Green Mushroom": 1.3873251303620777,
	"Brass Helmet": 1.3785593383598305,
	"Leather Legs": 1.340444273326918,
	"Piercing Bolt": 1.3170046268069318,
	"Werehyaena Trophy": 1.3154761904761905,
	"Plate Armor": 1.3107895333305692,
	"Small Topaz": 1.2996131853346788,
	"War Hammer": 1.2306737602303612,
	"Centipede Leg": 1.2211042529804683,
	"Battle Axe": 1.2154239332646264,
	"Cheesy Figurine": 1.2019843779486132,
	"Grapes": 1.1842173350582148,
	"Ghoul Snack": 1.1305160974306452,
	"Steel Helmet": 1.1230792138137338,
	"Orc Tooth": 1.116132575079848,
	"Poisonous Slime": 1.0649369579476715,
	"Terramite Legs": 1.0483037709280065,
	"Terra Boots": 1.0256908140403285,
	"Book of Necromantic Rituals": 1.0071154898741106,
	"Haunch of Boar": 0.9990229604298974,
	"Cape": 0.9961917427310645,
	"Spike Shield": 0.981106549445507,
	"Wood Mushroom": 0.9767441860465116,
	"Scale Armor": 0.9542072846003288,
	"Poison Spider Shell": 0.9488142756515615,
	"Wood Cape": 0.9487576392916091,
	"Orange Mushroom": 0.9367826919278628,
	"Orcish Gear": 0.926802889257986,