{
	"Gold Coin": 3402.063997680884,
	"Platinum Coin": 714.0271065746276,
	"Skull": 563.9608175215408,
	"Dagger": 550.4,
	"Great Health Potion": 329.64599499141826,
	"Meat": 272.51737768070086,
	"Flask of Demonic Blood": 255.08393879961582,
	"Dragon Ham": 249.46858431654547,
	"Great Mana Potion": 235.51913490125207,
	"Brown Bread": 203.21336370539103,
	"Sabre": 163.72816915186496,
	"Demonic Essence": 97.90636628514044,
	"Ice Rapier": 90.7671935809732,
	"Pirate Coin": 84.27992041720844,
	"Ultimate Health Potion": 80.07578144704402,
	"Axe": 71.21060876913079,
	"Girlish Hair Decoration": 67.90954021604713,
	"Strong Health Potion": 67.76137185189208,
	"Scythe": 67.60271210661679,
	"Ham": 66.0784015199503,
	"Werehyaena Nose": 63.192640692640694,
	"Pirat's Tail": 59.481343005820435,
	"Strong Mana Potion": 59.04000203354532,
	"Crystal Sword": 57.41449798867088,
	"Knife": 56.81818181818182,
	"Orc Leather": 55.95276058923889,
	"Wooden Trash": 54.355347698763055,
	"Halberd": 54.23092999053258,
	"Chain Armor": 42.77438175646207,
	"Plate Shield": 40.78772348470401,
	"Red Crystal Fragment": 40.209790209790214,
	"Bone": 36.70176869294367,
	"Protective Charm": 36.3240167891159,
	"Magic Light Wand": 36.17048425470491,
	"Spear": 36.15630902032768,
	"Mystical Hourglass": 35.506897357961186,
	"Wyrm Scale": 33.870462543734,
	"Crowbar": 33.34802175807764,
	"Knight Axe": 33.27559313685248,
	"Vampire Teeth": 31.162026528745194,
	"Combat Knife": 28.703561595724135,
	"Crossbow": 28.181317756223383,
	"Blank Rune": 27.734747491184038,
	"Shark Fins": 27.522863475905098,
	"Mace": 25.307251618389124,
	"Red Gem": 25.27575213300104,
	"Fish": 24.798128371415906,
	"Burst Arrow": 24.327729524874876,
	"Wand of Inferno": 23.237632614439935,
	"Yellow Gem": 23.03764020788681,
	"Small Amethyst": 22.742640111680892,
	"Torch": 22.41977970386558,
	"Warwolf Fur": 22.34974129622163,
	"Worm": 22.005210704820957,
	"Life Preserver": 21.853146853146853,
	"Shadow Herb": 21.586387603622544,
	"Wolf Tooth Chain": 21.567050078566186,
	"Steel Shield": 20.956322657148224,
	"Knight Armor": 20.784751252678138,
	"Grappling Hook": 20.423275862068966,
	"Dark Shield": 20.22141688099135,
	"Small Enchanted Amethyst": 20.142903850270148,
	"Health Potion": 20.107730234401096,
	"Wand of Starstorm": 19.795792497130087,
	"Throwing Knife": 18.667489932173712,
	"Glob of Glooth": 18.640764350753557,
	"Corncob": 17.922949735449734,
	"Slightly Rusted Armor": 17.85687330299523,
	"Broken Helmet": 17.45091334165984,
	"Broken Shamanic Staff": 16.907407407407405,
	"Blood Preservation": 16.648388432356143,
	"Terra Boots": 16.238776507337562,
	"Focus Cape": 15.969874273015074,
	"Mutated Flesh": 15.95923051487036,
	"Orcish Axe": 15.794283121597097,
	"Dragon's Tail": 15.696019756539382,
	"Orc Tooth": 15.467572813490914,
	"Red Mushroom": 14.584728353511952,
	"Soul Orb": 14.569113827892574,
	"Orcish Gear": 14.313955734095561,
	"Sword": 14.298792004892238,
	"Green Crystal Fragment": 13.986013986013987,
	"Fairy Wings": 13.94361633107733,
	"Brass Helmet": 13.611760116363447,
	"Heavy Old Tome": 13.245999063923225,
	"Ratana": 13.111888111888113,
	"Throwing Star": 13.083570797692264,
	"Shamanic Hood": 12.460978835978837,
	"Green Crystal Splinter": 12.416666666666666,
	"Demonic Skeletal Hand": 11.975178902066757,
	"Small Ruby": 11.777774346631917,
	"Small Topaz": 11.228217106135812,
	"Wand of Voodoo": 11.223481116584566,
	"White Mushroom": 11.136779848623124,
	"Mouldy Powder": 10.752916224814422,
	"Rotten Piece of Cloth": 10.45224206260854,
	"Morning Star": 10.327247600672518,
	"Cheese": 10.214497539696984,
	"Springsprout Rod": 9.781027758784477,
	"Magma Boots": 9.6435740730405,
	"Sword Ring": 9.397835079731307,
	"Orichalcum Pearl": 9.330045528534045,
	"Small Emerald": 9.31605171767738,
	"Haunted Piece of Wood": 9.267887582499235,
	"Black Pearl": 9.116747329166682,
	"Scale Armor": 9.021775904027077,
	"Small Enchanted Emerald": 8.951951310530399,
	"Small Sapphire": 8.815264494673446,
	"Studded Helmet": 8.717712254794272,
	"Hunting Spear": 8.453099272107501,
	"Hand Axe": 8.362879348630644,
	"Cape": 8.16871019523679,
	"Fishbone": 8.053529400322889,
	"Brown Crystal Splinter": 7.982142857142857,
	"Battle Axe": 7.973077368766658,
	"Underworld Rod": 7.801963993453355,
	"Green Mushroom": 7.699107795509496,
	"Longsword": 7.645853462859791,
	"Brass Shield": 7.6378874861130255,
	"Battle Shield": 7.6227878695159506,
	"Studded Legs": 7.356899073622623,
	"Small Diamond": 7.294395232603691,
	"Leather Helmet": 7.2854216221615165,
	"Frazzle Tongue": 7.261605290456432,
	"Royal Spear": 6.821571053728849,
	"Power Bolt": 6.7413707543936265,
	"Brass Legs": 6.666156341712042,
	"Frazzle Skin": 6.343101659751037,
	"Essence of a Bad Dream": 6.27798108402002,
	"Brown Mushroom": 6.208970519935447,
	"Studded Armor": 6.18700295387412,
	"Leather Boots": 6.168055235210284,
	"Remains of a Fish": 6.109958506224066,
	"Strange Talisman": 6.003972515973141,
	"Burnt Scroll": 5.983054038787422,
	"Arrow": 5.902021902543128,
	"Ring of Blue Plasma": 5.881937080240368,
	"Nightmare Blade": 5.785876029704382,
	"Moonlight Rod": 5.736569037656904,
	"Slime Heart": 5.631855388813097,
	"Hailstorm Rod": 5.611028571428571,
	"Assassin Star": 5.496017617725183,
	"Doublet": 5.321428571428571,
	"Tooth File": 5.187699269772704,
	"Book (Gemmed)": 5.1863436832065455,
	"Mana Potion": 5.1699375220390404,
	"Glob of Mercury": 5.091917591125198,
	"Flask of Embalming Fluid": 4.961401500699479,
	"Steel Helmet": 4.938298894380994,
	"Studded Shield": 4.909793228811633,
	"Protection Amulet": 4.882025023185443,
	"Battle Hammer": 4.881030256701592,
	"Poisoned Fang": 4.832673942701227,
	"Pelvis Bone": 4.8149840183199855,
	"Wood Cape": 4.365500176740897,
	"Lightning Boots": 4.311545028138313,
	"Short Sword": 4.140158345536793,
	"Gauze Bandage": 4.1046276866336004,
	"Pitchfork": 4.044830484729616,
	"Scythe Leg": 3.987240119322256,
	"Viking Helmet": 3.9049679891991627,
	"Tarantula Egg": 3.8870246485171536,
	"Vampire's Cape Chain": 3.7910110048338987,
	"Plate Legs": 3.7086129861557207,
	"Ghoul Snack": 3.648483768980719,
	"Skull Belt": 3.627811462323482,
	"Black Shield": 3.622574535346378,
	"Obsidian Lance": 3.5504208728323667,
	"Piece of Iron": 3.5480158547600773,
	"Rope": 3.5329385640266473,
	"Plate Armor": 3.512437317829167,
	"Great Spirit Potion": 3.502453255549297,
	"Iron Helmet": 3.485658731110937,
	"Orange Mushroom": 3.398225446916386,
	"Minotaur Horn": 3.30176623489619,
	"Big Bone": 3.278073132780083,
	"Wooden Shield": 3.2700798774950455,
	"Broadsword": 3.1629832727964575,
	"Grave Flower": 3.159029802167945,
	"Studded Club": 3.157980803789978,
	"Fish Fin": 3.123314315352697,
	"Katana": 2.9309693978974884,
	"Energy Ring": 2.891199926455379,
	"Scorpion Tail": 2.8332217585141084,
	"Dead Snake": 2.8302200083022,
	"Demon Horn": 2.8116454561303015,
	"Fire Mushroom": 2.7708514930391255,
	"Dirty Cape": 2.67864457120959,
	"Werehyaena Talisman": 2.6223776223776225,
	"Glob of Acid Slime": 2.603610513894814,
	"Glacier Kilt": 2.5475800794949732,
	"Wand of Draconia": 2.52434198223472,
	"Scimitar": 2.4730055817373664,
	"Banana": 2.4452847252386487,
	"Machete": 2.3399561189663576,
	"Viper Star": 2.3144611186903137,
	"Leather Legs": 2.262013972078696,
	"Glooth Spear": 2.245461377946319,
	"Poison Arrow": 2.207412730582454,
	"Hatchet": 2.197712762225496,
	"White Piece of Cloth": 2.193295820804734,
	"Lump of Dirt": 2.100818338924469,
	"Cyclops Toe": 1.9801488833746899,
	"Death Ring": 1.9193378674712327,
	"Spider Fangs": 1.9006515518626819,
	"Heavily Rusted Armor": 1.8979672281410305,
	"Silver Brooch": 1.8397391865614257,
	"Emerald Bangle": 1.784120236617786,
	"Golden Mug": 1.7541081565581118,
	"Miraculum": 1.7394416256097263,
	"Iron Ore": 1.7003371369294606,
	"Lightning Pendant": 1.6778847806360364,
	"Crystal Necklace": 1.67239514726324,
	"Wand of Decay": 1.668517723292136,
	"Spike Sword": 1.6551665581750772,
	"Minotaur Leather": 1.638916984784713,
	"Stealth Ring": 1.6248831290011028,
	"Hibiscus Dress": 1.5927413233175969,