{
	"Gold Coin": 3208.5870977468394,
	"Platinum Coin": 2202.5823059254226,
	"Meat": 553.8095016607892,
	"Ham": 541.5014844371967,
	"Great Spirit Potion": 433.87949094492245,
	"Lion's Mane": 226.92844635492162,
	"Great Health Potion": 195.72559452504981,
	"Great Mana Potion": 178.37368424161534,
	"Crystal Sword": 161.8350645055849,
	"Dark Armor": 137.40660956743594,
	"Soul Orb": 125.88292244360863,
	"Dragon Ham": 119.85820873288995,
	"Bolt": 101.32376885237956,
	"Ice Rapier": 90.65952866287464,
	"Pirate Coin": 86.26846694189013,
	"Rapier": 84.96730508079374,
	"Tainted Glooth Capsule": 81.01802081959664,
	"Leather Helmet": 78.32126287317782,
	"Glooth Bag": 75.00006452458375,
	"White Mushroom": 65.10030104471046,
	"Small Enchanted Sapphire": 62.43999566300716,
	"Pirat's Tail": 60.924818610981,
	"Ankh": 58.89234143666606,
	"Black Pearl": 53.160718089389704,
	"Terra Boots": 52.359623492160935,
	"Axe": 48.55496138338477,
	"Bone": 47.413944485815136,
	"Rare Earth": 47.02972582972583,
	"Leather Boots": 46.73771469599702,
	"Ivory Carving": 42.05447572239815,
	"Plate Shield": 40.27682930787957,
	"Serpent Sword": 38.76868455547172,
	"Coal": 38.636121300288785,
	"Silver Brooch": 34.92519712327775,
	"Ultimate Health Potion": 34.7545420944031,
	"Knight Axe": 33.91314267884411,
	"Crowbar": 33.495122267880134,
	"Scroll": 33.25311506773773,
	"War Hammer": 31.828298664237547,
	"Arrow": 31.67761851300161,
	"Crossbow": 31.234807803882653,
	"Glooth Capsule": 31.026691557015738,
	"Small Diamond": 30.95046380274745,
	"Chain Armor": 30.88961660902063,
	"Small Enchanted Ruby": 30.779143536875495,
	"Glob of Acid Slime": 29.49148629148629,
	"Mace": 28.663071874107924,
	"Steel Helmet": 28.18581998908041,
	"Shark Fins": 28.003612182907805,
	"Twin Hooks": 26.947124719940252,
	"Glooth Steak": 25.744415471952152,
	"Glooth Sandwich": 24.976360271643507,
	"Short Sword": 24.405461360861022,
	"Stonerefiner's Skull": 23.66810966810967,
	"Wand of Inferno": 23.103600960454802,
	"Poisonous Slime": 23.059028211822998,
	"White Pearl": 22.10461969155103,
	"Grappling Hook": 21.34810344827586,
	"Knight Armor": 21.29284282606886,
	"Spear": 20.777932879314108,
	"Steel Shield": 20.591250939417804,
	"Grapes": 20.447729219646106,
	"Dark Shield": 17.728786677240286,
	"Cyclops Toe": 17.47819091697435,
	"Half-Digested Stones": 17.356613756613754,
	"Torch": 17.246019941793527,
	"Worm": 16.71906002370276,
	"Moonlight Crystals": 16.672103927521093,
	"Doublet": 15.143338620142744,
	"Lightning Headband": 14.52677755437763,
	"Dragon's Tail": 14.446163517321441,
	"Focus Cape": 14.173959445037353,
	"Red Rose": 14.048181452154072,
	"Small Emerald": 13.793120512436818,
	"Rainbow Quartz": 13.789056304520223,
	"Soldier Helmet": 13.490041419766543,
	"Brass Helmet": 13.429856596221851,
	"Small Topaz": 13.294551989665909,
	"Banana": 13.138666596696055,
	"Wand of Starstorm": 13.038103448275862,
	"Glorious Axe": 12.681007137192704,
	"Green Crystal Shard": 12.535026138909634,
	"Rat Cheese": 12.27109187109187,
	"Spirit Cloak": 11.942307692307693,
	"Shovel": 11.933869344418724,
	"Burst Arrow": 11.482785576642714,
	"Bow": 11.147262729525039,
	"Mouldy Powder": 10.959703075291623,
	"Onyx Chip": 10.711141950832673,
	"Sword": 10.529308436577892,
	"Small Stone": 10.304448755580715,
	"Fish": 10.231765859238685,
	"Glooth Spear": 10.136284588028726,
	"Glooth Axe": 10.11938214601371,
	"Glooth Club": 10.10250210758162,
	"Glooth Blade": 10.071189053385321,
	"Springsprout Rod": 10.029310344827588,
	"Minotaur Horn": 10.022040641108742,
	"Glooth Amulet": 9.920419630588526,
	"Magma Boots": 9.789599888115493,
	"Cyan Crystal Fragment": 9.735324869305451,
	"Spiked Squelcher": 9.705769041502014,
	"Battle Shield": 9.589373440381562,
	"Piercing Bolt": 9.367646951248432,
	"Heavy Old Tome": 9.030320399690142,
	"Halberd": 8.646960409716996,
	"Scroll of Heroic Deeds": 8.489977303073488,
	"Titan Axe": 8.451120787543939,
	"Sniper Arrow": 8.36275010198226,
	"Wand of Voodoo": 8.02344827586207,
	"Battle Axe": 7.58584290337502,
	"Giant Shimmering Pearl (Green)": 7.571644716725799,
	"Coral Brooch": 7.510111022997621,
	"Longsword": 6.987410108321136,
	"Crown Helmet": 6.906675373175471,
	"Rubber Cap": 6.888871923185406,
	"Pelvis Bone": 6.707729388824999,
	"Magma Legs": 6.674465362822154,
	"Terra Hood": 6.609376897965063,
	"Flaming Arrow": 6.495153672240503,
	"Leather Armor": 6.42210253684544,
	"Broken Crossbow": 6.274886494544962,
	"Orc Leather": 6.120319715939281,
	"Terra Mantle": 6.0651699267603085,
	"Green Tunic": 6.004554997775795,
	"Ring of Blue Plasma": 5.995051254860375,
	"Tarantula Egg": 5.880370622115694,
	"Brass Shield": 5.8711349177819505,
	"Skull": 5.850964025838406,
	"Studded Helmet": 5.84600304150546,
	"Hand Axe": 5.834566987416728,
	"Yellow Gem": 5.688492039680732,
	"Rotten Piece of Cloth": 5.594157723649642,
	"Orcish Gear": 5.560817335547916,
	"Noble Axe": 5.424574615852058,
	"Viking Helmet": 5.313307238013756,
	"Brass Armor": 5.305205644049684,
	"Studded Legs": 5.215017064846417,
	"Combat Knife": 5.174791653710698,
	"Throwing Star": 5.124974169355452,
	"Wedding Ring": 5.10934103496427,
	"White Silk Flower": 5.0487476972881735,
	"Terra Legs": 4.955423155055221,
	"Orange": 4.94655614271576,
	"Wooden Shield": 4.903018211347584,
	"Hatchet": 4.861299480277172,
	"Lion Figurine": 4.825780436128438,
	"Chicken Feather": 4.774290988420876,
	"Broken Helmet": 4.662413881092116,
	"Leather Legs": 4.547373106943931,
	"Wood Cape": 4.449452103216684,
	"Green Crystal Fragment": 4.268662728856904,
	"Lightning Boots": 4.267582566652053,
	"Hunting Spear": 4.234329491516257,
	"Beastslayer Axe": 4.088548182639171,
	"Small Ruby": 4.043729513497164,
	"Small Amethyst": 3.982968825161179,
	"Rope": 3.9815050353591275,
	"Strong Mana Potion": 3.9787894363010397,
	"Studded Armor": 3.871489869829463,
	"Two Handed Sword": 3.792923508882543,
	"Small Axe": 3.7380947989052244,
	"Vampire Teeth": 3.717836710904347,
	"Strong Health Potion": 3.645419042111829,
	"Battle Hammer": 3.5437784888974715,
	"Poison Arrow": 3.5058382570696813,
	"Dwarven Shield": 3.4634455696704256,
	"Egg": 3.410802692099289,
	"Minotaur Leather": 3.401328398817388,
	"Spider Fangs": 3.393727767095896,
	"Piece of Archer Armor": 3.293725011858779,
	"Cheese": 3.283309687152042,
	"Piece of Warrior Armor": 3.2813370473537606,
	"Brass Legs": 3.1560254634652685,
	"Plate Armor": 3.1524577608572426,
	"Plate Legs": 3.128563272809042,
	"Scale Armor": 3.128088084911258,
	"Carrot": 3.1122247677543156,
	"Health Potion": 3.0067409178164635,
	"Glooth Cape": 2.960454692328724,
	"Bone Club": 2.9539929267503555,
	"Red Piece of Cloth": 2.926809355059033,
	"Small Sapphire": 2.9257022417281475,
	"Broadsword": 2.7348027716428382,
	"Studded Shield": 2.690297659622813,
	"Scimitar": 2.5529587464191006,
	"Cleaver": 2.4300187729074167,
	"Wolf Paw": 2.4234882002546185,
	"Elvish Talisman": 2.4221177768051225,
	"Green Mushroom": 2.370005866409559,
	"Sabre": 2.208588957055215,
	"Studded Club": 2.1902924483604105,
	"Terra Amulet": 2.177939686540767,
	"Skull Staff": 2.175776881510042,
	"Blank Rune": 2.1722642911838816,
	"Double Axe": 2.123751372877988,
	"Blood Preservation": 2.1193492220337893,
	"Book of Necromantic Rituals": 2.098241168852502,
	"Bony Tail": 2.0896561618287026,
	"Small Notebook": 2.064958948846577,
	"Demonic Skeletal Hand": 2.0357804133513486,
	"Ghoul Snack": 1.952709622834751,
	"Orc Tooth": 1.9495636283068134,
	"Flask of Demonic Blood": 1.9479076312019474,
	"Hydra Head": 1.929934935742324,
	"Throwing Knife": 1.8745001104995813,
	"Green Gem": 1.8612957068547629,
	"Honeycomb": 1.8121509952508374,
	"Lump of Dirt": 1.8007014333638303,
	"Dagger": 1.7842258623532687,
	"Melon": 1.6768535150228587,
	"Machete": 1.6587030716723548,
	"Incantation Notes": 1.6485417316447306,
	"Blood Tincture in a Vial": 1.5748429432751019,
	"Lancet": 1.5565949138432786,
	"Carrion Worm Fang": 1.498352117833747,
	"Chain Helmet": 1.490830783844212,
	"Knife": 1.4553223152907768,
	"Scarf": 1.4285783754757766,
	"Green Dragon Scale": 1.4097510998613874,