{
	"Gold Coin": 4034.6819781740214,
	"Torch": 283.4304630657713,
	"Meat": 241.2763844974438,
	"Cheese": 214.31568325491182,
	"Ham": 129.9198620779322,
	"Platinum Coin": 106.94525998817014,
	"Brass Helmet": 101.91281124136496,
	"Worm": 99.72226162311048,
	"Rope Belt": 87.66834255810852,
	"Bolt": 83.94946719265546,
	"Chain Armor": 73.17930087748074,
	"Knife": 67.72988259312245,
	"White Mushroom": 66.96628341122263,
	"Cultish Robe": 62.83351341638657,
	"Short Sword": 58.82212096460536,
	"Dead Snake": 55.66099349660993,
	"Health Potion": 53.27363701797169,
	"Spear": 51.090781333563214,
	"Scale Armor": 48.93546378205301,
	"Mana Potion": 43.66526597920128,
	"Skull": 41.63489806021471,
	"Blank Rune": 41.5714240289587,
	"Dagger": 38.89303339110499,
	"Small Stone": 37.597187930542674,
	"Leather Boots": 35.891991939471566,
	"Dead Frog": 33.96886549552032,
	"Mace": 32.758843365646385,
	"Plate Shield": 32.75339155664404,
	"Viking Helmet": 32.686107141034356,
	"Bone": 32.30162168582805,
	"Dragon Ham": 31.98353550247441,
	"Fish": 30.109651657648293,
	"Lump of Dirt": 29.411456744942562,
	"Sword": 29.020720174126136,
	"Leather Helmet": 24.308267328885123,
	"Morning Star": 24.15811190023114,
	"Small Axe": 22.189793860848017,
	"Hand Axe": 21.976868985936342,
	"Piece of Crocodile Leather": 20.434194054868346,
	"Hunting Spear": 20.16593088535528,
	"Cookie": 17.966238911086506,
	"Striped Fur": 16.33835096280625,
	"Halberd": 14.410427491640732,
	"Cape": 13.147483582606938,
	"Minotaur Horn": 12.797206470115231,
	"Chain Helmet": 12.457726763717805,
	"Corncob": 11.76373469259659,
	"Bone Club": 11.396033288921057,
	"Leather Armor": 11.380151202452561,
	"Strong Health Potion": 11.254185551282726,
	"Scarf": 11.124595469255663,
	"Piercing Bolt": 10.342418476813428,
	"Lizard Leather": 10.327606137311918,
	"Pirate Voodoo Doll": 10.214746929260444,
	"Lizard Scale": 10.02423910228674,
	"Lamp": 9.52775941109054,
	"Brown Bread": 9.451784358390281,
	"Soldier Helmet": 9.348362036504884,
	"Rope": 9.284233900814213,
	"Broken Crossbow": 9.182760723724336,
	"Cyclops Toe": 9.163161973485284,
	"Battle Axe": 9.013848081062976,
	"Sabretooth": 8.851747815230961,
	"Rotten Piece of Cloth": 8.538451262412611,
	"Book (Orange)": 8.420271783442105,
	"Shovel": 8.347013342763844,
	"Fur Bag": 8.234833521444695,
	"Heavy Old Tome": 8.175664379711522,
	"Life Ring": 7.960264085422842,
	"Battle Shield": 7.955659329088977,
	"Sabre": 7.427790432801823,
	"Staff": 7.012062641083522,
	"Red Gem": 6.877521613832853,
	"Carrot": 6.563265763150733,
	"Wooden Shield": 6.3062628984019415,
	"Steel Helmet": 6.2650318785427555,
	"Studded Club": 5.97377101810281,
	"Lamassu Horn": 5.9016570605187315,
	"Wand of Dragonbreath": 5.707960818218958,
	"Strong Mana Potion": 5.703965659969075,
	"Mouldy Cheese": 5.663862315566728,
	"Cobra Tongue": 5.590138010350777,
	"Axe": 5.4046787823420015,
	"Chicken Feather": 5.156234267494546,
	"Book (Grey)": 5.026946952595937,
	"Vampire Teeth": 4.844819290748026,
	"Piece of Archer Armor": 4.820085383207969,
	"Tarantula Egg": 4.784030336636497,
	"Small Emerald": 4.739569639834129,
	"Violet Crystal Shard": 4.708933717579251,
	"Red Crystal Fragment": 4.677953890489913,
	"Piece of Warrior Armor": 4.673419431079599,
	"Blue Crystal Shard": 4.507564841498559,
	"Sphinx Feather": 4.267324241356751,
	"Brass Armor": 4.188975508067359,
	"Minotaur Leather": 4.188571156815229,
	"Wolf Tooth Chain": 4.159521526177153,
	"Pelvis Bone": 4.099137023784467,
	"Obsidian Lance": 4.052208415996659,
	"Brown Piece of Cloth": 3.968525699695276,
	"Music Sheet (First Verse)": 3.9441747572815533,
	"Powder Herb": 3.827870290973044,
	"Dragon Necklace": 3.743044760968182,
	"Witch Broom": 3.5884664208426527,
	"Girlish Hair Decoration": 3.5712607572104598,
	"Lamassu Hoof": 3.4852305475504326,
	"Terra Amulet": 3.4852305475504326,
	"Sphinx Tiara": 3.444215187962357,
	"Magma Amulet": 3.441296361531881,
	"Star Herb": 3.2348425315843556,
	"Silver Amulet": 3.1662553292667988,
	"Blue Gem": 3.152674918933171,
	"Flask of Embalming Fluid": 3.1462546101996693,
	"Blood Preservation": 3.1409730280474344,
	"Green Gem": 3.117306627748981,
	"Clerical Mace": 3.10850287270523,
	"Ghoul Snack": 2.980451529589883,
	"Crossbow": 2.931800988656195,
	"Plate Armor": 2.8850634941555637,
	"Terra Hood": 2.881123919308357,
	"Life Crystal": 2.750580526084743,
	"Magic Light Wand": 2.709540398507455,
	"Opal": 2.6487752161383282,
	"Shadow Herb": 2.6415509898525835,
	"Gauze Bandage": 2.6029346305481367,
	"Cultish Mask": 2.5744573447753663,
	"Garlic Necklace": 2.4818589859084508,
	"Spider Fangs": 2.4048689812807336,
	"Dwarven Shield": 2.400107017578628,
	"Leather Legs": 2.3777116635720557,
	"Battle Hammer": 2.2592180222662126,
	"Purple Robe": 2.244049567453823,
	"Hatchet": 2.197712762225496,
	"Magma Boots": 2.0548538070555082,
	"Beetroot": 2.019707387272146,
	"Shaggy Tail": 1.981405156714272,
	"Protective Charm": 1.9081525636192171,
	"Music Sheet (Third Verse)": 1.9061176071852228,
	"Dwarven Ring": 1.901294498381877,
	"White Pearl": 1.8709677419354838,
	"Terra Rod": 1.8629988486658209,
	"Lightning Headband": 1.7717276432992803,
	"Frosty Heart": 1.7703228838021077,
	"Amber Staff": 1.7639281357953942,
	"Onyx Chip": 1.7038904899135447,
	"Wand of Vortex": 1.6990291262135921,
	"Goblin Ear": 1.617062816408999,
	"Music Sheet (Second Verse)": 1.5277733718237478,
	"Rainbow Quartz": 1.5180115273775217,
	"Time Ring": 1.4951272002542482,
	"Green Crystal Fragment": 1.4870317002881845,
	"Sling Herb": 1.4738981001785865,
	"Brass Legs": 1.451007047544092,
	"Sickle": 1.405790968989905,
	"Lightning Pendant": 1.3864425544763725,
	"Black Pearl": 1.3643270298717374,
	"Longsword": 1.3616766729160132,
	"Green Crystal Splinter": 1.3476224783861672,
	"Templar Scytheblade": 1.343863572826391,
	"Centipede Leg": 1.3228629407288408,
	"Grave Flower": 1.2976540650477573,
	"Dark Rosary": 1.2957364775743205,
	"Strange Talisman": 1.2945440671499429,
	"Bunch of Troll Hair": 1.2938089765216796,
	"Small Enchanted Amethyst": 1.2468883572289349,
	"Bread": 1.2275265214963706,
	"Wand of Defiance": 1.2229882743696845,
	"Hydra Head": 1.2189062752056783,
	"Warwolf Fur": 1.1890378075615122,
	"Magma Monocle": 1.164611745760153,
	"Wand of Starstorm": 1.164611745760153,
	"Arrow": 1.1428242811634617,
	"Glob of Tar": 1.1286946943271525,
	"Sentinel Shield": 1.093453064634019,
	"Small Diamond": 1.069720201466194,
	"Red Apple": 1.0457938305506338,
	"Silver Brooch": 1.0207141040315402,
	"Small Sapphire": 0.9837572067486865,
	"Necrotic Rod": 0.9318120262202939,
	"Small Ruby": 0.917089763944878,
	"Piece of Scarab Shell": 0.9050917259453388,
	"Katana": 0.9001783035689016,
	"Cleaver": 0.9000069529286729,
	"Nettle Spit": 0.8933518005540166,
	"Goat Grass": 0.8440909309367041,
	"Elven Amulet": 0.8364553314121038,
	"Sacred Tree Amulet": 0.8054755043227665,
	"Violet Gem": 0.8054755043227665,
	"Glorious Axe": 0.7960584983056893,
	"Cultish Symbol": 0.7917788806077742,
	"Boggy Dreads": 0.7896867552901318,
	"Double Axe": 0.7853242055511069,
	"Combat Knife": 0.7739460985158881,
	"Two Handed Sword": 0.7701102125701698,
	"Small Flask of Eyedrops": 0.7580919310480664,
	"Silky Tapestry": 0.7537899054752987,
	"Spellbook": 0.749009709587762,
	"Coat": 0.7359636901870675,
	"Green Mushroom": 0.7024974760895103,
	"Fur Boots": 0.6951366308565213,
	"Spike Sword": 0.633458806215153,
	"Throwing Knife": 0.6334502551020408,
	"Small Amethyst": 0.6314882913294975,
	"Magma Legs": 0.63046650898294,
	"Hailstorm Rod": 0.6298365445056258,
	"Ice Cube": 0.6014571392625772,
	"Steel Shield": 0.5984417971856055,
	"Wolf Paw": 0.5973056648505697,
	"Cucumber": 0.5925686938753563,
	"Red Piece of Cloth": 0.589585666293393,
	"Silky Fur": 0.581133708351363,
	"Pile of Grave Earth": 0.5811105668611123,
	"Poison Dagger": 0.5494824717783732,
	"Honeycomb": 0.5366909336608884,
	"Old Rag": 0.5150987611225829,
	"Iron Ore": 0.5117348851734739,
	"Cherry": 0.5116045779946194,
	"Badger Fur": 0.5052766229613047,
	"Green Crystal Shard": 0.4646974063400577,