{
	"Gold Coin": 5785.768433252441,
	"Platinum Coin": 2293.205811203713,
	"Meat": 488.817025612788,
	"Banana": 325.79213832394464,
	"Great Health Potion": 274.1136234351956,
	"Skull": 181.25811482540854,
	"Bone": 176.55042884159928,
	"Dagger": 172.3281745219321,
	"Ham": 150.8252562146183,
	"Rare Earth": 136.7050505050505,
	"Tainted Glooth Capsule": 136.03008815617554,
	"Great Mana Potion": 131.2664895072676,
	"Small Stone": 129.52258912048467,
	"Glooth Bag": 127.26918799833894,
	"Torch": 119.06474998672876,
	"Spear": 102.58435366746784,
	"Coal": 102.26622757616136,
	"Fish": 101.84472344553527,
	"Chain Armor": 92.64123013991097,
	"Axe": 90.09556535939129,
	"Glob of Acid Slime": 85.72525252525251,
	"Short Sword": 85.17743153441748,
	"Orange": 80.06226747116,
	"Knife": 79.48285267072083,
	"Dead Snake": 77.35934689359347,
	"Stonerefiner's Skull": 68.79797979797979,
	"Poisonous Slime": 66.88417508417508,
	"White Mushroom": 66.72542156353,
	"Bolt": 66.21772809195522,
	"Werehyaena Nose": 64.2965367965368,
	"Halberd": 62.215223218669486,
	"Ultimate Health Potion": 60.93971858939403,
	"Great Spirit Potion": 59.440070219791785,
	"Brown Bread": 57.89217919514047,
	"Scale Armor": 56.71530217535605,
	"Plate Shield": 53.31897117818158,
	"Soul Orb": 53.17918902802624,
	"Glooth Capsule": 52.11399906980269,
	"Half-Digested Stones": 50.45185185185185,
	"Dragon Ham": 49.4423012985323,
	"Mace": 48.39818278496075,
	"Arrow": 47.94955313874191,
	"Sword": 46.798873282616526,
	"Sabre": 46.047363640174964,
	"Beetroot": 44.74005352232378,
	"Brass Helmet": 43.6048454875144,
	"Glooth Steak": 43.19390079192367,
	"Red Crystal Fragment": 41.992600422832986,
	"Glooth Sandwich": 41.93933241013929,
	"Pelvis Bone": 41.28166108338475,
	"Rat Cheese": 35.964613482530424,
	"Fairy Wings": 35.04961919558495,
	"Kongra's Shoulderpad": 34.443791502064265,
	"Hunting Spear": 31.00489356751177,
	"Leather Helmet": 27.715314363244318,
	"Leather Boots": 25.56130436882763,
	"Red Gem": 25.454545454545453,
	"Health Potion": 24.289858512576767,
	"Combat Knife": 24.111318002238672,
	"Banana Sash": 23.957690295760628,
	"Yellow Gem": 23.68268956043215,
	"Life Preserver": 22.7392549076199,
	"Small Enchanted Amethyst": 22.053231821341996,
	"Brown Mushroom": 22.04411625046528,
	"Cobra Tongue": 21.34416331224842,
	"Girlish Hair Decoration": 20.97919640773326,
	"Small Topaz": 20.913991234247742,
	"Cyclops Toe": 20.520550047340983,
	"Unholy Bone": 20.348389982110913,
	"Lizard Leather": 19.742363476276285,
	"Lizard Scale": 19.19472287657705,
	"Small Emerald": 18.938490917362373,
	"Mouldy Cheese": 17.990978381839014,
	"Glooth Spear": 17.015322739085327,
	"Glooth Axe": 16.9771477012618,
	"Glooth Club": 16.960734482063017,
	"Glooth Blade": 16.908284727758883,
	"Frazzle Tongue": 16.865663900414937,
	"Brass Shield": 16.733580250510045,
	"Glooth Amulet": 16.647265150201388,
	"Small Amethyst": 16.36731924873023,
	"Piece of Crocodile Leather": 15.42581315906728,
	"Frazzle Skin": 14.732365145228215,
	"Green Crystal Fragment": 14.545454545454545,
	"Cape": 14.499513238826736,
	"Viking Helmet": 14.422524126546787,
	"Leather Legs": 14.41792908983032,
	"Remains of a Fish": 14.190871369294605,
	"Battle Shield": 14.1450150610206,
	"Minotaur Horn": 13.677165053103971,
	"Ratana": 13.648960287497847,
	"Giant Shimmering Pearl (Green)": 12.985485475157754,
	"Mana Potion": 12.495685596894486,
	"Cheese": 12.379819343215985,
	"Small Axe": 12.264018224388003,
	"Steel Helmet": 12.042412561478612,
	"Green Crystal Splinter": 11.916666666666666,
	"Rubber Cap": 11.538945946908894,
	"Egg": 11.341484445815272,
	"Protective Charm": 11.213323997832982,
	"Terra Hood": 11.124163057537508,
	"Morning Star": 10.834009811132582,
	"Magic Light Wand": 10.721274840907194,
	"Ape Fur": 10.547961027157063,
	"Plate Armor": 10.263646649790122,
	"Terra Mantle": 10.177606280980221,
	"Strong Health Potion": 9.843631610497631,
	"Worm": 9.701208813181278,
	"Werebadger Claws": 9.69845878936788,
	"Fir Cone": 9.407914594817862,
	"Chain Helmet": 9.326680241300577,
	"Steel Shield": 9.197170040232757,
	"Wereboar Hooves": 9.11599456275487,
	"Terra Boots": 9.082262488158563,
	"Terra Legs": 9.074544847155343,
	"Werebadger Skull": 9.066897475988386,
	"Small Enchanted Emerald": 8.991665633242414,
	"Wereboar Tusks": 8.9555958314454,
	"Wolf Paw": 8.600297122396576,
	"Broken Crossbow": 8.570576675476046,
	"Demonic Skeletal Hand": 8.38262523144673,
	"Piercing Bolt": 8.321659584879345,
	"Brass Armor": 8.295934882480875,
	"Protection Amulet": 8.27409603510217,
	"Werewolf Fangs": 8.254586918212915,
	"Hand Axe": 8.168393782383419,
	"Obsidian Lance": 7.999164665344053,
	"Heavy Old Tome": 7.891693224552887,
	"Roll": 7.869592309065542,
	"Bow": 7.822016651260057,
	"Dowser": 7.674456288623763,
	"Brown Crystal Splinter": 7.660714285714286,
	"Big Bone": 7.613589211618257,
	"Carrot": 7.576225305303951,
	"Crossbow": 7.471978190228436,
	"Troll Green": 7.398846889214058,
	"Leather Armor": 7.280272786011295,
	"Fish Fin": 7.254149377593361,
	"Badger Fur": 7.073872721458266,
	"Piece of Iron": 7.0720954356846475,
	"Throwing Star": 7.033799246044774,
	"Bone Club": 6.96518326747286,
	"Sword Ring": 6.885018792621947,
	"Coconut": 6.869815255962912,
	"Beastslayer Axe": 6.783323799929613,
	"Battle Axe": 6.695851011001526,
	"Gloom Wolf Fur": 6.514725872224739,
	"Battle Hammer": 6.444628243351974,
	"Wolf Tooth Chain": 6.3440149098563205,
	"Assassin Star": 6.330983378788659,
	"Rotten Piece of Cloth": 6.330231108340384,
	"Wand of Starstorm": 5.958333333333333,
	"Dragon's Tail": 5.822357322445799,
	"Burst Arrow": 5.8158576550812695,
	"Warwolf Fur": 5.548843101953724,
	"Werewolf Fur": 5.50015548875298,
	"Hailstorm Rod": 5.183174961723046,
	"Doublet": 5.107142857142857,
	"Glooth Cape": 4.8041956303802085,
	"Minotaur Leather": 4.717616149873024,
	"Soldier Helmet": 4.615014169920133,
	"Shovel": 4.522025360132093,
	"Piece of Archer Armor": 4.498746357660771,
	"Piece of Warrior Armor": 4.474550519118765,
	"Rusted Armor": 4.466880895615217,
	"Hatchet": 4.267593974278988,
	"Iron Ore": 4.1753516277557,
	"Lump of Dirt": 4.001558740808512,
	"Wooden Shield": 3.9745491266249786,
	"Melon": 3.929412723669965,
	"Mammoth Whopper": 3.8081262580794593,
	"Winter Wolf Fur": 3.7,
	"Corncob": 3.6818696531566686,
	"Terra Amulet": 3.676874722809728,
	"Wand of Voodoo": 3.651578969760788,
	"Swamp Grass": 3.601163220088626,
	"Lamp": 3.5485198109608294,
	"Acorn": 3.5313399424368406,
	"Silencer Claws": 3.487366850203262,
	"Silky Fur": 3.486802250108178,
	"Skull Staff": 3.469696844163484,
	"Rope": 3.450777202072539,
	"Hunter's Quiver": 3.4506517690875236,
	"Longsword": 3.4383797260250097,
	"Wand of Decay": 3.429931265685283,
	"Black Shield": 3.4247127380291187,
	"Iron Helmet": 3.348537792293719,
	"Poison Arrow": 3.3368330157957073,
	"Swampling Club": 3.2367229574086136,
	"Chicken Feather": 3.0555462325893608,
	"Green Gem": 3.0027897080093133,
	"Strong Mana Potion": 2.9980563385582695,
	"Moonlight Crystals": 2.9507967532849455,
	"Medicine Pouch": 2.8213072378138846,
	"Shimmering Beetles": 2.765300109655152,
	"Templar Scytheblade": 2.7355325691920607,
	"Werehyaena Talisman": 2.727272727272727,
	"Red Apple": 2.6339370850708006,
	"Fur Bag": 2.5397150112866815,
	"Studded Club": 2.4994360692446853,
	"Wood": 2.400055391432792,
	"Purple Robe": 2.304699555763386,
	"Ghoul Snack": 2.209645099523534,
	"Honeycomb": 2.2088522028828455,
	"Staff": 2.1625987584650113,
	"Sentinel Shield": 2.1585047509658555,
	"Black Pearl": 2.1203580066457226,
	"Life Crystal": 2.12003716044459,
	"Werebear Fur": 1.956205894562059,
	"Goat Grass": 1.9556758887811974,
	"Werebear Skull": 1.8347862183478623,
	"Centipede Leg": 1.72989769172233,
	"Double Axe": 1.6700522017866164,
	"Blank Rune": 1.5575784142487723,
	"Terra Rod": 1.5534868412133358,
	"Book (Grey)": 1.5503668171557563,
	"Thick Fur": 1.454125961338599,
	"Brown Piece of Cloth": 1.4232421020156831,
	"Sling Herb": 1.4202718500650569,
	"Mammoth Tusk": 1.4154229889835792,
	"Rapier": 1.402358261993216,