{
	"Gold Coin": 4885.665442608591,
	"Platinum Coin": 3539.235806418541,
	"Great Health Potion": 985.7373377355847,
	"Meat": 643.8191477469386,
	"Dragon Ham": 630.0095824217276,
	"Great Mana Potion": 347.52948797871704,
	"Bone": 299.0859042315507,
	"Fish": 273.2082201439022,
	"Werehyaena Nose": 259.1796536796537,
	"Flask of Demonic Blood": 258.426932886861,
	"Axe": 257.0096136105343,
	"Knife": 234.4430099599282,
	"Skull": 228.1580874338859,
	"Ham": 208.06779321774962,
	"Red Crystal Fragment": 206.73178202117452,
	"Halberd": 188.11865315391117,
	"Worm": 164.4560743735398,
	"Red Gem": 153.80781120213393,
	"Great Spirit Potion": 137.4094071271295,
	"Dagger": 126.4,
	"Yellow Gem": 119.28438303091261,
	"Spear": 117.6005976866022,
	"Ice Rapier": 113.29864792860002,
	"Crystal Sword": 106.94784136538864,
	"Torch": 105.96793758122898,
	"Pirate Coin": 104.29304443120847,
	"Combat Knife": 95.70208085448394,
	"Small Diamond": 90.20709999054478,
	"Life Preserver": 90.10522227358726,
	"Leather Boots": 90.1016315365591,
	"Brown Crystal Splinter": 88.31254204978694,
	"Demonic Essence": 84.92787156942082,
	"Small Enchanted Amethyst": 83.9008579463125,
	"Crossbow": 79.01298748657763,
	"Strong Health Potion": 77.50121855909283,
	"Small Sapphire": 76.11245820891845,
	"Lion's Mane": 75.70690243782751,
	"Ultimate Health Potion": 75.05824248817291,
	"Pirat's Tail": 73.7793885134428,
	"Fairy Wings": 71.98754840613064,
	"Scythe": 70.38578442833762,
	"Small Amethyst": 67.39240426728355,
	"White Mushroom": 66.150262975306,
	"Bolt": 59.66708820269189,
	"Green Crystal Fragment": 58.990666938239755,
	"Strong Mana Potion": 55.7639092376904,
	"Ratana": 54.06854070707827,
	"Steel Shield": 51.31361406291996,
	"Green Crystal Splinter": 50.25,
	"Striped Fur": 48.49848403780988,
	"Dark Armor": 47.517010063760885,
	"Green Mushroom": 46.838245940684956,
	"Brown Bread": 46.66818526955201,
	"Magic Light Wand": 45.44645864126105,
	"Soul Orb": 45.28918982969465,
	"Rotten Piece of Cloth": 44.31161775838269,
	"Small Enchanted Emerald": 43.77492033358193,
	"Arrow": 43.65711503310815,
	"Burst Arrow": 43.53875071092271,
	"Wand of Inferno": 43.00121448755663,
	"Mouldy Cheese": 42.668073283751774,
	"Knight Axe": 42.425380350558726,
	"Wand of Starstorm": 42.21415734220781,
	"Crowbar": 41.1870946556112,
	"Scroll": 41.139819178118614,
	"Small Enchanted Ruby": 39.14631456393495,
	"Frazzle Tongue": 38.41623443983403,
	"Mystical Hourglass": 37.01893850830021,
	"Sabre": 36.729929985885384,
	"Dragon's Tail": 36.683203658139895,
	"Shark Fins": 34.65396929644528,
	"Frazzle Skin": 33.55705394190871,
	"Remains of a Fish": 32.32365145228216,
	"Beetroot": 32.0125722084214,
	"Royal Spear": 31.827170140883915,
	"Book (Gemmed)": 31.754981498931308,
	"Terra Boots": 30.264548097057197,
	"Wyrm Scale": 30.254935517388915,
	"Leather Helmet": 29.895246910569966,
	"Grapes": 29.020557823525927,
	"Sword Ring": 28.71428571428571,
	"Dark Shield": 27.523911446505213,
	"Rapier": 27.247852312191554,
	"Vampire Teeth": 26.781878635713927,
	"Doublet": 26.754191684604056,
	"Bony Tail": 26.667992922385345,
	"Golden Idol of Tukh": 26.60327427674366,
	"Sabretooth": 26.44319600499376,
	"Grappling Hook": 26.43465517241379,
	"Knight Armor": 25.990476972333965,
	"Rare Earth": 25.10909090909091,
	"Coal": 24.918362914263945,
	"Wand of Voodoo": 24.523943593473376,
	"Black Pearl": 23.98985280304801,
	"Power Bolt": 23.69222265094839,
	"Plate Armor": 22.455032970686172,
	"Pelvis Bone": 22.195327299515892,
	"Girlish Hair Decoration": 21.990432220993682,
	"Hailstorm Rod": 21.535714285714285,
	"Flask of Embalming Fluid": 21.176713722497773,
	"Small Enchanted Sapphire": 20.921009715932477,
	"Viking Helmet": 20.337709119569347,
	"Focus Cape": 20.087914148644437,
	"Steel Helmet": 19.915322164196603,
	"Ankh": 19.493694023030525,
	"Protection Amulet": 19.31271320851741,
	"Silver Brooch": 18.79207847578723,
	"Slightly Rusted Armor": 18.426467149871403,
	"Glob of Acid Slime": 18.42495777063987,
	"Energy Ring": 17.73886285918932,
	"Gauze Bandage": 17.519752320997075,
	"Wand of Draconia": 17.476391498668217,
	"Big Bone": 17.342064315352697,
	"Fish Fin": 16.523340248962658,
	"Longsword": 16.451642388402288,
	"Scale Armor": 16.18130845589159,
	"Piece of Iron": 16.10866182572614,
	"Ghoul Snack": 15.467515696664737,
	"Bow": 15.446130239406362,
	"Red Rose": 15.320381120659473,
	"Assassin Star": 15.112603744734658,
	"Black Shield": 14.932443174050977,
	"Hatchet": 14.62107528726462,
	"Life Ring": 14.547426193469844,
	"Cheese": 14.481911766348418,
	"Serpent Sword": 14.32842129546853,
	"Ivory Carving": 14.193188988264993,
	"Blood Preservation": 13.68884089026983,
	"Mace": 13.513924746159224,
	"Bone Club": 13.30067428626082,
	"Chain Armor": 13.163076376053263,
	"Springsprout Rod": 13.047349909558129,
	"Swamp Grass": 12.89647341211226,
	"War Hammer": 12.660143392495009,
	"Stonerefiner's Skull": 12.636363636363637,
	"Mutated Flesh": 12.567894030460408,
	"Poisonous Slime": 12.323950584776075,
	"Troll Green": 12.274925129879186,
	"Mouldy Powder": 12.159066808059384,
	"Fox Paw": 12.057900273511466,
	"Small Stone": 12.016060115545727,
	"Strange Talisman": 11.833806055680242,
	"Protective Charm": 11.730301671836042,
	"Flaming Arrow": 11.514136055335438,
	"Red Ectoplasm": 11.485983404350751,
	"Sword": 11.182011995051345,
	"Heavy Old Tome": 11.143176102939545,
	"Magma Boots": 10.861631730985316,
	"Werehyaena Talisman": 10.811188811188812,
	"Golden Mug": 10.740065730504929,
	"Medicine Pouch": 10.103655834564254,
	"Onyx Chip": 9.532786695736412,
	"Iron Ore": 9.52364968893603,
	"Orichalcum Pearl": 9.462239887771803,
	"Glob of Tar": 9.405789119392939,
	"Stone Wing": 9.360329299183789,
	"Half-Digested Stones": 9.266666666666666,
	"Werebadger Claws": 9.10163055617601,
	"Sniper Arrow": 8.641457522480204,
	"Wood": 8.595070162481536,
	"Werebadger Skull": 8.5089345543891,
	"Glorious Axe": 8.480457228625209,
	"Twin Hooks": 8.47632561613144,
	"Underworld Rod": 8.37211397670088,
	"Red Apple": 8.091968011126564,
	"Plate Legs": 8.030597253286732,
	"Moonlight Rod": 7.765140466228332,
	"Moonlight Crystals": 7.74568513878619,
	"Potato": 7.738530819026176,
	"Green Tunic": 7.722698639152153,
	"White Pearl": 7.575237425067252,
	"Voluminous Piece of Cloth": 7.44392714204035,
	"Prismatic Quartz": 7.427434499448149,
	"Ludicrous Piece of Cloth": 7.269460099648779,
	"Battle Shield": 7.224343194333976,
	"Silencer Claws": 7.207224823753409,
	"Magma Coat": 7.104732002691186,
	"Ominous Piece of Cloth": 7.036837376460018,
	"Luminous Piece of Cloth": 7.007759536061423,
	"Nightmare Blade": 6.937221988305683,
	"Red Dragon Scale": 6.857920985497921,
	"Rat Cheese": 6.846768364685309,
	"Broadsword": 6.80166335201591,
	"Obvious Piece of Cloth": 6.716981132075471,
	"Ring of Blue Plasma": 6.651113467656416,
	"Poison Arrow": 6.366830905632919,
	"Fishbone": 6.342154402754275,
	"Brown Mushroom": 6.331455555432983,
	"Cookie": 6.301011968702912,
	"Leather Legs": 6.181618683545045,
	"Mana Potion": 6.141336717843856,
	"Dubious Piece of Cloth": 6.135424324103569,
	"Boggy Dreads": 6.1200723534985215,
	"Elvish Talisman": 6.1116362111573075,
	"Bone Shield": 6.054745020848206,
	"Small Emerald": 6.003060240993674,
	"Essence of a Bad Dream": 5.940946770013392,
	"Hunting Spear": 5.917417739757451,
	"Werefox Tail": 5.795918367346938,
	"Tooth File": 5.508587884397819,
	"Blank Rune": 5.3637650276228275,
	"Melon": 5.2344535687154075,
	"Scroll of Heroic Deeds": 5.035471875150449,
	"Wood Cape": 5.010607117165237,
	"Lightning Headband": 4.808444525680863,
	"Rainbow Quartz": 4.80792918821486,
	"Lightning Boots": 4.747691333936126,
	"Small Ruby": 4.505796113451351,
	"Double Axe": 4.405970432812572,
	"Health Potion": 4.292268224402912,
	"Plate Shield": 4.236381696524055,
	"Hexagonal Ruby": 4.183897734918143,
	"Wedding Ring": 4.170691181081299,
	"Badger Fur": 4.143268308282699,
	"Spirit Cloak": 4.115384615384616,
	"Vampire's Cape Chain": 4.025506530906099,
	"Wereboar Hooves": 4.017217942908926,
	"Wereboar Tusks": 3.9465337562301763,