{
	"Gold Coin": 3433.918559311414,
	"Skull": 778.9925290413007,
	"Dagger": 754.9008967286431,
	"Dragon Ham": 382.5341459348487,
	"Brown Bread": 278.5322703113136,
	"Sabre": 220.54414103442014,
	"Meat": 200.50635093956228,
	"Plate Shield": 153.03310058700598,
	"Little Bowl of Myrrh": 110.18481085763788,
	"Mace": 99.48179071880787,
	"Chain Armor": 96.98883989375133,
	"Girlish Hair Decoration": 93.31338033821123,
	"Fish": 90.7299494350685,
	"Green Bandage": 86.0034652035807,
	"Single Human Eye": 78.01905861969391,
	"Broken Flask": 76.42217730291655,
	"Scarab Coin": 71.20072672405153,
	"Brass Helmet": 68.08226902586281,
	"Bone": 62.485970289880015,
	"Steel Shield": 56.61920706158637,
	"Ham": 52.339538597798494,
	"Protective Charm": 49.911058185301236,
	"Torch": 41.00809332156478,
	"Sword": 38.52348459146789,
	"Dragon's Tail": 34.54797527423962,
	"Crossbow": 33.6550410607635,
	"Axe": 32.402829492193845,
	"Spear": 32.10765848156719,
	"Bolt": 30.760765656937135,
	"Great Health Potion": 28.818939771343334,
	"Strong Mana Potion": 27.50057084917886,
	"Burst Arrow": 26.01241487374194,
	"Great Mana Potion": 24.566546367729543,
	"Worm": 23.208988595635653,
	"Frosty Heart": 23.085724700112667,
	"Flaming Arrow": 23.028272110670876,
	"Plate Armor": 22.704560200549682,
	"Green Mushroom": 21.256043206639742,
	"Sniper Arrow": 21.244836508849254,
	"Grapes": 20.707867913538706,
	"Bone Sword": 20.410810810810812,
	"Minotaur Horn": 19.21448661417197,
	"Ice Rapier": 19.101602903021192,
	"Bloody Pincers": 18.86435331230284,
	"Longsword": 18.7564116950412,
	"Thorn": 18.213869311754983,
	"Pirate Coin": 17.388481014838273,
	"Pharaoh Banner": 17.3375685821542,
	"Steel Helmet": 17.172749272476278,
	"Wooden Shield": 17.09315862328891,
	"Crystal Sword": 16.305323342714008,
	"White Mushroom": 15.227826118150679,
	"Royal Spear": 15.157589755636225,
	"Ice Cube": 15.059732572872612,
	"Rapier": 14.958488127927637,
	"Book (Gemmed)": 14.831123164257315,
	"Green Gem": 14.714120704591394,
	"Black Pearl": 12.511403636610298,
	"Pirat's Tail": 12.266764728878378,
	"Arrow": 12.261111500093094,
	"Coal": 12.06166457877084,
	"Health Potion": 11.972156842932486,
	"Blank Rune": 11.832607946538738,
	"Power Bolt": 10.820161851771728,
	"Strong Health Potion": 10.767048158390478,
	"Bony Tail": 10.249265936588397,
	"Small Sapphire": 9.249592336946892,
	"Winter Wolf Fur": 8.9,
	"Minotaur Leather": 8.557517704620034,
	"Energy Ring": 8.288513951417602,
	"Twigs": 7.877241156517526,
	"Elvish Talisman": 7.768523620454719,
	"Mana Potion": 7.686084985187245,
	"Wand of Inferno": 7.665655402774255,
	"Scroll": 7.009080056433818,
	"Silky Fur": 6.973604500216356,
	"Brass Legs": 6.9279000505762385,
	"Knight Axe": 6.8779246367293325,
	"Piece of Dead Brain": 6.871744471744472,
	"Crowbar": 6.761349642886463,
	"Plate Legs": 6.6472610796344815,
	"Hand Axe": 6.6125092524056255,
	"Broadsword": 6.5660882041910105,
	"Bone Club": 6.5603296726985025,
	"Dead Frog": 6.43620609388806,
	"Knife": 6.408810451046725,
	"Leather Boots": 6.015762750609192,
	"Orc Leather": 5.915402001768148,
	"Leather Helmet": 5.781018126947164,
	"Shark Fins": 5.688859699532058,
	"Poison Arrow": 5.242682822579493,
	"Poison Dagger": 5.181757131814814,
	"Knight Armor": 5.040172762858972,
	"Melon": 5.016351336685599,
	"Golden Mug": 5.016133851210038,
	"Carrion Worm Fang": 4.994507059445823,
	"Rotten Piece of Cloth": 4.710869662020751,
	"Bow": 4.654441941683383,
	"Crystal Necklace": 4.52436800920091,
	"Small Stone": 4.475619944096575,
	"Beetroot": 4.292709391475272,
	"Grappling Hook": 4.161724137931034,
	"Broken Crossbow": 4.132242325675951,
	"Cheese": 4.049183308789196,
	"Bonelord Eye": 4.0255528255528255,
	"Shovel": 3.988271202612295,
	"Viking Helmet": 3.951944463707286,
	"Carrot": 3.9508041616059044,
	"Piercing Bolt": 3.943101176493548,
	"Leather Armor": 3.833312148583218,
	"Lump of Dirt": 3.501363898207448,
	"Double Axe": 3.4889130432735374,
	"Studded Armor": 3.4540427101094084,
	"Green Dragon Scale": 3.3792563129030313,
	"Green Dragon Leather": 3.3147024132379403,
	"Terra Boots": 3.3022269353128313,
	"Rope": 3.294262135459654,
	"Vampire Teeth": 3.2819743582486627,
	"White Pearl": 3.248854535238978,
	"Red Dragon Scale": 3.2029831536852753,
	"Bread": 3.200014470209456,
	"Heavy Old Tome": 2.950988904816703,
	"Elven Scouting Glass": 2.9281744516566968,
	"Platinum Coin": 2.889795918367347,
	"Focus Cape": 2.87940234791889,
	"Short Sword": 2.8168030185723016,
	"Clerical Mace": 2.8088046854214297,
	"Spider Silk": 2.7737816420707317,
	"Small Axe": 2.760017253513133,
	"Hatchet": 2.7295401194967637,
	"Broken Helmet": 2.56541615585276,
	"Scale Armor": 2.542141790130416,
	"Wand of Starstorm": 2.5417241379310345,
	"Small Diamond": 2.459018732334386,
	"Dead Snake": 2.3585166735851666,
	"Bone Shield": 2.2762976485546917,
	"Mouldy Powder": 2.2332979851537647,
	"Crystal Ring": 2.2042079434546156,
	"Piece of Archer Armor": 2.1690384224435864,
	"Studded Club": 2.1414724581153175,
	"Time Ring": 2.135938059325033,
	"Blood Preservation": 2.127755922225681,
	"Throwing Knife": 2.115736690807945,
	"Tortoise Egg": 2.0866826497415207,
	"Springsprout Rod": 2.0549010325574075,
	"Brown Mushroom": 2.050654682629747,
	"Piece of Warrior Armor": 2.0384063475985483,
	"Studded Shield": 2.01772324471711,
	"Soldier Helmet": 2.0116728432985194,
	"Leather Legs": 2.0110567621352295,
	"Cookie": 2.010437814402124,
	"Turtle Shell": 2.003047195542696,
	"Magma Boots": 2.0022165700571684,
	"Haunted Blade": 1.9734643734643735,
	"Frosty Ear of a Troll": 1.9538039089000163,
	"Life Crystal": 1.8981044110030059,
	"Studded Helmet": 1.8920668618690257,
	"Brass Armor": 1.8696003757925004,
	"Warwolf Fur": 1.8673000221778944,
	"Banana": 1.829144551943367,
	"Hunting Spear": 1.817905319992968,
	"Wolf Tooth Chain": 1.7995646895284825,
	"Elven Astral Observer": 1.7947039033390007,
	"Dragon Hammer": 1.6906065788227573,
	"Green Tunic": 1.6782187172159315,
	"Red Dragon Leather": 1.6595573533129553,
	"Rope Belt": 1.6559215000404963,
	"Orcish Gear": 1.6476495809030862,
	"Ghoul Snack": 1.6443870508082112,
	"Serpent Sword": 1.641914404525144,
	"Battle Axe": 1.6387865869234914,
	"Cultish Robe": 1.584486164315348,
	"Wand of Voodoo": 1.5679351166498503,
	"Orc Tooth": 1.4778042401773916,
	"Halberd": 1.4644729517643382,
	"Battle Shield": 1.4476569195795863,
	"Pelvis Bone": 1.3997053251946958,
	"Voluminous Piece of Cloth": 1.3800539083557952,
	"Strange Helmet": 1.3708685879506337,
	"Ludicrous Piece of Cloth": 1.3477088948787062,
	"Shard": 1.3431033021528074,
	"Small Ruby": 1.3430340979551822,
	"Ominous Piece of Cloth": 1.3045822102425877,
	"Luminous Piece of Cloth": 1.2991913746630728,
	"Spellbook": 1.2972972972972971,
	"Cleaver": 1.2600097341001422,
	"Sling Herb": 1.2517405382815339,
	"Obvious Piece of Cloth": 1.2452830188679245,
	"Glacier Mask": 1.2352873794194146,
	"Ring of Blue Plasma": 1.2216330858960764,
	"Coat": 1.2062227751560903,
	"Swampling Moss": 1.1969640793003424,
	"Corncob": 1.1921990516798644,
	"Throwing Star": 1.1827928739428515,
	"Battle Hammer": 1.1490440335988308,
	"Dubious Piece of Cloth": 1.1374663072776279,
	"Wand of Dragonbreath": 1.0815083655572764,
	"Heaven Blossom": 1.0580190631621607,
	"Knight Legs": 1.0569100218693444,
	"Hardened Bone": 1.055071493472335,
	"Badger Fur": 1.0105532459226094,
	"Grave Flower": 1.0062160613286326,
	"Dragon Shield": 0.9963754078742326,
	"Orcish Axe": 0.9854463745570823,
	"Bronze Amulet": 0.9140226614799711,
	"Wood Cape": 0.9066808059384942,
	"Piece of Swampling Wood": 0.8959891823515299,
	"Copper Shield": 0.8865436295533735,
	"Lightning Boots": 0.8685047720042418,
	"Cape": 0.8379987909740347,
	"Acorn": 0.8334564218142785,
	"Broken Shamanic Staff": 0.8148148148148148,
	"Pick": 0.8121358149140707,
	"Demonic Skeletal Hand": 0.7185107341240053,
	"Boggy Dreads": 0.6909759108788653,
	"Thick Fur": 0.6887965080024943,
	"Red Apple": 0.6787802034901462,
	"Mammoth Tusk": 0.670463521097485,
	"Brown Piece of Cloth": 0.6692324300687027,
	"Powder Herb": 0.668144796259124,