{
	"Gold Coin": 3424.4349609220753,
	"Platinum Coin": 1658.4892846841196,
	"Dragon Ham": 597.8326903096688,
	"Meat": 561.4206798605209,
	"Beetroot": 231.14180971084915,
	"Great Health Potion": 196.36771053815346,
	"Ham": 106.9292312937271,
	"Steel Shield": 79.74190147329806,
	"Skull": 79.4655429891498,
	"Fox Paw": 77.13620871028824,
	"Axe": 71.28359466410359,
	"Dagger": 69.68944584440057,
	"Werehyaena Nose": 63.930735930735935,
	"Lion's Mane": 63.498913267297524,
	"Knife": 58.484848484848484,
	"Crossbow": 57.31786973110829,
	"Worm": 56.89086881702557,
	"Dragon's Tail": 56.13079020805684,
	"Fir Cone": 55.724231098392536,
	"Werebadger Claws": 51.92405628769265,
	"Werebadger Skull": 48.54277417913782,
	"Great Mana Potion": 47.825067175751,
	"Troll Green": 46.99214944409749,
	"Bone": 46.80613892740223,
	"White Mushroom": 46.632941457581516,
	"Halberd": 45.37181945505721,
	"Dowser": 44.95516615755883,
	"Burst Arrow": 42.626743081515265,
	"Brown Mushroom": 41.776368279066304,
	"Red Crystal Fragment": 41.38927738927739,
	"Small Amethyst": 39.39196952362316,
	"Mana Potion": 37.8146727723575,
	"Small Sapphire": 36.97313113865751,
	"Werefox Tail": 36.48979591836734,
	"Spear": 36.474252972479576,
	"Badger Fur": 35.77358490566038,
	"Bolt": 35.14715074720513,
	"Wereboar Hooves": 35.07340280924331,
	"Wereboar Tusks": 34.45627548708654,
	"Strong Mana Potion": 29.929606358937082,
	"Combat Knife": 28.60048587486446,
	"Small Enchanted Amethyst": 26.51161238090071,
	"Longsword": 25.943104759174176,
	"Brown Bread": 25.697038724373577,
	"Red Gem": 25.6745540780822,
	"Strong Health Potion": 25.286338904017047,
	"Small Ruby": 24.078377462197444,
	"Rope Belt": 23.755887023692207,
	"Small Topaz": 23.659649542360373,
	"Yellow Gem": 23.464646712563624,
	"Life Preserver": 22.494172494172492,
	"Sabre": 22.071605852676885,
	"Wyvern Talisman": 20.784349865951743,
	"Wooden Trash": 19.87184754578434,
	"Cultish Robe": 19.74042705963439,
	"Swampling Club": 18.68845194770035,
	"Acorn": 17.858490566037737,
	"Steel Helmet": 16.256345847740153,
	"Small Enchanted Emerald": 15.869387755102041,
	"Emerald Bangle": 15.734116796321727,
	"Werebear Fur": 15.649647156496473,
	"Assassin Star": 15.445288987363588,
	"Cheese": 14.812256094166761,
	"Werebear Skull": 14.678289746782898,
	"Green Crystal Fragment": 14.396270396270396,
	"Green Mushroom": 14.315950008985286,
	"Moonlight Crystals": 14.119887549570482,
	"Morning Star": 13.557186392673977,
	"Ratana": 13.496503496503497,
	"Power Bolt": 13.160228353244378,
	"Moonlight Rod": 12.875729826658697,
	"Arrow": 12.56195986353475,
	"Green Crystal Splinter": 12,
	"Girlish Hair Decoration": 11.75268707170488,
	"Rotten Piece of Cloth": 11.62995947811373,
	"Royal Spear": 10.829004636896927,
	"Shadow Herb": 10.790403350632797,
	"Broadsword": 10.560477309708913,
	"Plate Legs": 10.536567909477652,
	"Torch": 10.394123131006305,
	"Hatchet": 10.233675375257583,
	"Book (Gemmed)": 10.09972190940222,
	"Chain Armor": 9.665297257508044,
	"Ultimate Health Potion": 9.653742269179299,
	"Ankh": 9.251041515080464,
	"Ring of Healing": 9.24877772793264,
	"Small Emerald": 9.075519711819362,
	"Piercing Bolt": 8.675379161801047,
	"Health Potion": 8.511949547159823,
	"Brown Crystal Splinter": 7.7142857142857135,
	"Fish": 7.50404399634378,
	"Venison": 7.102158870177618,
	"Wand of Inferno": 6.991319754401381,
	"Blank Rune": 6.936162913455592,
	"Sword Ring": 6.857142857142857,
	"Cape": 6.784364571297669,
	"Protective Charm": 6.270474790452867,
	"Flaming Arrow": 6.199919414411389,
	"Wand of Starstorm": 6,
	"Double Axe": 5.877398768551884,
	"Energy Ring": 5.863942630842312,
	"Grapes": 5.858163635643702,
	"Studded Armor": 5.609274982279096,
	"Plate Armor": 5.513273646474261,
	"Mace": 5.505222662067227,
	"Green Dragon Scale": 5.504248779605858,
	"Green Dragon Leather": 5.39910117002867,
	"Hailstorm Rod": 5.388515549338146,
	"Red Mushroom": 5.332051226015123,
	"Protection Amulet": 5.262698030454828,
	"Leather Legs": 5.229661183029674,
	"Hunting Spear": 5.20695576746907,
	"Doublet": 5.142857142857142,
	"Brass Shield": 5.080404569441559,
	"Werewolf Amulet": 5.053284279120673,
	"Throwing Knife": 4.889967399563693,
	"Cultish Mask": 4.839979808177688,
	"Elven Hoof": 4.770578651627858,
	"Wand of Voodoo": 4.7499920227192955,
	"Candlestick": 4.530748746572866,
	"Magic Light Wand": 4.41289858534099,
	"Rope": 4.407312017738344,
	"Honeycomb": 4.330887843866337,
	"Red Apple": 4.303264068480751,
	"Bony Tail": 4.278819759934962,
	"Heavy Old Tome": 4.210622168239327,
	"Vampire Teeth": 4.185087213856639,
	"Poison Arrow": 4.149292590483046,
	"Flask of Embalming Fluid": 4.114332951799567,
	"Ghoul Snack": 4.059580531682771,
	"Leather Helmet": 4.011836578774146,
	"Stone Skin Amulet": 3.9612608178765036,
	"Great Spirit Potion": 3.7899537055797037,
	"Wereboar Loincloth": 3.565624528016916,
	"Damselfly Wing": 3.545990656352914,
	"Book (Orange)": 3.5277067173004784,
	"Copper Shield": 3.516215631011381,
	"Black Shield": 3.4989960866975602,
	"Pick": 3.4702539554740195,
	"Carrot": 3.46975799012724,
	"Bear Paw": 3.448285063416985,
	"Viking Helmet": 3.432702768040331,
	"Golden Mug": 3.4158948311921122,
	"Gauze Bandage": 3.403837593793717,
	"Pelvis Bone": 3.399284361187118,
	"Haunted Piece of Wood": 3.3882599763975696,
	"Scroll": 3.3133938556890787,
	"Coal": 3.252663141776262,
	"Berserk Potion": 3.234157590955078,
	"Pirate Voodoo Doll": 3.1325992664874054,
	"Hand Axe": 3.1117690599555883,
	"Demon Horn": 3.012477274425323,
	"Damselfly Eye": 2.996094049169028,
	"Fire Mushroom": 2.9687694568276344,
	"Demonic Essence": 2.9564416108385423,
	"Badger Boots": 2.9537636810364085,
	"Plate Shield": 2.809569995182804,
	"Small Diamond": 2.796959117425932,
	"Small Enchanted Ruby": 2.7770729497054827,
	"Dragon Hammer": 2.738409484205904,
	"Letter": 2.7059228480810367,
	"Werehyaena Talisman": 2.699300699300699,
	"Might Ring": 2.699163905789512,
	"Blood Preservation": 2.683854247460533,
	"Furry Club": 2.681787429445876,
	"Marsh Stalker Feather": 2.67927939357417,
	"Serpent Sword": 2.67440659141979,
	"Bow": 2.6477847809446002,
	"Voluminous Piece of Cloth": 2.551008739687985,
	"Demonic Skeletal Hand": 2.5147875694340187,
	"Throwing Star": 2.499154448137275,
	"Ludicrous Piece of Cloth": 2.4912194723515477,
	"Leather Boots": 2.4389496059262608,
	"Ominous Piece of Cloth": 2.4115004492362986,
	"Bread": 2.4075705455205973,
	"Luminous Piece of Cloth": 2.401535571346892,
	"Studded Helmet": 2.395479962168963,
	"Bone Club": 2.3810610732964803,
	"Obvious Piece of Cloth": 2.30188679245283,
	"Studded Shield": 2.2867530106793907,
	"Soldier Helmet": 2.248340236627757,
	"Black Pearl": 2.241518677335365,
	"Scarab Coin": 2.202236486215825,
	"Red Dragon Scale": 2.1811725770494816,
	"Small Stone": 2.1359892767702755,
	"Dubious Piece of Cloth": 2.1025892346647064,
	"Platinum Amulet": 2.091050540253836,
	"Half-Digested Piece of Meat": 1.9746479117976699,
	"Elvish Talisman": 1.963314613855348,
	"Shovel": 1.947062772777195,
	"Fur Armor": 1.8957868873765369,
	"Marsh Stalker Beak": 1.892701956928542,
	"Crown Helmet": 1.8576661941104586,
	"Silver Amulet": 1.744247446700452,
	"Strange Talisman": 1.6928653185806946,
	"Egg": 1.6905497710948523,
	"Sword": 1.673362922035797,
	"Iron Helmet": 1.6571224181924586,
	"Two Handed Sword": 1.6552232152708664,
	"Broken Helmet": 1.6512715828867908,
	"Scarab Pincers": 1.6469475151877304,
	"Dragon Shield": 1.6229304956479065,
	"Book of Necromantic Rituals": 1.6113847837985769,
	"Studded Legs": 1.583130180399805,
	"Piece of Scarab Shell": 1.5587690835725279,
	"Brass Legs": 1.5573694144177268,
	"Minotaur Horn": 1.502479505614628,
	"Small Enchanted Sapphire": 1.4678289746782898,
	"Scarf": 1.4485747855633193,
	"Battle Shield": 1.4349059757821285,
	"Life Crystal": 1.430999206875453,
	"White Piece of Cloth": 1.430073750341437,
	"Silver Brooch": 1.4270234401919515,
	"Underworld Rod": 1.3829590556863285,
	"Wooden Shield": 1.3680741782915913,
	"Ghostly Tissue": 1.3660657379586634,
	"Melon": 1.3086133921788519,