{
	"Gold Coin": 6564.13198162024,
	"Platinum Coin": 3643.166090600915,
	"Meat": 840.4734902369124,
	"Skull": 696.319491840483,
	"Dagger": 676.8357783377603,
	"Great Health Potion": 665.1372625331328,
	"Dragon Ham": 566.1261343277845,
	"Spear": 546.0151150312507,
	"Flask of Demonic Blood": 475.08433921647656,
	"Soul Orb": 388.09720155671175,
	"Fish": 338.5076640355946,
	"Golden Lotus Brooch": 337.09414216398443,
	"Demonic Essence": 311.5427621017329,
	"Peacock Feather Fan": 287.14053557536386,
	"Brown Bread": 249.88154897494306,
	"Sabre": 203.78599160576135,
	"Great Mana Potion": 163.60619608905745,
	"Axe": 145.59750961355888,
	"Werehyaena Nose": 136.25974025974025,
	"Chain Armor": 133.62431869341765,
	"Knife": 132.95756346979596,
	"Steel Shield": 128.26242937337807,
	"Girlish Hair Decoration": 127.19482640087949,
	"Torch": 126.78904851843146,
	"Small Ruby": 124.5635794686728,
	"Small Diamond": 121.38637188171829,
	"Assassin Star": 118.63237801370292,
	"Halberd": 112.37861208310679,
	"Red Crystal Fragment": 100.48715429623212,
	"Small Topaz": 96.78611449491785,
	"Worm": 95.29802539883869,
	"Small Emerald": 92.32993430295394,
	"Orc Leather": 88.41023531294654,
	"Crossbow": 86.65042458807609,
	"Dragon's Tail": 84.19218574704482,
	"White Pearl": 81.47652559511792,
	"Red Gem": 80.10788353864368,
	"Leather Boots": 73.67296852182277,
	"Small Amethyst": 73.49945202046288,
	"Small Sapphire": 71.43726508327006,
	"Protective Charm": 67.81556092734044,
	"Burst Arrow": 67.25974379382569,
	"Arrow": 66.81455120737309,
	"Broken Helmet": 65.04638837780851,
	"Yellow Gem": 63.64586422297197,
	"Hellspawn Tail": 63.25819730305181,
	"Red Apple": 55.20688456189151,
	"Mouldy Cheese": 54.053336031853135,
	"Combat Knife": 53.25144472288826,
	"Silver Brooch": 51.00220889266628,
	"Blank Rune": 49.99828287124036,
	"Life Preserver": 49.94172494172494,
	"Ham": 49.242977730720895,
	"Black Pearl": 49.16435941311899,
	"Longsword": 46.228213304207635,
	"Small Enchanted Amethyst": 46.17935545208273,
	"Hunting Spear": 45.954139214843366,
	"Wolf Tooth Chain": 45.1958481112013,
	"Scroll": 44.49242122779727,
	"Bone": 43.17255501678956,
	"Shaggy Tail": 42.42139780920584,
	"Studded Helmet": 42.36765835834093,
	"Poison Arrow": 40.953155578518306,
	"Battle Shield": 40.37055983142685,
	"Cookie": 39.83614500336724,
	"Green Crystal Fragment": 35.133397204549766,
	"Steel Helmet": 34.23772911208596,
	"Necrotic Rod": 33.84620465198556,
	"Red Piece of Cloth": 32.85737704918033,
	"Morning Star": 32.80897768663003,
	"Orc Tooth": 32.595687337195365,
	"Melon": 31.842925876352062,
	"Ultimate Health Potion": 31.73054555534509,
	"Lump of Earth": 31.674983325063284,
	"Mystic Turban": 31.60327868852459,
	"Warwolf Fur": 30.73169552500792,
	"Ratana": 29.965034965034967,
	"Studded Legs": 28.12384202827889,
	"Plate Legs": 28.12032023689666,
	"Grapes": 28.008357727716263,
	"Orcish Axe": 27.853435997590392,
	"Tribal Mask": 26.62626262626263,
	"Green Crystal Splinter": 25.95164384169675,
	"Bow": 25.294824095338612,
	"Red Mushroom": 24.899503193754434,
	"Compass": 24.894876588568355,
	"Elvish Talisman": 24.632688106125205,
	"Heavy Old Tome": 24.25264267169927,
	"Plate Armor": 22.97619388581108,
	"Plate Shield": 22.46713999333643,
	"Wand of Inferno": 22.112462691654493,
	"Bread": 20.31313533263394,
	"Earth Arrow": 19.984949096521294,
	"Plum": 19.242275055045646,
	"Broken Crossbow": 18.0804179305696,
	"Small Enchanted Emerald": 17.311197310576674,
	"Broadsword": 16.76328740959061,
	"Protection Amulet": 16.348673971089056,
	"Swamp Grass": 16.282182422451992,
	"Studded Armor": 16.171444630697042,
	"Elven Scouting Glass": 15.852530652072462,
	"Tarantula Egg": 15.548098594068614,
	"Orcish Gear": 15.446714820966433,
	"Brown Crystal Splinter": 15.393034303561587,
	"Silver Amulet": 15.363634629361751,
	"Small Stone": 15.002613131877915,
	"Strong Health Potion": 14.522420830524617,
	"Cheese": 14.154403577457707,
	"Star Herb": 13.894092582806003,
	"Mysterious Fetish": 13.795081967213115,
	"Witch Broom": 13.157710209756393,
	"Sword Ring": 13.141118410126298,
	"Wand of Starstorm": 12.839296797678358,
	"Medicine Pouch": 12.756166912850812,
	"Lamassu Horn": 12.632776689691003,
	"Underworld Rod": 11.692037178575202,
	"Blue Gem": 11.492952920808637,
	"Double Axe": 11.421014315407803,
	"Elven Astral Observer": 11.392468255978004,
	"Focus Cape": 11.28688524590164,
	"Knight Legs": 10.899792802453124,
	"Wood": 10.851532496307238,
	"Green Tunic": 10.653040552762,
	"Blue Crystal Shard": 10.432878718097193,
	"Ruby Necklace": 10.28360655737705,
	"Health Potion": 10.188528382761296,
	"Obsidian Lance": 9.949498038323382,
	"Heavily Rusted Armor": 9.94484475709221,
	"Doublet": 9.787441939503795,
	"Hailstorm Rod": 9.714285714285714,
	"Rotten Piece of Cloth": 9.56895400097965,
	"Oriental Shoes": 9.538948720111726,
	"Rusted Armor": 9.364595820831195,
	"Machete": 8.945148707947343,
	"Green Dragon Scale": 8.717652021936962,
	"Violet Crystal Shard": 8.651296829971182,
	"Short Sword": 8.650515819474846,
	"Battle Axe": 8.604040326007185,
	"Green Dragon Leather": 8.551118802248798,
	"Dirty Cape": 8.507874015748031,
	"Two Handed Sword": 8.227418757077276,
	"Cape": 7.8928397652047675,
	"Troll Green": 7.791668999363372,
	"Leather Helmet": 7.629313836735798,
	"Spider Fangs": 7.6026062074507275,
	"Skull Belt": 7.530062756983726,
	"Lamassu Hoof": 7.457157151320554,
	"Wand of Voodoo": 7.323765349437117,
	"Strong Mana Potion": 7.262235220182454,
	"Sling Herb": 7.170619863324884,
	"Dead Snake": 7.0755500207555,
	"Magma Coat": 7.022950819672131,
	"Corncob": 6.91005291005291,
	"Leather Legs": 6.8063142538167725,
	"Crystal Ring": 6.698639407108017,
	"Black Shield": 6.573584210222407,
	"Broken Shamanic Staff": 6.518518518518518,
	"Terra Amulet": 6.4030979827089345,
	"Scale Armor": 6.069484436594006,
	"Blue Robe": 6.028587764436821,
	"Werehyaena Talisman": 5.993006993006993,
	"Studded Shield": 5.985912292660759,
	"Beetroot": 5.969773501760303,
	"Hand Axe": 5.834566987416728,
	"Opal": 5.826271715371848,
	"Warrior Helmet": 5.528120868047342,
	"Voluminous Piece of Cloth": 5.520215633423181,
	"Sphinx Feather": 5.518091691409591,
	"Ludicrous Piece of Cloth": 5.390835579514825,
	"Terra Hood": 5.332068418619109,
	"Pelvis Bone": 5.283132907246058,
	"Ominous Piece of Cloth": 5.218328840970351,
	"Luminous Piece of Cloth": 5.196765498652291,
	"Sickle": 5.154566886296318,
	"Mace": 5.0857149368633765,
	"Obvious Piece of Cloth": 4.981132075471698,
	"Magma Amulet": 4.963892979218691,
	"Elven Amulet": 4.92948028495737,
	"Brass Legs": 4.837707765279151,
	"Shamanic Hood": 4.804232804232805,
	"Serpent Sword": 4.5548735091324195,
	"Dubious Piece of Cloth": 4.5498652291105115,
	"Death Ring": 4.5147540983606556,
	"Sphinx Tiara": 4.453726536158221,
	"Green Gem": 4.3924457328079365,
	"Dragon Hammer": 4.386446391924486,
	"Assassin Dagger": 4.270249666476082,
	"Viking Helmet": 4.161029670801816,
	"Fafnar Symbol": 3.6980696278969,
	"Flask of Embalming Fluid": 3.388274195599644,
	"Throwing Star": 3.385484044846917,
	"Fox Paw": 3.374963181148748,
	"Ghoul Snack": 3.340161196954179,
	"Garlic Necklace": 3.3153599709847064,
	"Lightning Headband": 3.3009225387830297,
	"Sword": 3.260718564115855,
	"Magma Boots": 3.2088283818840475,
	"Sandals": 3.199171668449636,
	"Candlestick": 3.1901023767319034,
	"Onyx Chip": 3.182148105318728,
	"Roll": 3.128558599530056,
	"Berserk Potion": 3.0469419917749505,
	"Copper Shield": 3.0339372288849193,
	"Winter Wolf Fur": 3,
	"Brass Shield": 2.978597264255616,
	"Holy Orchid": 2.9682740657671016,
	"Secret Instruction": 2.902513865330004,
	"Gold Ingot": 2.8877310721066265,
	"Spiked Squelcher": 2.8659826467902616,
	"Rainbow Quartz": 2.8555186977080087,
	"Rope": 2.811558283990057,
	"Spider Silk": 2.8107977189158246,
	"Gauze Bandage": 2.8031603713595317,
	"Spellbook of Mind Control": 2.761988271205716,
	"Heaven Blossom": 2.7141117788813114,
	"Life Crystal": 2.6681111903206105,
	"Coat": 2.65707550021157,
	"Stone Herb": 2.639775264712238,