{
	"Gold Coin": 3807.2207129094613,
	"Platinum Coin": 1795.259523389217,
	"White Mushroom": 574.9226613343527,
	"Meat": 571.5591929861785,
	"Dragon Ham": 273.49567287047853,
	"Great Health Potion": 247.48427876840037,
	"Leather Boots": 219.16014849724345,
	"Ham": 195.51703870082022,
	"Bolt": 163.4030004558156,
	"Axe": 106.42634225655414,
	"Spear": 95.31605180944524,
	"Great Mana Potion": 84.59329078548974,
	"Great Spirit Potion": 84.22120300809586,
	"Bone": 78.76550550643447,
	"Chain Armor": 78.11058314722901,
	"Werehyaena Nose": 70.76623376623377,
	"Knife": 67.7866827773113,
	"Studded Helmet": 55.88474085773024,
	"Blank Rune": 55.171166429949736,
	"Broken Helmet": 51.966488049672535,
	"Soldier Helmet": 51.12015695911532,
	"Tainted Glooth Capsule": 50.42507847332553,
	"Halberd": 50.114182818154234,
	"Rare Earth": 48.623953823953826,
	"Scale Armor": 48.55453934770257,
	"Red Crystal Fragment": 48.31585249524731,
	"Glooth Bag": 46.62312823444397,
	"Studded Legs": 46.56265236470015,
	"Studded Armor": 43.44101820655251,
	"Shovel": 43.363522860143874,
	"Pear": 40.40640809443508,
	"Heavy Old Tome": 37.88154866322875,
	"Coal": 37.70089820232358,
	"Lion's Mane": 36.09669953824359,
	"Torch": 35.328613422238064,
	"Battle Shield": 35.217025129427334,
	"Fairy Wings": 33.57469122549592,
	"Red Gem": 33.25227558224677,
	"Lump of Dirt": 32.91282064315001,
	"Studded Shield": 32.75437400590775,
	"Orc Leather": 32.74979075069806,
	"Wyvern Talisman": 32.197721179624665,
	"Seacrest Scale": 30.62418365327528,
	"Glob of Acid Slime": 30.49119769119769,
	"Strong Health Potion": 28.543204918046946,
	"Combat Knife": 28.090352253300917,
	"Sabre": 26.88957055214724,
	"Soul Orb": 26.272271745927824,
	"Fish": 25.88017604975622,
	"Worm": 25.803689834588575,
	"Yellow Gem": 25.71560136144871,
	"Stonerefiner's Skull": 24.47041847041847,
	"Ultimate Health Potion": 23.98804981767674,
	"Life Preserver": 23.834498834498834,
	"Poisonous Slime": 23.78970658970659,
	"Magic Light Wand": 23.415150841877516,
	"Small Sapphire": 22.301746478324564,
	"Small Enchanted Amethyst": 22.227269863633502,
	"Mace": 22.199965744284647,
	"Skull": 21.671011725421874,
	"Battle Hammer": 21.613884893826206,
	"Dark Armor": 21.221252973830293,
	"Strong Mana Potion": 20.847421977591026,
	"Seacrest Hair": 20.828814565604592,
	"Leather Helmet": 19.65515833093372,
	"Short Sword": 19.413642901291563,
	"Glooth Capsule": 19.309972628411806,
	"Small Amethyst": 18.926795821213297,
	"Crystal Sword": 18.02822688066133,
	"Half-Digested Stones": 17.944973544973543,
	"Frazzle Tongue": 17.56839989626556,
	"Green Crystal Fragment": 17.367241685503625,
	"Piercing Bolt": 16.55775976535405,
	"Green Crystal Splinter": 16.118275696445725,
	"Glooth Steak": 16.0244651715891,
	"Cheese": 15.804492475126612,
	"Glooth Sandwich": 15.54496266301619,
	"Shiver Arrow": 15.439540866811795,
	"Frazzle Skin": 15.346213692946058,
	"Sword": 15.19659468672341,
	"Machete": 14.809848854217455,
	"Remains of a Fish": 14.782157676348547,
	"Crossbow": 14.352802899672609,
	"Ratana": 14.300699300699302,
	"Leather Legs": 13.386039676016079,
	"Geomancer's Robe": 13.27246446639364,
	"Dwarven Shield": 13.124635842961613,
	"Rapier": 13.106561871687077,
	"Carrion Worm Fang": 12.885828213370225,
	"Rat Cheese": 12.687061087061087,
	"Steel Helmet": 12.553722083083528,
	"Hatchet": 12.468564983916185,
	"Seacrest Pearl": 12.380763902632099,
	"Black Pearl": 12.319618270708618,
	"Small Diamond": 12.253744208341597,
	"Battle Axe": 12.005819729442631,
	"Sea Serpent Scale": 11.956938105090625,
	"Beetroot": 11.426308221482945,
	"Small Enchanted Emerald": 10.846425590240221,
	"Geomancer's Staff": 10.837870392676463,
	"Pelvis Bone": 10.797726794359082,
	"Serpent Sword": 10.74653379753186,
	"Small Enchanted Sapphire": 10.094567537092633,
	"Terra Boots": 9.8261076281482,
	"Cyclops Toe": 9.806898617569098,
	"Power Bolt": 9.76257775309867,
	"Rotten Piece of Cloth": 9.716168677917798,
	"Brown Crystal Splinter": 9.535714285714285,
	"Ankh": 9.376713580698226,
	"Viking Helmet": 9.116809189173589,
	"White Pearl": 9.070294917048285,
	"Plate Legs": 8.965088599000616,
	"Wand of Starstorm": 8.797844340247469,
	"Small Emerald": 8.749223687501136,
	"Doublet": 8.698142064121445,
	"Iron Ore": 8.526528131252196,
	"Sword Ring": 8.476190476190476,
	"Big Bone": 8.319682854929356,
	"Small Topaz": 8.11881884274621,
	"Fish Fin": 7.839303653317791,
	"Giant Shimmering Pearl (Green)": 7.623622325207947,
	"Piece of Iron": 7.366766078838174,
	"Plate Shield": 6.968879711660947,
	"Assassin Star": 6.884873300938757,
	"Terra Hood": 6.859618609991182,
	"Ivory Carving": 6.602939498887582,
	"Hailstorm Rod": 6.357142857142857,
	"Glooth Spear": 6.308907573271977,
	"Glooth Axe": 6.304551864515789,
	"Glooth Club": 6.293878385145195,
	"Glooth Blade": 6.273383590459874,
	"Glooth Amulet": 6.180043223054988,
	"Lamassu Horn": 5.627161383285302,
	"Skull Belt": 5.5515862890193075,
	"Silver Brooch": 5.4455509553441415,
	"Flask of Demonic Blood": 5.369417816226327,
	"Copper Shield": 5.364968988919296,
	"Protection Amulet": 5.2976190476190474,
	"Spirit Cloak": 5.148725965648705,
	"Small Enchanted Ruby": 4.978336897198626,
	"Glacier Kilt": 4.81221772263531,
	"Orc Tooth": 4.765459893285247,
	"Morning Star": 4.719536309802891,
	"Brass Shield": 4.665398444013243,
	"Wand of Voodoo": 4.625065268827024,
	"War Hammer": 4.600632877281861,
	"Terra Amulet": 4.5615455144485715,
	"Violet Crystal Shard": 4.489913544668588,
	"Twin Hooks": 4.427931292008962,
	"Blue Crystal Shard": 4.297910662824207,
	"Rubber Cap": 4.288744775743221,
	"Black Shield": 4.239923420722734,
	"Deepling Scales": 4.12807881773399,
	"Terra Legs": 3.859330791923851,
	"Glacier Mask": 3.8234712052246187,
	"Terra Mantle": 3.7728247041750054,
	"Lightning Headband": 3.642694323569574,
	"Silencer Claws": 3.6036124118767043,
	"Rainbow Quartz": 3.5790478943796034,
	"Moonlight Crystals": 3.534746350417383,
	"Glacier Shoes": 3.5321591133979813,
	"Green Gem": 3.419166222049039,
	"Ghoul Snack": 3.3915482922919358,
	"Warwolf Fur": 3.368940454757618,
	"Double Axe": 3.3620696343754584,
	"Lamassu Hoof": 3.323126801152738,
	"Onyx Chip": 3.280468476827549,
	"Brown Mushroom": 3.227929154406036,
	"Compass": 3.2259189899777896,
	"Arrow": 3.211687976435397,
	"Dark Shield": 3.1860876565855727,
	"Wand of Inferno": 3.170728947767106,
	"Sphinx Feather": 3.1637059030748325,
	"Health Potion": 2.96781442205244,
	"Centipede Leg": 2.9510019447027984,
	"Glacier Amulet": 2.929625062734825,
	"Corncob": 2.915178571428571,
	"Werehyaena Talisman": 2.86013986013986,
	"Raspberry": 2.8492603439213036,
	"Glorious Axe": 2.8265558969505546,
	"Wereboar Hooves": 2.7811508835523333,
	"Broken Shamanic Staff": 2.75,
	"Ice Rapier": 2.747270874611809,
	"Pick": 2.740958375334989,
	"Wereboar Tusks": 2.7322156773901223,
	"Hand Axe": 2.6901935182264536,
	"Werebadger Claws": 2.685727049363413,
	"Opal": 2.563522337116955,
	"Beastslayer Axe": 2.554338550253942,
	"Sphinx Tiara": 2.553469880730713,
	"Magma Amulet": 2.55130592320467,
	"Steel Shield": 2.5152196584026947,
	"Werebadger Skull": 2.510833147196784,
	"Green Crystal Shard": 2.5028296526505867,
	"Blue Gem": 2.4884633044520443,
	"Pirate Coin": 2.4050685572453623,
	"Bloody Pincers": 2.3304183408177734,
	"Fox Paw": 2.3177782453187463,
	"Troll Green": 2.1563851040979385,
	"Letter": 2.148821085240823,
	"Shamanic Hood": 2.0267857142857144,
	"Emerald Bangle": 1.9906953627944723,
	"Crest of the Deep Seas": 1.966356619829804,
	"Demonic Essence": 1.901630660809723,
	"Plate Armor": 1.8940408439939387,
	"Longsword": 1.8755887159683668,
	"Glooth Cape": 1.8495571555216783,
	"Stealth Ring": 1.808507927010557,
	"Clerical Mace": 1.7578810997593695,
	"Mana Potion": 1.7366684300620534,
	"Pirat's Tail": 1.7317102877245794,
	"Badger Fur": 1.7179405180684362,
	"Shrimp": 1.6618538273454195,
	"Werebear Fur": 1.6552511415525115,
	"Ring of Healing": 1.6397568966351952,
	"Magma Boots": 1.6374636854374411,
	"Green Mushroom": 1.6278908418107174,
	"Wolf Paw": 1.6260131919084968,