{
	"Gold Coin": 8634.162656794593,
	"Platinum Coin": 3064.183523432377,
	"Flask of Demonic Blood": 628.0101328784285,
	"Meat": 582.2605700472427,
	"Soul Orb": 509.14238975246263,
	"Golden Lotus Brooch": 443.6851121796374,
	"Worm": 428.75317430627643,
	"Demonic Essence": 409.7620063686852,
	"Peacock Feather Fan": 378.13480864943904,
	"Great Health Potion": 317.93864225473254,
	"Bone": 225.6820138759183,
	"Ham": 188.64654704207328,
	"Arrow": 170.92213182244706,
	"Small Ruby": 166.05006301308163,
	"Great Mana Potion": 158.99750711285733,
	"Fish": 155.05149806521388,
	"Small Diamond": 155.00953265574663,
	"Assassin Star": 152.0162782125796,
	"Insectoid Eggs": 149.07409647319886,
	"Rope": 145.06934813181545,
	"Damselfly Wing": 141.83962625411655,
	"Small Topaz": 126.90402636120544,
	"Small Emerald": 121.38243211359662,
	"Damselfly Eye": 119.84376196676114,
	"Skull": 110.08170092579836,
	"White Pearl": 101.94222521504473,
	"Dragon Ham": 98.384341441229,
	"Dagger": 96.60855331587094,
	"Small Sapphire": 92.11002370846482,
	"Swampling Moss": 82.79001548494035,
	"Hellspawn Tail": 82.04485450674237,
	"Silver Brooch": 78.27083819908225,
	"Spear": 78.12475920819477,
	"White Mushroom": 70.30763862089401,
	"Black Pearl": 66.74373176174781,
	"Small Amethyst": 63.38306793921733,
	"Longsword": 62.53769543348671,
	"Rotten Piece of Cloth": 62.41902302177495,
	"Piece of Swampling Wood": 61.97258511264749,
	"Health Potion": 61.70965088359059,
	"Torch": 59.71337076208769,
	"Marsh Stalker Feather": 59.46271686383964,
	"Battle Shield": 49.13172933212668,
	"Mace": 48.35826229080907,
	"Morning Star": 47.85747532211156,
	"Mana Potion": 47.248181370617615,
	"Red Piece of Cloth": 44.700281929564284,
	"Flask of Embalming Fluid": 44.6544078664657,
	"Mystic Turban": 42.61967213114754,
	"Ultimate Health Potion": 42.24216452690668,
	"Marsh Stalker Beak": 42.00577246344635,
	"Necrotic Rod": 41.94243445758911,
	"Cheese": 40.593150525155174,
	"Small Stone": 40.28167496634158,
	"Gauze Bandage": 36.931952211904026,
	"Brown Bread": 35.148823082763855,
	"Tribal Mask": 34.141414141414145,
	"Rat Cheese": 33.30914626392466,
	"Soft Cheese": 32.98112686020798,
	"Sabre": 32.812279721061536,
	"Red Mushroom": 32.29425124201561,
	"Pelvis Bone": 31.88455710902878,
	"Swampling Club": 30.954875558948338,
	"Bolt": 30.65486016592454,
	"Piece of Crocodile Leather": 28.752296217776912,
	"Lump of Dirt": 28.411067059740432,
	"Viking Helmet": 27.96404978247584,
	"Magic Light Wand": 26.101449477893453,
	"Blank Rune": 24.33960021901423,
	"Heavy Old Tome": 23.884416852617193,
	"Poison Arrow": 23.234103164828873,
	"Stone Wing": 23.160814804390657,
	"Ghoul Snack": 21.7881284232088,
	"Leather Helmet": 21.392923638124994,
	"Steel Shield": 20.682358277613687,
	"Chain Armor": 20.46085588805616,
	"Silver Amulet": 20.106404174475752,
	"Leather Boots": 20.061266411331882,
	"Earflap": 20.000082130293748,
	"Lump of Earth": 19.713233978396282,
	"Hatchet": 19.51127621554616,
	"Red Gem": 19.408447351299962,
	"Wand of Inferno": 19.363952308548047,
	"Hand Axe": 19.2540710584752,
	"Potato": 19.14790318041092,
	"Bola": 18.883059541805306,
	"Mysterious Fetish": 18.765712741075813,
	"Strange Talisman": 18.36547470667233,
	"Crossbow": 17.609603378295226,
	"Cheese Cutter": 17.54649844057156,
	"Girlish Hair Decoration": 17.24884351737153,
	"Plate Armor": 16.817654865006293,
	"Sword": 15.362343718552959,
	"Focus Cape": 15.221311475409836,
	"Yellow Gem": 15.15295822357145,
	"Voluminous Piece of Cloth": 14.15600751449808,
	"Ruby Necklace": 13.868306010928963,
	"Dragon's Tail": 13.850532485104742,
	"Ludicrous Piece of Cloth": 13.824226088377031,
	"Knight Legs": 13.582741935010178,
	"Crystal Ring": 13.58151434709183,
	"Ominous Piece of Cloth": 13.381850853548967,
	"Beetroot": 13.350017400523257,
	"Luminous Piece of Cloth": 13.326553949195459,
	"Rusted Armor": 13.263755693870937,
	"Steel Helmet": 13.004291819950106,
	"Obvious Piece of Cloth": 12.773584905660377,
	"Underworld Rod": 12.611317345400302,
	"Oriental Shoes": 12.514138289795575,
	"Studded Helmet": 12.277190287977149,
	"Brass Helmet": 12.08496001653087,
	"Studded Armor": 11.885882207147937,
	"Dubious Piece of Cloth": 11.667646818590214,
	"Burst Arrow": 11.599350610143762,
	"Plate Legs": 11.230407030962583,
	"Plate Shield": 11.165706581243814,
	"Grapes": 10.923750452359453,
	"Cookie": 10.595854913223729,
	"Blue Gem": 10.560794549803248,
	"Bow": 10.456857533884866,
	"Strong Health Potion": 10.420180341297694,
	"Scroll": 10.361248779076078,
	"Earth Arrow": 10.307179513830413,
	"Magma Coat": 9.47103825136612,
	"Leather Legs": 9.377921204869988,
	"Protective Charm": 9.19856244911149,
	"Short Sword": 8.638241810759867,
	"Axe": 8.302044037402018,
	"Broken Helmet": 7.867823424342944,
	"Wolf Tooth Chain": 7.8335069020556585,
	"Two Handed Sword": 7.800733581164689,
	"Blue Robe": 7.7367665594670605,
	"Melon": 7.415475889013494,
	"Warrior Helmet": 7.182745873825213,
	"Elvish Talisman": 7.180772445111748,
	"Scarab Coin": 7.0388354035889815,
	"Red Apple": 6.957579972183588,
	"Hunting Spear": 6.602402936651348,
	"Plum": 6.414091685015215,
	"Studded Shield": 6.32219950011361,
	"Strong Mana Potion": 6.2135923979220875,
	"Death Ring": 6.197668740303692,
	"Wooden Shield": 5.995889425183915,
	"Warwolf Fur": 5.994732279789291,
	"Elven Scouting Glass": 5.957320436129142,
	"Brown Mushroom": 5.710298958359706,
	"Studded Club": 5.663726081695551,
	"Assassin Dagger": 5.475509815132456,
	"Orc Leather": 5.406402725018886,
	"Studded Legs": 5.308142369575817,
	"Half-Digested Piece of Meat": 5.264774893892252,
	"Carrion Worm Fang": 5.194287341823657,
	"Scale Armor": 5.1852406068061825,
	"Roll": 5.008019783799105,
	"Heavily Rusted Armor": 4.993457045586075,
	"Tarantula Egg": 4.983364933996351,
	"Shadow Herb": 4.957752890831285,
	"Cape": 4.791819570538718,
	"Soldier Helmet": 4.733347866584752,
	"Bread": 4.730456173353109,
	"Berserk Potion": 4.476039890763508,
	"Cyclops Toe": 4.429280397022333,
	"Crab Pincers": 4.396967608545831,
	"Pile of Grave Earth": 4.248118626708822,
	"Brown Piece of Cloth": 4.229238099479004,
	"Grave Flower": 4.2016871730846725,
	"Spider Fangs": 4.1739115751267715,
	"Piece of Scarab Shell": 4.072912766754024,
	"Wolf Paw": 4.042711885414803,
	"Shovel": 4.036609895255327,
	"Throwing Star": 4.019965145857693,
	"Halberd": 4.009847577803547,
	"Bony Tail": 3.880790014824733,
	"Strawberry": 3.788840416549395,
	"Spiked Squelcher": 3.7632895449728525,
	"Star Herb": 3.6994412401404557,
	"Demonic Skeletal Hand": 3.5925536706200267,
	"Spellbook of Mind Control": 3.591464599599459,
	"Werebadger Claws": 3.580969399151217,
	"Battle Hammer": 3.544651035173003,
	"Witch Broom": 3.4887867980414677,
	"Yellow Piece of Cloth": 3.4648512018313617,
	"Wereboar Hooves": 3.3991844132306297,
	"Brass Shield": 3.3907265472280375,
	"Werebadger Skull": 3.347777529595712,
	"Wereboar Tusks": 3.3393747168101493,
	"Werebear Fur": 3.160024906600249,
	"Iron Helmet": 3.1184783122965776,
	"Piercing Bolt": 3.117933114337011,
	"Lamassu Horn": 3.0194524495677233,
	"Bone Shield": 3.0082575075817353,
	"Werebear Skull": 2.963885429638854,
	"Gold Ingot": 2.9012742551137998,
	"Skullcracker Armor": 2.8987993138936536,
	"Life Preserver": 2.795179998514545,
	"Bone Club": 2.777273389756288,
	"Broadsword": 2.739666798947436,
	"Red Crystal Fragment": 2.7150500796033934,
	"Combat Knife": 2.695393902488458,
	"Werewolf Fangs": 2.6532600808541513,
	"Elven Astral Observer": 2.6530405527620013,
	"Scarab Pincers": 2.6494373070411315,
	"Ratana": 2.629648992945783,
	"Orange": 2.6135164494103043,
	"Troll Green": 2.599545105615521,
	"Half-Eaten Brain": 2.5694306191519014,
	"Minotaur Horn": 2.5360446165412247,
	"Green Tunic": 2.4808450602322467,
	"Violet Crystal Shard": 2.409221902017291,
	"Scimitar": 2.4076088843742576,
	"Rotten Meat": 2.402831650570168,
	"Blue Crystal Shard": 2.3734315485572517,
	"Purple Robe": 2.360591215544734,
	"Gloom Wolf Fur": 2.226551880380607,
	"Spider Silk": 2.1575841645198937,
	"Broken Crossbow": 1.9895981568069392,