{
	"Gold Coin": 1796.5322181660829,
	"Platinum Coin": 886.8067014058499,
	"Great Health Potion": 361.4261190394008,
	"Meat": 272.05462368112023,
	"Great Mana Potion": 178.45480342026798,
	"Flask of Demonic Blood": 176.81879696938734,
	"Dragon Ham": 176.5262933424516,
	"Rare Earth": 89.67532467532467,
	"Axe": 89.03582170485384,
	"Bone": 87.65006986379458,
	"Werehyaena Nose": 84.89393939393939,
	"Knife": 76.81172663785864,
	"Ice Rapier": 72.11140300467942,
	"Pirate Coin": 67.9591975407572,
	"Coal": 67.15941952471795,
	"Halberd": 60.385100537962664,
	"Demonic Essence": 58.09640818368215,
	"Glob of Acid Slime": 56.23376623376623,
	"Worm": 54.88961781041041,
	"Red Crystal Fragment": 54.32235582581708,
	"Ultimate Health Potion": 50.53681122166852,
	"Scythe": 48.17956511573533,
	"Pirat's Tail": 48.10729109276558,
	"Crystal Sword": 46.55003694277974,
	"Stonerefiner's Skull": 45.12987012987013,
	"Poisonous Slime": 43.874458874458874,
	"Ham": 39.747803994358314,
	"Plate Shield": 35.158465735539124,
	"Red Gem": 33.23372500081383,
	"Mace": 33.14954109596265,
	"Half-Digested Stones": 33.095238095238095,
	"Torch": 32.4395126354857,
	"Combat Knife": 30.727772430318048,
	"Yellow Gem": 30.363636363636363,
	"Life Preserver": 29.195804195804193,
	"Knight Axe": 26.983798652720022,
	"Small Enchanted Amethyst": 26.943342897888353,
	"Crowbar": 26.52678425462807,
	"Mystical Hourglass": 25.33972410568155,
	"Magic Light Wand": 24.709366445801702,
	"Rat Cheese": 23.3982683982684,
	"Shark Fins": 22.31475248337575,
	"Steel Shield": 21.75840070253377,
	"Small Amethyst": 21.04478304596161,
	"Rotten Piece of Cloth": 20.31562541746449,
	"Wand of Inferno": 20.103953528512417,
	"Wand of Starstorm": 19.297364975355407,
	"Green Crystal Fragment": 18.789061083009212,
	"Chain Armor": 18.584971166705913,
	"Grappling Hook": 17.648793103448277,
	"Ratana": 17.51748251748252,
	"Green Crystal Splinter": 17.107409715810224,
	"Knight Armor": 16.873796214166198,
	"Crossbow": 16.401003344019177,
	"Pelvis Bone": 15.89665333613976,
	"Dragon's Tail": 15.803826743170557,
	"Sword": 14.574061707889681,
	"Dark Shield": 14.431143324760345,
	"Viking Helmet": 13.81653796384619,
	"Slightly Rusted Armor": 12.628190047202242,
	"Short Sword": 12.426946503272053,
	"Brass Helmet": 12.404661331899588,
	"Small Enchanted Emerald": 12.083333333333332,
	"Terramite Legs": 11.980614524891502,
	"Terra Boots": 11.850765114327125,
	"Burst Arrow": 11.752463037463578,
	"Wand of Voodoo": 11.485422709686034,
	"Bolt": 11.48392947651201,
	"Focus Cape": 11.317831376310561,
	"Wyvern Talisman": 11.173089812332439,
	"Brown Crystal Splinter": 11.03217467387846,
	"Lump of Dirt": 10.604130663142556,
	"Heavy Old Tome": 10.348768248925172,
	"Sword Ring": 9.742161649764805,
	"Demonic Skeletal Hand": 9.699894910674072,
	"Cyclops Toe": 9.397034896109734,
	"Spear": 8.932307675656844,
	"Scroll": 8.569252449335659,
	"Hatchet": 8.52283729741107,
	"Throwing Star": 8.390660795703436,
	"Springsprout Rod": 8.291379310344828,
	"Health Potion": 8.250167407391375,
	"Mouldy Powder": 7.981972428419936,
	"Battle Shield": 7.348836323127787,
	"Arrow": 7.271364535689239,
	"Doublet": 7.25,
	"Hailstorm Rod": 7.25,
	"Magma Boots": 7.23548313806804,
	"Ghoul Snack": 7.091419156610411,
	"Blank Rune": 7.089746289666485,
	"Lump of Earth": 6.711499540018399,
	"Orichalcum Pearl": 6.476969838671967,
	"Small Stone": 6.123248635255404,
	"Protection Amulet": 6.080384242609737,
	"Small Sapphire": 6.04839260566639,
	"Cheese": 6.018821163032937,
	"Terramite Shell": 5.963832140620211,
	"Longsword": 5.934489600089086,
	"Underworld Rod": 5.605745672891293,
	"Orc Leather": 5.456220108834659,
	"Steel Helmet": 4.97548264554839,
	"Black Shield": 4.8589278901182755,
	"Strong Health Potion": 4.672621445497086,
	"Ring of Blue Plasma": 4.366207140332273,
	"Mana Potion": 4.348208362634261,
	"White Mushroom": 4.221411149119111,
	"Grapes": 4.012949592051692,
	"Terramite Eggs": 3.995078114935789,
	"Nightmare Blade": 3.97708674304419,
	"Power Bolt": 3.9511121055006866,
	"Battle Hammer": 3.939698336450522,
	"Bow": 3.920784479382381,
	"Red Rose": 3.868339820158368,
	"Minotaur Horn": 3.6873406912991182,
	"Leather Armor": 3.5859855405233936,
	"Werehyaena Talisman": 3.5034965034965033,
	"Plate Legs": 3.4724293672075994,
	"Studded Helmet": 3.4276334076371766,
	"Wood Cape": 3.240544361965359,
	"Studded Legs": 3.16626036079961,
	"Lightning Boots": 3.104100388829975,
	"Soul Orb": 2.9305011342544853,
	"Broadsword": 2.91865793978996,
	"Candlestick": 2.912109785898079,
	"Brass Shield": 2.9084363165616067,
	"Iron Helmet": 2.7839454026834436,
	"Voluminous Piece of Cloth": 2.781017724413951,
	"Essence of a Bad Dream": 2.7487038849673207,
	"Ludicrous Piece of Cloth": 2.7158376214979985,
	"Green Mushroom": 2.713543860525069,
	"Black Pearl": 2.644276266786893,
	"Ominous Piece of Cloth": 2.628930817610063,
	"Luminous Piece of Cloth": 2.618067467124071,
	"Fish": 2.5605054970294963,
	"Scroll of Heroic Deeds": 2.545774373153266,
	"Scorpion Tail": 2.5296622843875967,
	"Shaggy Tail": 2.5261206605999327,
	"Leather Legs": 2.52518876090879,
	"Obvious Piece of Cloth": 2.509433962264151,
	"Wolf Tooth Chain": 2.4825464262882564,
	"Beetroot": 2.47829751701819,
	"Broken Crossbow": 2.4764746013836696,
	"Broken Helmet": 2.331206940546058,
	"Dubious Piece of Cloth": 2.292166952544311,
	"Leather Helmet": 2.2151465902873877,
	"Small Ruby": 2.211535762156083,
	"Sniper Arrow": 2.189169239028318,
	"Hand Axe": 2.139341228719467,
	"Warwolf Fur": 2.054314318739116,
	"Double Axe": 2.0389678824731186,
	"Cleaver": 1.9990387587132135,
	"Orc Tooth": 1.9432311788935899,
	"Glacier Kilt": 1.818096796820201,
	"Sulphurous Stone": 1.812180933159207,
	"Wedding Ring": 1.776432744186264,
	"Minotaur Leather": 1.750467992378775,
	"Scythe Leg": 1.7440840728597256,
	"Poison Arrow": 1.7393702331962484,
	"Studded Armor": 1.6950693024312657,
	"Flask of Embalming Fluid": 1.694137097799822,
	"Orcish Axe": 1.6830064882991909,
	"Dark Mushroom": 1.6492071119654013,
	"Scale Armor": 1.5570715428856312,
	"Green Dragon Scale": 1.5134092689688423,
	"Green Tunic": 1.5127835189907397,
	"Leather Boots": 1.4924099299184377,
	"Green Dragon Leather": 1.484498626787544,
	"Gauze Bandage": 1.4015801856797658,
	"Pile of Grave Earth": 1.3826423832212673,
	"Earth Arrow": 1.3785648574057037,
	"Brown Piece of Cloth": 1.376497305962506,
	"Two Handed Sword": 1.3495076045671686,
	"Studded Shield": 1.3451488298114065,
	"Tarantula Egg": 1.2956748828390512,
	"Rope": 1.2939239547873642,
	"Skull": 1.2362538822746574,
	"Battle Axe": 1.2182955647264442,
	"Werehyaena Trophy": 1.2083333333333333,
	"Piercing Bolt": 1.205234861099186,
	"Terra Amulet": 1.1830797359956917,
	"Death Ring": 1.1215700044908383,
	"Sabre": 1.1042944785276074,
	"Shovel": 1.074586723937227,
	"Throwing Knife": 1.0712945783099752,
	"Plate Armor": 1.042433137086284,
	"Machete": 1.0070697220867868,
	"Life Ring": 0.9664832680392759,
	"Power Ring": 0.9306660334797577,
	"Book of Necromantic Rituals": 0.9105180533751962,
	"Skullcracker Armor": 0.9090483984101005,
	"Snake Skin": 0.898167729710525,
	"Red Piece of Cloth": 0.8770395269460347,
	"Incantation Notes": 0.8738880167451596,
	"Lancet": 0.8738880167451596,
	"Hunting Spear": 0.8649901680130687,
	"Blood Tincture in a Vial": 0.8508634222919937,
	"Stone Wing": 0.8400295524908529,
	"Serpent Sword": 0.8381039549565682,
	"Wooden Shield": 0.7907792145382845,
	"Small Diamond": 0.7896947147505915,
	"Poison Dagger": 0.769997940125352,
	"Studded Club": 0.7642965547423367,
	"Corncob": 0.755787037037037,
	"Dragon Hammer": 0.7529336811564257,
	"Werebadger Claws": 0.7460352914898369,
	"Orcish Gear": 0.7208466916451002,
	"Broken Shamanic Staff": 0.7129629629629629,
	"Soldier Helmet": 0.7100021799877128,
	"Brown Mushroom": 0.7066779790367617,
	"Werebadger Skull": 0.6974536519991066,
	"Strange Talisman": 0.6970621900038154,
	"Potato": 0.6944835350408106,
	"Bamboo Stick": 0.6734068627450981,
	"Spider Fangs": 0.6690868475728369,
	"Small Notebook": 0.6522675990410056,