{
	"Gold Coin": 3529.7749231309263,
	"Dragon Ham": 436.77569777650774,
	"Meat": 410.7064206668065,
	"Ham": 167.6257655355807,
	"Beetroot": 109.4681403901503,
	"Platinum Coin": 106,
	"Steel Shield": 90.60388462454075,
	"Crossbow": 61.948422297801706,
	"Dragon's Tail": 61.69970018405529,
	"Torch": 55.9337054692761,
	"Leather Armor": 55.532615813671775,
	"Spear": 54.80316400803499,
	"Burst Arrow": 48.212230937840225,
	"White Mushroom": 47.05881522794264,
	"Rope Belt": 46.29290594138933,
	"Chain Armor": 40.30686967366303,
	"Dead Snake": 39.6230801162308,
	"Fish": 39.52124820547835,
	"Orc Leather": 35.919172073362375,
	"Longsword": 34.970074876355476,
	"Health Potion": 34.71013821020506,
	"Bone": 34.258763413714604,
	"Cultish Robe": 32.88958236973132,
	"Cheese": 32.570133522103575,
	"Skull": 29.375772936662962,
	"Mana Potion": 28.82910943697551,
	"Worm": 28.346613758819895,
	"Blank Rune": 28.309267598795227,
	"Badger Fur": 27.38599296450272,
	"Throwing Knife": 26.835363583832983,
	"Leather Boots": 25.066596366246355,
	"Short Sword": 23.91566564784975,
	"Scale Armor": 23.725702836697668,
	"Steel Helmet": 23.000558792304343,
	"Dead Frog": 22.288343325130874,
	"Arrow": 21.83426975662416,
	"Hunting Spear": 20.890052499332917,
	"Plate Shield": 19.84445901015075,
	"Axe": 18.695479671692034,
	"Thick Fur": 17.985242153398463,
	"Bolt": 17.688666154748873,
	"Mammoth Tusk": 17.50654749532322,
	"Poison Arrow": 17.11043567671039,
	"Cleaver": 17.010131410351917,
	"Insectoid Eggs": 16.757743865839686,
	"Terramite Legs": 16.62310265328696,
	"Striped Fur": 15.001649723559837,
	"Strong Health Potion": 14.802386024328836,
	"Halberd": 14.644275682216405,
	"Morning Star": 14.390543373898023,
	"Studded Helmet": 14.388286178596116,
	"Silky Fur": 14.237775854608394,
	"Wolf Tooth Chain": 13.858173529612948,
	"Acorn": 13.67133034857691,
	"Sword": 13.188810542847088,
	"Orcish Gear": 13.078218548418247,
	"Piece of Crocodile Leather": 13.02179032908277,
	"Plum": 12.627743004873706,
	"Broadsword": 12.365787251293147,
	"Mace": 12.354644436265087,
	"Plate Legs": 12.289940364463313,
	"Winter Wolf Fur": 11.700000000000001,
	"Broken Helmet": 11.581593368468376,
	"Warwolf Fur": 11.556906217379126,
	"Leather Legs": 10.315656484742071,
	"Cape": 9.872568496887975,
	"Brass Shield": 9.82574176823994,
	"Orc Tooth": 9.743542536841195,
	"Corncob": 9.30963240164838,
	"Heavy Old Tome": 9.161277193313039,
	"Battle Axe": 8.846564161524405,
	"Poison Dagger": 8.763927409664069,
	"Rotten Piece of Cloth": 8.68566593935076,
	"Studded Armor": 8.462487703484435,
	"Broken Shamanic Staff": 8.453703703703702,
	"Terramite Shell": 8.274817095110542,
	"Cookie": 8.21114901536424,
	"Sabretooth": 8.179463171036204,
	"Mutated Flesh": 8.179105638871059,
	"Red Gem": 8.003319864425363,
	"Orcish Axe": 7.7589509339322085,
	"Carrot": 7.170605369083724,
	"Hatchet": 7.133116149384101,
	"Lizard Leather": 6.940904109788956,
	"Lamassu Horn": 6.862391930835734,
	"Lizard Scale": 6.729357239337956,
	"Wand of Inferno": 6.367899717389725,
	"Double Axe": 6.359026399093115,
	"Shamanic Hood": 6.230489417989419,
	"Green Dragon Scale": 6.229855963358042,
	"Green Dragon Leather": 6.110847086981602,
	"Rope": 6.033704892404926,
	"Mammoth Whopper": 5.785885334404387,
	"Scarf": 5.725458468176915,
	"Dagger": 5.6000000000000005,
	"Life Ring": 5.568067244697986,
	"Brown Mushroom": 5.5659043154398455,
	"Terramite Eggs": 5.543170884473407,
	"Violet Crystal Shard": 5.475504322766571,
	"Pelvis Bone": 5.462555174320329,
	"Red Crystal Fragment": 5.439481268011527,
	"Pirate Voodoo Doll": 5.42267447360548,
	"Blue Crystal Shard": 5.241354466858789,
	"Battle Shield": 5.230669778446463,
	"Cyclops Toe": 5.184595114864392,
	"Soldier Helmet": 4.970015259913989,
	"Studded Legs": 4.935641150658216,
	"Glob of Mercury": 4.903328050713154,
	"Centipede Leg": 4.680899636425129,
	"Book (Orange)": 4.674626104712813,
	"Leather Helmet": 4.519934961138519,
	"Viking Helmet": 4.495601139817646,
	"Tarantula Egg": 4.485028440596716,
	"Hand Axe": 4.473168023686158,
	"Grapes": 4.459929574477112,
	"Cobra Tongue": 4.268832662449684,
	"Shovel": 4.231232977051929,
	"Fishbone": 4.12743381766548,
	"Throwing Star": 4.0953742878137325,
	"Lamassu Hoof": 4.052593659942364,
	"Terra Amulet": 4.052593659942364,
	"Strong Mana Potion": 4.0375269206310005,
	"Small Emerald": 4.013535694770447,
	"Obsidian Lance": 3.933933778632909,
	"Sphinx Feather": 3.8994514619294445,
	"Glob of Acid Slime": 3.827861750264754,
	"Knife": 3.7803828047396832,
	"Wand of Dragonbreath": 3.7452234140594567,
	"Bread": 3.663474955382359,
	"Cultish Mask": 3.3982836951034834,
	"Plate Armor": 3.3753161883010208,
	"Terra Hood": 3.3501440922190198,
	"Shaggy Tail": 3.2197833796606923,
	"Crab Pincers": 3.1977946243969675,
	"Tomato": 3.158244619032123,
	"Sphinx Tiara": 3.147300085551809,
	"Magma Amulet": 3.144632882089477,
	"Big Bone": 3.144332667110815,
	"Wooden Shield": 3.131039472220686,
	"Dragon Hammer": 3.1276005734821593,
	"Opal": 3.079971181556196,
	"Stone Herb": 3.079737808830944,
	"Blue Gem": 3.058312353875581,
	"Small Diamond": 3.057843672591468,
	"Ghoul Snack": 3.0318386249276394,
	"Serpent Sword": 3.0269648991399127,
	"Glob of Tar": 3.00985251820574,
	"Lump of Dirt": 3.001169055606384,
	"Mouldy Cheese": 2.9201341427849603,
	"Green Gem": 2.8485732977706206,
	"Elvish Talisman": 2.8356808684115222,
	"Brass Legs": 2.807786853697713,
	"Swampling Moss": 2.7929161850341324,
	"Chain Helmet": 2.70395312702626,
	"Skull Belt": 2.670288005311672,
	"Tribal Mask": 2.6468854704447127,
	"Life Crystal": 2.611669856121859,
	"Sabre": 2.608631040363785,
	"Elven Scouting Glass": 2.5242883203937043,
	"Combat Knife": 2.5073436977857537,
	"Mutated Rat Tail": 2.432327306778074,
	"Witch Broom": 2.392310947228435,
	"Powder Herb": 2.369313726879059,
	"Copper Shield": 2.2512511923520266,
	"Bone Shield": 2.2303598143552534,
	"Spider Fangs": 2.220643627405652,
	"Star Herb": 2.20276630818495,
	"Shadow Herb": 2.1672426244660215,
	"Strange Talisman": 2.130400565332839,
	"Brass Armor": 2.0936606450019375,
	"Dragon Necklace": 2.093155034367131,
	"Piece of Swampling Wood": 2.0906414254869032,
	"Sword Ring": 2.076112035198798,
	"Brown Bread": 2.067577828397874,
	"Music Sheet (First Verse)": 2.029935275080906,
	"Onyx Chip": 1.9812680115273775,
	"Magma Boots": 1.9002676284592008,
	"Battle Hammer": 1.8688825951268662,
	"Compass": 1.8603500349993476,
	"Piercing Bolt": 1.8535986932767388,
	"Dragon Shield": 1.8368761353755025,
	"Banana": 1.829144551943367,
	"Pick": 1.8273055835566592,
	"Bow": 1.8075694793458061,
	"Rorc Feather": 1.8047849499011654,
	"Scimitar": 1.791791901945432,
	"Rainbow Quartz": 1.7651296829971181,
	"White Pearl": 1.7608218814995524,
	"Green Crystal Fragment": 1.729106628242075,
	"Girlish Hair Decoration": 1.7117048587899966,
	"Egg": 1.709009244160803,
	"Silver Amulet": 1.7069848429378724,
	"Brass Helmet": 1.6956680745860764,
	"Hatched Rorc Egg": 1.6448776497852906,
	"Clerical Mace": 1.6285894694737564,
	"Lightning Headband": 1.6189925016355493,
	"Red Apple": 1.5807327750176083,
	"Machete": 1.5698439785470502,
	"Green Crystal Splinter": 1.5670028818443804,
	"Rapier": 1.558175846659129,
	"Studded Club": 1.5290437672461654,
	"Dark Rosary": 1.5115848654922042,
	"Cherry": 1.5047193470429985,
	"Royal Spear": 1.4637548961742768,
	"Letter": 1.4325473901605488,
	"Garlic Necklace": 1.4147668320295819,
	"Honeycomb": 1.3736276532666691,
	"Half-Digested Piece of Meat": 1.3328873404634272,
	"Damselfly Wing": 1.3001965739960684,
	"Two Handed Sword": 1.2906205387133818,
	"Dwarven Shield": 1.2760062625101567,
	"Lightning Pendant": 1.2669216446077198,
	"Furry Club": 1.2481414210367197,
	"Scroll": 1.2106091737927498,
	"Tusk Shield": 1.2023653270052528,
	"Terra Rod": 1.2000668186504457,
	"Lamp": 1.1855210578834008,
	"Chicken Feather": 1.1458298372210103,
	"Wand of Defiance": 1.1175582507171256,
	"Damselfly Eye": 1.0985678180286438,
	"Studded Shield": 1.0761190638491251,
	"Magma Monocle": 1.0642141814704846,
	"Wand of Starstorm": 1.0642141814704846,