{
	"Gold Coin": 4707.688820030109,
	"Meat": 1138.1620772093704,
	"Dragon Ham": 177.84693824310227,
	"White Mushroom": 164.12617688445226,
	"Short Sword": 160.96260338500917,
	"Ham": 146.74233797127522,
	"Cyclops Toe": 143.75856032191706,
	"Platinum Coin": 120.41817662965991,
	"Bolt": 99.05757933531468,
	"Worm": 92.37574909773788,
	"Bone": 89.8960901336246,
	"Plate Shield": 65.61586085495257,
	"Battle Shield": 63.10668664580906,
	"Torch": 50.50598207572699,
	"Compass": 47.86944599913005,
	"Leather Boots": 46.66756752149674,
	"Longsword": 42.15421004224537,
	"Heavy Old Tome": 39.460828803923384,
	"Steel Shield": 37.26970015921109,
	"Great Health Potion": 36.59433599515953,
	"Lump of Dirt": 34.71352207651384,
	"Soldier Helmet": 30.175092649477794,
	"Small Flask of Eyedrops": 29.500923376180783,
	"Morning Star": 29.127453676210745,
	"Strong Health Potion": 28.83638904571053,
	"Great Mana Potion": 27.286054163186417,
	"Shovel": 25.596523910501595,
	"Chain Armor": 24.778188263278604,
	"Striped Fur": 23.841989547675862,
	"Battle Axe": 23.45023810325762,
	"Mace": 23.26645238678915,
	"Spear": 21.75352938847577,
	"Sabre": 21.0289834276608,
	"Battle Hammer": 20.937779845286734,
	"Health Potion": 20.71982016077616,
	"Spellbook": 20.626850367456488,
	"Ice Rapier": 19.317567184964737,
	"Scale Armor": 18.90804422921756,
	"Beetroot": 18.861200772537515,
	"Two Handed Sword": 18.52606964871369,
	"Halberd": 18.455461418791206,
	"Pirate Coin": 17.792212353019238,
	"Fish": 17.52403746345268,
	"Worn Leather Boots": 17.01098901098901,
	"Crossbow": 16.869381861924523,
	"Elder Bonelord Tentacle": 16.82870096589789,
	"Rotten Piece of Cloth": 16.635258494010777,
	"Throwing Knife": 15.885205458572756,
	"Sword": 15.281251556466303,
	"Blank Rune": 14.89645656284859,
	"Mana Potion": 14.28037508017703,
	"Arrow": 14.038179010782532,
	"Pelvis Bone": 12.897284782151125,
	"Sabretooth": 12.773408239700373,
	"Pirat's Tail": 12.565380799641648,
	"Cheese": 12.461424279368536,
	"Crystal Sword": 12.368771036860686,
	"Dragon's Tail": 11.632719363363277,
	"Sniper Arrow": 11.410100151603613,
	"Viking Helmet": 11.219671557909024,
	"Piercing Bolt": 10.017494133138806,
	"Leather Helmet": 8.669070485480797,
	"Broken Halberd": 8.512604331152717,
	"Green Mushroom": 8.138003747647897,
	"Poison Arrow": 7.884419652075285,
	"Mutated Flesh": 7.7801248759993005,
	"Dead Frog": 7.7472851130134055,
	"Dwarven Shield": 7.747180879525952,
	"Hand Axe": 7.584937083641746,
	"Strong Mana Potion": 7.5798939801410965,
	"Grapes": 7.5511102255163705,
	"Coal": 7.2468970423507315,
	"Life Ring": 7.192076240499151,
	"Knight Axe": 7.168541170675643,
	"Crowbar": 7.0470404728675815,
	"Warwolf Fur": 6.936053877442155,
	"Hatchet": 6.9147547884655856,
	"Burst Arrow": 6.885109334094688,
	"Bonelord Eye": 6.756055110047202,
	"Heavy Machete": 6.720700367127931,
	"Bone Sword": 6.651821243372557,
	"Shark Fins": 5.929234053033412,
	"Flaming Arrow": 5.904685156582276,
	"Wand of Inferno": 5.8768739079849714,
	"Ghoul Snack": 5.806741773166496,
	"Dark Mushroom": 5.7370929360758876,
	"Royal Spear": 5.680724180212502,
	"Book (Gemmed)": 5.6412861115579975,
	"Brown Mushroom": 5.616046048881062,
	"Shadow Herb": 5.580210589410948,
	"Power Bolt": 5.254407975198161,
	"Studded Helmet": 5.218370528822053,
	"Rare Earth": 5.181240981240981,
	"Dark Helmet": 5.138286614860751,
	"Fox Paw": 5.12341678939617,
	"High Guard Shoulderplates": 5.020959584022689,
	"Swampling Moss": 4.987350330418094,
	"Werebadger Claws": 4.923832923832923,
	"Double Axe": 4.8976955481046005,
	"Bunch of Ripe Rice": 4.86115783798179,
	"Small Sapphire": 4.858036494603287,
	"Rope": 4.816861586662143,
	"Treasure Map (Pirate)": 4.8083968858976345,
	"Carrion Worm Fang": 4.79472677706799,
	"Glob of Acid Slime": 4.7802067491679505,
	"Wolf Tooth Chain": 4.706840032359313,
	"Studded Legs": 4.669313575433849,
	"Scorpion Tail": 4.654578603273178,
	"Werebadger Skull": 4.603194103194103,
	"Knight Armor": 4.4469255397750596,
	"Troll Green": 4.420543726359005,
	"Old Rag": 4.371589346023488,
	"Steel Helmet": 4.346956110771207,
	"Spiked Iron Ball": 4.321682817300874,
	"Grappling Hook": 4.315862068965517,
	"Wyvern Talisman": 4.204926273458445,
	"Leather Legs": 4.047485111596517,
	"Wereboar Hooves": 4.017217942908926,
	"Wereboar Tusks": 3.9465337562301763,
	"Fishbone": 3.926095582657408,
	"Piece of Swampling Wood": 3.7332882597980412,
	"Scroll": 3.656911333791557,
	"Bow": 3.361367562404588,
	"Light Shovel": 3.3400222717149224,
	"Werebear Fur": 3.310502283105023,
	"Small Pitchfork": 3.297590361445783,
	"Elvish Talisman": 3.2746904035766278,
	"Small Emerald": 3.2346277189974595,
	"Terra Boots": 3.1799222340049487,
	"Energy Ring": 3.165510572961579,
	"Focus Cape": 3.147269767504694,
	"Wolf Paw": 3.1143540014211206,
	"Werebear Skull": 3.105022831050228,
	"Skull": 3.099530105717256,
	"Nettle Spit": 3.077100646352724,
	"Book of Necromantic Rituals": 3.0213464696223316,
	"Carniphila Seeds": 2.8826286794667015,
	"Studded Armor": 2.8071154653284185,
	"Sling Herb": 2.693494214389681,
	"Werewolf Fangs": 2.6532600808541513,
	"Plate Armor": 2.6461643527421854,
	"Wand of Starstorm": 2.6358620689655172,
	"Badger Fur": 2.6274384393987846,
	"Melon": 2.62723597707865,
	"Swampling Club": 2.6261149433316735,
	"Wooden Shield": 2.6254739543679717,
	"Stonerefiner's Skull": 2.6075036075036073,
	"Vampire Teeth": 2.5786941386239493,
	"Cyclops Trophy": 2.5687043913039034,
	"Poisonous Slime": 2.534968734968735,
	"Piece of Crocodile Leather": 2.508380323779331,
	"Banana": 2.460935731920222,
	"Hook": 2.447548597013982,
	"Peg Leg": 2.4345383228378203,
	"Bone Shield": 2.350837882169541,
	"Eye Patch": 2.3028394810087445,
	"Werefox Tail": 2.2857142857142856,
	"Lizard Leather": 2.2851574444796574,
	"Pirate Bag": 2.2678050851142104,
	"Studded Club": 2.2449709895049006,
	"Fir Cone": 2.2399796654328243,
	"Orc Leather": 2.2343767224863513,
	"Broken Helmet": 2.234073318023305,
	"Terra Rod": 2.2076960622833637,
	"Dragon Priest's Wandtip": 2.1926284437825765,
	"Scarab Coin": 2.15382100920269,
	"Mouldy Powder": 2.1505832449628843,
	"Voluminous Piece of Cloth": 2.132810585640774,
	"Piece of Dead Brain": 2.12215638097991,
	"Lizard Scale": 2.1047360060396914,
	"Axe": 2.094609626847259,
	"Studded Shield": 2.08498068620768,
	"Ludicrous Piece of Cloth": 2.0828228375398186,
	"Strange Talisman": 2.08112631920192,
	"Throwing Star": 2.0424911721308123,
	"Small Stone": 2.0393344149216293,
	"Springsprout Rod": 2.037721439030693,
	"Elven Scouting Glass": 2.019430656314963,
	"Ominous Piece of Cloth": 2.0161725067385445,
	"Roll": 2.0156460045706006,
	"Luminous Piece of Cloth": 2.0078412153883853,
	"Half-Digested Piece of Meat": 1.9780962524318997,
	"Pirate Shirt": 1.9452380952380952,
	"Rat Cheese": 1.9395537273788828,
	"Carrot": 1.939439855132988,
	"Centipede Leg": 1.9334150672190749,
	"Obvious Piece of Cloth": 1.9245283018867925,
	"Magma Boots": 1.9208200777659952,
	"Half-Digested Stones": 1.912169312169312,
	"Golden Mug": 1.907977293098297,
	"High Guard Flag": 1.8639565114630112,
	"Dowser": 1.8272514972913723,
	"Dirty Cape": 1.8231158605174356,
	"Werewolf Fur": 1.7679071213848865,
	"Dubious Piece of Cloth": 1.7579024748836067,
	"Wooden Trash": 1.7533983128633244,
	"Pirate Knee Breeches": 1.751893095768374,
	"Wand of Voodoo": 1.747376090824367,
	"Broadsword": 1.6979838243516787,
	"Blood Preservation": 1.6718082246058925,
	"Bread": 1.6695727670658034,
	"Plate Legs": 1.6473293696927502,
	"Rope Belt": 1.634105673037894,
	"Brass Shield": 1.6105102168240222,
	"Moonlight Crystals": 1.597804799204829,
	"Tarantula Egg": 1.5946767788788323,
	"Club Ring": 1.4734701178256326,
	"Small Amethyst": 1.4502363577932444,
	"Rusted Armor": 1.435783145019177,
	"Machete": 1.4217454900048756,
	"Cultish Robe": 1.337612324614719,
	"Ultimate Health Potion": 1.3288502027932436,
	"Acorn": 1.3116405500479693,
	"Wand of Dragonbreath": 1.3018156252078326,
	"Iron Ore": 1.285683571227444,
	"Honeycomb": 1.2310622170422678,
	"Red Dragon Scale": 1.218312610604215,