{
	"Gold Coin": 2855.7395582477307,
	"Platinum Coin": 1970.6589967238367,
	"Great Health Potion": 591.3775543959124,
	"Meat": 434.1871430339266,
	"Dragon Ham": 239.2188246173008,
	"Werehyaena Nose": 190.54545454545456,
	"Axe": 187.19050545930756,
	"Knife": 171.51515151515153,
	"Great Mana Potion": 141.01801917199992,
	"Halberd": 135.30507992731708,
	"Bone": 134.54117287231682,
	"Flask of Demonic Blood": 128.60633251865926,
	"Ham": 121.48898990524202,
	"Red Crystal Fragment": 121.37995337995339,
	"Skull": 97.11159445521484,
	"Flaming Arrow": 76.17043851991136,
	"Red Gem": 73.94762631897541,
	"Yellow Gem": 69.1459843310978,
	"Combat Knife": 68.9336184850748,
	"Life Preserver": 65.96736596736596,
	"Fairy Wings": 65.88411477044332,
	"Small Enchanted Amethyst": 60.689976689976696,
	"Little Bowl of Myrrh": 60.67138319376263,
	"Grapes": 55.66438109205541,
	"Small Amethyst": 48.44568361954972,
	"Green Bandage": 47.35633843488305,
	"Single Human Eye": 42.95986139185677,
	"Demonic Essence": 42.5949771266951,
	"Green Crystal Fragment": 42.55682893158621,
	"Broken Flask": 42.08056598325152,
	"Green Crystal Splinter": 41.854160842419155,
	"Fish": 40.073936006649525,
	"Coal": 39.65998776471064,
	"Ratana": 39.58041958041958,
	"Scarab Coin": 39.065838868033495,
	"Spear": 37.604789110238684,
	"Ultimate Health Potion": 37.16724716766528,
	"Scythe": 35.3911620294599,
	"Frazzle Tongue": 35.253922458506224,
	"Great Spirit Potion": 34.980507963081934,
	"Frazzle Skin": 30.794735477178424,
	"Worm": 30.541784569232,
	"Crossbow": 30.36317268415092,
	"Remains of a Fish": 29.66286307053942,
	"Steel Shield": 29.656998217837124,
	"Longsword": 27.47404354340636,
	"Bolt": 27.25567356364801,
	"Small Enchanted Emerald": 26.666666666666664,
	"Brown Crystal Splinter": 26.561643835616437,
	"Dagger": 25.30444404466712,
	"Lump of Dirt": 22.108612042967028,
	"Sword Ring": 21.82405072347123,
	"Plate Armor": 21.29839006372658,
	"Cheese": 21.076047914945583,
	"Mace": 20.917307550034387,
	"Dragon's Tail": 20.018303254776978,
	"Lion's Mane": 19.338554873953555,
	"Arrow": 18.682698055081268,
	"Wand of Starstorm": 18.666666666666664,
	"Mystical Hourglass": 18.613747954173483,
	"White Mushroom": 18.410597468432808,
	"Plate Shield": 18.248659157151835,
	"Bony Tail": 18.110353402515422,
	"Magic Light Wand": 17.589041616143632,
	"Green Mushroom": 17.4039870928606,
	"Doublet": 17.316812053925457,
	"Leather Boots": 16.72852657642051,
	"Elvish Talisman": 16.674519799169538,
	"Leather Helmet": 16.30009203197388,
	"Frosty Heart": 16.245509974153357,
	"Burst Arrow": 16.098799755963356,
	"Hailstorm Rod": 16.001821725131332,
	"Big Bone": 15.914516338174273,
	"Hand Axe": 15.169874167283492,
	"Fish Fin": 15.1631872406639,
	"Piece of Iron": 14.782643931535269,
	"Rope": 14.110254397964828,
	"Protection Amulet": 13.970135220921316,
	"Strong Mana Potion": 13.609091659878969,
	"Chain Armor": 12.802569809111073,
	"Assassin Star": 12.239901198991408,
	"Dark Shield": 12.142288288592303,
	"Dark Armor": 12.068584190750787,
	"Royal Spear": 11.96160459819406,
	"Black Pearl": 11.471540539575605,
	"Soul Orb": 11.4699495800184,
	"Sword": 11.241393540893357,
	"Book (Gemmed)": 11.100595251775413,
	"Bow": 11.072500073661317,
	"Steel Helmet": 11.0618245060721,
	"Crystal Sword": 10.945151183106942,
	"Black Shield": 10.666666666666666,
	"Wand of Voodoo": 10.666666666666666,
	"Bone Club": 10.022197071311087,
	"Damselfly Wing": 9.928773837788158,
	"Pharaoh Banner": 9.54663586485706,
	"Small Sapphire": 9.276165842059898,
	"Slightly Rusted Armor": 9.265139116202946,
	"Brown Bread": 8.861047835990888,
	"Ice Cube": 8.59986019314097,
	"Damselfly Eye": 8.38906333767328,
	"Iron Ore": 8.33683521468663,
	"Power Bolt": 8.314178633944405,
	"Green Gem": 8.102079122148426,
	"Rapier": 7.948065807757861,
	"Werehyaena Talisman": 7.916083916083916,
	"Strong Health Potion": 7.724849903632779,
	"Wooden Shield": 7.68785694072101,
	"Scroll": 7.61856527873241,
	"Orc Leather": 7.479963653109369,
	"Small Enchanted Sapphire": 7.181419840103359,
	"Sabre": 6.9635535307517085,
	"Silencer Claws": 6.74224257705964,
	"Studded Club": 6.5148468306522656,
	"Energy Ring": 6.235569472709408,
	"Rotten Piece of Cloth": 6.183016431402235,
	"Brass Helmet": 6.082038079530678,
	"Blank Rune": 5.962868605215703,
	"Small Diamond": 5.741430867088203,
	"Banana": 5.685352863041367,
	"Health Potion": 5.662142052063272,
	"Torch": 5.550391541124561,
	"Melon": 5.452555800745216,
	"Carrion Worm Fang": 5.194287341823657,
	"Hatchet": 5.104487036481886,
	"Ankh": 5.0173642844087,
	"Orichalcum Pearl": 4.757774140752865,
	"Plate Legs": 4.749846415912406,
	"War Hammer": 4.446710827589531,
	"Girlish Hair Decoration": 4.276668747089257,
	"Serpent Sword": 4.246835140626738,
	"Small Stone": 4.191674078432783,
	"Marsh Stalker Feather": 4.14856164166323,
	"Underworld Rod": 4.090016366612111,
	"Broadsword": 4.055348205091077,
	"Terra Boots": 4.004162602768317,
	"Swampling Moss": 3.989880264334475,
	"Nightmare Blade": 3.9557374610359184,
	"Silky Fur": 3.7773691042838595,
	"Bone Shield": 3.7668978049830235,
	"Heavy Old Tome": 3.756050459277667,
	"Golden Mug": 3.7544069315805197,
	"Poison Arrow": 3.6866884438528644,
	"Ivory Carving": 3.618192949023552,
	"Broken Helmet": 3.6166363216026793,
	"Bread": 3.478276598053757,
	"Sniper Arrow": 3.359817619160975,
	"Mana Potion": 3.191897390025933,
	"Small Emerald": 3.1614920891559986,
	"Silver Brooch": 3.00832672482157,
	"Piece of Swampling Wood": 2.986630607838433,
	"Marsh Stalker Beak": 2.93063528814742,
	"Short Sword": 2.898757424957102,
	"Earth Arrow": 2.8202452726032883,
	"Lump of Earth": 2.793423317133363,
	"Hunting Spear": 2.727500502513968,
	"Glorious Axe": 2.723341566886743,
	"Small Enchanted Ruby": 2.6886810656166826,
	"Haunted Blade": 2.6771985797355016,
	"Werehyaena Trophy": 2.6666666666666665,
	"Heaven Blossom": 2.5999898956044656,
	"Pelvis Bone": 2.599452746790149,
	"Poison Dagger": 2.577120747991176,
	"Violet Crystal Shard": 2.4489795918367347,
	"Viking Helmet": 2.447096749092939,
	"Elven Scouting Glass": 2.423316787577956,
	"Red Dragon Scale": 2.3973248144147457,
	"Carrot": 2.391389790413288,
	"Minotaur Horn": 2.355833808138298,
	"Vampire Teeth": 2.3442673987490448,
	"Bunch of Troll Hair": 2.3435966624795457,
	"Onyx Chip": 2.3286639218710956,
	"Orc Tooth": 2.322293200275872,
	"Stealth Ring": 2.3185998356694726,
	"Protective Charm": 2.2809320293202298,
	"Cookie": 2.23039779958065,
	"Orcish Gear": 2.1625400749353005,
	"Ghoul Snack": 2.158258004185777,
	"Wand of Inferno": 2.153841976215511,
	"Twin Hooks": 2.150709484690067,
	"Double Axe": 2.146361994528764,
	"Soldier Helmet": 2.130006539963138,
	"Wolf Tooth Chain": 2.104373212262028,
	"Boggy Dreads": 2.072927732636596,
	"Green Dragon Scale": 2.0627975652383532,
	"Throwing Star": 2.0497297703047592,
	"Shovel": 2.0368372705751,
	"Green Dragon Leather": 2.0233919639090496,
	"Shaggy Tail": 1.981405156714272,
	"Small Axe": 1.9648898362598062,
	"White Pearl": 1.9594027705847945,
	"Elven Astral Observer": 1.950765112325001,
	"Hardened Bone": 1.8643010855530582,
	"Green Tunic": 1.8241507795825345,
	"Kongra's Shoulderpad": 1.6923076923076923,
	"Red Apple": 1.6637691237830319,
	"Battle Axe": 1.6540394758794172,
	"Shadow Sceptre": 1.6385529768949725,
	"Pick": 1.6224351641459913,
	"Beetroot": 1.6157659098177166,
	"Leather Legs": 1.5545712213609943,
	"Copper Shield": 1.5438717550170664,
	"Blood Preservation": 1.5198256587326295,
	"Swampling Club": 1.484373296111317,
	"Warwolf Fur": 1.4737437541654812,
	"Moonlight Crystals": 1.4522695043057725,
	"Terra Legs": 1.4505223074152216,
	"Piercing Bolt": 1.4213561384917037,
	"Dead Snake": 1.4151100041511,
	"Orcish Axe": 1.4150710301106884,
	"Crystal Ring": 1.3936797512947792,
	"Brown Mushroom": 1.3532682212750624,
	"Glacier Kilt": 1.3355155482815058,
	"Throwing Knife": 1.3019531040403498,
	"Life Crystal": 1.2926202444599728,
	"Diamond Sceptre": 1.280399320743066,
	"Sling Herb": 1.2538491988869147,
	"Red Dragon Leather": 1.2421226816207396,