{
	"Gold Coin": 3365.6587818764933,
	"Dragon Ham": 924.8100448715853,
	"Meat": 259.9977405343522,
	"Bone": 234.5863237430025,
	"Steel Shield": 155.8690621059758,
	"Crossbow": 116.64749434329532,
	"Dragon's Tail": 104.85856260734222,
	"Ham": 96.19655035763004,
	"Cheese": 89.6562782948235,
	"Platinum Coin": 88.96674684793996,
	"Burst Arrow": 83.03575661967797,
	"Bolt": 61.878293407372546,
	"Worm": 59.6187255645627,
	"Mace": 56.20538953702658,
	"Plate Shield": 46.23513260997994,
	"Longsword": 45.1376652030267,
	"Skull": 45.016677424153286,
	"Torch": 43.84342748333511,
	"White Mushroom": 36.28190748437101,
	"Pelvis Bone": 33.79344255722654,
	"Green Mushroom": 33.207162504993455,
	"Steel Helmet": 31.985042325326948,
	"Lump of Dirt": 29.111339839381923,
	"Royal Spear": 28.313033871477263,
	"Mana Potion": 27.59672523059985,
	"Rotten Piece of Cloth": 27.087500556619318,
	"Chain Armor": 26.490723783571273,
	"Sword": 26.216766552510798,
	"Health Potion": 25.77986843384344,
	"Viking Helmet": 24.991006410968257,
	"Blank Rune": 24.773020585585595,
	"Book (Gemmed)": 23.65700627427547,
	"Dagger": 22.104444044667122,
	"Hatchet": 21.642910683334183,
	"Broadsword": 20.705956535430737,
	"Plate Legs": 19.992855469029177,
	"Dead Frog": 19.189429279925513,
	"Strong Health Potion": 17.67547273959071,
	"Brass Helmet": 17.662187588106697,
	"Power Bolt": 17.348259985934344,
	"Beetroot": 14.369845416422878,
	"Heavy Old Tome": 14.135431484226364,
	"Fir Cone": 14.045271488100736,
	"Axe": 13.656061186065514,
	"Small Sapphire": 13.352034050695675,
	"Energy Ring": 13.187929489094712,
	"Spear": 12.437466302422912,
	"Bony Tail": 11.6423700444742,
	"Fish": 11.427464744439893,
	"Dowser": 11.284494963551634,
	"Wand of Inferno": 11.033500541853382,
	"Green Dragon Scale": 10.780449587175314,
	"Double Axe": 10.612107808684398,
	"Green Dragon Leather": 10.574510766157847,
	"Piercing Bolt": 10.34832062778114,
	"Short Sword": 9.480596273317962,
	"Ghoul Snack": 9.455225542147215,
	"Plate Armor": 9.383768392281958,
	"Carrion Worm Fang": 8.390771859868984,
	"Piece of Crocodile Leather": 8.013409433281705,
	"Golden Mug": 8.001195100089632,
	"Brown Bread": 7.6795747911921035,
	"Sabre": 7.636306720516512,
	"Strong Mana Potion": 7.358668513412003,
	"Minotaur Horn": 7.173907756345148,
	"Bone Club": 6.796287263076186,
	"Venison": 6.256558711778542,
	"Small Diamond": 5.990272038620758,
	"Flaming Arrow": 5.904685156582276,
	"Fox Paw": 5.546391752577319,
	"Arrow": 5.50000956095429,
	"Cyclops Toe": 5.453889123912258,
	"Werebadger Claws": 5.371454098726826,
	"Dragon Hammer": 5.363363208237552,
	"Serpent Sword": 5.344388233016331,
	"Great Health Potion": 5.240748113899433,
	"Small Emerald": 5.199438286450666,
	"Tarantula Egg": 5.182699531356205,
	"Red Dragon Scale": 5.1090528831789666,
	"Brown Mushroom": 5.106696085172393,
	"Leather Helmet": 5.086424473132317,
	"Grapes": 5.0535496638091875,
	"Werebadger Skull": 5.021666294393568,
	"Swampling Club": 4.6656945520992545,
	"Studded Armor": 4.383255548393061,
	"Leather Legs": 4.223737139294309,
	"Troll Green": 4.127125945307764,
	"Elven Hoof": 3.8703636692599965,
	"Spider Fangs": 3.8393545632640245,
	"Halberd": 3.798176692865984,
	"Life Crystal": 3.525358263482483,
	"Hand Axe": 3.5007401924500368,
	"Orc Leather": 3.364279262337749,
	"Coal": 3.2692603059945684,
	"Wand of Dragonbreath": 3.224497163976324,
	"Dragon Shield": 3.1786209330957114,
	"Carrot": 3.1670162802296806,
	"Leather Boots": 3.089889762650393,
	"Small Stone": 3.0800891151803764,
	"Studded Helmet": 3.0104146136726384,
	"Minotaur Leather": 2.952943003387513,
	"Brass Shield": 2.93441631604777,
	"Broken Crossbow": 2.907874229179373,
	"Werefox Tail": 2.8571428571428568,
	"Bone Shield": 2.805081795486413,
	"Girlish Hair Decoration": 2.739988203898311,
	"Battle Shield": 2.727705488922901,
	"Red Dragon Leather": 2.647146698536002,
	"Broken Helmet": 2.622607808114315,
	"Copper Shield": 2.5560330320640503,
	"Flask of Embalming Fluid": 2.541205646699733,
	"Wereboar Hooves": 2.472134118713185,
	"Wooden Shield": 2.4519067755365906,
	"Pick": 2.436407444742212,
	"Wereboar Tusks": 2.4286361576801085,
	"Studded Legs": 2.421257922964408,
	"Powder Herb": 2.3086606352475716,
	"Scale Armor": 2.302034292904576,
	"Morning Star": 2.2950600880407244,
	"Honeycomb": 2.211626621034805,
	"Crab Pincers": 2.1984838042729153,
	"Gauze Bandage": 2.1023702785196487,
	"Magic Light Wand": 2.0992467671812807,
	"Cookie": 2.047513371609921,
	"Small Amethyst": 1.9748849669774466,
	"Small Axe": 1.9648898362598062,
	"Studded Shield": 1.9504658032265394,
	"Letter": 1.9100631868807318,
	"Brown Piece of Cloth": 1.8724794090796326,
	"Pile of Grave Earth": 1.8435231776283563,
	"Bow": 1.8328284964431347,
	"Half-Digested Piece of Meat": 1.8265493184128445,
	"Corncob": 1.8260887075145313,
	"Pear": 1.7886125795771683,
	"Great Mana Potion": 1.743801652892562,
	"Elvish Talisman": 1.712348347463526,
	"Brass Legs": 1.6804799773811954,
	"Acorn": 1.642758136565317,
	"Broken Shamanic Staff": 1.6296296296296295,
	"Two Handed Sword": 1.5976415305348772,
	"Piece of Archer Armor": 1.5263603713491902,
	"Rope": 1.4789045151739453,
	"Rapier": 1.4764803592867255,
	"Protective Charm": 1.464715346443164,
	"Shovel": 1.450161875948191,
	"Small Enchanted Amethyst": 1.3496310733888683,
	"Piece of Warrior Armor": 1.3423651557356293,
	"Poison Spider Shell": 1.338882366752759,
	"Orcish Gear": 1.3387152844837575,
	"Badger Fur": 1.3137192196993923,
	"Green Piece of Cloth": 1.2759932589878773,
	"Brass Armor": 1.2635216520152086,
	"Moonlight Crystals": 1.2324292384032962,
	"Scroll": 1.2189704445971856,
	"Emerald Bangle": 1.2078978927506787,
	"Spellbook": 1.2069083766467485,
	"Shamanic Hood": 1.2010582010582012,
	"Jewelled Belt": 1.1992487621649308,
	"Hardened Bone": 1.1984792692841089,
	"Studded Club": 1.1724321294012738,
	"Throwing Star": 1.170246989283022,
	"Battle Axe": 1.1506647410060618,
	"Shadow Herb": 1.1129366032585841,
	"Small Flask of Eyedrops": 1.111868165537164,
	"Dragonbone Staff": 1.1013249993542888,
	"Poison Arrow": 1.0820170970961487,
	"Wyvern Talisman": 1.0812667560321716,
	"Strange Talisman": 1.045593285005723,
	"Strange Helmet": 1.029836414640526,
	"Iron Helmet": 1.0264548454285665,
	"Assassin Star": 1,
	"Moonlight Rod": 1,
	"Book (Green)": 0.97007156798959,
	"Scorpion Tail": 0.9612716680672867,
	"Orc Tooth": 0.9599525063736137,
	"Demonic Skeletal Hand": 0.9580143121653405,
	"Chicken Feather": 0.9548581976841752,
	"Soldier Helmet": 0.9466695733169503,
	"Wolf Paw": 0.9252104220256979,
	"Centipede Leg": 0.9158281897353513,
	"Dirty Turban": 0.894925178919974,
	"Silver Brooch": 0.8801326843426833,
	"Melon": 0.8724089281192345,
	"Heavy Machete": 0.8692134775550797,
	"Dark Mushroom": 0.7968184633438733,
	"Hunting Spear": 0.790500168661641,
	"Sling Herb": 0.7849779891800635,
	"Leather Armor": 0.7846156599510452,
	"Ring of Healing": 0.7828079968248769,
	"Machete": 0.7701121404193076,
	"Fire Sword": 0.7529130564684793,
	"Black Pearl": 0.7500731460954049,
	"Rotten Meat": 0.7313269446302748,
	"Knife": 0.7306675998380717,
	"Tower Shield": 0.6931580519868539,
	"Great Spirit Potion": 0.677884961188764,
	"Cape": 0.6682499392305206,
	"Roll": 0.6647562962323712,
	"Twigs": 0.6564367630431271,
	"Battle Hammer": 0.6229673436360303,
	"Purple Robe": 0.6064998830956279,
	"War Hammer": 0.6060567527454727,
	"Elven Scouting Glass": 0.605829196894489,
	"Earth Arrow": 0.6043382727007046,
	"Royal Helmet": 0.6035255452644158,
	"Cherry": 0.6018877388171994,
	"Lump of Earth": 0.598590710814292,
	"Boggy Dreads": 0.5922650664675988,
	"Small Enchanted Emerald": 0.5714285714285715,
	"Wolf Tooth Chain": 0.56752621856478,
	"Bread": 0.5565242556886011,
	"Grave Flower": 0.5560327250281013,
	"Mouldy Cheese": 0.5553950202815077,
	"Combat Knife": 0.5447097922279918,
	"Red Apple": 0.5219706053374971,
	"Goat Grass": 0.4823376748209737,
	"Scarf": 0.47267555023207064,
	"Vampire Teeth": 0.46885347974980895,
	"Lion's Mane": 0.4164274146240918,
	"Ultimate Health Potion": 0.4144238675345541,