{
	"Gold Coin": 4529.702751809427,
	"Meat": 346.1254506489757,
	"White Mushroom": 302.91373866817946,
	"Platinum Coin": 228.67965367965368,
	"Plate Shield": 228.52745790358208,
	"Torch": 227.0946653281216,
	"Leather Armor": 225.14177857384965,
	"Dragon Ham": 156.28258765719758,
	"Skull": 154.56834798008148,
	"Mace": 151.76745353522116,
	"Chain Armor": 147.74991879300256,
	"Beetroot": 124.81791653341861,
	"Brass Helmet": 123.11594060749542,
	"Dagger": 107.78150388936906,
	"Bolt": 98.62270439898829,
	"Ham": 98.06816927873393,
	"Cleaver": 85.77066261410253,
	"Axe": 82.30676788856935,
	"Throwing Knife": 76.8477813448916,
	"Worm": 76.53064877463548,
	"Leather Boots": 68.73448317878186,
	"Hatchet": 60.27601981630649,
	"Sword": 59.6010474977773,
	"Spear": 59.184727033459936,
	"Poison Arrow": 48.68105080342819,
	"Brown Bread": 39.04169009778905,
	"Poison Dagger": 36.61987737447766,
	"Rare Earth": 35.87012987012987,
	"Sabre": 31.302212222424085,
	"Badger Fur": 31.226095299008634,
	"Minotaur Horn": 30.847710459954556,
	"Bone": 30.781698197065307,
	"Coal": 30.073434493941132,
	"Wyvern Talisman": 29.674765415549597,
	"Small Stone": 27.680097409881405,
	"Leather Legs": 27.308607304325463,
	"Soldier Helmet": 26.625081749539227,
	"Knife": 26.44365864237376,
	"Shovel": 26.014056537675064,
	"Copper Shield": 24.69894221523497,
	"Pick": 24.668625378014898,
	"Hunting Spear": 24.33444980544031,
	"Centipede Leg": 22.590428680138665,
	"Glob of Acid Slime": 22.49350649350649,
	"Scale Armor": 21.793229999805142,
	"Fish": 21.07151869648561,
	"Studded Armor": 20.511767812619482,
	"Letter": 19.33938976716741,
	"Winter Wolf Fur": 18.400000000000002,
	"Stonerefiner's Skull": 18.051948051948052,
	"Health Potion": 17.730634433281715,
	"Poisonous Slime": 17.54978354978355,
	"Girlish Hair Decoration": 16.4834064649396,
	"Battle Shield": 16.325588492373626,
	"Acorn": 15.588343460185481,
	"Short Sword": 15.39248687580546,
	"Stone Wing": 13.920489726991276,
	"Wooden Shield": 13.525278496127092,
	"Mana Potion": 13.371624801785716,
	"Half-Digested Stones": 13.238095238095237,
	"Blank Rune": 12.9463999291024,
	"Red Gem": 12.489276138034292,
	"Minotaur Leather": 12.459789206167528,
	"Small Sapphire": 12.280413761644352,
	"Striped Fur": 11.920994773837931,
	"Strong Health Potion": 11.79160665827111,
	"Rapier": 11.530501265277554,
	"Potato": 11.508584294962004,
	"Rat Cheese": 11.474194106035581,
	"Lamassu Horn": 10.705331412103746,
	"Lump of Dirt": 10.704169631662769,
	"Tribal Mask": 10.597165282377958,
	"Dead Frog": 10.488632153002765,
	"Thick Fur": 10.485013510704636,
	"Piercing Bolt": 10.452456915126781,
	"Viking Helmet": 10.395418844098241,
	"Mammoth Tusk": 10.205944710039493,
	"Bone Shield": 9.835086464634424,
	"Protective Charm": 8.799429626273731,
	"Violet Crystal Shard": 8.54178674351585,
	"Orc Leather": 8.504602656462199,
	"Red Crystal Fragment": 8.485590778097983,
	"Battle Axe": 8.416059997608986,
	"Power Bolt": 8.401642091152816,
	"Blue Crystal Shard": 8.176512968299711,
	"Tarantula Egg": 7.9733838943941615,
	"Sphinx Feather": 7.725328367973428,
	"Crossbow": 7.446874750612949,
	"Big Bone": 7.276315789473684,
	"Leather Helmet": 7.0526624397833535,
	"Dwarven Shield": 6.83574783487584,
	"Battle Hammer": 6.508069913108524,
	"Sabretooth": 6.386704119850187,
	"Lamassu Hoof": 6.322046109510087,
	"Terra Amulet": 6.322046109510087,
	"Sphinx Tiara": 6.235217150621509,
	"Magma Amulet": 6.229933068290474,
	"Cyclops Toe": 6.165094184624625,
	"Twigs": 6.072040058148926,
	"Hand Axe": 6.029052553663952,
	"Corncob": 5.866626804973306,
	"Voluminous Piece of Cloth": 5.792044433553867,
	"Blue Gem": 5.7100000333563585,
	"Ludicrous Piece of Cloth": 5.656293392142448,
	"Green Gem": 5.643399929545569,
	"Ominous Piece of Cloth": 5.475292003593891,
	"Luminous Piece of Cloth": 5.45266683002532,
	"Flaming Arrow": 5.314216640924048,
	"Obvious Piece of Cloth": 5.226415094339623,
	"Terra Hood": 5.226224783861671,
	"Cheese": 4.9394804429325685,
	"Wolf Tooth Chain": 4.8387477195799065,
	"Opal": 4.804755043227665,
	"Dubious Piece of Cloth": 4.773911622968226,
	"Piece of Warrior Armor": 4.772853887060015,
	"Heavy Old Tome": 4.612481539002255,
	"Heavily Rusted Armor": 4.538155455506647,
	"Red Apple": 4.533846916020626,
	"Steel Helmet": 4.486305496361,
	"Dirty Cape": 4.253937007874016,
	"Brass Armor": 4.234073641764723,
	"Shaggy Tail": 4.17855103218376,
	"Small Emerald": 4.107476303153975,
	"Halberd": 4.077658539700854,
	"Spider Fangs": 4.004884393320744,
	"Broken Crossbow": 3.9985550275775283,
	"Life Ring": 3.80477598718409,
	"Grapes": 3.763247092320297,
	"White Pearl": 3.7245742429915905,
	"Magma Boots": 3.7199939610487647,
	"Orc Tooth": 3.6700116183679268,
	"Mammoth Whopper": 3.343130326335481,
	"Broken Helmet": 3.3025431657735815,
	"Lightning Headband": 3.2182709229534128,
	"Orcish Gear": 3.1923210629997296,
	"Frost Giant Pelt": 3.1567599021522605,
	"Onyx Chip": 3.090778097982709,
	"Thorn": 3.0870964935177936,
	"Broken Shamanic Staff": 3.0555555555555554,
	"Bow": 3.0072598232402656,
	"Arrow": 2.9445387947155917,
	"Sulphurous Stone": 2.9196248367565,
	"Silky Fur": 2.905668541756815,
	"Rope": 2.7991290691542354,
	"Rainbow Quartz": 2.7536023054755043,
	"Brass Legs": 2.7416546001305435,
	"Green Crystal Fragment": 2.697406340057637,
	"Chicken Feather": 2.6736029535156907,
	"Warwolf Fur": 2.5895261430931575,
	"Lightning Pendant": 2.509939107241709,
	"Green Crystal Splinter": 2.4445244956772334,
	"Iron Ore": 2.4301823074918736,
	"Cookie": 2.358384642734317,
	"Orcish Axe": 2.300123933804768,
	"Strawberry": 2.2772305094286516,
	"Studded Helmet": 2.275253862232233,
	"Shamanic Hood": 2.251984126984127,
	"Wand of Defiance": 2.214030496703739,
	"Studded Legs": 2.191706745881865,
	"Bronze Amulet": 2.174815399548069,
	"Magma Monocle": 2.108348850083036,
	"Wand of Starstorm": 2.108348850083036,
	"Soft Cheese": 2.03490287024263,
	"Studded Club": 1.9882526209576563,
	"Strong Mana Potion": 1.9744992918901607,
	"Wand of Inferno": 1.9616168603541078,
	"Ice Cube": 1.9396937758877946,
	"Frosty Heart": 1.9216137847927632,
	"Rotten Piece of Cloth": 1.91379080019593,
	"Seeds": 1.8805423460674204,
	"Fur Bag": 1.8470654627539504,
	"Morning Star": 1.812695181469409,
	"Roll": 1.7857403156651988,
	"Wand of Dragonbreath": 1.7624580772044502,
	"Double Axe": 1.6900979276431418,
	"Chain Helmet": 1.57505181208104,
	"Staff": 1.5727990970654628,
	"Elven Amulet": 1.5172910662824208,
	"Frosty Ear of a Troll": 1.5060571797770959,
	"Power Ring": 1.499406387272943,
	"Brown Piece of Cloth": 1.4828970809524422,
	"Sacred Tree Amulet": 1.4610951008645532,
	"Violet Gem": 1.4610951008645532,
	"Emerald Bangle": 1.4571928337346278,
	"Earth Arrow": 1.4101226363016441,
	"Powder Herb": 1.3969426841497357,
	"Lump of Earth": 1.3967116585666814,
	"Longsword": 1.335815289322937,
	"Carrot": 1.296025055132204,
	"Book (Grey)": 1.261468074814576,
	"Lamp": 1.2371165563102395,
	"Earflap": 1.2254226500276622,
	"Bola": 1.2126128929854065,
	"Piece of Archer Armor": 1.2050213458019923,
	"Strange Symbol": 1.1971466587817858,
	"Cheese Cutter": 1.1524457103680852,
	"Magma Legs": 1.141361783503598,
	"Wyvern Fang": 1.1325097489641727,
	"Small Axe": 1.1316623451454912,
	"Brass Shield": 1.0394623668676375,
	"Coat": 0.9776039521601112,
	"Bast Skirt": 0.9646045918367347,
	"Elvish Talisman": 0.9535323561927576,
	"Ripper Lance": 0.9181938277858895,
	"Plate Armor": 0.9096469274872032,
	"Sandcrawler Shell": 0.8891986062717769,
	"Green Crystal Shard": 0.8429394812680115,
	"Mouldy Cheese": 0.8366464995678478,
	"Cobra Tongue": 0.8131109833237493,
	"Studded Shield": 0.8070892978868438,
	"Swampling Moss": 0.797976052866895,
	"Bloody Pincers": 0.7860147213459516,
	"Carlin Sword": 0.7428172860026119,
	"Furry Club": 0.7176054874246519,
	"Witch Broom": 0.6977573596082935,
	"Honeycomb": 0.6812646627330775,
	"Machete": 0.6812530472940029,
	"Tusk Shield": 0.6720432342548327,
	"Piece of Marble Rock": 0.6714462487768954,
	"Wooden Spoon": 0.6692913385826772,
	"Ghoul Snack": 0.6680322393908358,