{
	"Gold Coin": 1784.6844951936885,
	"Platinum Coin": 506.99199463398304,
	"Dragon Ham": 272.9555321783022,
	"Ham": 226.1064839551827,
	"Meat": 148.5878550806993,
	"Fish": 87.47223299339785,
	"Piece of Crocodile Leather": 71.72001442787125,
	"Steel Shield": 58.98730858614482,
	"Spear": 43.7465562446325,
	"Fairy Wings": 43.324870450721946,
	"Crossbow": 40.70082085141615,
	"Dragon's Tail": 39.86697558668116,
	"Bone": 37.135876489527945,
	"Burst Arrow": 31.35852467908154,
	"Worm": 30.97348736837843,
	"Torch": 27.9588375053778,
	"Lump of Dirt": 26.710404594896815,
	"Skull": 25.539656952934656,
	"Red Gem": 24.216564895239248,
	"Frazzle Tongue": 22.487551867219917,
	"Lamassu Horn": 20.72442363112392,
	"Great Health Potion": 19.74072580935988,
	"Frazzle Skin": 19.643153526970956,
	"Great Mana Potion": 19.186036028623075,
	"White Mushroom": 19.16203923425564,
	"Remains of a Fish": 18.92116182572614,
	"Leather Boots": 17.95019737291458,
	"Longsword": 16.954555608004256,
	"Mace": 16.91135114075829,
	"Violet Crystal Shard": 16.536023054755045,
	"Red Crystal Fragment": 16.53445953662092,
	"Bolt": 16.086700311241735,
	"Blue Crystal Shard": 15.828890489913544,
	"Chain Armor": 14.428201103490215,
	"Steel Helmet": 14.294532343542555,
	"Sphinx Feather": 13.537718282924864,
	"Lamassu Hoof": 12.238832853025938,
	"Terra Amulet": 12.238832853025938,
	"Plate Shield": 11.824251422358069,
	"Sphinx Tiara": 10.926475768708167,
	"Magma Amulet": 10.91721604348045,
	"Big Bone": 10.243557545315571,
	"Blue Gem": 10.243291673658208,
	"Sword": 10.14467284778664,
	"Terra Hood": 10.11743515850144,
	"Green Gem": 9.889386543203663,
	"Mouldy Cheese": 9.75339715845517,
	"Plate Legs": 9.67999293920283,
	"Cheese": 9.67576371179196,
	"Fish Fin": 9.672199170124482,
	"Piece of Iron": 9.429460580912863,
	"Opal": 9.301512968299711,
	"Orc Leather": 8.834898259057589,
	"Assassin Star": 8.58199969124685,
	"Small Emerald": 7.954223025912429,
	"Broadsword": 7.891065869624181,
	"Studded Helmet": 6.675994170523133,
	"Magma Boots": 6.522605958810266,
	"Hand Axe": 6.029052553663952,
	"White Pearl": 5.988936377101636,
	"Onyx Chip": 5.98342939481268,
	"Heavy Old Tome": 5.800463025916765,
	"Lightning Headband": 5.6856509013156655,
	"Broken Helmet": 5.556587468927486,
	"Iron Ore": 5.409769423257082,
	"Strong Health Potion": 5.378467923039745,
	"Rainbow Quartz": 5.330691642651297,
	"Green Crystal Fragment": 5.259198054587103,
	"Crab Pincers": 5.196416264645072,
	"Studded Legs": 5.121891760117016,
	"Axe": 5.003189069890517,
	"Orcish Gear": 4.736992545096373,
	"Green Crystal Splinter": 4.732348703170029,
	"Silencer Claws": 4.727319508053311,
	"Studded Armor": 4.68194281431964,
	"Lightning Pendant": 4.398369483166423,
	"Leather Helmet": 4.393125163103721,
	"Double Axe": 4.192739454190477,
	"Wand of Inferno": 4.1366045175820085,
	"Short Sword": 4.136160097854622,
	"Hunting Spear": 4.090245038243575,
	"Green Dragon Scale": 4.073766045922979,
	"Green Dragon Leather": 3.9959449337500326,
	"Battle Axe": 3.97564547036132,
	"Soldier Helmet": 3.90501198993242,
	"Wand of Defiance": 3.8798248704141716,
	"Halberd": 3.7697759717939454,
	"Magma Monocle": 3.694630365859796,
	"Wand of Starstorm": 3.694630365859796,
	"Cookie": 3.584773394869519,
	"Studded Shield": 3.4301295160190866,
	"Poison Arrow": 3.416770715686742,
	"Shovel": 3.3860989513764377,
	"Carrion Worm Fang": 3.2963746592342433,
	"Sabre": 3.2801878222955128,
	"Cyclops Toe": 3.205913312612526,
	"Swamp Grass": 2.9548005908419497,
	"Rope": 2.9479706706067126,
	"Elven Amulet": 2.937319884726225,
	"Knife": 2.9238450640959193,
	"Plate Armor": 2.9216628986445627,
	"Sacred Tree Amulet": 2.8285302593659942,
	"Violet Gem": 2.8285302593659942,
	"Pelvis Bone": 2.803980459514583,
	"Leather Armor": 2.730080702772156,
	"Orc Tooth": 2.536395443110477,
	"Bread": 2.438659666768093,
	"Wooden Shield": 2.364561326041485,
	"Dead Snake": 2.3585166735851666,
	"Battle Shield": 2.34552169003513,
	"Medicine Pouch": 2.3149187592319054,
	"Wolf Tooth Chain": 2.2676145945841735,
	"Throwing Star": 2.245866590649943,
	"Viking Helmet": 2.1572094088426828,
	"Corncob": 2.0711370536722185,
	"Dragon Hammer": 2.031431691233145,
	"Magma Legs": 2.0001006491872575,
	"Studded Club": 1.9882526209576563,
	"Serpent Sword": 1.9793630704858332,
	"Wood": 1.9692762186115216,
	"Broken Shamanic Staff": 1.9351851851851851,
	"Arrow": 1.930735744631872,
	"Brass Helmet": 1.9175829553982187,
	"Battle Hammer": 1.9140680014042346,
	"Haunted Blade": 1.8771162455616734,
	"Red Apple": 1.8150208623087623,
	"Tarantula Egg": 1.7940113762386862,
	"Rotten Piece of Cloth": 1.7665761232577815,
	"Piercing Bolt": 1.7524618586991798,
	"Honeycomb": 1.7133529255147204,
	"Dagger": 1.6715566755204432,
	"Throwing Knife": 1.6669069836549886,
	"Girlish Hair Decoration": 1.6405586304271838,
	"Green Crystal Shard": 1.6318443804034584,
	"Machete": 1.62908337396392,
	"Stealth Ring": 1.6201454573819647,
	"Combat Knife": 1.6028649013915142,
	"Small Diamond": 1.5871136341798422,
	"Cape": 1.5251979812646312,
	"Banana": 1.5210744652957262,
	"Voluminous Piece of Cloth": 1.4427836314628768,
	"Shamanic Hood": 1.426256613756614,
	"Cobra Tongue": 1.4229442208165612,
	"Ludicrous Piece of Cloth": 1.4089683901004655,
	"Hatchet": 1.3936715077527537,
	"Scale Armor": 1.3900491530254862,
	"Ominous Piece of Cloth": 1.3638814016172507,
	"Luminous Piece of Cloth": 1.3582455280568488,
	"Cleaver": 1.3500104293930093,
	"Two Handed Sword": 1.3402660080148134,
	"Warwolf Fur": 1.3292985299824287,
	"Tortoise Egg": 1.3174678724416944,
	"Brown Mushroom": 1.311324409372431,
	"Obvious Piece of Cloth": 1.3018867924528301,
	"Dragon Shield": 1.2011519487563602,
	"Dubious Piece of Cloth": 1.189169321244793,
	"Brass Shield": 1.1824675552627337,
	"Viper Star": 1.161345496009122,
	"Shadow Sceptre": 1.1488704780527967,
	"Troll Green": 1.1374557437670099,
	"Glorious Axe": 1.1363145165440232,
	"Witch Broom": 1.0964758508130328,
	"Terra Boots": 1.0609787474913805,
	"Brass Legs": 1.0345733365278231,
	"Spider Fangs": 1.0278183117189819,
	"Centipede Leg": 1.0175868774837236,
	"Terra Legs": 1.0170328822106727,
	"Dwarven Shield": 1.0025763491151232,
	"Swampling Moss": 0.9974700660836188,
	"Star Herb": 0.9884241068729975,
	"Turtle Shell": 0.9595430747263209,
	"Vampire Teeth": 0.9377069594996179,
	"Dark Rosary": 0.9166666666666666,
	"Beetroot": 0.9105307113163903,
	"Cherry": 0.9028316082257991,
	"Diamond Sceptre": 0.8977512478773221,
	"Shadow Herb": 0.8949125639175814,
	"Morning Star": 0.878271398237247,
	"Protective Charm": 0.8702664313782641,
	"Skull Belt": 0.8500433424759515,
	"Small Stone": 0.8126082979752103,
	"Minotaur Horn": 0.8111024060582135,
	"Plum": 0.8017614606269019,
	"Boggy Dreads": 0.7896867552901318,
	"Piece of Swampling Wood": 0.7466576519596082,
	"Health Potion": 0.6895762495719737,
	"Nightmare Blade": 0.6597510373443983,
	"Poison Spider Shell": 0.6430852312749472,
	"Egg": 0.6360118557549811,
	"Rope Belt": 0.6318234503999601,
	"Life Crystal": 0.6198391561418464,
	"Ghoul Snack": 0.6166451440530792,
	"Broken Crossbow": 0.612184048248289,
	"Blood Preservation": 0.6079302634930518,
	"Bloody Pincers": 0.6046267087276551,
	"Boots of Haste": 0.5964081716667524,
	"Brown Bread": 0.5907365223993926,
	"Bunch of Troll Hair": 0.5668925644423232,
	"Sai": 0.5663900414937759,
	"Leather Legs": 0.561017719218537,
	"Blank Rune": 0.5440059879380491,
	"Orcish Axe": 0.5278329051468797,
	"Wolf Paw": 0.5159086497509304,
	"Gloom Wolf Fur": 0.494789306751246,
	"Spider Silk": 0.4750644031970408,
	"Poison Dagger": 0.4730474319624466,
	"Lamp": 0.4684138864144477,
	"Mana Potion": 0.43795767339883435,
	"Sickle": 0.42954724052469323,
	"Dragonbone Staff": 0.4161737737944572,
	"Earth Arrow": 0.40289218180046976,
	"Lump of Earth": 0.3990604738761947,
	"Small Axe": 0.3942881790733047,
	"Bear Paw": 0.381582881464545,
	"Acorn": 0.37942700064382756,
	"Sword Ring": 0.37747491549069057,
	"Carrot": 0.37742068397198186,
	"Swampling Club": 0.37109332402782924,
	"Cluster of Solace": 0.3672199170124481,