{
	"Gold Coin": 4045.8781485314285,
	"Platinum Coin": 922.2702365980487,
	"Meat": 178.93154408956562,
	"Fairy Wings": 154.70141717910224,
	"Glob of Glooth": 135.65525024281618,
	"Great Health Potion": 131.97202073475455,
	"Fish": 109.8563298777656,
	"Bone": 89.10845412797086,
	"Ham": 86.02857362466999,
	"Skull": 85.29117466942537,
	"Frazzle Tongue": 82.92284751037344,
	"Great Mana Potion": 79.21249245771831,
	"Frazzle Skin": 72.43412863070539,
	"Remains of a Fish": 69.77178423236515,
	"Worm": 64.2088059120625,
	"Strong Mana Potion": 51.25114116408119,
	"Strong Health Potion": 50.811870697487386,
	"Small Sapphire": 43.40476049843163,
	"Fish Fin": 43.06046417622221,
	"Shrimp": 39.6435645075746,
	"Slime Heart": 39.617189631650746,
	"Plate Shield": 38.839538963236066,
	"Small Topaz": 37.98815839330999,
	"Big Bone": 37.43348029045643,
	"Spear": 35.83479523064028,
	"Dragon Ham": 35.74319300604579,
	"Piece of Iron": 34.771135892116185,
	"Poisoned Fang": 33.995361527967255,
	"Small Emerald": 32.78827443199656,
	"Frosty Heart": 30.068443899529463,
	"Assassin Star": 28.772970866934745,
	"Axe": 27.809858775919587,
	"Mace": 26.23808060600603,
	"Leather Boots": 24.876240657005415,
	"Arrow": 24.361159188485697,
	"Quara Tentacle": 21.915914168246758,
	"Werehyaena Nose": 21.341991341991342,
	"Small Diamond": 21.14943298614596,
	"Hand Axe": 20.809955588452997,
	"Small Amethyst": 20.53649224922649,
	"Quara Bone": 20.0806102814719,
	"Iron Ore": 19.44593779006971,
	"Knife": 18.93939393939394,
	"Scale Armor": 18.583915219453456,
	"Glooth Spear": 18.550382159349343,
	"Halberd": 18.526868568561454,
	"Insectoid Eggs": 18.503342185197987,
	"Longsword": 18.288005455107083,
	"Plate Armor": 18.195764223823485,
	"Quara Eye": 18.15939376876877,
	"Chain Armor": 17.965048337485147,
	"Quara Pincers": 17.148001484964734,
	"Small Ruby": 16.686418731336758,
	"Viper Star": 16.281036834924965,
	"Silencer Claws": 15.77064786703031,
	"Ice Cube": 15.501242538793214,
	"Brass Helmet": 14.709687376943478,
	"Rope": 13.983735473312517,
	"Leather Helmet": 13.591949173501956,
	"Red Crystal Fragment": 13.403263403263404,
	"Beetroot": 12.980775930833348,
	"Cheese": 11.88137189931383,
	"Double Axe": 11.73228183413793,
	"Torch": 11.547706845549342,
	"Yellow Gem": 10.60087010642481,
	"Poisonous Slime": 10.033015006821282,
	"Glooth Axe": 9.922467961934691,
	"Sword": 9.526849275406374,
	"Glooth Club": 9.47278297139024,
	"Wooden Shield": 9.424602106406592,
	"Grapes": 8.7499150908549,
	"Glooth Blade": 8.561777079560134,
	"Black Pearl": 8.35885139158226,
	"Studded Club": 8.198462408340568,
	"Red Gem": 8.158508158508159,
	"Rotten Piece of Cloth": 8.096807231598165,
	"Brass Armor": 7.928735292246718,
	"Scroll": 7.61856527873241,
	"Combat Knife": 7.614293796818069,
	"Green Crystal Splinter": 7.296990028888267,
	"Life Preserver": 7.284382284382284,
	"Glooth Steak": 7.208185538881309,
	"Two Handed Sword": 6.90050968267327,
	"Small Enchanted Amethyst": 6.784834739380194,
	"White Mushroom": 6.71940208654078,
	"Haunted Blade": 6.262182884783615,
	"Glooth Amulet": 6.0386935138379725,
	"Plum": 6.013210954701764,
	"Poison Arrow": 5.920071274023164,
	"Steel Helmet": 5.750236327922888,
	"Sniper Arrow": 5.717584369449378,
	"Elvish Talisman": 5.560585299157908,
	"Melon": 5.452555800745216,
	"Stealth Ring": 5.361601399680955,
	"Blank Rune": 5.308281683973287,
	"Bolt": 5.117517410272633,
	"Studded Helmet": 5.102345669836936,
	"Heavy Old Tome": 4.994670164636872,
	"Minotaur Horn": 4.733217945169306,
	"Crystal Sword": 4.710925801739455,
	"Green Crystal Fragment": 4.701735804648426,
	"Great Spirit Potion": 4.669973301352144,
	"Mouldy Cheese": 4.553175775480059,
	"White Pearl": 4.549820737846236,
	"Brown Crystal Splinter": 4.443248532289628,
	"Ratana": 4.370629370629371,
	"Life Ring": 4.36595674601422,
	"Talon": 4.103126714207351,
	"Elven Scouting Glass": 3.9378897798141783,
	"Glorious Axe": 3.93376184905513,
	"Shadow Sceptre": 3.8375705327724274,
	"Terra Boots": 3.836403685198646,
	"Voluminous Piece of Cloth": 3.659233847913093,
	"Green Mushroom": 3.6439113391637035,
	"Ludicrous Piece of Cloth": 3.57347055460263,
	"Bread": 3.478276598053757,
	"Royal Spear": 3.466424341882616,
	"Short Sword": 3.459318270863262,
	"Ominous Piece of Cloth": 3.459119496855346,
	"Luminous Piece of Cloth": 3.4448256146369354,
	"Terra Legs": 3.3928883857356045,
	"Studded Armor": 3.351757147903146,
	"Obvious Piece of Cloth": 3.30188679245283,
	"Thick Fur": 3.21438370401164,
	"Small Enchanted Emerald": 3.1768707482993195,
	"Flask of Embalming Fluid": 3.1462546101996693,
	"Mammoth Tusk": 3.1288297651215964,
	"Dubious Piece of Cloth": 3.0160091480846196,
	"Diamond Sceptre": 3.0022023298531333,
	"Damselfly Wing": 2.9549922136274285,
	"Badger Fur": 2.9306044131755677,
	"Lion's Mane": 2.848161880371809,
	"Ghoul Snack": 2.826290243576613,
	"Health Potion": 2.8164630521002922,
	"Steel Shield": 2.783443466894561,
	"Bunch of Troll Hair": 2.7669393177577017,
	"Book (Gemmed)": 2.7296545701087083,
	"Flaming Arrow": 2.657108320462024,
	"Silky Fur": 2.6151016875811335,
	"Gauze Bandage": 2.6029346305481367,
	"Banana": 2.5384615384615383,
	"Damselfly Eye": 2.49674504097419,
	"Sword Ring": 2.4761904761904763,
	"Nightmare Blade": 2.432831950207469,
	"Obsidian Lance": 2.3168637387387387,
	"Bow": 2.314380486790787,
	"Lump of Dirt": 2.3008962759648943,
	"Crystal Ring": 2.2536607690216175,
	"Cyclops Toe": 2.240694789081886,
	"Wand of Starstorm": 2.1666666666666665,
	"Hatchet": 2.094582514347303,
	"Sai": 2.0885632780082988,
	"Power Bolt": 2.03444168119824,
	"Doublet": 2.027840715985046,
	"Minotaur Leather": 2.0030649033221306,
	"Boots of Haste": 1.9976996648552137,
	"Elven Astral Observer": 1.950765112325001,
	"Spider Silk": 1.9218472468916519,
	"Springsprout Rod": 1.913697967376604,
	"Northwind Rod": 1.8874282697907268,
	"Vampire Teeth": 1.8754139189992358,
	"Small Enchanted Sapphire": 1.8722433140998778,
	"Hailstorm Rod": 1.857142857142857,
	"Soul Orb": 1.8357875958497907,
	"Green Tunic": 1.8241507795825345,
	"Life Crystal": 1.8228413902697405,
	"Swampling Moss": 1.7954461189505138,
	"Viking Helmet": 1.7876167224029549,
	"Crossbow": 1.7716461237548717,
	"Rapier": 1.7396943948534558,
	"Carrot": 1.7343927342354086,
	"Magic Light Wand": 1.7114757210116525,
	"Wand of Cosmic Energy": 1.6444367946896024,
	"Violet Crystal Shard": 1.6326530612244898,
	"Protection Amulet": 1.6245421245421243,
	"Winter Wolf Fur": 1.6,
	"Pelvis Bone": 1.599663228793938,
	"Ring of Healing": 1.5889398342726264,
	"Dragon's Tail": 1.579736722025639,
	"Crystal Necklace": 1.5790408525754884,
	"Dark Armor": 1.547383029341792,
	"Energy Ring": 1.5216841718186205,
	"Time Ring": 1.469338952350346,
	"Acorn": 1.4629836904381195,
	"Mana Potion": 1.4263759999650731,
	"Silver Brooch": 1.410682383175077,
	"Coal": 1.404712186426609,
	"Swamp Grass": 1.385062776957164,
	"Marsh Stalker Feather": 1.3828538805544102,
	"Boggy Dreads": 1.3819518217577307,
	"Cluster of Solace": 1.3541234439834025,
	"Piece of Swampling Wood": 1.3439837735272948,
	"Half-Digested Piece of Meat": 1.3328873404634272,
	"Terra Rod": 1.309613829346498,
	"Knight Armor": 1.308699991065666,
	"Strange Talisman": 1.2945440671499429,
	"Black Shield": 1.2856279864101308,
	"Burst Arrow": 1.2766829385885614,
	"Wand of Voodoo": 1.2570811661720753,
	"Shaggy Tail": 1.23837822294642,
	"Sling Herb": 1.2237289133309606,
	"War Hammer": 1.2204412105774016,
	"Blood Preservation": 1.2158605269861036,
	"Shard": 1.1211094810224285,
	"Medicine Pouch": 1.0851181683899556,
	"Troll Green": 1.06751118288842,
	"Glacier Mask": 1.0502874183927289,
	"Mammoth Whopper": 1.0249012679276657,
	"Onyx Chip": 1.0248470989538636,
	"Battle Shield": 1.0162558071803778,
	"Earth Arrow": 1.0072304545011743,
	"Lump of Earth": 0.9976511846904867,
	"Marsh Stalker Beak": 0.9768784293824733,
	"Strange Helmet": 0.9589458950084218,
	"Shovel": 0.9259684057544473,
	"Golden Mug": 0.9232148192411114,
	"Wood": 0.9230982274741507,
	"Werehyaena Talisman": 0.8741258741258742,
	"Fox Paw": 0.8491479065853145,