{
	"Gold Coin": 5090.642395765469,
	"Meat": 481.28656349353173,
	"Skull": 445.808743339036,
	"Dagger": 422.57889168880115,
	"Spear": 321.52018819010397,
	"Fish": 280.6674258566476,
	"Worm": 194.99818879503272,
	"Cheese": 188.96519341281925,
	"Insectoid Eggs": 168.62479765001183,
	"Arrow": 166.62676329525584,
	"Rope": 160.75288430648683,
	"Brown Bread": 155.95444191343964,
	"Damselfly Wing": 147.9860100584616,
	"Sabre": 142.57342024640255,
	"Dragon Ham": 131.24304721299507,
	"Damselfly Eye": 125.03699165198745,
	"Platinum Coin": 119.39174922822009,
	"Swampling Moss": 88.77483588144207,
	"Girlish Hair Decoration": 78.32514185419512,
	"Chain Armor": 72.48989820799156,
	"Torch": 69.65500723013656,
	"Piece of Swampling Wood": 66.45253102440513,
	"Bone": 66.22426079453169,
	"Marsh Stalker Feather": 64.56199054838403,
	"Longsword": 63.179189551476334,
	"Health Potion": 57.37026047548746,
	"White Mushroom": 49.02543622173614,
	"Mana Potion": 45.91583860711198,
	"Marsh Stalker Beak": 45.60801167179422,
	"Compass": 42.259198230004685,
	"Protective Charm": 41.763550679411104,
	"Wood": 41.02964924401823,
	"Ham": 40.397762088439585,
	"Leather Boots": 40.00575689716173,
	"Rat Cheese": 39.49520048619104,
	"Soft Cheese": 38.48589440971084,
	"Red Apple": 33.12413073713491,
	"Swampling Club": 33.027305838476806,
	"Hand Axe": 31.673436202071283,
	"Leather Helmet": 29.15536744447947,
	"Mace": 28.787034869929403,
	"Cookie": 28.643208554458745,
	"Steel Shield": 26.930026302907862,
	"Corncob": 25.058799346941928,
	"Broken Shamanic Staff": 23.62962962962963,
	"Hunting Spear": 23.583179566494863,
	"Earflap": 23.265086681343455,
	"Bola": 22.383911197147455,
	"Wooden Shield": 21.434443782945767,
	"Orc Leather": 20.905193157261685,
	"Cheese Cutter": 20.800912275366343,
	"Throwing Knife": 20.376639698767725,
	"Small Stone": 19.454709445347365,
	"Mouldy Cheese": 18.91968196556185,
	"Worn Leather Boots": 17.802197802197803,
	"Shamanic Hood": 17.415343915343918,
	"Crossbow": 16.898559030757184,
	"Dragon's Tail": 16.18645772071531,
	"Plate Armor": 15.783858173260137,
	"Banana": 14.989159207530223,
	"Flask of Embalming Fluid": 14.037135953198524,
	"Burst Arrow": 12.83662941037374,
	"Brass Helmet": 12.699202325522881,
	"Plate Shield": 11.76565573963262,
	"Rope Belt": 11.708596403471923,
	"Gauze Bandage": 11.613092967060918,
	"Rotten Piece of Cloth": 10.893886093422987,
	"Magic Light Wand": 10.85580288570962,
	"Leather Legs": 10.786244883153888,
	"Heavy Old Tome": 10.34040943938611,
	"Bow": 10.18525199560136,
	"Bony Tail": 9.552713882645497,
	"Battle Shield": 9.425524353459636,
	"Cultish Robe": 9.304064971613236,
	"Wolf Tooth Chain": 9.256985340684073,
	"Studded Club": 9.082918992501451,
	"Orange": 8.864744819368347,
	"Axe": 8.760637610349216,
	"Lion's Mane": 8.72052451245723,
	"Morning Star": 8.634484104331625,
	"Stone Wing": 8.520299746692936,
	"Cape": 8.24865741028698,
	"Witch Broom": 8.074049446895968,
	"Star Herb": 7.2783956960648,
	"Shadow Herb": 7.082823926860183,
	"Potato": 7.044047283985365,
	"Orc Tooth": 6.792660042455715,
	"Roll": 6.205984625238063,
	"Small Amethyst": 6.187337349861283,
	"Strange Talisman": 6.18497116672894,
	"Mango": 6.091086587436333,
	"Brass Shield": 5.786524351376791,
	"Swamp Grass": 5.724926144756277,
	"Bolt": 5.711480041654592,
	"Steel Helmet": 5.524740502073792,
	"Scale Armor": 5.463200701261454,
	"Bone Club": 5.258415963244484,
	"Protection Amulet": 5.139978393614815,
	"Broken Helmet": 4.915233429964296,
	"Small Sapphire": 4.861654663638502,
	"Lamassu Horn": 4.588858239360872,
	"Silver Brooch": 4.553955233371487,
	"Medicine Pouch": 4.485155096011817,
	"Brown Mushroom": 4.44057734404654,
	"Treasure Map (Pirate)": 4.288167537256046,
	"Carrot": 4.254469538617836,
	"Small Ruby": 4.080057768655374,
	"Strong Health Potion": 4.043512223902323,
	"Small Emerald": 4.030992580699113,
	"Throwing Star": 3.874268261847863,
	"Egg": 3.871449553727739,
	"Ghoul Snack": 3.8026450549939885,
	"Crab Pincers": 3.797381116471399,
	"Red Gem": 3.6786743515850144,
	"Pelvis Bone": 3.554044013412258,
	"Blue Crystal Shard": 3.486792384985195,
	"Combat Knife": 3.306860602749704,
	"Scimitar": 3.2970032590761744,
	"Double Axe": 3.2747016147226615,
	"Broadsword": 3.258911293535283,
	"Studded Helmet": 3.2572175930495826,
	"Royal Spear": 3.191838846691855,
	"Studded Legs": 3.16626036079961,
	"Sickle": 3.1630296802272864,
	"Lump of Dirt": 3.1012080241265965,
	"Plate Legs": 3.032421879632301,
	"Scarab Coin": 3.0207222396162754,
	"Life Preserver": 2.997300834688658,
	"Honeycomb": 2.9966129002868227,
	"Light Shovel": 2.988440979955457,
	"Ratana": 2.947089192330522,
	"Small Topaz": 2.909527000811259,
	"Orcish Gear": 2.8833867665804007,
	"Sphinx Feather": 2.7958331236475265,
	"Half-Digested Piece of Meat": 2.764507076516738,
	"Lamassu Hoof": 2.7074404184627827,
	"Halberd": 2.668616177803208,
	"Demonic Skeletal Hand": 2.6345393584546866,
	"Magma Amulet": 2.5972696354840257,
	"Wand of Decay": 2.5960272814681353,
	"Scarab Pincers": 2.577830893337317,
	"Bone Shield": 2.5673745537048487,
	"Viking Helmet": 2.520780549787017,
	"Violet Crystal Shard": 2.5187319884726227,
	"Red Crystal Fragment": 2.5021613832853022,
	"Cultish Mask": 2.3685007571933365,
	"Sword": 2.3647863411676635,
	"Green Gem": 2.3315299343415634,
	"Cheesy Figurine": 2.3109958491108795,
	"Blueberry": 2.3025477707006368,
	"Sphinx Tiara": 2.256554778320165,
	"Iron Helmet": 2.197915167054115,
	"Garlic Necklace": 2.160639028973625,
	"Hook": 2.143928622353605,
	"Peg Leg": 2.1433867579245307,
	"Brass Armor": 2.0993283115198773,
	"Troll Green": 2.0567633224004913,
	"Soul Orb": 2.047664442326025,
	"Pirate Shirt": 2.0357142857142856,
	"Hunter's Quiver": 2.0297951582867784,
	"Fafnar Symbol": 2.006990036099061,
	"Eye Patch": 2.0064675831023733,
	"Blue Gem": 1.9904513209641113,
	"Hatchet": 1.9750263626040316,
	"Wyvern Talisman": 1.9222520107238605,
	"Black Pearl": 1.9112448125650165,
	"Opal": 1.8967453677723798,
	"Pirate Bag": 1.8904648128950556,
	"Book (Orange)": 1.8835517648688633,
	"Kongra's Shoulderpad": 1.8719451903295798,
	"Terra Amulet": 1.8641930835734872,
	"Poison Arrow": 1.7905717338008147,
	"Crystal Ring": 1.7352791555385985,
	"Small Diamond": 1.7318434309221595,
	"Centipede Leg": 1.72989769172233,
	"Wand of Inferno": 1.7118411094983743,
	"Terra Hood": 1.696429294072975,
	"Magma Boots": 1.689640664053466,
	"Chain Helmet": 1.6502400255463443,
	"Coat": 1.6304781478570995,
	"Dragon Necklace": 1.6294209019030412,
	"Cyan Crystal Fragment": 1.61735949031729,
	"Battle Axe": 1.606087527521341,
	"Spike Shield": 1.598996707689602,
	"Sword Ring": 1.5853946450609002,
	"Secret Instruction": 1.569650650860508,
	"Pirate Knee Breeches": 1.5674832962138083,
	"Wolf Paw": 1.5420843338661454,
	"Green Dragon Scale": 1.5341409027903332,
	"Pirate Voodoo Doll": 1.513496702867268,
	"Battle Hammer": 1.5089538929113038,
	"Green Dragon Leather": 1.5048342244147705,
	"Lightning Headband": 1.4965157343046032,
	"Leather Harness": 1.463163214969133,
	"Skull Belt": 1.4345259886676252,
	"Studded Armor": 1.4272241441853515,
	"Piece of Crocodile Leather": 1.402346650824298,
	"Strawberry": 1.3938221221502956,
	"Green Mushroom": 1.3690019606905457,
	"Scarab Amulet": 1.3146100985957574,
	"Banana Sash": 1.2834016220040516,
	"Ankh": 1.2781601756659566,
	"Lightning Pendant": 1.276280731615731,
	"Cobra Tongue": 1.2704859114433582,
	"Brass Legs": 1.2660873383151727,
	"Crystal Necklace": 1.262870159453303,
	"White Pearl": 1.2258064516129032,
	"Two Handed Sword": 1.199395625375916,
	"Snakebite Rod": 1.1543832428238945,
	"Chicken Feather": 1.1458298372210103,
	"Strong Mana Potion": 1.119952134031984,
	"Scorpion Tail": 1.1130514051305425,
	"Rotten Meat": 1.1068732134944699,
	"Green Crystal Fragment": 1.0986754931974985,
	"Yellow Piece of Cloth": 1.0981495612361694,
	"Seeds": 1.0572279027404898,
	"Underworld Rod": 1.0506034954162466,
	"Terramite Legs": 1.0483037709280065,
	"Acorn": 1.0373855750047158,
	"Book (Grey)": 1.0357142857142856,
	"Terrorbird Beak": 1.020939311487046,