{
	"Platinum Coin": 4191.245256391314,
	"Gold Coin": 2949.486204438388,
	"Great Health Potion": 1278.5037858794178,
	"Meat": 700.2749177714924,
	"Ham": 448.8087292426118,
	"Werehyaena Nose": 407.8528138528138,
	"Flask of Demonic Blood": 385.568715202961,
	"Axe": 382.84406592765754,
	"Knife": 360.5376244991023,
	"Great Mana Potion": 333.7319539672484,
	"Halberd": 277.9248500049533,
	"Red Crystal Fragment": 259.46751039546433,
	"Small Amethyst": 191.3591909140191,
	"Red Gem": 170.73083239200034,
	"Yellow Gem": 145.21722096432663,
	"Combat Knife": 144.223610286237,
	"Life Preserver": 137.7039627039627,
	"Small Enchanted Amethyst": 126.72092690274509,
	"Cowbell": 115.09974255976589,
	"Demonic Essence": 113.61176778842629,
	"Plate Shield": 107.01461375348707,
	"Ultimate Health Potion": 98.47946852942766,
	"Scythe": 94.67383680149638,
	"Cultish Robe": 92.2230021928308,
	"Green Crystal Fragment": 90.06713555416725,
	"Minotaur Horn": 89.74572956281934,
	"Green Crystal Splinter": 86.75504322766571,
	"Ratana": 82.62237762237763,
	"Small Emerald": 82.29963438305211,
	"Minotaur Leather": 74.2533770909024,
	"Bone": 64.74560038352223,
	"Cheese": 61.66030741982464,
	"Small Enchanted Emerald": 60.7419202781133,
	"Small Ruby": 60.422359949970925,
	"Bronze Amulet": 58.930024410303226,
	"Assassin Star": 58.62278739314486,
	"Brown Crystal Splinter": 54.64285714285714,
	"Worm": 54.368866667585536,
	"Small Diamond": 52.8664220088201,
	"Mystical Hourglass": 49.793079261164365,
	"Soul Orb": 49.00463089619065,
	"Sword Ring": 48.57142857142857,
	"Mino Shield": 48.46838602329451,
	"Rare Earth": 47.428282828282825,
	"Magic Light Wand": 47.01132169707384,
	"Small Topaz": 45.9954771840844,
	"Wand of Starstorm": 43.46849237049663,
	"Coal": 39.031700763969916,
	"Doublet": 36.42857142857142,
	"Hailstorm Rod": 36.42857142857142,
	"Fairy Wings": 36.20874865187399,
	"Glob of Acid Slime": 32.6123104541127,
	"Onyx Arrow": 31.434698422701707,
	"Great Spirit Potion": 31.43326821567563,
	"Protection Amulet": 30.568804768090136,
	"Dark Shield": 28.357493570259525,
	"Skull": 27.094826630179885,
	"Slightly Rusted Armor": 24.78489595510872,
	"Black Shield": 24.310372751179298,
	"Wand of Voodoo": 24.29330865694502,
	"Mace": 24.211652355893506,
	"Stonerefiner's Skull": 23.86868686868687,
	"Striped Fur": 23.838237916889604,
	"Poisonous Slime": 23.204713804713805,
	"Spear": 22.786412307626165,
	"Ring of Healing": 22.024574303389375,
	"Torch": 21.917139384031408,
	"Hand Axe": 20.66323574689691,
	"Frazzle Tongue": 18.973871887966805,
	"Purple Robe": 17.890654205607476,
	"Half-Digested Stones": 17.503703703703703,
	"Frazzle Skin": 16.573910788381742,
	"Werehyaena Talisman": 16.524475524475523,
	"Remains of a Fish": 15.964730290456432,
	"Leather Helmet": 15.374765421754134,
	"Fish": 14.843408703651725,
	"Sword": 14.308894064502216,
	"Short Sword": 13.852041481336503,
	"Strong Mana Potion": 13.620123016813771,
	"Snakebite Rod": 13.045794392523366,
	"Sabretooth": 12.997503121098626,
	"Orichalcum Pearl": 12.727379003974749,
	"Leather Boots": 12.53326531497791,
	"Rat Cheese": 12.375084175084176,
	"Moonlight Rod": 11.655889145496536,
	"Chain Armor": 11.282947122103863,
	"Rotten Piece of Cloth": 11.188315447299283,
	"Underworld Rod": 10.948674567630079,
	"Heavy Old Tome": 9.361276137184714,
	"Cyclops Toe": 9.201481995381199,
	"Arrow": 9.108419476227692,
	"Rope": 8.870551240985568,
	"Pelvis Bone": 8.698168806567038,
	"Grapes": 8.683776759343825,
	"Big Bone": 8.572136001836586,
	"Nightmare Blade": 8.371722220901725,
	"Fish Fin": 8.168180524160269,
	"Brass Helmet": 7.989928980825911,
	"Piece of Iron": 7.956107365145228,
	"Lamassu Horn": 7.685878962536023,
	"Wooden Shield": 7.681740134496057,
	"Viking Helmet": 7.564732766913642,
	"Strong Health Potion": 7.557192623979238,
	"Green Gem": 7.4833827280599134,
	"Mino Lance": 7.445553706784987,
	"Bolt": 7.209053330622755,
	"Life Ring": 7.0158675757555615,
	"Taurus Mace": 6.96448598130841,
	"Flaming Arrow": 6.790387930069617,
	"Red Piece of Cloth": 6.495128749725479,
	"Lump of Dirt": 6.202416048253193,
	"Violet Crystal Shard": 6.132564841498559,
	"Studded Club": 6.1262635393839755,
	"Werehyaena Trophy": 6.071428571428571,
	"Blue Crystal Shard": 5.870317002881844,
	"Violet Gem": 5.769562885472371,
	"Leather Legs": 5.762323336899012,
	"Glob of Tar": 5.643473471635763,
	"Gold Ingot": 5.633978332238161,
	"Battle Shield": 5.412121552793469,
	"Hatchet": 5.405602381687734,
	"Giant Shimmering Pearl (Green)": 5.179372700933904,
	"Scroll": 4.8758817783887425,
	"Essence of a Bad Dream": 4.8020477668300146,
	"Terra Amulet": 4.544399404629953,
	"Lamassu Hoof": 4.5389048991354475,
	"Iron Ore": 4.445324196202829,
	"Titan Axe": 4.087718469202687,
	"Elvish Talisman": 3.9411904272547913,
	"Ghoul Snack": 3.905419245669502,
	"Silencer Claws": 3.8748520557814023,
	"Terra Hood": 3.7521613832853022,
	"Blank Rune": 3.749974275837973,
	"Honeycomb": 3.748803560297546,
	"Poison Arrow": 3.6363286157151022,
	"Glacier Kilt": 3.5725976151508068,
	"Sphinx Feather": 3.5315786825021385,
	"Melon": 3.489635712476938,
	"Opal": 3.4685407074633767,
	"Heavily Rusted Armor": 3.2081857187729637,
	"Small Sapphire": 3.1444356451327544,
	"Scythe Leg": 3.037860011726888,
	"Blue Gem": 2.9473791836306713,
	"Wood": 2.891076368077482,
	"Sphinx Tiara": 2.850384983141261,
	"Magma Amulet": 2.847969402647074,
	"Spiked Squelcher": 2.8438283359181673,
	"Dragon Ham": 2.7410563680583055,
	"Brass Shield": 2.5378817459440626,
	"Boggy Dreads": 2.467771110281662,
	"Knight Armor": 2.3489466312607648,
	"Throwing Star": 2.3291689804544573,
	"Elven Scouting Glass": 2.3223452547622077,
	"Falcon Crest": 2.2535945539899327,
	"Bread": 2.2260970227544044,
	"Damaged Armor Plates": 2.2248811642895374,
	"Onyx Chip": 2.219020172910663,
	"Lump of Earth": 2.198172363790476,
	"Chain Helmet": 2.1186354537293632,
	"Warrior Helmet": 2.112775213387759,
	"Glorious Axe": 2.1003013642581343,
	"Death Ring": 2.0612366482435887,
	"Studded Helmet": 2.052443147367664,
	"Longsword": 2.000712722029415,
	"Mutated Flesh": 1.994903814358795,
	"Brass Armor": 1.9810685557243013,
	"Rainbow Quartz": 1.9769452449567724,
	"Bow": 1.9722165156969678,
	"Health Potion": 1.8886863941271883,
	"Earth Arrow": 1.813014818102114,
	"Skullcracker Armor": 1.7862988075754034,
	"Studded Legs": 1.7693807898586056,
	"Cookie": 1.7642505657124385,
	"Stone Herb": 1.7598501764748253,
	"Magma Boots": 1.7005686679080068,
	"Voluminous Piece of Cloth": 1.6937025238912031,
	"Ludicrous Piece of Cloth": 1.654006370987503,
	"White Mushroom": 1.6064552291804153,
	"Ominous Piece of Cloth": 1.6010781671159031,
	"Scale Armor": 1.5974945704729837,
	"Studded Armor": 1.5967310744284782,
	"Luminous Piece of Cloth": 1.5944621416319529,
	"Haunted Blade": 1.5821521757670396,
	"White Pearl": 1.5667413966298338,
	"Minotaur Trophy": 1.56318258018343,
	"Stealth Ring": 1.5383827423802643,
	"Obvious Piece of Cloth": 1.5283018867924527,
	"Golden Armor": 1.516402755249378,
	"Lightning Headband": 1.4689655969755835,
	"Obsidian Lance": 1.4364933673940634,
	"Elven Amulet": 1.4181003346392316,
	"Bunch of Troll Hair": 1.4147237332809512,
	"Dubious Piece of Cloth": 1.3959813771134524,
	"Mutated Rat Tail": 1.3899013181588993,
	"Elven Astral Observer": 1.2484896718880005,
	"Battle Hammer": 1.246177918273741,
	"Mastermind Shield": 1.2303357081608173,
	"Raspberry": 1.2281294585867688,
	"Broken Crossbow": 1.224368096496578,
	"War Axe": 1.2221589761307183,
	"Green Tunic": 1.167456498932822,
	"Small Stone": 1.1564421690504592,
	"Lightning Pendant": 1.1548727719006096,
	"Silky Tapestry": 1.1068307472801855,
	"Studded Shield": 1.0761190638491251,
	"Scimitar": 1.072002448542352,
	"Broken Helmet": 1.0684698477502763,
	"Sacred Tree Amulet": 1.0489913544668588,
	"Battle Axe": 1.038188484587749,
	"Wand of Defiance": 1.0121282270645664,
	"Fishbone": 1.006691175040361,
	"Mutated Bat Ear": 0.9900990099009901,
	"Shadow Sceptre": 0.9830350120216101,
	"Piercing Bolt": 0.9752659754692689,
	"Cobra Tongue": 0.9655692926969524,