{
	"Gold Coin": 4644.097126271987,
	"Platinum Coin": 2046.4383081962553,
	"Flask of Demonic Blood": 571.8831544050897,
	"Great Mana Potion": 406.40797701480324,
	"Meat": 304.04716525084535,
	"Great Health Potion": 256.32888636254404,
	"Demonic Essence": 191.25973668388346,
	"Ultimate Health Potion": 159.961791396158,
	"Scythe": 152.37035305120412,
	"Ham": 128.62468782600732,
	"Cheese": 112.74245894140059,
	"Dragon Ham": 111.17058125064874,
	"Skull": 105.0357544367422,
	"Dark Mushroom": 94.90437289764536,
	"Fish": 86.73789179943205,
	"Bone": 80.78614009026755,
	"Mystical Hourglass": 80.1381809679682,
	"Magic Light Wand": 75.5269374442816,
	"Fairy Wings": 73.91151876123794,
	"Worm": 73.03184063810984,
	"Green Mushroom": 66.44253860455773,
	"Scroll": 60.61865488731543,
	"Axe": 60.02295427974207,
	"Dagger": 56,
	"Werehyaena Nose": 55,
	"Knife": 52.507321468799276,
	"Dark Shield": 45.63923310731821,
	"Halberd": 43.69072276499575,
	"Terra Amulet": 42.62232633113929,
	"Red Crystal Fragment": 41.4768344047883,
	"Rare Earth": 40.25425685425685,
	"Poison Arrow": 40.15857931811405,
	"Slightly Rusted Armor": 39.88940846387655,
	"Arrow": 39.63143425363159,
	"Frazzle Tongue": 38.650479771784234,
	"Frazzle Skin": 33.76167012448133,
	"Coal": 32.625364580843346,
	"Remains of a Fish": 32.5207468879668,
	"Garlic Necklace": 32.243152330610286,
	"Bolt": 32.08106506926406,
	"Grapes": 31.361892120621306,
	"Red Gem": 31.092769236517075,
	"Bat Wing": 30.90475732820759,
	"Red Rose": 26.26399141054892,
	"Chain Armor": 25.275130043023605,
	"Glob of Acid Slime": 25.24271284271284,
	"Beetroot": 21.68879111471852,
	"Bloody Pincers": 21.645636172450054,
	"Wyvern Talisman": 21.385053619302948,
	"Combat Knife": 21.152206546573225,
	"Orichalcum Pearl": 20.75509076613305,
	"Brown Bread": 20.67577828397874,
	"Poisonous Slime": 20.383950120297854,
	"Stonerefiner's Skull": 20.258297258297258,
	"Yellow Gem": 20.24957194731856,
	"Soul Orb": 20.14293578061817,
	"Small Amethyst": 19.967427964663667,
	"Sniper Arrow": 19.813038896120453,
	"Life Preserver": 19.23076923076923,
	"Sabre": 18.677739424514726,
	"Scroll of Heroic Deeds": 18.606718239854818,
	"Crossbow": 18.36193312751568,
	"Small Enchanted Amethyst": 18.241447741447743,
	"Underworld Rod": 18.12409800008584,
	"Bow": 17.89082830898878,
	"Big Bone": 17.447808609958507,
	"Fish Fin": 16.631354798019192,
	"Essence of a Bad Dream": 16.55424179942977,
	"Plate Shield": 16.480081612077438,
	"Assassin Star": 16.474068480734662,
	"Piece of Iron": 16.206885373443985,
	"Mace": 16.1698796746327,
	"Spear": 16.124020947142125,
	"Torch": 16.010716434700498,
	"Throwing Star": 15.629070564821587,
	"Half-Digested Stones": 14.856084656084654,
	"Lump of Dirt": 14.705728372471281,
	"Green Crystal Fragment": 14.244291731323433,
	"Nightmare Blade": 13.711688502964329,
	"Terra Boots": 13.375765577433564,
	"Short Sword": 12.79902210813102,
	"Brass Legs": 12.631259578668669,
	"Green Crystal Splinter": 12.255043227665706,
	"Small Sapphire": 12.11354479494721,
	"Ratana": 11.53846153846154,
	"Two Handed Sword": 11.101875882988397,
	"Silver Amulet": 10.997492413699767,
	"Green Tunic": 10.854732141561433,
	"Wedding Ring": 10.520467035023417,
	"Scimitar": 10.50562399571505,
	"Rat Cheese": 10.503222703222704,
	"Scythe Leg": 10.454595336658016,
	"Small Ruby": 9.437551651618191,
	"Strong Health Potion": 9.166361274931868,
	"Sword": 9.108031658276424,
	"Strong Mana Potion": 9.105933262632579,
	"Iron Ore": 9.051853406043934,
	"Cyclops Toe": 8.391202623409571,
	"Small Emerald": 8.194589218282,
	"Ice Rapier": 8.034275765028466,
	"Small Enchanted Emerald": 7.958413895564413,
	"Silencer Claws": 7.943446714351875,
	"Thorn": 7.717741233794484,
	"Lamassu Horn": 7.685878962536023,
	"Red Piece of Cloth": 7.550464327938592,
	"Wand of Starstorm": 7.382980508764288,
	"Power Bolt": 7.187678566444293,
	"Spider Silk": 7.104833275851911,
	"Bone Sword": 7.083606027083535,
	"Heavy Old Tome": 6.964335515666277,
	"Girlish Hair Decoration": 6.891040242976462,
	"Pirate Coin": 6.803608283139502,
	"Book of Necromantic Rituals": 6.772358457087521,
	"Brown Crystal Splinter": 6.75,
	"Hand Axe": 6.579904843170939,
	"Leather Helmet": 6.517608504689406,
	"Hunting Spear": 6.4573445829096645,
	"Plate Armor": 6.39239299255412,
	"Violet Crystal Shard": 6.132564841498559,
	"Rotten Piece of Cloth": 6.035801754464087,
	"Sword Ring": 6,
	"Warwolf Fur": 5.945189037807562,
	"Blue Crystal Shard": 5.870317002881844,
	"Glacier Kilt": 5.749824643441665,
	"Jalapeno Pepper": 5.679649464459591,
	"Protection Amulet": 5.647161221210498,
	"Rope": 5.586673680071219,
	"Leather Legs": 5.3847230407101945,
	"Brown Mushroom": 5.375557068644307,
	"Incantation Notes": 5.243328100470958,
	"Lancet": 5.243328100470958,
	"Belted Cape": 5.229626857166399,
	"Brass Armor": 5.137062891702773,
	"Blood Tincture in a Vial": 5.1051805337519625,
	"Broken Gladiator Shield": 5.0915907873594,
	"War Hammer": 5.079675342494188,
	"White Pearl": 5.061764140531696,
	"Crystal Sword": 5.014366636565143,
	"Werebadger Claws": 4.923832923832923,
	"Leather Boots": 4.874287070996431,
	"Pirat's Tail": 4.810238242036202,
	"Studded Helmet": 4.782139181833481,
	"Flaming Arrow": 4.72374812526582,
	"Blank Rune": 4.646786657882366,
	"Small Notebook": 4.644250270749165,
	"Small Diamond": 4.631825994633508,
	"Werebadger Skull": 4.603194103194103,
	"Lamassu Hoof": 4.5389048991354475,
	"Doublet": 4.5,
	"Hailstorm Rod": 4.5,
	"Fox Paw": 4.4068167473174835,
	"Bony Tail": 4.37832719621252,
	"Steel Shield": 4.194913363933929,
	"Sphinx Feather": 4.193749685471289,
	"Longsword": 4.106013334123251,
	"Pelvis Bone": 4.099137023784467,
	"Terra Rod": 4.0246613479587445,
	"Brass Helmet": 3.9949644904129555,
	"Studded Legs": 3.9112627986348123,
	"Troll Green": 3.893121645263688,
	"Studded Armor": 3.889602887004428,
	"Haunted Blade": 3.83617681073434,
	"Death Ring": 3.8086200527952534,
	"Terra Hood": 3.7521613832853022,
	"Wand of Voodoo": 3.733582987376091,
	"Protective Charm": 3.6860288534548213,
	"Viking Helmet": 3.6150806489489065,
	"Wereboar Hooves": 3.553692795650204,
	"Horoscope": 3.5478806907378333,
	"Opal": 3.506486675704251,
	"Wereboar Tusks": 3.491164476665156,
	"Vampire Teeth": 3.438258851498599,
	"Battle Shield": 3.41866266482445,
	"Spellbook": 3.3893684459901485,
	"Sphinx Tiara": 3.3848321674802473,
	"Magma Amulet": 3.3819636656434002,
	"Badger Fur": 3.334825711544611,
	"Cookie": 3.327394849322941,
	"Blue Gem": 3.3260214260945635,
	"Plate Legs": 3.2753472522605422,
	"Small Flask of Eyedrops": 3.233954937561136,
	"Earth Arrow": 3.223137454403758,
	"Mana Potion": 3.212962395779372,
	"Lump of Earth": 3.1924837910095576,
	"Knight Axe": 3.146122489971936,
	"Green Gem": 3.1437101923671324,
	"Stealth Ring": 3.098956883307896,
	"Wand of Inferno": 3.0275156529704925,
	"Black Shield": 3.001828182627496,
	"Studded Shield": 2.9593274255850943,
	"Wooden Shield": 2.939913340120985,
	"Health Potion": 2.887838355019534,
	"Purple Robe": 2.879088735761496,
	"Skullcracker Armor": 2.8749123217208323,
	"Crowbar": 2.8569082998111814,
	"Hatchet": 2.692488166056047,
	"Pieces of Magic Chalk": 2.6687598116169546,
	"Magma Boots": 2.647385703179641,
	"Boggy Dreads": 2.5664819546929283,
	"Morning Star": 2.5320817400256885,
	"Honeycomb": 2.5233830611153163,
	"Studded Club": 2.4965704969254,
	"Wolf Paw": 2.4695483198280694,
	"Minotaur Horn": 2.41220830235234,
	"Shark Fins": 2.4037435350135454,
	"Piece of Dead Brain": 2.3747940453822807,
	"Crown Armor": 2.343472746666682,
	"Scarf": 2.325988814398905,
	"Werehyaena Talisman": 2.3076923076923075,
	"Werebear Fur": 2.257160647571607,
	"Blood Preservation": 2.2290776328078565,
	"Elvish Talisman": 2.221822475599941,
	"Onyx Chip": 2.219020172910663,
	"Bone Club": 2.183692793266702,
	"Snakebite Rod": 2.1442553789902967,
	"Crown Helmet": 2.1434071024659653,
	"Werebear Skull": 2.1170610211706102,
	"Ghoul Snack": 2.1068709088480206,
	"Shadow Sceptre": 2.0958306774282818,
	"Brass Shield": 2.086047044477705,
	"Werewolf Fangs": 2.063646729553229,