{
	"Gold Coin": 5154.659101804598,
	"Dragon Ham": 731.9647045137581,
	"Skull": 676.4244846914893,
	"Dagger": 655.3967808576813,
	"Meat": 459.7021963658014,
	"Bone": 448.32206331669664,
	"Worm": 316.4692227485974,
	"Spear": 292.60953655988794,
	"Great Mana Potion": 266.71979847605655,
	"Great Health Potion": 257.36831948274005,
	"Brown Bread": 241.90660592255125,
	"Platinum Coin": 221.9263037907265,
	"Sabre": 192.36881507050325,
	"Rotten Piece of Cloth": 166.64701429398406,
	"Ice Rapier": 159.39354652180202,
	"Torch": 150.16469774903567,
	"Pirate Coin": 146.8365874331151,
	"Girlish Hair Decoration": 109.61891215019595,
	"Crystal Sword": 103.96214571565038,
	"Pirat's Tail": 103.54081389096149,
	"Ham": 101.27138000956992,
	"Flask of Demonic Blood": 94.29119155329867,
	"Steel Shield": 90.09687203527928,
	"Pelvis Bone": 78.88339296990107,
	"Flask of Embalming Fluid": 75.1470812666921,
	"Viking Helmet": 72.88263790777233,
	"Mace": 72.845368209946,
	"Chain Armor": 72.42853305101431,
	"Crossbow": 67.9325989283693,
	"Dragon's Tail": 65.58814181717777,
	"Gauze Bandage": 62.17009252193819,
	"Knight Axe": 59.527953370002464,
	"Crowbar": 58.837215870418845,
	"Protective Charm": 58.48930995445247,
	"Ghoul Snack": 58.17019192234047,
	"Magic Light Wand": 50.32962589396608,
	"Plate Shield": 50.04456136365099,
	"Burst Arrow": 49.423142843091746,
	"Shark Fins": 49.23668007552746,
	"Heavy Old Tome": 48.936184353788406,
	"Small Stone": 47.019498152489454,
	"Green Mushroom": 46.49557805019837,
	"Hatchet": 44.02428389867319,
	"Fish": 41.50503366569981,
	"Wand of Inferno": 40.86502945177627,
	"Cheese": 40.611914532523976,
	"Knight Armor": 37.087880677948995,
	"Red Apple": 36.45166898470097,
	"Stone Wing": 35.88126231353786,
	"Grappling Hook": 34.06448275862069,
	"Demonic Essence": 31.96242251721582,
	"Strange Talisman": 30.919687142312096,
	"Longsword": 30.72320277616111,
	"Bolt": 30.618584244029265,
	"Sword": 29.943992811215466,
	"Terra Boots": 29.698011731343204,
	"Potato": 29.664368139600338,
	"Ultimate Health Potion": 27.14549886198967,
	"Scythe": 25.775075987841944,
	"Cookie": 25.52299621939086,
	"Focus Cape": 25.103207537733233,
	"Silver Brooch": 24.418510327448274,
	"Hunting Spear": 24.38490959666203,
	"Book (Gemmed)": 23.370872702737692,
	"Royal Spear": 22.98122313897635,
	"Wolf Tooth Chain": 22.442772368099106,
	"Steel Helmet": 21.96212072942864,
	"Short Sword": 20.904934471215675,
	"Wand of Starstorm": 20.869943305042057,
	"Dark Mushroom": 20.24026910139356,
	"Hand Axe": 18.28164322723908,
	"Mouldy Powder": 18.19724284199364,
	"Power Bolt": 17.389985500389034,
	"Brass Helmet": 17.011968716872286,
	"Rope": 16.961081361618504,
	"Arrow": 16.619319404538036,
	"Magma Boots": 16.274835013759507,
	"Leather Boots": 16.269863867918062,
	"Leather Helmet": 16.005570953235768,
	"Springsprout Rod": 16.00344827586207,
	"Cyclops Toe": 14.076917308921468,
	"Small Sapphire": 13.911472371641407,
	"Strong Health Potion": 13.842380048437782,
	"Mystical Hourglass": 13.556231003039512,
	"Energy Ring": 13.030036196772839,
	"Wand of Voodoo": 12.817947363151125,
	"Lump of Dirt": 12.304793127986175,
	"Plate Armor": 12.115048096170057,
	"Broadsword": 11.952630627372988,
	"Scale Armor": 11.606741814808275,
	"Gloom Wolf Fur": 11.54508382419574,
	"Plate Legs": 11.476595121867225,
	"Axe": 11.409688537191265,
	"Pile of Grave Earth": 11.341675201496193,
	"Brown Piece of Cloth": 11.29126775615621,
	"Insectoid Eggs": 10.822709580021463,
	"Poison Arrow": 10.731489743425612,
	"White Mushroom": 10.362100298780847,
	"Frosty Heart": 10.117817615481478,
	"Ring of Blue Plasma": 9.954047366560623,
	"Crystal Ring": 9.751349082918027,
	"Battle Shield": 9.321858674543737,
	"Strong Mana Potion": 9.184720856134899,
	"Garlic Necklace": 8.961159845457427,
	"Minotaur Horn": 8.714376183685484,
	"Witch Broom": 8.273408692498338,
	"Double Axe": 8.255727888030924,
	"Ice Cube": 8.221343720884839,
	"Terra Amulet": 8.122056703507928,
	"Golden Mug": 7.909078234962999,
	"Half-Digested Piece of Meat": 7.849225449395737,
	"Brass Shield": 7.749947379499052,
	"Dark Shield": 7.720364741641337,
	"Star Herb": 7.458109170041709,
	"Wood Cape": 7.387769529869212,
	"Black Pearl": 7.284393834222913,
	"Lightning Boots": 7.076705549664192,
	"Slightly Rusted Armor": 6.930756866240495,
	"Marsh Stalker Feather": 6.8278410352374,
	"Bat Wing": 6.59106198942816,
	"Bony Tail": 6.467983358041222,
	"Wooden Shield": 6.264843383069225,
	"Green Dragon Scale": 6.229855963358042,
	"Green Dragon Leather": 6.110847086981602,
	"Health Potion": 6.106299487303447,
	"Swampling Moss": 5.984820396501712,
	"Studded Club": 5.9145858993433995,
	"Yellow Piece of Cloth": 5.878886875238458,
	"Strawberry": 5.8697579510273,
	"Studded Helmet": 5.449015587149465,
	"Small Diamond": 5.361687299628371,
	"Morning Star": 5.322383550622088,
	"Damselfly Wing": 5.3189859845293705,
	"Wolf Paw": 5.22634089841488,
	"Leather Legs": 5.210052284987154,
	"Protection Amulet": 5.195410292072323,
	"Red Dragon Scale": 4.951851256004229,
	"Marsh Stalker Beak": 4.823337245075962,
	"Damselfly Eye": 4.494141073753543,
	"Studded Armor": 4.485863662178739,
	"Piece of Swampling Wood": 4.47994591175765,
	"Crab Pincers": 4.19710544452102,
	"Cape": 4.134195732333917,
	"Fir Cone": 4.031963397779084,
	"Poisonous Slime": 3.944960168543025,
	"Studded Legs": 3.9112627986348123,
	"Bone Club": 3.769304663963748,
	"Two Handed Sword": 3.6363017681115286,
	"Swampling Club": 3.6137269259135243,
	"Silver Amulet": 3.5087150499981097,
	"Orichalcum Pearl": 3.4650455927051675,
	"Halberd": 3.4566552740358576,
	"Piece of Crocodile Leather": 3.4056990091447243,
	"Iron Helmet": 3.315391372327263,
	"Dowser": 3.28905269512447,
	"Minotaur Leather": 3.248815279844975,
	"Sickle": 3.241129178504503,
	"Broken Crossbow": 3.213966253303517,
	"Poison Dagger": 3.1648833686942472,
	"Rotten Meat": 3.14272930260037,
	"Dragon Hammer": 3.0994050847603547,
	"Beetroot": 3.032885854996068,
	"Serpent Sword": 3.0269648991399127,
	"Underworld Rod": 2.993912146716789,
	"Bone Shield": 2.993354076725691,
	"Piercing Bolt": 2.790042071236748,
	"Voluminous Piece of Cloth": 2.7601078167115904,
	"Studded Shield": 2.757555101113383,
	"Carrot": 2.734804083782334,
	"Ludicrous Piece of Cloth": 2.6954177897574123,
	"Ominous Piece of Cloth": 2.6091644204851754,
	"Luminous Piece of Cloth": 2.5983827493261455,
	"Red Dragon Leather": 2.565696030888741,
	"Bow": 2.5106515609327156,
	"Obvious Piece of Cloth": 2.490566037735849,
	"Crystal Necklace": 2.4443867358357516,
	"Spider Silk": 2.416892974175066,
	"Life Crystal": 2.3409929646059986,
	"Dubious Piece of Cloth": 2.2749326145552557,
	"Mana Potion": 2.2563056174547476,
	"Piece of Warrior Armor": 2.1875580315691736,
	"Nightmare Blade": 2.127659574468085,
	"Life Ring": 2.117112704279289,
	"Wyrm Scale": 2.0968767190269544,
	"Brass Armor": 2.0267289088962657,
	"Dragon Shield": 1.8368761353755025,
	"Wyvern Talisman": 1.8021112600536193,
	"Throwing Star": 1.7939779194855874,
	"Soul Orb": 1.722188593329567,
	"Sniper Arrow": 1.7093808939590924,
	"Battle Hammer": 1.7044850072860185,
	"Small Amethyst": 1.6949994319423498,
	"Piece of Archer Armor": 1.6870298841227893,
	"Coat": 1.682043603141187,
	"Roll": 1.6618160908745558,
	"Broken Helmet": 1.6512715828867908,
	"Bunch of Troll Hair": 1.6496281273459223,
	"Orc Leather": 1.6015184407389191,
	"Carrion Worm Fang": 1.5982422590226635,
	"Bone Sword": 1.5831067168263842,
	"Small Emerald": 1.5755542514585836,
	"Dirty Cape": 1.4632339975312996,
	"Piece of Marble Rock": 1.4242580191766483,
	"Mouldy Cheese": 1.3207751852018697,
	"Small Ruby": 1.2911829033956028,
	"Machete": 1.2440273037542662,
	"Strange Helmet": 1.2406194891626057,
	"Shovel": 1.2279359359832973,
	"Essence of a Bad Dream": 1.1780159507002805,
	"Black Shield": 1.1353014116749331,
	"Purple Robe": 1.09169978957213,
	"Small Axe": 1.084292492451588,
	"Dark Armor": 1.0074286095807081,
	"Plum": 1.0022018257836274,
	"Bread": 0.9956164742058948,
	"Glacier Kilt": 0.9726443768996961,
	"Club Ring": 0.9166762908925462,