{
	"Gold Coin": 3304.5902366377077,
	"Platinum Coin": 1372.6034728164614,
	"Dragon Ham": 730.1261965821407,
	"Meat": 245.54089704162325,
	"Ham": 157.233722755953,
	"Strong Health Potion": 130.07106455414055,
	"Strong Mana Potion": 102.79620390003771,
	"Bone": 70.24951821086245,
	"Seacrest Scale": 66.7407480704532,
	"Wyvern Talisman": 57.30713806970509,
	"Beetroot": 54.509246278048785,
	"Wyrm Scale": 50.55228239824291,
	"Seacrest Hair": 45.3932317435187,
	"Tainted Glooth Capsule": 45.285736634796415,
	"Great Health Potion": 44.79798583146654,
	"Small Sapphire": 43.42986848291455,
	"Great Mana Potion": 42.504968991750644,
	"Glooth Bag": 41.80506235042893,
	"Fish": 36.42599022337836,
	"Crossbow": 33.85070050310363,
	"Shiver Arrow": 33.64812982386701,
	"Small Diamond": 29.426084544235046,
	"Lump of Dirt": 29.01130087086171,
	"Burst Arrow": 28.995872794592326,
	"Seacrest Pearl": 26.981990896497127,
	"Sea Serpent Scale": 25.86490759697127,
	"Worm": 24.67406292539123,
	"Shrimp": 23.48872905502639,
	"Skull": 23.146219616327976,
	"Ultimate Health Potion": 23.051509020010734,
	"Power Bolt": 21.431571418311687,
	"Arrow": 21.332978377281428,
	"Great Spirit Potion": 19.7824822140321,
	"Plate Legs": 19.686887079781737,
	"Quara Pincers": 18.10476853584366,
	"Mace": 17.82287843144129,
	"Soul Orb": 17.36396106037903,
	"Glooth Capsule": 17.340914085145855,
	"Fox Paw": 17.261855670103092,
	"Spear": 17.19905212994351,
	"Brown Mushroom": 16.694828745923214,
	"Royal Spear": 14.871505790203354,
	"Glooth Steak": 14.392785874353859,
	"Troll Green": 14.372171078888194,
	"Steel Shield": 14.088982728762,
	"Werebadger Claws": 14.025463480008934,
	"Glooth Sandwich": 13.960428856238618,
	"White Pearl": 13.454598999094655,
	"Small Emerald": 13.364583486757759,
	"Werebadger Skull": 13.112128657583204,
	"Quara Tentacle": 12.267732456289771,
	"Halberd": 12.024633191809535,
	"Wereboar Hooves": 11.279111916628906,
	"Torch": 11.130797758793014,
	"Wereboar Tusks": 11.080652469415496,
	"Longsword": 10.858087672107956,
	"Red Gem": 10.783305954524906,
	"Quara Bone": 10.663978688180872,
	"Giant Shimmering Pearl (Green)": 10.651406906002428,
	"Serpent Sword": 10.600395494166365,
	"Glacier Kilt": 10.371962292641163,
	"Sword": 10.341059279997829,
	"Leather Helmet": 10.338442814291302,
	"Mana Potion": 10.283575678749806,
	"Black Pearl": 10.095096476716533,
	"Hand Axe": 10.015436217151603,
	"Green Mushroom": 9.99699982631768,
	"Small Ruby": 9.546025669454261,
	"Bony Tail": 9.45320644636794,
	"Werewolf Fangs": 9.286410282989529,
	"Warwolf Fur": 9.26458625058345,
	"Dragon's Tail": 9.222359067116084,
	"Lamassu Horn": 9.195605187319885,
	"Cheese": 8.928497988577996,
	"Quara Eye": 8.612913476274967,
	"Axe": 8.440475645439033,
	"Glacier Mask": 8.341242601601682,
	"Deepling Scales": 8.25615763546798,
	"Plate Armor": 8.210588327439629,
	"Terra Hood": 8.181217431762288,
	"Werefox Tail": 7.999999999999999,
	"Glacier Shoes": 7.697803285177122,
	"Badger Fur": 7.680204669011832,
	"Plate Shield": 7.549315119860274,
	"Red Crystal Fragment": 7.3961310063615535,
	"Leather Boots": 7.360397485750763,
	"Violet Crystal Shard": 7.337175792507205,
	"Small Topaz": 7.266725767831843,
	"Spirit Cloak": 7.2424827181904785,
	"Wand of Draconia": 7.188476042286959,
	"Blue Crystal Shard": 7.023414985590778,
	"Fish Fin": 6.985982935201083,
	"Werebear Fur": 6.621004566210046,
	"Terra Amulet": 6.537062548138721,
	"Book (Gemmed)": 6.46018248259061,
	"Chain Armor": 6.413473945417548,
	"Glacier Amulet": 6.398302312157391,
	"Fairy Wings": 6.342792599660969,
	"Werebear Skull": 6.210045662100456,
	"Werewolf Fur": 6.187674924847102,
	"Emerald Bangle": 6.002549889547448,
	"Wolf Paw": 5.985473014664183,
	"Brass Armor": 5.780800819212601,
	"Glooth Spear": 5.666079099483847,
	"Glooth Axe": 5.657483674408551,
	"Glooth Club": 5.647010497948113,
	"Ring of Healing": 5.641533331601939,
	"Leather Legs": 5.638903837014075,
	"Glooth Blade": 5.629496897750171,
	"Glooth Amulet": 5.545908324455798,
	"Lamassu Hoof": 5.430475504322767,
	"Rusted Armor": 5.119295681625617,
	"Morning Star": 5.103203680833918,
	"Bolt": 5.013475071118431,
	"Brass Shield": 4.816765197859253,
	"Bone Club": 4.747449486037571,
	"Wand of Inferno": 4.69221492233547,
	"Double Axe": 4.688897988660797,
	"Bloody Pincers": 4.660836681635547,
	"Wooden Shield": 4.596889989786221,
	"Assassin Star": 4.530525575394975,
	"Moonlight Crystals": 4.524770268575368,
	"Heavy Old Tome": 4.503520472569731,
	"Acorn": 4.491984797578029,
	"Studded Helmet": 4.373440265339357,
	"Focus Cape": 4.358036235506308,
	"Crest of the Deep Seas": 4.285375024737779,
	"Rope": 4.258709576883878,
	"Opal": 4.127161383285302,
	"Sphinx Feather": 4.046600573700367,
	"Green Gem": 3.9505895856962656,
	"Rubber Cap": 3.8529920435474017,
	"Studded Armor": 3.8344081631040074,
	"Small Amethyst": 3.8242850424833077,
	"Lightning Pendant": 3.82254931669495,
	"Orange": 3.618715083798883,
	"Pelvis Bone": 3.6060969784741483,
	"Energy Ring": 3.601319206637402,
	"Short Sword": 3.5462616799230435,
	"Blue Gem": 3.4241553626075505,
	"Studded Club": 3.4173688994166693,
	"Terra Mantle": 3.388306806663221,
	"Frazzle Tongue": 3.279434647302905,
	"Sphinx Tiara": 3.2660661265160282,
	"Magma Amulet": 3.2632982738664387,
	"Steel Helmet": 3.168770351264776,
	"Broken Helmet": 3.0510842684665223,
	"Carrion Worm Fang": 2.996704235667494,
	"Roll": 2.9934188751177095,
	"Terra Boots": 2.9812698114172553,
	"Orc Leather": 2.967214903491704,
	"Rotten Piece of Cloth": 2.9442935387629694,
	"Grave Flower": 2.943300952897489,
	"Terra Legs": 2.919577470945197,
	"Studded Legs": 2.886884446611409,
	"Frazzle Skin": 2.8646265560165975,
	"Moonlight Rod": 2.8,
	"Viking Helmet": 2.784081211468318,
	"Remains of a Fish": 2.759336099585062,
	"Studded Shield": 2.757555101113383,
	"Wand of Starstorm": 2.7502951031484564,
	"Mantassin Tail": 2.7390549206541044,
	"Northwind Rod": 2.7110870882497355,
	"Onyx Chip": 2.6548991354466858,
	"Health Potion": 2.5849470064670235,
	"Bow": 2.576161851589773,
	"Egg": 2.5625068960858752,
	"Poison Arrow": 2.4150648902124328,
	"Rainbow Quartz": 2.3652737752161386,
	"Green Crystal Fragment": 2.354298919140418,
	"Beastslayer Axe": 2.305330704160004,
	"Sabre": 2.263803680981595,
	"Brass Legs": 2.213487364101422,
	"Wyvern Fang": 2.1870734828174507,
	"Golden Mug": 2.1849417388706303,
	"Wand of Defiance": 2.112035821230989,
	"Green Crystal Splinter": 2.0997838616714697,
	"Honeycomb": 2.077487042706328,
	"Bone Shield": 2.028158661448052,
	"Magma Boots": 1.993025909953085,
	"Stone Skin Amulet": 1.945429522707335,
	"Warrior Helmet": 1.8544434961066079,
	"Wood": 1.8453310696095078,
	"Broadsword": 1.8447110947348164,
	"Terrorbird Beak": 1.8376907606766828,
	"Hunter's Quiver": 1.8268156424581006,
	"Scale Armor": 1.815260356249147,
	"Hatchet": 1.7688907598400336,
	"Berserk Potion": 1.7427173492201802,
	"Bear Paw": 1.7304249019749205,
	"Lightning Headband": 1.6800865583010418,
	"Glooth Cape": 1.6692544139456655,
	"Cookie": 1.656035018441773,
	"Knife": 1.655908032794719,
	"Leather Armor": 1.653030898863166,
	"Stealth Ring": 1.6443228868671869,
	"Werewolf Amulet": 1.6424856037229438,
	"Big Bone": 1.6262429092914543,
	"Small Enchanted Amethyst": 1.6178301632847087,
	"Small Enchanted Emerald": 1.6,
	"Red Dragon Scale": 1.3951644411757946,
	"Piece of Iron": 1.3751296680497924,
	"Chain Helmet": 1.3314215421420799,
	"Elven Amulet": 1.3033141210374641,
	"Cyclops Toe": 1.3027295285359801,
	"Sacred Tree Amulet": 1.255043227665706,
	"Violet Gem": 1.255043227665706,
	"Battle Axe": 1.2273480847852136,
	"Skull Staff": 1.2077011976410479,
	"Wereboar Loincloth": 1.146654583899713,
	"Relic Sword": 1.123410509691485,
	"Scorpion Tail": 1.1130514051305425,
	"Magma Monocle": 1.104373207186352,
	"Tarantula Egg": 1.0963402854791973,
	"Wolf Tooth Chain": 1.0853533503452728,
	"Throwing Star": 1.0828829505079318,
	"Hieroglyph Banner": 1.0438889982286952,
	"Ghoul Snack": 1.027741906755132,
	"Centipede Leg": 1.0175868774837236,
	"Platinum Amulet": 1.0079497310824617,