{
	"Platinum Coin": 4997.868277646948,
	"Gold Coin": 2975.680999293951,
	"Great Health Potion": 1677.3734255268078,
	"Meat": 876.2376267449604,
	"Werehyaena Nose": 536.1471861471862,
	"Axe": 512.0275179196053,
	"Knife": 473.47408985097655,
	"Halberd": 375.23543490107414,
	"Red Crystal Fragment": 334.6271937720701,
	"Great Mana Potion": 299.7196290129978,
	"Small Amethyst": 229.03383332758455,
	"Red Gem": 211.55150327308996,
	"Scroll": 193.0458880132895,
	"Combat Knife": 190.23907706709286,
	"Yellow Gem": 189.42320181051028,
	"Life Preserver": 181.52680652680652,
	"Small Enchanted Amethyst": 167.004662004662,
	"Ham": 145.74033812964873,
	"Flask of Demonic Blood": 143.97111009858145,
	"Bolt": 140.3060541572825,
	"Arrow": 119.55692908620459,
	"Green Crystal Fragment": 116.17715617715618,
	"Green Crystal Splinter": 111,
	"Ratana": 108.91608391608392,
	"Bone": 87.24050090858748,
	"Grapes": 86.86668729726021,
	"Red Rose": 86.7322507046034,
	"Rare Earth": 81.7041847041847,
	"Small Enchanted Emerald": 79.39625254102465,
	"Skull": 78.29475767346216,
	"Dragon Ham": 77.075310748233,
	"Small Emerald": 75.87985197504709,
	"Small Diamond": 75.64122164451119,
	"Small Ruby": 72.56053694581219,
	"Brown Crystal Splinter": 71.35714285714285,
	"Assassin Star": 71.06087976844859,
	"Sword Ring": 63.50406641166956,
	"Scroll of Heroic Deeds": 62.529215585652366,
	"Coal": 61.18041913798361,
	"Soul Orb": 60.43273129377073,
	"Crossbow": 60.18033582595606,
	"Bow": 56.51125788838761,
	"Wand of Starstorm": 56.253103448275866,
	"Glob of Acid Slime": 51.23520923520923,
	"Sniper Arrow": 49.083478727687556,
	"Doublet": 47.57142857142857,
	"Hailstorm Rod": 47.57142857142857,
	"Throwing Star": 46.92822710230316,
	"Protection Amulet": 45.956452544433304,
	"Fish": 45.82674175876559,
	"White Mushroom": 45.66345716627221,
	"Plate Shield": 43.710667527189486,
	"Stonerefiner's Skull": 41.11832611832612,
	"Onyx Arrow": 41.10872576496037,
	"Poisonous Slime": 39.97450697450697,
	"Great Spirit Potion": 37.79741975855868,
	"Dagger": 36.94311335104089,
	"Wedding Ring": 35.43154201789008,
	"Green Tunic": 34.13709699302649,
	"Scimitar": 33.811753686469935,
	"Wand of Voodoo": 32.17773399014778,
	"Black Shield": 31.734395723188165,
	"Two Handed Sword": 30.31243889954,
	"Half-Digested Stones": 30.15343915343915,
	"Mace": 29.66620835510392,
	"Demonic Essence": 29.517652560205754,
	"Small Topaz": 28.17838031980045,
	"Chain Armor": 27.734995105895628,
	"Ultimate Health Potion": 26.142630058241842,
	"Scythe": 25.081131634323125,
	"Worm": 24.199231497048096,
	"Book of Necromantic Rituals": 23.60322873623366,
	"Werehyaena Talisman": 21.783216783216783,
	"Spear": 21.473892762447175,
	"Rat Cheese": 21.318422318422318,
	"Red Piece of Cloth": 21.277105859613748,
	"Plate Armor": 20.227926224787733,
	"Fairy Wings": 19.362405457692383,
	"Incantation Notes": 18.49729635443921,
	"Lancet": 18.49729635443921,
	"Blood Tincture in a Vial": 18.009942438513868,
	"Brass Armor": 17.881802208382787,
	"Torch": 16.964466050590424,
	"Brass Helmet": 16.63932369173732,
	"War Hammer": 16.460021935132062,
	"Broken Gladiator Shield": 16.36582753079807,
	"Belted Cape": 16.347051351646993,
	"Hunting Spear": 15.744219421498691,
	"Small Sapphire": 15.689480438021807,
	"Small Notebook": 15.673909705328146,
	"Brass Legs": 15.631460744825784,
	"Wyvern Talisman": 15.378016085790884,
	"Bony Tail": 15.324145186743818,
	"Magic Light Wand": 14.62433711459779,
	"Brown Bread": 13.586940015186029,
	"Mystical Hourglass": 13.19125555295768,
	"Horoscope": 12.5161346589918,
	"Leather Boots": 12.51516167361533,
	"Sword": 11.4903507245957,
	"Strong Mana Potion": 11.40060615902847,
	"Sabre": 10.67744874715262,
	"Hatchet": 10.357306779719027,
	"Frazzle Tongue": 10.189671939834025,
	"Rope": 10.052294095864909,
	"Pieces of Magic Chalk": 9.4147915576487,
	"Minotaur Horn": 9.079737679146287,
	"Frazzle Skin": 8.900803941908713,
	"Leather Legs": 8.873349406274217,
	"Remains of a Fish": 8.573651452282157,
	"Cheese": 8.517649330124636,
	"Short Sword": 8.388513522875972,
	"Bone Club": 8.038121035145346,
	"Werehyaena Trophy": 7.928571428571428,
	"Crown Armor": 7.89902873626783,
	"Scarf": 7.583382345130975,
	"Dark Shield": 7.512508767827916,
	"Poison Arrow": 7.3447388492096835,
	"Plate Legs": 7.171138158721082,
	"Giant Shimmering Pearl (Green)": 6.820589083771727,
	"Lyre": 6.689303449201449,
	"Slightly Rusted Armor": 6.566050970306289,
	"Crown Legs": 6.531469529494229,
	"Mouldy Cheese": 6.454357093867501,
	"Fire Sword": 6.441043285465459,
	"Green Gem": 6.1523364889776415,
	"Piercing Bolt": 6.11346353183609,
	"Violet Gem": 5.943990877039949,
	"Broken Crossbow": 5.810161995407503,
	"Girlish Hair Decoration": 5.731457679241079,
	"Titan Axe": 5.562845558422411,
	"Crown Helmet": 5.548916524419695,
	"Soldier Helmet": 5.325016349907846,
	"Shovel": 5.151899369135718,
	"Pirate Coin": 5.135182675623071,
	"Big Bone": 4.599876815352697,
	"Dark Helmet": 4.495442360941994,
	"Cyclops Toe": 4.398477465116815,
	"Fish Fin": 4.382715248962656,
	"Power Bolt": 4.353887399463807,
	"Spellbook": 4.348792831660168,
	"Ice Rapier": 4.344258842552396,
	"Leather Helmet": 4.309204021278578,
	"Piece of Iron": 4.272724325726141,
	"Pick": 4.162196051434613,
	"Copper Shield": 4.143944368876196,
	"Might Ring": 4.128126027512101,
	"Knight Armor": 4.122205117654515,
	"White Piece of Cloth": 3.8427533193990446,
	"Spiked Squelcher": 3.8317956791346237,
	"Mystic Turban": 3.7607911914151653,
	"Pirat's Tail": 3.69485618412022,
	"Strong Health Potion": 3.560705162441574,
	"Minotaur Leather": 3.483809696880968,
	"Orichalcum Pearl": 3.3717559036707976,
	"Underworld Rod": 3.297271117939811,
	"Studded Armor": 3.289233643940698,
	"Letter": 3.26302461092125,
	"Piece of Crocodile Leather": 3.2053637733126816,
	"Bone Shield": 3.187375065754866,
	"Rotten Piece of Cloth": 3.0915082157011176,
	"Protective Charm": 3.059706966669941,
	"Falcon Crest": 2.9751437404857723,
	"Battle Shield": 2.941120387459411,
	"Green Mushroom": 2.9206061343904994,
	"Damaged Armor Plates": 2.909924453441567,
	"Piece of Archer Armor": 2.892051229924782,
	"Beetroot": 2.8275903421810042,
	"Iron Ore": 2.818591265605448,
	"Brass Shield": 2.779001032765171,
	"Small Stone": 2.6829548219606414,
	"Crystal Sword": 2.6743288728347427,
	"Health Potion": 2.6212903737747357,
	"Nightmare Blade": 2.3693261208752405,
	"Knight Axe": 2.3212456886349164,
	"Crown Shield": 2.3162113008296705,
	"Black Pearl": 2.290134552827475,
	"Piece of Warrior Armor": 2.2869924875495906,
	"Carrot": 2.2844115654309487,
	"Wand of Inferno": 2.2471402758284515,
	"Heavy Old Tome": 2.160549894934599,
	"Hand Axe": 2.139341228719467,
	"White Pearl": 2.1188830585447715,
	"Silencer Claws": 2.0536715895641433,
	"Centipede Leg": 2.035173754967447,
	"Golden Armor": 2.0332430234596264,
	"Shadow Herb": 1.9692472770601825,
	"Swamp Grass": 1.9390878877400295,
	"Shaggy Tail": 1.8446471814904037,
	"Piece of Scarab Shell": 1.7096177045634178,
	"Mastermind Shield": 1.6392615448001704,
	"War Axe": 1.6255068190195354,
	"Scarab Coin": 1.5887506052341271,
	"Knight Legs": 1.5870938763287918,
	"Hardened Bone": 1.5774855339295109,
	"Battle Axe": 1.5704537382927217,
	"Crowbar": 1.5236844265659635,
	"Shark Fins": 1.522784033077391,
	"Medicine Pouch": 1.5191654357459379,
	"Red Apple": 1.5125173852573017,
	"Scale Armor": 1.4883762408442438,
	"Guardian Shield": 1.4514448270699207,
	"Terra Boots": 1.4393546073240708,
	"Cookie": 1.4381788283017825,
	"Dwarven Shield": 1.3671495669751679,
	"Piggy Bank": 1.333968390750449,
	"Flask of Embalming Fluid": 1.3311077196998602,
	"Wood": 1.292337518463811,
	"Morning Star": 1.284348538650642,
	"Cape": 1.275173885284809,
	"Mouldy Powder": 1.2356704707446082,
	"Grappling Hook": 1.233103448275862,
	"Lump of Dirt": 1.2004676222425537,
	"Platinum Amulet": 1.1830590548727904,
	"Gauze Bandage": 1.1012415744626731,
	"Ghoul Snack": 1.0791290020928885,
	"Scarab Pincers": 1.0740962055572154,
	"Egg": 1.0637676518728465,
	"Swampling Moss": 0.9974700660836188,