{
	"Gold Coin": 7179.128663886769,
	"Platinum Coin": 2419.2540087814023,
	"Meat": 667.9678196770641,
	"Great Health Potion": 314.99519338065863,
	"Great Mana Potion": 301.2364106072894,
	"Dragon Ham": 264.2962592451346,
	"Tainted Glooth Capsule": 211.27253430335458,
	"Ham": 204.64285068366746,
	"Glooth Bag": 197.7073064269874,
	"Fish": 175.99157874160582,
	"Bone": 157.1984041721118,
	"Ice Rapier": 113.93300367407774,
	"Beetroot": 108.66025743524145,
	"Pirate Coin": 107.42667525956577,
	"Worm": 105.60638361670333,
	"Ultimate Health Potion": 97.59357929580004,
	"Great Spirit Potion": 92.31863011309869,
	"Glooth Capsule": 80.94047784230372,
	"Pirat's Tail": 75.91093563809659,
	"Crystal Sword": 73.54404400295543,
	"Strong Health Potion": 72.6305327272035,
	"Small Emerald": 69.28181974718929,
	"Strong Mana Potion": 67.26823087792947,
	"Glooth Steak": 67.0848150655006,
	"Glooth Sandwich": 65.13739007511612,
	"Spear": 63.45723181169389,
	"Orc Leather": 61.509323193047564,
	"Steel Shield": 57.43649146578449,
	"Torch": 55.71849721170596,
	"Chain Armor": 53.3594609143878,
	"Rotten Piece of Cloth": 50.78906354366122,
	"Small Topaz": 44.88411448080841,
	"Flask of Demonic Blood": 43.92317701683221,
	"Knight Axe": 42.62375831212544,
	"Broken Helmet": 42.351620071485165,
	"Crowbar": 41.90132173056399,
	"Lump of Dirt": 41.01597709328725,
	"Crossbow": 40.01832216671391,
	"Dragon's Tail": 38.509312360832034,
	"Mace": 35.34422513287931,
	"Shark Fins": 35.25490518019867,
	"Small Diamond": 32.588732448496835,
	"Terra Boots": 32.3978814758081,
	"Wand of Inferno": 31.83846858841004,
	"Soul Orb": 31.532302769868195,
	"Demonic Essence": 31.102750756675583,
	"Heavy Old Tome": 30.798673741239995,
	"Burst Arrow": 30.56059784246369,
	"Wolf Tooth Chain": 29.335665897962436,
	"Pelvis Bone": 29.096159878252344,
	"Golden Lotus Brooch": 28.813585256037097,
	"Hand Axe": 28.361147373699165,
	"Warwolf Fur": 27.79815635588408,
	"Knight Armor": 27.26913923550733,
	"Badger Fur": 27.183882315318197,
	"Grappling Hook": 26.74293103448276,
	"Glooth Spear": 26.426912079054787,
	"Glooth Axe": 26.367317915401962,
	"Glooth Club": 26.342195416447343,
	"Glooth Blade": 26.26073795840872,
	"Viking Helmet": 26.101542762699037,
	"Glooth Amulet": 25.855096491521586,
	"Peacock Feather Fan": 24.703349304365425,
	"Terra Hood": 24.516032734501223,
	"Thick Fur": 24.03134483475369,
	"Quara Pincers": 23.92399163953591,
	"Mammoth Tusk": 23.39172729162336,
	"Shrimp": 23.165356586805267,
	"Orcish Axe": 22.858417285102384,
	"Small Ruby": 22.853590302667904,
	"Mantassin Tail": 22.813192934372076,
	"Shaggy Tail": 22.695594573633716,
	"Flask of Embalming Fluid": 21.41873330789775,
	"Cheese": 20.664477584376215,
	"Giant Shimmering Pearl (Green)": 20.181359338695632,
	"Orc Tooth": 20.089179589761137,
	"Quara Eye": 19.673732316568685,
	"Magic Light Wand": 19.63028729874974,
	"Sword": 19.533307490114307,
	"Longsword": 19.431051685011745,
	"Wand of Starstorm": 18.541677448855463,
	"Focus Cape": 18.4999212694858,
	"Leather Helmet": 18.201036884711513,
	"Rubber Cap": 17.92064076849705,
	"Studded Legs": 17.880058508044858,
	"Ghoul Snack": 17.728547891526027,
	"Gauze Bandage": 17.71997806180847,
	"Leather Boots": 17.515152423473367,
	"Red Gem": 17.14627261521916,
	"White Pearl": 16.533878833138402,
	"Studded Helmet": 16.14822038030229,
	"Battle Shield": 15.998513981626484,
	"Plate Armor": 15.912561763490965,
	"Terra Mantle": 15.807148769457203,
	"Magma Boots": 15.690027427004509,
	"Hatchet": 15.544797586473022,
	"Assassin Star": 14.796134279672918,
	"Black Pearl": 14.35777610693667,
	"Terra Amulet": 14.218768855767298,
	"Lamassu Horn": 14.136527377521613,
	"Small Sapphire": 14.003754933534827,
	"Winter Wolf Fur": 13.9,
	"Acorn": 13.570434921650143,
	"Springsprout Rod": 13.312124942906497,
	"Mouldy Powder": 13.193001060445386,
	"Terra Legs": 12.92881428416861,
	"Silver Brooch": 12.516970450451119,
	"Rope": 12.045797302884488,
	"Short Sword": 12.03037229453882,
	"Steel Helmet": 11.9047755133068,
	"Small Amethyst": 11.897822063901819,
	"Throwing Star": 11.804389723633614,
	"Halberd": 11.516129803078698,
	"Demonic Skeletal Hand": 11.496171745984086,
	"Violet Crystal Shard": 11.279538904899136,
	"Red Crystal Fragment": 11.205331412103746,
	"Broken Crossbow": 11.185549412446584,
	"Bow": 11.08848440257318,
	"Blue Crystal Shard": 10.797190201729105,
	"Wooden Shield": 10.76818193649201,
	"Green Gem": 10.576237422367335,
	"Beastslayer Axe": 10.297679312658973,
	"Hellspawn Tail": 10.127182398864441,
	"Wand of Voodoo": 10.051034482758622,
	"Health Potion": 9.972049796276373,
	"Scale Armor": 9.67966329385122,
	"Bolt": 9.189266860370205,
	"Strange Talisman": 8.81285768790538,
	"Studded Club": 8.77851538141049,
	"Cyclops Toe": 8.472617577798678,
	"Lamassu Hoof": 8.348342939481268,
	"Lion's Mane": 8.261895523967409,
	"Sphinx Feather": 8.093201147400734,
	"Plate Shield": 8.087855517483758,
	"Small Stone": 7.828377748651832,
	"Mammoth Whopper": 7.679914467791177,
	"Broadsword": 7.624579376693028,
	"Plate Legs": 7.515042730448413,
	"Glooth Cape": 7.456390796788653,
	"Obsidian Lance": 7.454244140359306,
	"Life Ring": 7.4405501683565465,
	"Energy Ring": 7.378980355520021,
	"Orcish Gear": 7.311445015257445,
	"Half-Digested Piece of Meat": 7.306197273651378,
	"Ring of Blue Plasma": 7.216684340756451,
	"Fish Fin": 7.165262103076658,
	"Two Handed Sword": 7.079201067227602,
	"Scarab Coin": 7.024396778400123,
	"Blue Gem": 6.88513339911255,
	"Rainbow Trout": 6.854669787853517,
	"Double Axe": 6.845717416941442,
	"Green Perch": 6.7550735386114855,
	"Sphinx Tiara": 6.5321322530320565,
	"Magma Amulet": 6.526596547732877,
	"Opal": 6.344740634005763,
	"Iron Helmet": 6.301279835356297,
	"Morning Star": 6.290517118065731,
	"Quara Tentacle": 6.170367373694139,
	"Machete": 5.686981960019502,
	"Scarab Pincers": 5.58530026889752,
	"Carrion Worm Fang": 5.493957765390406,
	"Skull Staff": 5.387909038588904,
	"Wood Cape": 5.356132909155178,
	"Quara Bone": 5.141086146792522,
	"Lightning Boots": 5.133349431081417,
	"Mana Potion": 4.978761809649912,
	"White Mushroom": 4.966700574066403,
	"Battle Axe": 4.835324519391214,
	"Skull Belt": 4.658775902745262,
	"Stone Wing": 4.560160427807487,
	"Battle Hammer": 4.430533388474609,
	"Corncob": 4.323316776547589,
	"Wood": 4.305772495755518,
	"Arrow": 4.277010081380869,
	"Skull": 4.247325495834672,
	"Onyx Chip": 4.0814121037463975,
	"Red Mushroom": 3.9862313697657914,
	"Green Dragon Scale": 3.9701078768155242,
	"Carrot": 3.954954235328887,
	"Green Dragon Leather": 3.894266945613899,
	"Hunting Spear": 3.8907913290923215,
	"Potato": 3.7700534759358293,
	"Broken Shamanic Staff": 3.768518518518518,
	"Rainbow Quartz": 3.6361671469740635,
	"Green Crystal Fragment": 3.5619596541786747,
	"Pile of Grave Earth": 3.456605958053168,
	"Brown Piece of Cloth": 3.441243264906265,
	"Brass Shield": 3.370917321793203,
	"Lightning Headband": 3.3601731166020836,
	"Piece of Scarab Shell": 3.268386788135946,
	"Green Crystal Splinter": 3.228025936599424,
	"Crystal Ring": 3.169124319722964,
	"Tribal Mask": 3.0495131346195175,
	"Rotten Meat": 2.9253077785210992,
	"Scarab Amulet": 2.8483218802908077,
	"Shamanic Hood": 2.77744708994709,
	"Scroll": 2.742683500343668,
	"Lightning Pendant": 2.629460017110362,
	"Brass Armor": 2.4015136804454342,
	"Life Crystal": 2.374498669685834,
	"Wand of Defiance": 2.3194605203562983,
	"Necrotic Rod": 2.2372784448256144,
	"Blank Rune": 2.232986880316224,
	"Magma Monocle": 2.208746414372704,
	"Elven Amulet": 2.1885315823267866,
	"Bunch of Troll Hair": 2.1458915954884774,
	"Heat Core": 2.1155631858494734,
	"Copper Shield": 2.086756825720847,
	"Stealth Ring": 2.0695651709623673,
	"Dragon Hammer": 1.986909763334389,
	"Mercenary Sword": 1.9652468542233263,
	"Melon": 1.9629200882682778,
	"Ancient Amulet": 1.9342694950702122,
	"Sacred Tree Amulet": 1.9293948126801153,
	"Violet Gem": 1.9293948126801153,
	"Serpent Sword": 1.928997597954387,
	"Red Piece of Cloth": 1.9089253187613844,
	"Scythe": 1.883563245265373,