{
	"Gold Coin": 2898.8353610066933,
	"Platinum Coin": 1359.2398671636188,
	"Dragon Ham": 208.56225862183865,
	"Worm": 173.95614625918054,
	"Rare Earth": 164.2054834054834,
	"Coal": 127.08243740780406,
	"Meat": 108.1853938566102,
	"Great Mana Potion": 105.2085368420178,
	"Glob of Acid Slime": 102.97027417027417,
	"Tainted Glooth Capsule": 93.22348848710189,
	"Glooth Bag": 86.37785266629604,
	"Cheese": 83.6988299630042,
	"Great Health Potion": 83.12434758994034,
	"Stonerefiner's Skull": 82.63780663780663,
	"Fairy Wings": 81.61761637442234,
	"Poisonous Slime": 80.33900913900914,
	"Bone": 80.08941317113644,
	"Skull": 71.41653059527982,
	"Ham": 69.92293949095973,
	"Half-Digested Stones": 60.601058201058194,
	"Rat Cheese": 42.84482924482925,
	"Frazzle Tongue": 42.164159751037346,
	"Great Spirit Potion": 40.72668824058951,
	"Ultimate Health Potion": 40.00800741787092,
	"Frazzle Skin": 36.83091286307054,
	"Glooth Capsule": 35.70206932938786,
	"Remains of a Fish": 35.477178423236516,
	"Glooth Steak": 29.62100885032613,
	"Glooth Sandwich": 28.739302013184805,
	"Steel Shield": 28.379635458140324,
	"Dagger": 28,
	"Arrow": 26.831876809965898,
	"Fish": 23.531090811278403,
	"Axe": 20.404659970360612,
	"Big Bone": 19.033973029045644,
	"Crossbow": 18.14634738037362,
	"Fish Fin": 18.135373443983404,
	"Dragon's Tail": 18.130062694409876,
	"Piece of Iron": 17.68023858921162,
	"Brass Shield": 17.268804684512503,
	"Spear": 17.000055305001933,
	"Assassin Star": 16.348439693893305,
	"Burst Arrow": 15.744066034442067,
	"Small Topaz": 14.795999520552083,
	"Green Mushroom": 14.453777450276052,
	"Mace": 14.099662765373488,
	"Health Potion": 12.499387882827632,
	"Voluminous Piece of Cloth": 12.399575267499795,
	"Egg": 12.338630001646633,
	"Ludicrous Piece of Cloth": 12.108960222167768,
	"Demonic Skeletal Hand": 12.094930691087423,
	"Small Emerald": 11.924637729189623,
	"Ominous Piece of Cloth": 11.721473495058401,
	"Luminous Piece of Cloth": 11.673037654169729,
	"Glooth Spear": 11.663117008899839,
	"Glooth Axe": 11.643092596970423,
	"Glooth Club": 11.624370483094946,
	"Glooth Blade": 11.588347433437626,
	"Glooth Amulet": 11.414401600112077,
	"Obvious Piece of Cloth": 11.18867924528302,
	"Brown Bread": 10.33788914198937,
	"Longsword": 10.28086032896703,
	"Dubious Piece of Cloth": 10.219962427509596,
	"Throwing Star": 10.090902266926888,
	"Iron Ore": 9.896069855207564,
	"Torch": 9.796427548244669,
	"Royal Spear": 9.301923651490428,
	"Book (Gemmed)": 9.280825538369609,
	"Silencer Claws": 8.989656769412854,
	"Gloom Wolf Fur": 8.823742637063887,
	"Giant Shimmering Pearl (Green)": 8.632056588900948,
	"Wolf Tooth Chain": 8.360856108610793,
	"Flaming Arrow": 8.266559219215186,
	"Sabre": 8.124145785876994,
	"Rubber Cap": 7.925070924610107,
	"Terra Boots": 7.837101943815997,
	"Mana Potion": 7.715038000547781,
	"Terra Legs": 7.636232744634894,
	"Terra Hood": 7.606671589397893,
	"Terra Mantle": 7.000126337304641,
	"Power Bolt": 6.821816605741989,
	"Orange": 6.031191806331472,
	"Grapes": 5.576433192308554,
	"Steel Helmet": 5.391509522692464,
	"Battle Shield": 5.287207734426224,
	"Small Sapphire": 5.259045955882425,
	"Energy Ring": 5.17372618418331,
	"Chain Helmet": 5.015313683517207,
	"Girlish Hair Decoration": 4.889191887830373,
	"Beastslayer Axe": 4.690986519963214,
	"Iron Helmet": 4.383872943849245,
	"Hand Axe": 4.278682457438934,
	"Brass Armor": 4.243623898067001,
	"Cookie": 4.195754647395025,
	"Battle Hammer": 4.119856164476873,
	"Leather Helmet": 3.8561825574876636,
	"Wolf Paw": 3.8560105452923024,
	"Roll": 3.7705852976935317,
	"Strong Health Potion": 3.585851300540352,
	"Haunted Blade": 3.5695981063140017,
	"Broadsword": 3.540047007774363,
	"Terra Amulet": 3.5083244261392608,
	"Bow": 3.4533772910943736,
	"Plate Legs": 3.3990581226162497,
	"Glooth Cape": 3.396671002593271,
	"White Mushroom": 3.1983984174680584,
	"Leather Boots": 3.1904109868088377,
	"Golden Mug": 3.138930385419779,
	"Stealth Ring": 3.0562445324962693,
	"Hunter's Quiver": 3.0446927374301676,
	"Black Pearl": 3.026460503318957,
	"Dark Mushroom": 2.9985583853916387,
	"Chain Armor": 2.9787958492962576,
	"Blank Rune": 2.9309146430580624,
	"Pelvis Bone": 2.856247713842392,
	"Protective Charm": 2.607965748006966,
	"Red Apple": 2.5527533561810167,
	"Skull Staff": 2.4531512796506956,
	"Bolt": 2.2694861174418834,
	"Viking Helmet": 2.2357191962558587,
	"Shadow Sceptre": 2.18473730252663,
	"Glorious Axe": 2.160860392116503,
	"Green Gem": 2.05019583369855,
	"Red Dragon Scale": 2.004320746477902,
	"Wand of Inferno": 1.8978278568411056,
	"Double Axe": 1.8840149287728563,
	"Rope": 1.856584185452238,
	"Poison Arrow": 1.8499815146920793,
	"Green Dragon Scale": 1.845115410112698,
	"Green Dragon Leather": 1.80986818882317,
	"Rotten Piece of Cloth": 1.7665761232577815,
	"Diamond Sceptre": 1.7146233055016504,
	"Small Ruby": 1.6320525115780806,
	"Heavy Old Tome": 1.6310143334421598,
	"Bread": 1.5329941278104031,
	"Elvish Talisman": 1.5037765095082252,
	"Brass Helmet": 1.50256052141527,
	"Hatchet": 1.4472742580509366,
	"Sling Herb": 1.4000158086012522,
	"Wooden Shield": 1.315697290252344,
	"Studded Club": 1.2754800030293654,
	"Hunting Spear": 1.2633192062980336,
	"Nightmare Blade": 1.237033195020747,
	"Short Sword": 1.2067389316964867,
	"Goat Grass": 1.2058441870524343,
	"Garlic Necklace": 1.1694391704080025,
	"Boots of Haste": 1.150239035365756,
	"Leather Legs": 1.122035438437074,
	"Sai": 1.0619813278008299,
	"Morning Star": 1.0536471137502643,
	"Red Dragon Leather": 1.0384960125025855,
	"Dark Rosary": 0.9780362378045849,
	"Bat Wing": 0.9764536280634311,
	"Dragon Necklace": 0.9380819366852887,
	"Life Crystal": 0.9234115490122539,
	"Dragon Hammer": 0.9179602414098889,
	"Heat Core": 0.9048776562158236,
	"Serpent Sword": 0.8965054110597412,
	"Mercenary Sword": 0.8405837174846992,
	"Cyclops Toe": 0.781637717121588,
	"Small Flask of Eyedrops": 0.7580919310480664,
	"Spellbook": 0.749009709587762,
	"Powder Herb": 0.7225524929875561,
	"Dead Frog": 0.7151340104320068,
	"Soldier Helmet": 0.7100021799877128,
	"Small Diamond": 0.7022527471283992,
	"Cluster of Solace": 0.6885373443983402,
	"Strong Mana Potion": 0.6669183524483944,
	"Carrot": 0.6604861969509682,
	"War Axe": 0.622375956811431,
	"Ghoul Snack": 0.6166451440530792,
	"Shovel": 0.6022711508353316,
	"Witch Broom": 0.5980777368071087,
	"Two Handed Sword": 0.5930800037933776,
	"Dreaded Cleaver": 0.5877897224972991,
	"Sword": 0.5689004512421147,
	"Mysterious Fetish": 0.5450216016947739,
	"Dragon Shield": 0.5440331981644583,
	"Star Herb": 0.539140421930726,
	"Doll": 0.5350732751523135,
	"Black Hood": 0.5041572547700293,
	"Wyvern Talisman": 0.48056300268096513,
	"Mind Stone": 0.470891924802749,
	"Scroll": 0.43664093952117644,
	"Wild Flowers": 0.40791915858939987,
	"Earth Arrow": 0.40289218180046976,
	"Lump of Earth": 0.3990604738761947,
	"Plate Shield": 0.3957163379913804,
	"Strange Helmet": 0.39148721013077153,
	"Book of Prayers": 0.35401877719258074,
	"Wood Mushroom": 0.33306098909021004,
	"Bunch of Troll Hair": 0.3200976650337468,
	"Butcher's Axe": 0.30241963773528846,
	"Cape": 0.2988575228193193,
	"Fire Sword": 0.2953735836914803,
	"Colourful Snail Shell": 0.28459476180655807,
	"Fox Paw": 0.27292236482221754,
	"Tower Shield": 0.27193123577945805,
	"Protection Amulet": 0.25869262865090403,
	"Soul Orb": 0.2559580552907531,
	"Heaven Blossom": 0.2532178273229915,
	"Royal Helmet": 0.23676771391142468,
	"Sickle": 0.23429849483165083,
	"Piercing Bolt": 0.22996888562991735,
	"Throwing Knife": 0.22227124543471333,
	"Melon": 0.21810223202980863,
	"Scale Armor": 0.21183343270985672,
	"Halberd": 0.2106908855258755,
	"Rope Belt": 0.20792305930844973,
	"Battle Axe": 0.20718487891951837,
	"Small Stone": 0.20210635695498286,
	"Plate Armor": 0.19749652294853964,
	"Dragonbone Staff": 0.18849600950486867,
	"Dwarven Shield": 0.1822866089300224,
	"Cultish Robe": 0.17926659297351852,
	"Clerical Mace": 0.17215401843512795,
	"Sniper Gloves": 0.1629422718808194,
	"Wereboar Hooves": 0.15450838241957407,