{
	"Gold Coin": 3882.605071693009,
	"Platinum Coin": 3292.2224837663834,
	"Skull": 1230.1235104580971,
	"Dagger": 1216.8,
	"Great Mana Potion": 465.0132904766942,
	"Brown Bread": 449.255125284738,
	"Sabre": 354.48774683119757,
	"Meat": 259.48118380635225,
	"Dark Mushroom": 210.0490148966843,
	"Ham": 183.54333973616,
	"Poison Arrow": 164.14257797156216,
	"Girlish Hair Decoration": 149.7926131269385,
	"Green Mushroom": 145.573250783128,
	"Worm": 126.07946828501245,
	"Great Health Potion": 116.18808527841396,
	"Rare Earth": 115.58152958152958,
	"Bone": 98.86369266208857,
	"Lump of Dirt": 89.1347209515096,
	"Coal": 86.47821859670336,
	"Terra Amulet": 85.18375696034873,
	"Protective Charm": 80.12401420178831,
	"Glob of Acid Slime": 72.47907647907648,
	"Garlic Necklace": 71.36280634310428,
	"Bat Wing": 68.40057664584334,
	"Glob of Glooth": 61.32611731724139,
	"Dragon Ham": 59.70395175749617,
	"Mace": 59.557906108504994,
	"Stonerefiner's Skull": 58.16738816738817,
	"Poisonous Slime": 56.64766544152629,
	"Rotten Piece of Cloth": 54.175001113238636,
	"Torch": 52.35381311919514,
	"Small Emerald": 48.78598283542434,
	"Small Topaz": 46.813560091614484,
	"Terra Boots": 46.75736697528727,
	"Silver Amulet": 46.4857953712743,
	"Strong Mana Potion": 44.62662290114767,
	"Half-Digested Stones": 42.65608465608465,
	"Strong Health Potion": 38.38986379876404,
	"Glooth Injection Tube": 37.7425168468892,
	"Glooth Sandwich": 36.11642799667458,
	"Necromantic Rust": 36.034188034188034,
	"Cheese": 34.62949842781123,
	"Tainted Glooth Capsule": 34.450605154813786,
	"Glooth Bag": 32.42855448759961,
	"Sword": 30.270109084629325,
	"Rat Cheese": 30.15776815776816,
	"Spider Silk": 29.477121374865735,
	"Arrow": 28.706180424438713,
	"Ultimate Health Potion": 28.24561173668749,
	"Book of Necromantic Rituals": 23.944040801631434,
	"Small Sapphire": 22.88392021597524,
	"Glooth Spear": 21.20808279714513,
	"Ghoul Snack": 18.91045108429443,
	"Shadow Herb": 18.575681137275318,
	"Horoscope": 18.16458412121723,
	"Small Ruby": 18.008562753278017,
	"Incantation Notes": 17.34578142979851,
	"Great Spirit Potion": 15.055614002899201,
	"Blood Tincture in a Vial": 14.949773281277817,
	"Glooth Axe": 14.890350790352763,
	"Morning Star": 14.58078316917375,
	"Steel Shield": 14.2936493329551,
	"Demonic Skeletal Hand": 14.25046289345944,
	"Glooth Blade": 13.889855819647797,
	"Health Potion": 13.363298467534657,
	"Bronze Gear Wheel": 13.337432039829782,
	"Glooth Capsule": 13.201156820003758,
	"Pelvis Bone": 13.158935108940456,
	"Glooth Club": 13.119639140672286,
	"Brass Shield": 13.103943946804309,
	"Throwing Star": 13.055947555422108,
	"Small Diamond": 12.766513191947608,
	"Small Amethyst": 12.314969147234061,
	"Gearwheel Chain": 12.077152122286115,
	"Axe": 11.94195249574603,
	"Crossbow": 11.794150262533059,
	"Cape": 11.723842335151824,
	"Viking Helmet": 11.720969264706795,
	"Lancet": 11.641632148068105,
	"Terra Mantle": 11.156685795986611,
	"Glooth Steak": 11.005262485275608,
	"Heavy Old Tome": 10.938734601053143,
	"Battle Hammer": 10.663779098755942,
	"Glooth Amulet": 10.270986108961193,
	"Brass Helmet": 10.215305887173624,
	"Black Pearl": 10.000892022326548,
	"Flask of Rust Remover": 9.88034188034188,
	"Pieces of Magic Chalk": 9.557576397928896,
	"Flask of Embalming Fluid": 9.31775403789902,
	"Combat Knife": 8.776922834037926,
	"Half-Eaten Brain": 8.736064105116464,
	"Dragon's Tail": 8.688551971141015,
	"Iron Ore": 8.522223427724134,
	"Throwing Knife": 8.336453487068885,
	"Blank Rune": 8.21109990700679,
	"Mana Potion": 8.076317054943761,
	"Burst Arrow": 8.049068390666635,
	"Gauze Bandage": 7.708691021238713,
	"Slightly Rusted Legs": 7.555555555555555,
	"Slightly Rusted Armor": 7.264957264957265,
	"White Pearl": 7.094862751690927,
	"Nail": 6.9743589743589745,
	"White Mushroom": 6.800936768149883,
	"Steel Helmet": 6.785970803348844,
	"Orc Leather": 6.770949502950394,
	"Longsword": 6.744863298093955,
	"Yellow Gem": 6.256092689768277,
	"Glob of Tar": 6.207820818799339,
	"Battle Shield": 6.147380814617191,
	"Egg": 6.12417328831377,
	"Rubber Cap": 5.7595361116014745,
	"Hatchet": 5.574686031011015,
	"Talon": 5.539793706815354,
	"White Piece of Cloth": 5.197512101337081,
	"Sling Herb": 5.124424829181622,
	"Leather Helmet": 4.971880001385548,
	"Heavily Rusted Armor": 4.965235003349049,
	"Bony Tail": 4.875864377600306,
	"Plate Armor": 4.7078070023145555,
	"Bow": 4.7002365487491,
	"Fish": 4.663698805797467,
	"Magic Light Wand": 4.6576529314511,
	"Iron Helmet": 4.504796406381728,
	"Gear Wheel": 4.492242595204513,
	"Bolt": 4.411858062584219,
	"Brown Mushroom": 4.385049847949558,
	"Pile of Grave Earth": 4.326314345331154,
	"Life Ring": 4.261285147905467,
	"War Hammer": 4.231095038281744,
	"Goat Grass": 4.22045465468352,
	"Leather Legs": 4.207632894139028,
	"Heat Core": 4.190810578699207,
	"Scale Armor": 4.183389111555333,
	"Plate Shield": 4.0897214095684,
	"Roll": 4.071648662803563,
	"Halberd": 4.065026717537144,
	"Vampire Teeth": 4.057820715120938,
	"Orange": 4.020794537554314,
	"Crystal Necklace": 3.8532392616248714,
	"Strange Talisman": 3.8338420450209845,
	"Brown Piece of Cloth": 3.6706594825666827,
	"Dark Rosary": 3.4231268323160475,
	"Giant Shimmering Pearl (Green)": 3.3510930258471623,
	"Voluminous Piece of Cloth": 3.303765416972964,
	"Studded Armor": 3.282138372520384,
	"Ludicrous Piece of Cloth": 3.22633341501266,
	"Broken Helmet": 3.1881598612504725,
	"Ominous Piece of Cloth": 3.1230907457322554,
	"Luminous Piece of Cloth": 3.1101854120722043,
	"Silver Brooch": 3.0228840773241763,
	"Scorpion Tail": 2.985001495577364,
	"Obvious Piece of Cloth": 2.981132075471698,
	"Spellbook": 2.8734721447786615,
	"Chain Armor": 2.822425021650695,
	"Terra Hood": 2.8212215682846535,
	"Studded Helmet": 2.795786823585273,
	"Dubious Piece of Cloth": 2.723025402270685,
	"Red Apple": 2.6576895978157564,
	"Brass Armor": 2.6437029019195926,
	"Royal Spear": 2.6254774585707317,
	"Brass Legs": 2.5799238431482943,
	"Scroll": 2.494468744210891,
	"Chain Helmet": 2.4818047093693396,
	"Blood Preservation": 2.4709782807560208,
	"Mystic Turban": 2.463767952526165,
	"Bone Club": 2.4427257775418303,
	"Plum": 2.4052843818807057,
	"Ghostly Tissue": 2.321311417896048,
	"Springsprout Rod": 2.3187082679176045,
	"Book (Orange)": 2.3061939239756244,
	"Carrion Worm Fang": 2.1975831061561624,
	"Orc Tooth": 2.1606986630251304,
	"Powder Herb": 2.1564857980487333,
	"Terra Legs": 2.108778622736883,
	"Insectoid Eggs": 2.0947179832299607,
	"Plate Legs": 2.0359286641026655,
	"Hunter's Quiver": 2.0297951582867784,
	"Shaggy Tail": 2.0110236855385275,
	"Spear": 1.9689487092970794,
	"Grapes": 1.9623690127699291,
	"Necrotic Rod": 1.9153705617604502,
	"Broadsword": 1.8252549855164248,
	"Black Hood": 1.7645503916951026,
	"Studded Shield": 1.7486934787548283,
	"Melon": 1.744817856238469,
	"Bread": 1.710418395900739,
	"Terra Rod": 1.6927572217543236,
	"Orcish Axe": 1.6886590245388202,
	"Glooth Cape": 1.6728511858878412,
	"Beastslayer Axe": 1.6466647886857173,
	"Leather Boots": 1.6298568869092476,
	"Elvish Talisman": 1.60662369770275,
	"Wolf Tooth Chain": 1.603637087118749,
	"Spiked Squelcher": 1.5982905982905984,
	"Wand of Inferno": 1.5312414581863953,
	"Warwolf Fur": 1.4653747506412085,
	"Ancient Shield": 1.3229933518886727,
	"Crystal Ring": 1.2101375318063343,
	"Wood Mushroom": 1.1657134618157352,
	"Obsidian Lance": 1.1571369393676922,
	"Green Gem": 1.119953711198977,
	"Double Axe": 1.115667264882158,
	"Elven Scouting Glass": 1.1106868609732299,
	"Skull Staff": 1.1093596549948452,
	"Grave Flower": 1.08764908576561,
	"Small Stone": 1.0584717140444695,
	"Miraculum": 1.015957055665858,
	"Bone Shield": 1.0141647936492755,
	"Shrimp": 1.0020158749933086,
	"Clerical Mace": 0.9924471795651836,
	"Katana": 0.9769493119872117,
	"Corncob": 0.9717261904761905,
	"Pear": 0.9629503158613626,
	"Broken Shamanic Staff": 0.9166666666666666,
	"Green Dragon Scale": 0.9121918881456035,
	"Unholy Bone": 0.907258064516129,
	"Green Dragon Leather": 0.8947662955979716,