{
	"Gold Coin": 2720.077439993607,
	"Platinum Coin": 385.746488437467,
	"Meat": 329.1181554293665,
	"Bone": 285.7711496843528,
	"Skull": 270.5062735957955,
	"Dagger": 263.2178891688801,
	"Worm": 255.13363931992285,
	"Great Health Potion": 199.61887531062024,
	"Spear": 171.45539436458878,
	"Rotten Piece of Cloth": 148.39239435365366,
	"Torch": 130.42267617252267,
	"Ham": 112.65155130913024,
	"Great Mana Potion": 105.55077040468937,
	"Dragon Ham": 97.70232559491689,
	"Brown Bread": 97.17615793470007,
	"Sabre": 76.91911762650754,
	"Flask of Embalming Fluid": 71.15375810759252,
	"Ice Rapier": 69.75194533096477,
	"Pirate Coin": 66.31967913526522,
	"Gauze Bandage": 58.866367798550165,
	"Fish": 56.126211951357,
	"Pelvis Bone": 53.088823405598816,
	"Crystal Sword": 52.72796068346136,
	"Ghoul Snack": 51.79819210045866,
	"Viking Helmet": 51.77638115926121,
	"Girlish Hair Decoration": 48.26827857175293,
	"Pirat's Tail": 46.92244426355565,
	"Arrow": 46.3101778027754,
	"Small Stone": 39.3133470488188,
	"Axe": 37.11816154617726,
	"Magic Light Wand": 36.11607976253881,
	"Chain Armor": 35.70440111951661,
	"Mace": 35.6673029458294,
	"Heavy Old Tome": 35.666994155845344,
	"Werehyaena Nose": 30.876623376623378,
	"Stone Wing": 30.84108499859274,
	"Great Spirit Potion": 30.169127884017755,
	"Hatchet": 29.452611215996185,
	"Strange Talisman": 29.276611980160247,
	"Knife": 29.071494632082786,
	"Knight Axe": 25.96174369920368,
	"Protective Charm": 25.738800145312766,
	"Crowbar": 25.73385472005976,
	"Silver Brooch": 25.60927439104661,
	"Potato": 25.497466929355475,
	"Halberd": 23.26518608477001,
	"Shark Fins": 21.473442246121007,
	"Leather Boots": 20.71276224219412,
	"Leather Helmet": 20.205322562939603,
	"Red Apple": 19.965229485396385,
	"Red Crystal Fragment": 19.83682983682984,
	"Lion's Mane": 19.662556153276924,
	"Wand of Inferno": 18.322190726933812,
	"Flaming Arrow": 17.714055469746828,
	"Grapes": 17.479812370155663,
	"Grappling Hook": 17.186379310344826,
	"Knight Armor": 16.362918416062957,
	"Terra Boots": 16.09247847722709,
	"Beetroot": 15.507072551967456,
	"Plate Shield": 15.232538115680876,
	"Sword": 14.914599651547736,
	"Steel Shield": 14.440057642243152,
	"Cookie": 13.924674858145329,
	"Hunting Spear": 13.653180921534519,
	"Wand of Starstorm": 13.523337868189527,
	"Bolt": 13.494627702860875,
	"White Mushroom": 12.350513081085559,
	"Red Gem": 12.133815544818457,
	"Combat Knife": 12.033063251882982,
	"Yellow Gem": 11.965231498013965,
	"Frosty Heart": 11.542862350056334,
	"Leather Legs": 11.377311107413547,
	"Focus Cape": 11.016337103807196,
	"Black Pearl": 10.973162305509135,
	"Scale Armor": 10.879217991871839,
	"Life Preserver": 10.78088578088578,
	"Bow": 10.64265411745961,
	"Candlestick": 10.62938457622299,
	"Strong Mana Potion": 10.493962138685626,
	"Crossbow": 10.308648056953945,
	"Brown Piece of Cloth": 10.12132973178552,
	"Pile of Grave Earth": 10.099300886137952,
	"Small Enchanted Amethyst": 10.03489917126281,
	"Dark Armor": 9.891080280885157,
	"Dragon's Tail": 9.700801749763693,
	"Mouldy Cheese": 9.518878724008431,
	"Ice Cube": 9.408520415380274,
	"Half-Digested Piece of Meat": 9.379577581038932,
	"Crystal Ring": 9.294652838744838,
	"Coal": 9.18451561809744,
	"Burst Arrow": 9.091086027776623,
	"Wolf Tooth Chain": 9.01387203469513,
	"Brass Helmet": 8.67048360208625,
	"Longsword": 8.610278712512448,
	"Steel Helmet": 8.41810680463676,
	"Small Amethyst": 8.405193204510843,
	"Wand of Voodoo": 8.176366834611349,
	"Soul Orb": 8.1706546455723,
	"Springsprout Rod": 8.112513922801572,
	"Mouldy Powder": 8.106044538706257,
	"Short Sword": 8.052628780112384,
	"Rapier": 7.66672419874161,
	"Green Crystal Fragment": 7.456002896779596,
	"Magma Boots": 7.248874281171335,
	"Battle Shield": 6.90170551961043,
	"Poison Arrow": 6.811812323472905,
	"Elvish Talisman": 6.667851578474446,
	"Roll": 6.5382881236478765,
	"Ratana": 6.468531468531469,
	"Strong Health Potion": 6.428588306256639,
	"Plate Armor": 6.258825782732414,
	"Scroll": 6.094852222985928,
	"Hand Axe": 6.029052553663952,
	"Green Crystal Splinter": 5.916666666666666,
	"Morning Star": 5.578660112443255,
	"Yellow Piece of Cloth": 5.566482258679892,
	"Brass Shield": 5.328595489037938,
	"Cyclops Toe": 5.158808933002481,
	"Strawberry": 5.045243456234168,
	"Protection Amulet": 5.032861571027874,
	"Star Herb": 4.9650930697857305,
	"Wooden Shield": 4.747389686839734,
	"Silky Fur": 4.649069666810904,
	"Two Handed Sword": 4.643406553704567,
	"Witch Broom": 4.585262648854501,
	"Thick Fur": 4.438910829349408,
	"Ring of Blue Plasma": 4.4340756451042775,
	"Melon": 4.3720538333171195,
	"Mammoth Tusk": 4.320764913739347,
	"Cheese": 4.258824665062318,
	"Small Enchanted Emerald": 4.242517006802721,
	"Orange": 4.220523698249007,
	"Small Diamond": 4.147145961104116,
	"Blank Rune": 4.098986746749563,
	"Small Enchanted Sapphire": 3.9798693272251238,
	"Iron Helmet": 3.9485940934629813,
	"Ankh": 3.874661527668783,
	"Brown Crystal Splinter": 3.8035714285714284,
	"Rotten Meat": 3.7554626886419515,
	"Lump of Dirt": 3.7014418352478735,
	"Bone Sword": 3.6927166384489825,
	"Twin Hooks": 3.542345033607169,
	"Doublet": 3.535516030361391,
	"Badger Fur": 3.4358810361368723,
	"Sword Ring": 3.41869987250145,
	"Wood Cape": 3.2909155178508307,
	"Poison Dagger": 3.209297172610584,
	"Heavily Rusted Armor": 3.168250933196047,
	"Lightning Boots": 3.159260623090074,
	"Elven Scouting Glass": 3.130117517288193,
	"Green Mushroom": 2.940863590297588,
	"Rope": 2.8989364481448523,
	"Sniper Arrow": 2.8609923985117733,
	"Orc Leather": 2.835160180556727,
	"Serpent Sword": 2.8317091303070763,
	"Black Shield": 2.784349465632779,
	"Bread": 2.7826212784430053,
	"Ivory Carving": 2.7067719984443968,
	"Cape": 2.649886187194314,
	"Swamp Grass": 2.6470088626292467,
	"Health Potion": 2.6164701973868008,
	"Throwing Star": 2.542288612888658,
	"Hailstorm Rod": 2.5357142857142856,
	"Winter Wolf Fur": 2.5,
	"War Hammer": 2.4548797400970015,
	"Studded Helmet": 2.417383234826681,
	"Warwolf Fur": 2.4150653518183454,
	"Small Sapphire": 2.300269473262764,
	"Soldier Helmet": 2.248340236627757,
	"Centipede Leg": 2.238691130464192,
	"Broken Helmet": 2.2154629844578273,
	"Studded Club": 2.1907431061219027,
	"Wyrm Scale": 2.134396704353704,
	"Bone Shield": 2.114228811202577,
	"Shovel": 2.091211032100501,
	"Medicine Pouch": 2.073781388478582,
	"Small Enchanted Ruby": 2.0688187717905717,
	"Life Ring": 2.0416167125448483,
	"Hunter's Quiver": 2.0297951582867784,
	"Double Axe": 1.9806485270012697,
	"Carrot": 1.9667540902532825,
	"Plate Legs": 1.9416434830918614,
	"Honeycomb": 1.938811415561499,
	"Silver Amulet": 1.8688218435547677,
	"Studded Legs": 1.8625060945880059,
	"Sickle": 1.7962884603759899,
	"Minotaur Horn": 1.7945849878158338,
	"Wood": 1.7641432791728213,
	"Broadsword": 1.7377596334277952,
	"Acorn": 1.7152222577550367,
	"Green Crystal Shard": 1.647796863330844,
	"Dark Mushroom": 1.6355756794253629,
	"Piercing Bolt": 1.5815925330303484,
	"White Pearl": 1.5799956197593257,
	"Elven Astral Observer": 1.5606120898600007,
	"Battle Hammer": 1.5600550081267288,
	"Half-Eaten Brain": 1.5416583714911407,
	"Green Tunic": 1.4593206236660274,
	"Troll Green": 1.4511305641946184,
	"Studded Armor": 1.438072564366855,
	"Book (Gemmed)": 1.43738041038697,
	"Mammoth Whopper": 1.415339846185824,
	"Garlic Necklace": 1.3591009151430766,
	"Moonlight Crystals": 1.3234930778346927,
	"Twigs": 1.3128735260862543,
	"Brass Armor": 1.2953060298212378,
	"Werehyaena Talisman": 1.2937062937062938,
	"Cyan Crystal Fragment": 1.2797610156833457,
	"Obsidian Lance": 1.2714973212019476,
	"Crystal Necklace": 1.2679321156198968,
	"Piece of Marble Rock": 1.2206234168308472,
	"Piece of Crocodile Leather": 1.2020114149922556,
	"Dark Shield": 1.1704996034892943,
	"Power Bolt": 1.153772314046411,
	"Voluminous Piece of Cloth": 1.1291350159274687,
	"Coat": 1.106858322446626,
	"Ludicrous Piece of Cloth": 1.1026709139916686,
	"Small Ruby": 1.101671649087813,
	"Sling Herb": 1.0920750157880248,
	"Broken Crossbow": 1.0713220844345057,