{
	"Gold Coin": 3745.7426680438957,
	"Platinum Coin": 494.3542525026738,
	"Ham": 437.1097428281739,
	"Meat": 409.63917749155996,
	"Skull": 387.1465433019988,
	"Dagger": 379.6701309904879,
	"White Mushroom": 259.55120467025324,
	"Dragon Ham": 245.88350448403273,
	"Spear": 224.70749752979722,
	"Brown Bread": 139.70918754745634,
	"Sabre": 110.23374512626297,
	"Worm": 97.2933039720467,
	"Bone": 93.96776669987182,
	"Cowbell": 90.48427648385186,
	"Bolt": 86.90799273672631,
	"Cultish Robe": 82.39640084560521,
	"Plate Shield": 80.71807515414736,
	"Hatchet": 78.55418298900967,
	"Minotaur Horn": 71.9391728295444,
	"Girlish Hair Decoration": 70.50463348128623,
	"Chain Armor": 65.06924994439923,
	"Minotaur Leather": 62.86318300858346,
	"Piece of Crocodile Leather": 62.50459357959729,
	"Rotten Piece of Cloth": 58.29701206750679,
	"Torch": 52.78159546455514,
	"Mana Potion": 49.69171540644728,
	"Health Potion": 46.48996152433766,
	"Great Health Potion": 46.465953448091824,
	"Bronze Amulet": 46.25530320009576,
	"Blank Rune": 43.95762639833395,
	"Axe": 42.49954492273912,
	"Mino Shield": 38.05574043261231,
	"Protective Charm": 37.59246628289734,
	"Dead Frog": 35.99507852507767,
	"Strong Mana Potion": 33.9713261563911,
	"Fish": 33.29478017145673,
	"Short Sword": 31.82728741550069,
	"Purple Robe": 30.7673280140023,
	"Small Emerald": 30.76209751901357,
	"Red Apple": 30.615508712330882,
	"Cheese": 30.24009667156303,
	"Leather Legs": 28.880529086146947,
	"Copper Shield": 28.680449451920573,
	"Pick": 28.627787475720993,
	"Soldier Helmet": 26.625081749539227,
	"Hunting Spear": 24.956811049744218,
	"Small Amethyst": 24.67235814466537,
	"Cookie": 23.560015371132266,
	"Steel Shield": 23.484488191917155,
	"Studded Armor": 23.301537174418282,
	"Small Ruby": 23.27349658037564,
	"Great Mana Potion": 23.138392354257398,
	"Shovel": 22.646507841143364,
	"Letter": 22.4432424458486,
	"Snakebite Rod": 22.34696261682243,
	"Small Topaz": 22.066717047276487,
	"Green Mushroom": 21.5918733193905,
	"Crossbow": 21.495736006871525,
	"Royal Spear": 21.222394518458792,
	"Leather Armor": 20.882020123431527,
	"Ghoul Snack": 20.349289753751613,
	"Heavy Old Tome": 19.924709391832437,
	"Leather Boots": 19.795018152284367,
	"Ring of Healing": 18.758833984313174,
	"Mace": 18.457389084324856,
	"Lump of Dirt": 18.30713123919894,
	"Beetroot": 17.72397363699294,
	"Cyclops Toe": 17.607487880237137,
	"Small Sapphire": 17.086588201337058,
	"Viking Helmet": 16.702118027064273,
	"Pelvis Bone": 16.396548095137867,
	"Book (Gemmed)": 16.19595044931167,
	"Dragon's Tail": 14.871855705231994,
	"Orc Leather": 13.841472447615079,
	"Small Stone": 12.930897236833117,
	"Taurus Mace": 11.949265906096288,
	"Flask of Embalming Fluid": 11.737949891898767,
	"Power Bolt": 11.701317266509845,
	"Burst Arrow": 11.621304742380316,
	"Fox Paw": 11.57971807279613,
	"Moonlight Rod": 11.254987352908831,
	"Crab Pincers": 10.992419021364576,
	"Strong Health Potion": 10.886741194573624,
	"Longsword": 10.813623253222858,
	"Sword": 9.910420584152469,
	"Wolf Tooth Chain": 9.727142041158709,
	"Gauze Bandage": 9.710948429352664,
	"Werebadger Claws": 9.250837614473978,
	"Energy Ring": 9.02865941945715,
	"Broken Helmet": 8.980317197049782,
	"Piercing Bolt": 8.86764970498922,
	"Werebadger Skull": 8.648425284788923,
	"Battle Axe": 8.604008680396076,
	"Battle Shield": 8.015369192418426,
	"Cleaver": 8.01006188106519,
	"Brown Mushroom": 7.979406906195636,
	"Troll Green": 7.873360896737521,
	"Throwing Knife": 7.836568980334029,
	"Scale Armor": 7.660987841435345,
	"Witch Broom": 7.475971710088859,
	"Magic Light Wand": 7.383285182692331,
	"Red Piece of Cloth": 7.186189813646473,
	"Small Axe": 6.998615178551159,
	"Dwarven Shield": 6.83574783487584,
	"Star Herb": 6.7392552741340745,
	"Small Diamond": 6.6451193611272235,
	"Green Crystal Splinter": 6.253844003354766,
	"Halberd": 6.149944696475239,
	"Wand of Dragonbreath": 6.048435674042546,
	"Werefox Tail": 5.877551020408163,
	"Mino Lance": 5.845997411721205,
	"Golden Mug": 5.477741260830594,
	"Gold Ingot": 5.4116414363183605,
	"Half-Digested Piece of Meat": 5.331549361853709,
	"Banana": 5.269986327141436,
	"Steel Helmet": 5.138566652636273,
	"Strange Talisman": 4.829645173597863,
	"Protection Amulet": 4.799423494552512,
	"Plate Armor": 4.727017518272973,
	"Cape": 4.721993277251872,
	"Morning Star": 4.676326627120259,
	"Orcish Gear": 4.531036347483487,
	"Two Handed Sword": 4.339822707683613,
	"Orc Tooth": 4.242436572458448,
	"Powder Herb": 4.131135749130482,
	"Throwing Star": 4.053477531413869,
	"Pile of Grave Earth": 3.967582490982767,
	"Brown Piece of Cloth": 3.9499487910228437,
	"Silver Brooch": 3.8080487727330534,
	"Violet Crystal Shard": 3.673469387755102,
	"Plate Legs": 3.614189968705439,
	"Poison Dagger": 3.6045612811207444,
	"Bone Club": 3.507366796068015,
	"Red Dragon Scale": 3.4977362046379077,
	"Carrion Worm Fang": 3.4961549416120765,
	"Double Axe": 3.410843596912164,
	"Brown Crystal Splinter": 3.315068493150685,
	"Poison Arrow": 3.2907262984140138,
	"Arrow": 3.175808281236648,
	"Broadsword": 3.0640326848199653,
	"Leather Helmet": 2.9845866887960546,
	"Assassin Star": 2.954760387384473,
	"Sickle": 2.9287311853956357,
	"Battle Hammer": 2.750750506856149,
	"Corncob": 2.522730456550786,
	"Life Crystal": 2.514904678011768,
	"Small Enchanted Sapphire": 2.4391863843918635,
	"Small Flask of Eyedrops": 2.3753547172839413,
	"Emerald Bangle": 2.3568697866667994,
	"Small Enchanted Amethyst": 2.3565858531969455,
	"Spellbook": 2.356533322274851,
	"Broken Shamanic Staff": 2.3425925925925926,
	"Wereboar Hooves": 2.317625736293611,
	"Wereboar Tusks": 2.2768463978251017,
	"Iron Helmet": 2.273670766587856,
	"Crystal Ring": 2.187497432399666,
	"Red Gem": 2.1617620956820547,
	"Rotten Meat": 2.1346840545964776,
	"Yellow Gem": 2.0764267214054475,
	"Bone Shield": 2.0379107454470784,
	"Skull Belt": 1.896388559837161,
	"Garlic Necklace": 1.8879343759824108,
	"Moonlight Crystals": 1.852327676209106,
	"Pear": 1.8439145906038839,
	"Brass Shield": 1.8365918059717588,
	"Red Dragon Leather": 1.8122773551515707,
	"Onyx Chip": 1.8082191780821917,
	"War Hammer": 1.8082191780821917,
	"Shadow Herb": 1.7537349358999896,
	"Kongra's Shoulderpad": 1.7384765703150094,
	"Shamanic Hood": 1.7265211640211642,
	"Gold-Brocaded Cloth": 1.6899098944108726,
	"Warrior Helmet": 1.6730034153300826,
	"Studded Helmet": 1.6570114322893903,
	"Brass Helmet": 1.6480711468790246,
	"Studded Legs": 1.583130180399805,
	"Wand of Inferno": 1.5785314518475453,
	"Rotten Feather": 1.5728263908303046,
	"Stone Wing": 1.560054883197298,
	"Opal": 1.5324025289778713,
	"Coat": 1.5097019887565737,
	"Orcish Axe": 1.5070003047078395,
	"Green Dragon Scale": 1.5030434520580966,
	"Green Dragon Leather": 1.4743308279739307,
	"Carrot": 1.4256452644480944,
	"Winter Wolf Fur": 1.4000000000000001,
	"Necrotic Rod": 1.3538032007351943,
	"Minotaur Trophy": 1.3215007188026968,
	"Potato": 1.2897551365043625,
	"Small Enchanted Emerald": 1.1755102040816328,
	"Crystal Necklace": 1.1743836154229244,
	"Iron Ore": 1.1425383486743186,
	"Centipede Leg": 1.119345565232096,
	"Scimitar": 1.0895948791063348,
	"Voluminous Piece of Cloth": 1.0873152005227478,
	"Bone Sword": 1.075317769919808,
	"Giant Shimmering Pearl (Green)": 1.072295586229043,
	"Ludicrous Piece of Cloth": 1.0618312505104957,
	"Jewelled Belt": 1.0493426668943144,
	"Ominous Piece of Cloth": 1.02785265049416,
	"Luminous Piece of Cloth": 1.023605325492118,
	"Sling Herb": 1.0219713120503782,
	"Black Pearl": 1.0188781999100864,
	"Dark Helmet": 1.0095082500228068,
	"Obvious Piece of Cloth": 0.9811320754716981,
	"Tiger Eye": 0.9807692307692308,
	"Green Piece of Cloth": 0.9803522668713868,
	"Big Bone": 0.9517543859649122,
	"Yellow Piece of Cloth": 0.9182802365509347,
	"Sword Ring": 0.9059397971776573,
	"Dubious Piece of Cloth": 0.8961855754308584,
	"Tribal Mask": 0.894867803308936,
	"Old Rag": 0.8906882591093117,
	"Heavy Machete": 0.873947841999356,
	"Brass Legs": 0.8477836232884364,
	"Goat Grass": 0.8440909309367041,