{
	"Gold Coin": 2315.8951441015392,
	"Platinum Coin": 1443.5380613807315,
	"Meat": 295.30847054321765,
	"Great Mana Potion": 176.36456103239604,
	"Scroll": 129.64808211537644,
	"Bolt": 97.70322115208765,
	"Dark Mushroom": 90.03423960563592,
	"Arrow": 78.09208978834131,
	"Bone": 77.5233899741634,
	"Great Health Potion": 77.22353114822474,
	"Crossbow": 68.69562050920014,
	"Green Mushroom": 63.67528564923991,
	"Red Rose": 58.43229096765535,
	"Grapes": 57.92192323178097,
	"Dragon Ham": 52.087663163058394,
	"Terra Amulet": 49.91862521759241,
	"Bow": 44.41348513712895,
	"Poison Arrow": 43.55074779078823,
	"Orc Leather": 41.609766781734855,
	"Fish": 40.552430786680674,
	"Strong Health Potion": 35.83635403270257,
	"Strong Mana Potion": 33.44116696787861,
	"Sniper Arrow": 33.06797745269091,
	"Skull": 33.04314179477765,
	"Scroll of Heroic Deeds": 32.8627247770619,
	"Spear": 31.81493048831312,
	"Garlic Necklace": 30.60289224934727,
	"Chain Armor": 29.431167986746086,
	"Bat Wing": 29.195963479096587,
	"Broken Helmet": 28.889988511083782,
	"Red Gem": 27.771506749315606,
	"Small Emerald": 26.444148297142455,
	"Ham": 26.28184055177272,
	"Worm": 24.687803009349825,
	"Lamassu Horn": 23.606628242074926,
	"Green Tunic": 22.850993155281174,
	"Wedding Ring": 20.205019437544394,
	"Halberd": 19.08793032797126,
	"Violet Crystal Shard": 18.835734870317005,
	"Red Crystal Fragment": 18.711815561959654,
	"Blue Crystal Shard": 18.030259365994237,
	"Shaggy Tail": 17.750492698833465,
	"Wolf Tooth Chain": 17.111557385030178,
	"Sphinx Feather": 16.92214785365608,
	"Rope Belt": 16.878847439948665,
	"Warwolf Fur": 16.66549275277303,
	"Small Diamond": 15.758544301197706,
	"Wyrm Scale": 15.72657539270216,
	"Two Handed Sword": 15.160322805345931,
	"Cultish Robe": 15.007439187704389,
	"Orc Tooth": 14.748768423887803,
	"Plate Armor": 14.710829788436182,
	"Lamassu Hoof": 13.94092219020173,
	"Orcish Axe": 13.865078210946189,
	"Silver Amulet": 13.758263565361357,
	"Sphinx Tiara": 13.658094710885209,
	"Magma Amulet": 13.646520054350562,
	"Small Ruby": 13.174324198334059,
	"Bony Tail": 12.935966716082444,
	"Blue Gem": 12.526556955185152,
	"Green Gem": 12.381775523199932,
	"Terra Boots": 12.341353383458648,
	"Small Amethyst": 12.283545288336885,
	"Terra Hood": 11.524495677233428,
	"Studded Legs": 11.454412481716236,
	"Red Piece of Cloth": 11.335728421430552,
	"Studded Helmet": 10.77099321760014,
	"Opal": 10.595100864553313,
	"Throwing Star": 10.540202952021007,
	"Heavy Old Tome": 10.271651797084079,
	"War Hammer": 10.2011180762834,
	"Orcish Gear": 9.576963188999189,
	"Cheese": 9.183789195790382,
	"White Pearl": 8.942677926378778,
	"Burst Arrow": 8.579180019080214,
	"Hunting Spear": 8.331845669931662,
	"Magma Boots": 8.166280754664403,
	"Spider Silk": 8.146509129967777,
	"Small Notebook": 7.87376997075166,
	"Torch": 7.509385175099369,
	"Lightning Headband": 7.025816516531629,
	"Scimitar": 6.828910357658414,
	"Onyx Chip": 6.815561959654179,
	"Rope": 6.7970778938559455,
	"Rotten Piece of Cloth": 6.7718751391548295,
	"Broken Crossbow": 6.71129086619481,
	"Bone Club": 6.5715664519128385,
	"Book of Necromantic Rituals": 6.468852439295789,
	"Scarf": 6.441911756531785,
	"Lightning Pendant": 6.282525755920012,
	"Rainbow Quartz": 6.072046109510087,
	"Green Crystal Fragment": 5.948126801152738,
	"Morning Star": 5.654030346804704,
	"Dagger": 5.6000000000000005,
	"Battle Axe": 5.509300380550504,
	"Green Crystal Splinter": 5.390489913544669,
	"Mantassin Tail": 5.307601389838232,
	"Wand of Starstorm": 5.109242055485003,
	"Small Sapphire": 4.97217612909576,
	"Incantation Notes": 4.952032094889238,
	"Lancet": 4.952032094889238,
	"Wand of Defiance": 4.849781088017714,
	"Blood Tincture in a Vial": 4.8215593929879645,
	"Magma Monocle": 4.618287957324744,
	"Quara Pincers": 4.559584209875015,
	"Lyre": 4.50664340356999,
	"Crown Armor": 4.0968656628671685,
	"White Mushroom": 3.899530044044724,
	"Quara Eye": 3.7280874624624625,
	"Machete": 3.643222818137494,
	"Obsidian Lance": 3.6040745876498255,
	"Corncob": 3.4944566470269764,
	"Might Ring": 3.493902450443863,
	"Crown Legs": 3.489638518203943,
	"Brass Legs": 3.4232598525635107,
	"Leather Boots": 3.3843892604546935,
	"Horoscope": 3.350776207919065,
	"Elven Amulet": 3.3458213256484153,
	"Skull Belt": 3.3112547331460913,
	"Broken Shamanic Staff": 3.259259259259259,
	"Sacred Tree Amulet": 3.221902017291066,
	"Violet Gem": 3.221902017291066,
	"Broken Gladiator Shield": 3.169255490091055,
	"Belted Cape": 3.1599204223735557,
	"Fire Sword": 3.136293905209013,
	"Shrimp": 3.0982545045045047,
	"Brass Armor": 3.045212707048822,
	"Cobra Tongue": 2.9983467510063257,
	"Crown Helmet": 2.9314251094840427,
	"Bone Shield": 2.7321012498292836,
	"Shadow Herb": 2.628632504870217,
	"Pieces of Magic Chalk": 2.520495377638235,
	"Magma Legs": 2.500125811484072,
	"Sabre": 2.453050016071104,
	"Shamanic Hood": 2.4021164021164023,
	"Terra Mantle": 2.370998925886144,
	"Bread": 2.3692773413524115,
	"Ghoul Snack": 2.3638063855368037,
	"Pirate Voodoo Doll": 2.2269272980626837,
	"Pelvis Bone": 2.199536939591665,
	"Viking Helmet": 2.171709244806935,
	"Cultish Mask": 2.1625441696113077,
	"Hand Axe": 2.139341228719467,
	"Brown Bread": 2.067577828397874,
	"Scale Armor": 2.020116511393659,
	"Cape": 1.9870752115618389,
	"Life Ring": 1.8861372628458584,
	"Book (Orange)": 1.8830954628382874,
	"Mace": 1.8778966736829967,
	"Green Crystal Shard": 1.8587896253602307,
	"Battle Shield": 1.8201102635844375,
	"Plate Legs": 1.7841086710829772,
	"Sword": 1.7800090036471055,
	"Black Pearl": 1.7518134702839308,
	"Lump of Dirt": 1.7006624648436175,
	"Energy Ring": 1.699005865116696,
	"Knight Legs": 1.6606677646354244,
	"Short Sword": 1.6548535964148796,
	"Leather Helmet": 1.6205038184984888,
	"Protection Amulet": 1.5917749172546134,
	"Banana": 1.5210744652957262,
	"Guardian Shield": 1.5198229442273525,
	"Dead Snake": 1.4151100041511,
	"Rainbow Trout": 1.400580472699761,
	"Spellbook": 1.3959889047244742,
	"Green Perch": 1.3779589732199167,
	"Cookie": 1.3741904658148028,
	"Copper Shield": 1.3517053670153951,
	"Focus Cape": 1.3410709047246216,
	"Health Potion": 1.3407071299787083,
	"Hardened Bone": 1.3316436325378989,
	"Tarantula Egg": 1.2956748828390512,
	"White Piece of Cloth": 1.2952145657007716,
	"Studded Armor": 1.2713019768234493,
	"Fish Fin": 1.2590669603083797,
	"Crown Shield": 1.2218349070516203,
	"Sandcrawler Shell": 1.2125435540069687,
	"Combat Knife": 1.1960985158881907,
	"Hatchet": 1.1792605065600223,
	"Silky Fur": 1.162267416702726,
	"Wooden Shield": 1.1053058585284528,
	"Wand of Draconia": 1.0621294541898416,
	"Girlish Hair Decoration": 1.0500219658831815,
	"Sling Herb": 1.0219713120503782,
	"Clerical Mace": 1.0200813531711714,
	"Mystic Turban": 1.0143153538063225,
	"Studded Shield": 1.008861622358555,
	"Warrior Helmet": 0.9804949596800675,
	"Red Apple": 0.9701679612877688,
	"Flask of Embalming Fluid": 0.9680783415998983,
	"Wyvern Talisman": 0.9611260053619303,
	"Dark Helmet": 0.9548506290383689,
	"Studded Club": 0.9161644186155216,
	"Lamp": 0.8856550798130881,
	"Goat Grass": 0.8440909309367041,
	"Piggy Bank": 0.8420163983209,
	"Axe": 0.8350374914792092,
	"Soldier Helmet": 0.8283358766523315,
	"Centipede Leg": 0.8140695019869789,
	"Gauze Bandage": 0.8009029632455805,
	"Lizard Leather": 0.7970963107257028,
	"Frosty Heart": 0.7815779971328782,
	"Chicken Feather": 0.7638865581473402,
	"Dragon Necklace": 0.7616660850807347,
	"Lizard Scale": 0.7220537444027764,
	"Honeycomb": 0.706337684733435,
	"Shovel": 0.7026496759745535,
	"Dark Rosary": 0.6846253664632095,
	"Spider Fangs": 0.6593951211313979,
	"Magic Light Wand": 0.634912105250213,
	"Mouldy Cheese": 0.6070901033973413,
	"Cherry": 0.6030584816710649,
	"Crab Pincers": 0.5995864920744314,
	"Stealth Ring": 0.5767266552806248,
	"Carrot": 0.5729595847380463,
	"Spooky Blue Eye": 0.5681012658227848,
	"Protective Charm": 0.5598407156653709,
	"Music Sheet (Third Verse)": 0.5580410099983054,
	"Book of Prayers": 0.5563152213026269,
	"Steel Helmet": 0.5353744755820252,