{
	"Gold Coin": 3917.986568363979,
	"Platinum Coin": 1744.0637476525326,
	"Meat": 708.6393803259202,
	"Skull": 434.1528338102382,
	"Dagger": 398.41788916888015,
	"Spear": 325.4791358684447,
	"Great Health Potion": 229.80023917004064,
	"Beetroot": 203.67378924394797,
	"Dragon Ham": 195.32574634806278,
	"Brown Bread": 147.09339407744875,
	"Fish": 144.4898135315372,
	"Bone": 139.41193687614071,
	"Sabre": 117.52750394790168,
	"Worm": 97.69925642259624,
	"Ham": 93.736905562222,
	"Great Mana Potion": 93.01113229417452,
	"Girlish Hair Decoration": 77.17642860084717,
	"Fox Paw": 75.50742688828109,
	"Axe": 60.31960356219372,
	"Chain Armor": 55.026450164870624,
	"Torch": 53.40197113173905,
	"Werehyaena Nose": 53.086580086580085,
	"Red Crystal Fragment": 52.475483699973495,
	"Werebadger Claws": 51.92405628769265,
	"Knife": 49.3939393939394,
	"Troll Green": 48.84497553760728,
	"Werebadger Skull": 48.54277417913782,
	"Small Sapphire": 48.31679001314306,
	"Leather Boots": 47.50201252646555,
	"Glob of Glooth": 47.171852534444284,
	"Hand Axe": 45.50962250185048,
	"Red Gem": 43.74730031872889,
	"Halberd": 43.26564793797783,
	"Brown Mushroom": 41.41690596219574,
	"Protective Charm": 41.14001317952991,
	"Strong Mana Potion": 41.04076283794043,
	"Small Diamond": 40.34013330986169,
	"Ice Rapier": 37.45786551066986,
	"Werefox Tail": 36.24489795918367,
	"Pirate Coin": 36.189095421473574,
	"Red Apple": 35.392906815020865,
	"Mana Potion": 34.852558888021605,
	"Wereboar Hooves": 34.30086089714544,
	"Strong Health Potion": 33.98641994504085,
	"Wereboar Tusks": 33.697326687811504,
	"Bolt": 32.94384025846107,
	"Brown Crystal Splinter": 31.13547404510502,
	"Yellow Gem": 31.09882455312958,
	"Leather Helmet": 30.939990328432998,
	"Badger Fur": 28.901822833386632,
	"Cookie": 28.39628891350654,
	"Pirat's Tail": 25.598055193481265,
	"Crystal Sword": 24.15253263278877,
	"Green Mushroom": 23.94629651480152,
	"Hunting Spear": 23.67663421418637,
	"Small Enchanted Amethyst": 23.432351565711947,
	"Rotten Piece of Cloth": 21.787772186845974,
	"Cheese": 21.14873971840092,
	"Small Amethyst": 20.260105193949677,
	"Combat Knife": 19.96865196626191,
	"Mace": 19.806734915311708,
	"Crossbow": 19.614754557162485,
	"Plate Armor": 19.287062426745603,
	"Mouldy Cheese": 19.23450881694023,
	"Rope": 19.225758697261288,
	"Piece of Crocodile Leather": 19.031847404044047,
	"Life Preserver": 18.997668997668995,
	"Arrow": 18.37012306289569,
	"Small Enchanted Emerald": 16.889893100097183,
	"Heavy Old Tome": 16.77003996948355,
	"Werebear Fur": 16.70298879202989,
	"Slime Heart": 16.70136425648022,
	"Short Sword": 16.07750903190422,
	"Small Emerald": 15.826647542845755,
	"Wand of Inferno": 15.778842513298276,
	"Lump of Dirt": 15.70611805767341,
	"Royal Spear": 15.676034068795177,
	"Werebear Skull": 15.666251556662516,
	"Book (Gemmed)": 15.559031049619637,
	"Shrimp": 15.483979224553918,
	"Bony Tail": 15.324145186743818,
	"Small Enchanted Ruby": 14.795592960467246,
	"Acorn": 14.757025337708106,
	"Emerald Bangle": 14.644206514262336,
	"Poisoned Fang": 14.33137789904502,
	"Moonlight Crystals": 14.072756859527052,
	"Knight Axe": 14.053721874794547,
	"Small Topaz": 13.969097386186405,
	"Crowbar": 13.760774977423857,
	"Wooden Shield": 12.877945147729271,
	"Plate Shield": 12.774221379980192,
	"Assassin Star": 12.685714285714285,
	"Moonlight Rod": 12.685714285714285,
	"Studded Club": 12.35612826862605,
	"Green Crystal Fragment": 12.158508158508159,
	"Steel Shield": 12.045946513371694,
	"Shark Fins": 11.578031360315244,
	"Power Bolt": 11.514608725333577,
	"Ratana": 11.3986013986014,
	"Golden Idol of Tukh": 11.387007550272855,
	"Green Crystal Splinter": 10.881325132792844,
	"Wand of Starstorm": 10.52046831299832,
	"Wolf Tooth Chain": 10.251618618809571,
	"Pelvis Bone": 9.997895179962113,
	"Cyclops Toe": 9.688280738603682,
	"Grappling Hook": 9.402413793103449,
	"Ring of Healing": 9.329048495282262,
	"Viking Helmet": 9.281089619885547,
	"Witch Broom": 9.270204920510185,
	"Knight Armor": 9.010850847563761,
	"Energy Ring": 8.673599779366137,
	"Star Herb": 8.554915533636944,
	"Protection Amulet": 8.514286478472847,
	"Sword": 8.453042637672226,
	"Quara Tentacle": 8.161788724726378,
	"Scale Armor": 8.13315412861403,
	"Longsword": 7.934329180305956,
	"Dragon's Tail": 7.799950065001593,
	"Bone Club": 7.757640764468646,
	"Quara Eye": 7.696696696696697,
	"Glooth Spear": 7.643027221405831,
	"Ghoul Snack": 7.605290109987977,
	"Wand of Voodoo": 7.569499411881857,
	"Burst Arrow": 7.396569458801313,
	"Quara Bone": 7.3662540228515,
	"Small Ruby": 7.213016900612466,
	"Double Axe": 7.037429149116663,
	"Viper Star": 6.863574351978171,
	"Ultimate Health Potion": 6.8609150362356415,
	"Terra Boots": 6.821300002963788,
	"Wand of Draconia": 6.666509064422719,
	"Quara Pincers": 6.3437693354782825,
	"Focus Cape": 5.9339956596944194,
	"Swamp Grass": 5.848042836041358,
	"Hatchet": 5.607662731733559,
	"Sword Ring": 5.428571428571428,
	"Golden Mug": 5.262324469674335,
	"Springsprout Rod": 5.257434135496604,
	"Werewolf Amulet": 5.106474597935312,
	"Brass Shield": 4.958276979413563,
	"Brass Armor": 4.935771890356897,
	"Red Ectoplasm": 4.916348957165283,
	"Cape": 4.901275487884099,
	"Voluminous Piece of Cloth": 4.872008494650004,
	"Studded Helmet": 4.778831403394313,
	"Ludicrous Piece of Cloth": 4.757820795556644,
	"Ominous Piece of Cloth": 4.6055705300988325,
	"Luminous Piece of Cloth": 4.5865392469166055,
	"Medicine Pouch": 4.5816100443131464,
	"Mouldy Powder": 4.54931071049841,
	"Obvious Piece of Cloth": 4.39622641509434,
	"Poisonous Slime": 4.268706465548325,
	"Studded Legs": 4.190638712823013,
	"Broken Helmet": 4.0796121459556005,
	"Doublet": 4.071428571428571,
	"Hailstorm Rod": 4.071428571428571,
	"Magma Boots": 4.063273241428067,
	"Health Potion": 4.035540298440337,
	"Dubious Piece of Cloth": 4.015600751449807,
	"Stone Skin Amulet": 3.9285154052457343,
	"Wood": 3.897525849335303,
	"Flask of Embalming Fluid": 3.7513035736996057,
	"Bone Shield": 3.7277212203398724,
	"Leather Legs": 3.7114999144346585,
	"Glooth Axe": 3.689321516880154,
	"Bear Paw": 3.6763880106980142,
	"Sickle": 3.658919514739371,
	"Brass Helmet": 3.6182125068051008,
	"Wereboar Loincloth": 3.4870865428183055,
	"Glooth Club": 3.4830021234223465,
	"Piece of Scarab Shell": 3.4695182827904656,
	"Battle Shield": 3.3684485346025985,
	"Red Dragon Scale": 3.3601847808600125,
	"Honeycomb": 3.2620997014717954,
	"Berserk Potion": 3.249696002925143,
	"Crab Pincers": 3.1977946243969675,
	"Glooth Blade": 3.1713192556784553,
	"Gauze Bandage": 3.1034989825766246,
	"Prismatic Quartz": 3.0917246019286835,
	"Onyx Chip": 3.075753619225803,
	"Studded Armor": 3.046596490082537,
	"Magma Coat": 3.0410405920610004,
	"Glooth Steak": 3.038744884038199,
	"Scorpion Tail": 3.035594741265116,
	"Grapes": 2.958160654253599,
	"Badger Boots": 2.9537636810364085,
	"Minotaur Horn": 2.923303542825013,
	"Fish Fin": 2.8995023369963424,
	"Banana": 2.842906663848275,
	"Black Shield": 2.7988669242996793,
	"Garlic Necklace": 2.794255243198139,
	"Orc Leather": 2.779500225179066,
	"Furry Club": 2.7152776092823636,
	"Bow": 2.7005128438671493,
	"Bunch of Troll Hair": 2.6705195074475045,
	"Orange": 2.612205883227281,
	"Broken Crossbow": 2.601782205055228,
	"Steel Helmet": 2.589280573136006,
	"Poison Arrow": 2.57172951215903,
	"Ring of Blue Plasma": 2.4885118416401557,
	"Scroll": 2.4379408891943712,
	"Studded Shield": 2.354010452169961,
	"Small Enchanted Sapphire": 2.3337484433374844,
	"Roll": 2.32791608182162,
	"Egg": 2.289642680717932,
	"Werehyaena Talisman": 2.2797202797202796,
	"Black Pearl": 2.2714114170196025,
	"Two Handed Sword": 2.270357930710148,
	"Carrion Worm Fang": 2.1975831061561624,
	"Tarantula Egg": 2.1926805709583945,
	"Glooth Amulet": 2.182457331686867,
	"Blank Rune": 2.1431022863367017,
	"Piercing Bolt": 2.1107683454771826,
	"Magic Light Wand": 2.059309915798617,
	"Life Ring": 2.0444197865070075,
	"Fur Armor": 1.9253780990068394,
	"Coat": 1.8833372016420633,
	"Platinum Amulet": 1.8655349564440473,