{
	"Gold Coin": 3626.4994291710327,
	"Platinum Coin": 719.2762354439159,
	"Meat": 518.0974360874045,
	"Strong Health Potion": 233.9942940017469,
	"Strong Mana Potion": 233.82800480169396,
	"Great Health Potion": 192.4308873414908,
	"Torch": 132.62129951842056,
	"Brown Mushroom": 116.88489558220722,
	"Bone": 84.41867316490504,
	"Knife": 81.46482135572276,
	"Orc Leather": 76.02101752878693,
	"Ham": 68.7898952258318,
	"Axe": 66.90642073825988,
	"Werehyaena Nose": 61.04545454545455,
	"Small Diamond": 60.3790491627336,
	"Halberd": 59.85363009986745,
	"Worm": 58.35204389955813,
	"Chain Armor": 53.630355227869906,
	"Spear": 51.255997681910046,
	"Broken Helmet": 50.22080414739323,
	"Red Crystal Fragment": 49.242456150957594,
	"Might Ring": 47.61092211447275,
	"Shaggy Tail": 40.57528880175945,
	"Red Gem": 37.94534113798413,
	"Brass Helmet": 34.94829554731389,
	"Wolf Tooth Chain": 33.49373044012024,
	"Bolt": 33.439310262286504,
	"White Mushroom": 32.86984631158877,
	"Warwolf Fur": 32.296156759612586,
	"Tarantula Egg": 32.29220477229635,
	"Orcish Axe": 27.176701888131426,
	"Orc Tooth": 27.16597678312221,
	"Combat Knife": 25.46980696482094,
	"Skull": 24.427465490952972,
	"Scroll": 23.903704200778417,
	"Great Mana Potion": 23.503685042033844,
	"Viking Helmet": 22.81788772199999,
	"Yellow Gem": 22.693388605015972,
	"Bow": 22.369058586476005,
	"Life Preserver": 21.736596736596734,
	"Fish": 20.820808070533438,
	"Small Enchanted Amethyst": 20.807480318423718,
	"Heavy Old Tome": 20.43141856129793,
	"Rotten Piece of Cloth": 18.843478648083003,
	"Arrow": 18.612023003494325,
	"Hatchet": 17.832790373460252,
	"Studded Legs": 17.600682593856657,
	"Rope Belt": 17.469264347362895,
	"Green Crystal Fragment": 16.910499893399084,
	"Leather Armor": 16.51364157141173,
	"Small Amethyst": 16.222569893347707,
	"Spider Fangs": 16.039031094816174,
	"Studded Helmet": 15.895904436860068,
	"Mace": 15.837268981284662,
	"Crossbow": 15.80135131763129,
	"Broken Crossbow": 15.044830678974446,
	"Cultish Robe": 14.944880157246354,
	"Lump of Dirt": 14.805767340991494,
	"Orcish Gear": 14.005021437676232,
	"Cheese": 13.83485462088287,
	"Green Crystal Splinter": 13.74723823246878,
	"Pelvis Bone": 13.417743682212594,
	"Ratana": 13.041958041958043,
	"Red Rose": 11.94174324102656,
	"Battle Axe": 11.733788770535895,
	"Lamassu Horn": 11.666066282420749,
	"Talon": 11.520092512286789,
	"Lightning Pendant": 11.448494996856372,
	"Grapes": 11.409971767750456,
	"Dagger": 10.632559195441441,
	"Scale Armor": 10.469549653057156,
	"Brass Legs": 9.878466274645545,
	"Plate Shield": 9.327439688763317,
	"Violet Crystal Shard": 9.30835734870317,
	"Hunting Spear": 9.235609143760692,
	"Blue Crystal Shard": 8.910302593659942,
	"Sword": 8.480927365105895,
	"Small Enchanted Emerald": 7.916666666666666,
	"Hand Axe": 7.7794226498889705,
	"Morning Star": 7.6728491156442775,
	"Wand of Starstorm": 7.589776978175901,
	"Leather Helmet": 7.566458756131156,
	"Small Emerald": 7.527796165644155,
	"Sphinx Feather": 7.504604700317044,
	"Brown Crystal Splinter": 7.125,
	"Cleaver": 7.020054232843648,
	"Copper Shield": 6.965033654096024,
	"Lamassu Hoof": 6.889409221902018,
	"Terra Amulet": 6.889409221902018,
	"Corncob": 6.864251093177129,
	"Shockwave Amulet": 6.751426766460013,
	"Wild Flowers": 6.649140461215933,
	"Ghoul Snack": 6.577548203232845,
	"Chain Helmet": 6.440282092326121,
	"Sword Ring": 6.408828316431471,
	"Leather Boots": 6.320631218065908,
	"Wand of Cosmic Energy": 6.28710931226109,
	"Obsidian Lance": 6.254898569104966,
	"Broken Shamanic Staff": 6.212962962962963,
	"Sniper Arrow": 6.106629982552677,
	"Sphinx Tiara": 6.057068089175179,
	"Leather Legs": 6.052167803735321,
	"Magma Amulet": 6.051934980625032,
	"Lamp": 6.02412424703847,
	"Shadow Herb": 5.994569312259987,
	"Epee": 5.9106357007484505,
	"Mastermind Potion": 5.797693617294658,
	"Lightning Legs": 5.7600462561433945,
	"Blue Gem": 5.699780188846301,
	"Terra Hood": 5.695244956772334,
	"Skull Belt": 5.633788940814161,
	"Machete": 5.598122866894197,
	"Green Gem": 5.502202275753905,
	"Dandelion Seeds": 5.43287211740042,
	"Opal": 5.235951008645533,
	"Wooden Shield": 5.211359217215579,
	"Hailstorm Rod": 4.919420437214032,
	"Doublet": 4.871927042030134,
	"Pick": 4.790426604110594,
	"Shamanic Hood": 4.579034391534392,
	"Protection Amulet": 4.5515573287223665,
	"Throwing Knife": 4.428862758425291,
	"Scroll of Heroic Deeds": 4.415311822011912,
	"Rope": 4.3747647720846015,
	"Rainbow Quartz": 4.241135492259014,
	"Green Tunic": 4.219869816132063,
	"Cultish Mask": 4.119131751640586,
	"Cape": 3.9902866921707143,
	"Brown Bread": 3.8397873955960518,
	"Magma Boots": 3.632505411785717,
	"Fresh Fruit": 3.617777777777778,
	"Studded Armor": 3.6101344872519854,
	"Rapier": 3.6095054108444105,
	"Colourful Snail Shell": 3.5867505241090147,
	"Letter": 3.5813684754013724,
	"Battle Shield": 3.575317296485971,
	"Glob of Tar": 3.5741998653693163,
	"White Pearl": 3.5526962379170866,
	"Steel Helmet": 3.536113212662724,
	"Great Spirit Potion": 3.517770993894505,
	"Onyx Chip": 3.4543966981056617,
	"Broken Ring of Ending": 3.4259098647650252,
	"Yielocks": 3.4259098647650252,
	"Short Sword": 3.3927599761033838,
	"Poison Arrow": 3.3352065322486433,
	"Leaf Star": 3.288888888888889,
	"Lightning Headband": 3.2578184582091687,
	"Yielowax": 3.2125748182411957,
	"Black Shield": 3.17397939717665,
	"Wand of Voodoo": 3.1666666666666665,
	"Dragon Ham": 3.0596869642528937,
	"Two Handed Sword": 3.0297710127138275,
	"Sabre": 3.0175398633257404,
	"Wedding Ring": 2.831379232775769,
	"Poison Dagger": 2.831109932524297,
	"Health Potion": 2.7377012075029685,
	"Werehyaena Talisman": 2.6083916083916083,
	"Plate Armor": 2.487272106336641,
	"Book (Orange)": 2.4444453575499128,
	"Carrion Worm Fang": 2.397363388533995,
	"Pirate Voodoo Doll": 2.396191684065049,
	"Brown Piece of Cloth": 2.354622993280591,
	"Studded Club": 2.346666889848516,
	"Lion's Mane": 2.277856756440866,
	"Bony Tail": 2.18916359810626,
	"Scarf": 2.173971771755522,
	"Wand of Defiance": 2.150772482512204,
	"Magic Light Wand": 2.096352335226289,
	"Bone Shield": 2.0880940049400833,
	"Throwing Star": 2.0788999484412622,
	"Magma Monocle": 2.0481103115092347,
	"Star Herb": 2.013424165800808,
	"Small Stone": 1.9841313083157393,
	"Red Piece of Cloth": 1.8906188697231787,
	"War Hammer": 1.8820393782572131,
	"Bone Club": 1.8537871524832086,
	"Soldier Helmet": 1.775005449969282,
	"Silky Fur": 1.743401125054089,
	"Poison Spider Shell": 1.7184080770133836,
	"Elven Amulet": 1.6534582132564843,
	"Girlish Hair Decoration": 1.640682558138307,
	"Sacred Tree Amulet": 1.5922190201729105,
	"Violet Gem": 1.5922190201729105,
	"Half-Digested Piece of Meat": 1.5797183294381358,
	"Shovel": 1.5486156564612286,
	"Small Ruby": 1.5378951329900508,
	"Banana": 1.5210744652957262,
	"Twigs": 1.476982716847036,
	"Brass Shield": 1.4583688076289234,
	"Piercing Bolt": 1.4282799426104036,
	"Centipede Leg": 1.424621628477213,
	"Dead Snake": 1.4151100041511,
	"Vampire Teeth": 1.4065604392494269,
	"Big Bone": 1.3022274039529202,
	"Pile of Grave Earth": 1.282450906176248,
	"Small Axe": 1.2814365819882403,
	"Soul Orb": 1.2078230670809724,
	"Fir Cone": 1.194655821564173,
	"Honeycomb": 1.189574437891321,
	"Magma Legs": 1.1740045998205515,
	"Sandcrawler Shell": 1.1721254355400696,
	"Cobra Tongue": 1.1688470385278897,
	"Green Mushroom": 1.1329984266788353,
	"Dark Armor": 1.1052735923869945,
	"Green Crystal Shard": 1.095137560181907,
	"Cherry": 1.0833979298709588,
	"Life Ring": 1.0627702452345065,
	"Crystal Sword": 1.051925849907299,
	"Black Pearl": 1.0079387017830852,
	"Wolf Paw": 1.0009132477740477,
	"Dowser": 0.9745341318887318,
	"Silver Amulet": 0.9720469228407502,
	"Small Notebook": 0.9531211866563059,
	"White Piece of Cloth": 0.9481914539094269,
	"Blood Preservation": 0.9118953952395777,
	"Clerical Mace": 0.9062023385866802,
	"Cookie": 0.8836309176888388,
	"Protective Charm": 0.8757860459614984,
	"Lyre": 0.8322372835860957,
	"Terrorbird Beak": 0.8167514491896368,
	"Beetroot": 0.8078829549088583,