{
	"Gold Coin": 3165.344754448283,
	"Skull": 509.8307363699474,
	"Dagger": 500,
	"Meat": 419.4439725338429,
	"Spear": 298.63709797882353,
	"Platinum Coin": 268.6778687924132,
	"Torch": 256.1828924050234,
	"Worm": 234.8233806535228,
	"Bone": 197.6082811571221,
	"Brown Bread": 184.60516324981018,
	"Sabre": 145.68139385385078,
	"Ham": 101.6507624425183,
	"Leather Legs": 94.91603996379146,
	"Girlish Hair Decoration": 92.20517006134607,
	"Rotten Piece of Cloth": 89.94816760920871,
	"Chain Armor": 81.97052085564799,
	"Bolt": 77.04106713059618,
	"Leather Helmet": 67.05817777460034,
	"Lost Soul (Item)": 63.37619723306137,
	"Knife": 59.22061369496446,
	"Short Sword": 59.09092781010139,
	"Mace": 56.088300006009426,
	"Plate Shield": 51.974443774357745,
	"Protective Charm": 49.16618748303716,
	"Sword": 48.004965367519866,
	"Flask of Embalming Fluid": 45.136652677095256,
	"Dragon Ham": 41.0335008528111,
	"Red Apple": 39.306925817933454,
	"Gauze Bandage": 37.34210066132519,
	"Pelvis Bone": 34.19280151547043,
	"Viking Helmet": 32.853663099485814,
	"Ghoul Snack": 31.397515251369285,
	"Axe": 29.41588517813241,
	"Raspberry": 28.78735450927386,
	"White Mushroom": 26.641378842210354,
	"Cookie": 26.447735666552862,
	"Hunting Spear": 26.047124543312144,
	"Hatchet": 26.00115936135207,
	"Small Stone": 24.70865758015384,
	"Combat Knife": 23.76990995788022,
	"Magic Light Wand": 23.29889421294663,
	"Heavy Old Tome": 21.8950841895276,
	"Tarantula Egg": 21.627803813544162,
	"Brass Helmet": 19.310740391830507,
	"Stone Wing": 19.200675485505208,
	"Strange Talisman": 18.571728347958796,
	"Minotaur Horn": 18.313118762787852,
	"Fish": 17.09702033009362,
	"Arrow": 16.079898798214824,
	"Potato": 15.873909372361386,
	"Silver Brooch": 15.47351024862084,
	"Brass Shield": 15.357288567051334,
	"Wand of Cosmic Energy": 14.394940458392867,
	"Flask of Demonic Blood": 12.477861985728339,
	"Broken Crossbow": 11.5285351648509,
	"Leather Boots": 10.896537026171183,
	"Wolf Tooth Chain": 10.644547273075759,
	"Spider Fangs": 10.589336498331347,
	"Piercing Bolt": 10.101322210149052,
	"Springsprout Rod": 9.782069052865713,
	"Hand Axe": 8.946336047372316,
	"Witch Broom": 8.771806806504262,
	"Health Potion": 8.565948019310365,
	"Carrot": 8.386144311786815,
	"Death Toll": 8.374423554451933,
	"Brass Armor": 8.243222957786383,
	"Star Herb": 7.90739285498398,
	"Terra Rod": 7.546500401718196,
	"Egg": 7.169481467120665,
	"Battle Shield": 7.092252161826498,
	"Steel Shield": 7.062917902047551,
	"Hailstorm Rod": 6.999358689916158,
	"Great Health Potion": 6.922845765083898,
	"Scale Armor": 6.87104161507004,
	"Brass Legs": 6.807524343369008,
	"Voluminous Piece of Cloth": 6.67026055705301,
	"Ludicrous Piece of Cloth": 6.51392632524708,
	"Piece of Warrior Armor": 6.463239638727104,
	"Demonic Essence": 6.4335884125328855,
	"Ominous Piece of Cloth": 6.305480682839174,
	"Luminous Piece of Cloth": 6.279424977538185,
	"Crystal Ring": 6.1406260681915095,
	"Pile of Grave Earth": 6.1216992474506835,
	"Brown Piece of Cloth": 6.113610160200859,
	"Fairy Wings": 6.07412316293476,
	"Piece of Archer Armor": 6.025106729009962,
	"Obvious Piece of Cloth": 6.018867924528301,
	"Minotaur Leather": 6.015269263094243,
	"Soul Orb": 5.855888923256693,
	"Great Mana Potion": 5.81917927280411,
	"Wooden Shield": 5.79254233975557,
	"Bread": 5.77457555039419,
	"Crossbow": 5.6647974855861705,
	"Protection Amulet": 5.612602974216325,
	"Ensouled Essence": 5.500177367860943,
	"Dubious Piece of Cloth": 5.497753818508535,
	"Black Pearl": 5.451104093378215,
	"Golden Lotus Brooch": 5.127387703199643,
	"Dragon's Tail": 4.8874644444834905,
	"Half-Digested Piece of Meat": 4.837887383904291,
	"Steel Helmet": 4.543410492112928,
	"Haunch of Boar": 4.395701025891548,
	"Cape": 4.383243668016684,
	"Peacock Feather Fan": 4.358889232566931,
	"Mana Potion": 4.329876490429802,
	"Necklace of the Deep": 4.29584959205392,
	"Plate Armor": 4.196801112656467,
	"Throwing Star": 4.179680387127136,
	"Scroll": 4.15454222628348,
	"Rope": 4.045271048675727,
	"Burst Arrow": 4.019045662274179,
	"Green Crystal Splinter": 3.905507408442829,
	"Honeycomb": 3.8928682033255613,
	"Demonic Skeletal Hand": 3.832057248661362,
	"Banana": 3.8076923076923075,
	"Cursed Bone": 3.7185172046825117,
	"Iron Helmet": 3.7017222955848728,
	"Wand of Starstorm": 3.693685704150408,
	"Small Ruby": 3.6735938330324145,
	"Beetroot": 3.635473297089862,
	"Cheese": 3.629900596242951,
	"Yellow Piece of Cloth": 3.531118847768027,
	"Chain Helmet": 3.4405552796453525,
	"Sickle": 3.436377924197546,
	"Studded Armor": 3.419269651999675,
	"Small Sapphire": 3.3273840222539666,
	"Shaggy Tail": 3.3208282060846894,
	"Blank Rune": 3.2788663105541085,
	"Copper Shield": 3.218294388794223,
	"Shovel": 3.2087355354106277,
	"Sandcrawler Shell": 3.193031358885017,
	"Frazzle Tongue": 3.1623119813278007,
	"Pick": 3.147026282792024,
	"Strawberry": 3.1410075992119335,
	"Assassin Star": 3.1266596455413955,
	"Double Axe": 3.0632146009700882,
	"Small Diamond": 3.044108829132978,
	"Purple Robe": 3.032499415478139,
	"Morning Star": 3.0108430430905115,
	"Soldier Helmet": 2.9583424166154697,
	"Studded Club": 2.906219670619146,
	"Rapier": 2.804716523986432,
	"Piece of Crocodile Leather": 2.804693301648596,
	"Frazzle Skin": 2.7623184647302903,
	"Remains of a Fish": 2.6607883817427385,
	"Orange": 2.6135164494103043,
	"Bow": 2.5547907810554764,
	"Wolf Paw": 2.5055826721805134,
	"Letter": 2.4671649497209454,
	"Bulb of Garlic": 2.4232020826553855,
	"Glacial Rod": 2.371408300815892,
	"Small Emerald": 2.349485195827737,
	"Silky Fur": 2.324534833405452,
	"Violet Crystal Shard": 2.2448979591836737,
	"Garlic Necklace": 2.210239980656471,
	"Two Handed Sword": 2.134776112353501,
	"Brown Crystal Splinter": 2.1095890410958904,
	"Studded Helmet": 1.9945352830254106,
	"Strong Health Potion": 1.9941638178956422,
	"Ultimate Health Potion": 1.9834499915619768,
	"Coat": 1.9749049073181315,
	"Poisonous Slime": 1.9724800842715124,
	"Grapes": 1.9713427487255828,
	"Rotten Meat": 1.9370281236153224,
	"Poison Dagger": 1.9036186061656726,
	"Roll": 1.8849940500212787,
	"Longsword": 1.871667177192755,
	"Studded Legs": 1.8625060945880059,
	"Crab Pincers": 1.7987594762232941,
	"Broken Helmet": 1.7484052054095431,
	"Battle Hammer": 1.6953333955324,
	"Red Rose": 1.6287746611193128,
	"Thick Fur": 1.60719185200582,
	"Mammoth Tusk": 1.5644148825607982,
	"Crystal Necklace": 1.5563924737086356,
	"Necrotic Rod": 1.5423640548240918,
	"Small Enchanted Sapphire": 1.5342465753424657,
	"Winter Wolf Fur": 1.5,
	"Scythe": 1.4870236146831892,
	"Twigs": 1.476982716847036,
	"Book of Prayers": 1.4666492197978345,
	"Small Topaz": 1.4380027349357118,
	"Orc Leather": 1.4318328226165655,
	"Dead Frog": 1.4302680208640135,
	"Big Bone": 1.4275479771784232,
	"Sling Herb": 1.3765684938387215,
	"Fish Fin": 1.3601530082987552,
	"White Pearl": 1.3299613054049306,
	"Piece of Iron": 1.3260178941908713,
	"Hunter's Quiver": 1.319366852886406,
	"Small Amethyst": 1.3038016528842715,
	"War Hammer": 1.2808975146189225,
	"Kongra's Shoulderpad": 1.2692307692307692,
	"Goat Grass": 1.2058441870524343,
	"Onyx Chip": 1.1506849315068493,
	"Life Ring": 1.1473056244481172,
	"Strong Mana Potion": 1.0814495589985076,
	"Gold-Brocaded Cloth": 1.0253757983699274,
	"Bone Shield": 1.0157690336145404,
	"Rotten Feather": 0.9916130835896002,
	"Dark Rosary": 0.9780362378045849,
	"Bone Sword": 0.975751309742048,
	"Poison Arrow": 0.9721083695729592,
	"Opal": 0.9594309799789251,
	"Chicken Feather": 0.9548581976841752,
	"Iron Ore": 0.9345042611467714,
	"Sniper Arrow": 0.9217554690645551,
	"Battle Axe": 0.9110705528646997,
	"Badger Fur": 0.9094979213303486,
	"Lump of Dirt": 0.9003507166819151,
	"Hellspawn Tail": 0.880624556422995,
	"Rope Belt": 0.8613955314207203,
	"Tomato": 0.8473339221793501,
	"Broadsword": 0.8352919905984452,
	"Poison Spider Shell": 0.8328480864052595,
	"Bunch of Troll Hair": 0.8144513693724431,
	"Centipede Leg": 0.8140695019869789,
	"Plate Legs": 0.8020249502802387,
	"Bag of Apple Slices": 0.78462189445687,