{
	"Gold Coin": 10241.397366275884,
	"Platinum Coin": 3872.151387184171,
	"Meat": 1061.1213587145603,
	"Dagger": 924.5452189798986,
	"Dragon Ham": 906.4977831764144,
	"Skull": 859.6918434767716,
	"Great Health Potion": 692.5450293487102,
	"Spear": 566.0747931894991,
	"Bone": 542.9947102154016,
	"Worm": 457.1865848158675,
	"Brown Bread": 311.0227790432802,
	"Fish": 306.19026624357434,
	"Rotten Piece of Cloth": 264.39755978091466,
	"Torch": 261.0891119626848,
	"Flaming Arrow": 260.9870839209366,
	"Sabre": 246.46367371466104,
	"Axe": 223.60718518427194,
	"Bolt": 221.00557615193622,
	"Werehyaena Nose": 209.63419913419912,
	"Coal": 201.42875918451355,
	"Ham": 199.04639521255365,
	"Great Mana Potion": 191.88079397798595,
	"Knife": 191.06060606060606,
	"Grapes": 190.3905530043292,
	"Girlish Hair Decoration": 158.82122601309717,
	"Halberd": 152.39611934251553,
	"Great Spirit Potion": 151.83088970174674,
	"Red Crystal Fragment": 135.3790445942914,
	"Flask of Embalming Fluid": 128.27038026198653,
	"Tainted Glooth Capsule": 125.58296229061705,
	"Glooth Bag": 116.39471952086012,
	"Chain Armor": 107.26685533603629,
	"Gauze Bandage": 106.11964263003942,
	"Pelvis Bone": 100.57882551041885,
	"Crossbow": 99.92016968191844,
	"Viking Helmet": 96.33543490730389,
	"Strong Health Potion": 92.84297648944052,
	"Ghoul Snack": 92.29122322661085,
	"Flask of Demonic Blood": 90.86599374044471,
	"Rare Earth": 88.47965367965368,
	"Steel Shield": 87.5334649227862,
	"Cheese": 87.34559294863672,
	"Protective Charm": 84.67592053419338,
	"Longsword": 82.56243032481143,
	"Red Gem": 82.34907949193664,
	"Yellow Gem": 82.28613154105999,
	"Ultimate Health Potion": 79.66417611805863,
	"Combat Knife": 77.84162288329527,
	"White Mushroom": 77.77062991075427,
	"Magic Light Wand": 77.31776349388636,
	"Life Preserver": 76.25455450417653,
	"Mace": 73.05109920525925,
	"Hatchet": 70.99411823212594,
	"Red Apple": 69.34892211404728,
	"Small Enchanted Amethyst": 68.49358017234987,
	"Heavy Old Tome": 67.45394591861292,
	"Small Stone": 67.41803967343633,
	"Green Mushroom": 65.47394147227162,
	"Burst Arrow": 64.49250401675843,
	"Fir Cone": 62.91847834514838,
	"Leather Boots": 60.65304319383031,
	"Dragon's Tail": 58.805361446546335,
	"Piercing Bolt": 57.168768324386626,
	"Glob of Acid Slime": 55.48398268398268,
	"Lion's Mane": 54.891443998011944,
	"Green Crystal Fragment": 53.102863932388296,
	"Rat Cheese": 52.86729711444539,
	"Strange Talisman": 52.777565814574594,
	"Hunting Spear": 52.498569818608814,
	"Stone Wing": 52.20183647621728,
	"Cookie": 51.64214582123332,
	"Silver Brooch": 51.29419227960574,
	"Small Amethyst": 50.45424355455313,
	"Dowser": 50.25991297934938,
	"Royal Spear": 48.78950150536646,
	"Book (Gemmed)": 48.678839833605295,
	"Elvish Talisman": 48.35191521483385,
	"Glooth Capsule": 48.09536806526833,
	"Ratana": 46.9396127599491,
	"Bow": 45.81420003246447,
	"Venison": 45.119413786864484,
	"Stonerefiner's Skull": 44.52813852813853,
	"Poisonous Slime": 43.68048708874198,
	"Potato": 43.15719110610752,
	"Glooth Steak": 39.902187670973866,
	"Green Crystal Splinter": 39.75,
	"Glooth Sandwich": 38.71530160550305,
	"Naga Earring": 37.078152596466225,
	"Strong Mana Potion": 36.90050912358141,
	"Short Sword": 36.415312893320554,
	"Mouldy Cheese": 35.50348924906475,
	"Power Bolt": 35.1581816765635,
	"Dark Armor": 34.999777499797446,
	"Scroll": 34.70376500682803,
	"Wyrm Scale": 33.849581321435124,
	"Half-Digested Stones": 32.65396825396825,
	"Arrow": 32.477557908791596,
	"Plate Shield": 32.45873254010593,
	"Soul Orb": 30.724545767651925,
	"Soft Cheese": 30.1469377322566,
	"Demonic Essence": 29.782352266409077,
	"Naga Warrior Scales": 29.167981961668545,
	"Sword": 28.520135087561336,
	"Small Enchanted Emerald": 28.44518272425249,
	"Elven Hoof": 27.91127646100959,
	"Small Sapphire": 27.262597383133112,
	"Energy Ring": 27.136701064098734,
	"Steel Helmet": 26.77567972958439,
	"Brown Crystal Splinter": 25.553571428571427,
	"Leather Helmet": 25.110861362624217,
	"Crystal Sword": 25.01995827324552,
	"Scythe": 24.882861819032033,
	"Protection Amulet": 24.371024577371564,
	"Crystal Ring": 24.19851029751299,
	"Naga Archer Scales": 23.50274841437632,
	"Black Pearl": 23.426743116340504,
	"Sword Ring": 22.71428571428571,
	"Small Emerald": 22.646356078167056,
	"Small Topaz": 22.595819279186763,
	"Wolf Tooth Chain": 22.59172659076092,
	"Cyclops Toe": 22.49014468336086,
	"Swampling Club": 21.956419602380407,
	"Wand of Starstorm": 20.93172024937351,
	"Doublet": 20.809639901254574,
	"Rapier": 19.774812648510327,
	"Small Diamond": 19.191193072141278,
	"Scale Armor": 18.954319240634188,
	"Earflap": 18.27470458926566,
	"Pile of Grave Earth": 17.994389277285478,
	"Makara Fin": 17.916547175222252,
	"Brown Piece of Cloth": 17.914414213830877,
	"Cheese Cutter": 17.75384097274236,
	"Bola": 17.64703842563152,
	"Naga Armring": 17.358877466625035,
	"Serpent Sword": 17.05845170087838,
	"Hailstorm Rod": 17.035714285714285,
	"Makara Tongue": 17.01319185546315,
	"Half-Digested Piece of Meat": 16.662815926109953,
	"Witch Broom": 16.646497007797862,
	"Golden Mug": 16.46399760979982,
	"Star Herb": 15.799031051914639,
	"Glooth Spear": 15.711495010427331,
	"Glooth Axe": 15.684274539228486,
	"Glooth Club": 15.659352298262423,
	"Glooth Blade": 15.610828163538063,
	"Glooth Amulet": 15.376305558268152,
	"Small Enchanted Sapphire": 14.996161579235972,
	"Terra Boots": 14.700441942122229,
	"Insectoid Eggs": 14.663025882609725,
	"Brass Helmet": 14.577400023549366,
	"Ankh": 14.147322244562236,
	"Plate Armor": 14.050335140653456,
	"Rope": 13.685895064963699,
	"Scimitar": 13.561180525023321,
	"Battle Shield": 13.524322469767135,
	"Black Shield": 13.295016442288475,
	"Mystical Hourglass": 13.0869768529343,
	"Health Potion": 12.63346430823442,
	"Red Rose": 11.899200405612968,
	"Hand Axe": 11.86361954108068,
	"Dark Shield": 11.82108328171061,
	"Giant Shimmering Pearl (Green)": 11.639064170129876,
	"Broadsword": 11.574760441149882,
	"Plate Legs": 11.450066299701655,
	"Wand of Voodoo": 11.357142857142856,
	"Swamp Grass": 10.772710487444607,
	"Rubber Cap": 10.675309639359515,
	"Red Dragon Scale": 10.512858817310565,
	"Terra Hood": 10.247752679303883,
	"Ivory Carving": 10.225957217139873,
	"Piece of Crocodile Leather": 10.217097027434173,
	"Two Handed Sword": 10.045432185884117,
	"Yellow Piece of Cloth": 10.034814956123617,
	"Brass Shield": 9.881428471199046,
	"Double Axe": 9.871200626381842,
	"Terra Mantle": 9.396126662763157,
	"Cape": 8.945830114901902,
	"Studded Armor": 8.941054826457489,
	"War Hammer": 8.927801883796707,
	"Wild Flowers": 8.912303646867933,
	"Werehyaena Talisman": 8.818181818181818,
	"Lump of Dirt": 8.803429229778725,
	"Morning Star": 8.765380514758775,
	"Strawberry": 8.539614410357444,
	"Medicine Pouch": 8.439807976366321,
	"Heaven Blossom": 8.213690849181251,
	"Pick": 8.135681233839401,
	"Rainbow Quartz": 8.10134763031126,
	"Bone Shield": 7.83654716423229,
	"Small Enchanted Ruby": 7.788185281002587,
	"Terra Legs": 7.681637443325925,
	"Green Crystal Shard": 7.391757628301685,
	"Leather Legs": 7.260326843207424,
	"Wood": 7.179652880354506,
	"Blank Rune": 7.09918333823614,
	"Copper Shield": 7.005118740255506,
	"Iron Helmet": 6.910348756839727,
	"Rotten Meat": 6.832423408539095,
	"Melon": 6.761169192924068,
	"Green Tunic": 6.720677338444522,
	"Sickle": 6.5213081061476155,
	"Slightly Rusted Armor": 6.514145429039046,
	"Sniper Arrow": 6.452288283451885,
	"Beastslayer Axe": 6.313553775155969,
	"Cyan Crystal Fragment": 6.271707100836631,
	"Spiky Club": 6.138195613085397,
	"Wand of Inferno": 6.110869909428139,
	"Twin Hooks": 6.072591486183718,
	"Scroll of Heroic Deeds": 6.065474493291626,
	"Green Dragon Scale": 6.0329054420538775,
	"Green Dragon Leather": 5.917658909522949,
	"Centipede Leg": 5.902003889405597,
	"Throwing Star": 5.793258046965074,
	"Fresh Fruit": 5.760206301154839,
	"Dandelion Seeds": 5.699837827660686,
	"White Pearl": 5.688542590095476,
	"Damselfly Wing": 5.673585050164663,
	"Letter": 5.491431662282104,