{
	"Gold Coin": 3488.386289166772,
	"Platinum Coin": 1146.1230150155925,
	"Dragon Ham": 835.9656314986063,
	"Meat": 407.81147507625053,
	"Steel Shield": 179.86130544091273,
	"Beetroot": 158.58444289646138,
	"Ham": 149.57557330801595,
	"Crossbow": 123.59059868764324,
	"Dragon's Tail": 121.88410150091698,
	"Plate Shield": 106.40899120220068,
	"Burst Arrow": 96.07039112878924,
	"Bolt": 90.01281085336953,
	"Bone": 86.70511861625029,
	"Mace": 71.1934129960383,
	"Chain Armor": 61.88471828252795,
	"Fox Paw": 59.71142436355986,
	"Longsword": 49.02469129114958,
	"White Mushroom": 46.72056061148195,
	"Werebadger Claws": 42.971632789814606,
	"Werebadger Skull": 40.17333035514854,
	"Brass Helmet": 38.19186052834785,
	"Steel Helmet": 38.09818383774353,
	"Troll Green": 37.79430070424458,
	"Brown Mushroom": 36.099157686131,
	"Mana Potion": 29.21224978563849,
	"Wereboar Hooves": 28.584050747621202,
	"Torch": 28.43725562887538,
	"Werefox Tail": 28.326530612244895,
	"Wereboar Tusks": 28.081105573176256,
	"Sword": 27.29282273257154,
	"Strong Health Potion": 26.054083916212566,
	"Axe": 25.48078561670588,
	"Broadsword": 24.035180327222857,
	"Plate Legs": 23.382650756110216,
	"Minotaur Horn": 23.368478623325345,
	"Strong Mana Potion": 22.62479544131547,
	"Badger Fur": 21.423728813559322,
	"Worm": 21.087852161926897,
	"Great Mana Potion": 20.58664441974038,
	"Rotten Piece of Cloth": 16.782473170948926,
	"Pelvis Bone": 16.096611239739,
	"Spear": 15.132778203243031,
	"Piece of Crocodile Leather": 14.62447221573911,
	"Hatchet": 14.567347643974049,
	"Tarantula Egg": 14.35209100990949,
	"Viking Helmet": 13.741647666472337,
	"Fairy Wings": 13.66592592052887,
	"Double Axe": 12.858909886040212,
	"Red Gem": 12.796338829354646,
	"Wand of Inferno": 12.633379401382578,
	"Sphinx Feather": 12.507674500528408,
	"Green Dragon Scale": 12.480443560537575,
	"Broken Crossbow": 12.396726977027852,
	"Leather Boots": 12.382264575131058,
	"Green Dragon Leather": 12.242029771590431,
	"Gloom Wolf Fur": 12.122338015405527,
	"Short Sword": 12.098858409030708,
	"Wolf Tooth Chain": 11.900257833369158,
	"Assassin Star": 11.813580727922313,
	"Piercing Bolt": 11.599334643850728,
	"Moonlight Crystals": 11.461544757506777,
	"Emerald Bangle": 11.36761006901684,
	"Heavy Old Tome": 11.127069165482562,
	"Lamassu Horn": 10.979827089337174,
	"Fish": 10.831002615010206,
	"Acorn": 10.694915254237287,
	"Werebear Fur": 10.683893731838937,
	"Sphinx Tiara": 10.095113481958633,
	"Magma Amulet": 10.08655830104172,
	"Werebear Skull": 10.020755500207555,
	"Moonlight Rod": 9.914285714285715,
	"Green Gem": 9.136933219264254,
	"Red Crystal Fragment": 8.848518866027746,
	"Great Health Potion": 8.79187915539358,
	"Violet Crystal Shard": 8.760806916426514,
	"Blue Gem": 8.477779661525775,
	"Blue Crystal Shard": 8.386167146974064,
	"Battle Shield": 8.050884959155088,
	"Minotaur Leather": 7.783810657092165,
	"Skull": 7.620995900922884,
	"Piece of Warrior Armor": 7.308432514560649,
	"Spider Fangs": 7.1370731323106895,
	"Ring of Healing": 7.096618811676749,
	"Cyclops Toe": 6.878411910669975,
	"Terra Amulet": 6.658568460558945,
	"Brass Armor": 6.6121356500255395,
	"Piece of Archer Armor": 6.507115267330758,
	"Lamassu Hoof": 6.4841498559077815,
	"Orc Leather": 6.4716551922844685,
	"Dragon Hammer": 6.209124329536551,
	"Wolf Paw": 6.206054674572441,
	"Serpent Sword": 6.064002892786115,
	"Small Enchanted Emerald": 6.037472284736097,
	"Magma Boots": 6.022847365507523,
	"Shovel": 5.983052098425417,
	"Ghoul Snack": 5.858128868504252,
	"Cheese": 5.761839829301813,
	"White Pearl": 5.6296525173686085,
	"Ultimate Health Potion": 5.4500105343870695,
	"Small Stone": 5.360456706863564,
	"Terra Hood": 5.360230547550432,
	"Soldier Helmet": 5.325016349907846,
	"Lightning Headband": 5.1929948165668565,
	"Frazzle Tongue": 5.1533973029045645,
	"Opal": 5.053982252619684,
	"Compass": 5.00658487896459,
	"Small Enchanted Amethyst": 4.9428201017176585,
	"Brass Legs": 4.666782929734171,
	"Studded Armor": 4.64776706007458,
	"Leather Legs": 4.581286644852271,
	"Small Diamond": 4.57793165541345,
	"Frazzle Skin": 4.50155601659751,
	"Warwolf Fur": 4.453312442672822,
	"Studded Helmet": 4.433020062730784,
	"Scale Armor": 4.389917479105293,
	"Remains of a Fish": 4.33609958506224,
	"Small Emerald": 4.235364171070234,
	"Lightning Pendant": 4.063710935534195,
	"Werewolf Amulet": 3.9749178055975003,
	"Health Potion": 3.869042824341484,
	"Studded Legs": 3.8311858328692456,
	"Shimmering Beetles": 3.692346878409823,
	"Broken Helmet": 3.691077655864591,
	"Dragon Shield": 3.6798650033146507,
	"Wand of Defiance": 3.5846208041870065,
	"Earth Arrow": 3.424583545303993,
	"Magma Monocle": 3.4135171858487245,
	"Wand of Starstorm": 3.4135171858487245,
	"Lump of Earth": 3.392014027947655,
	"Onyx Chip": 3.233978340954036,
	"Stone Skin Amulet": 3.1993258202983585,
	"Demonic Skeletal Hand": 3.1135465145373566,
	"Rainbow Quartz": 3.0073521468834397,
	"Blank Rune": 2.9970387701997336,
	"Wereboar Loincloth": 2.905905452348588,
	"Halberd": 2.882454113481272,
	"Leather Helmet": 2.8600714451369167,
	"Green Crystal Fragment": 2.76657060518732,
	"Honeycomb": 2.7217025602030667,
	"Copper Shield": 2.610298575995325,
	"Throwing Star": 2.597658009307912,
	"Berserk Potion": 2.58397832273309,
	"Big Bone": 2.569412456011345,
	"Sabre": 2.5221438213067264,
	"Small Enchanted Ruby": 2.509154924346528,
	"Green Crystal Splinter": 2.5072046109510087,
	"Badger Boots": 2.4444940808577176,
	"Pick": 2.436407444742212,
	"Brass Shield": 2.434681700869611,
	"Bear Paw": 2.4322695871909645,
	"Hand Axe": 2.3338267949666913,
	"Arrow": 2.312053924573183,
	"Battle Axe": 2.2708899523969865,
	"Battle Hammer": 2.218955458783987,
	"Fish Fin": 2.216545643153527,
	"Piece of Iron": 2.160918049792531,
	"Wild Flowers": 2.109684441733757,
	"Furry Club": 2.062638180665799,
	"Orcish Gear": 2.0595619761288577,
	"Cookie": 2.027064084712678,
	"Studded Shield": 2.01772324471711,
	"Letter": 1.9100631868807318,
	"Leaf Star": 1.887583533814488,
	"Dagger": 1.8504483643215512,
	"Magma Legs": 1.8479190780534447,
	"Dirty Cape": 1.8231158605174356,
	"Boggy Dreads": 1.67808435499153,
	"Corncob": 1.629401198793781,
	"Platinum Amulet": 1.6077450463269887,
	"Throwing Knife": 1.5611435246086747,
	"Elven Amulet": 1.5561959654178676,
	"Iron Ore": 1.5433464768172338,
	"Broken Shamanic Staff": 1.5277777777777777,
	"Sacred Tree Amulet": 1.5096589769016246,
	"Violet Gem": 1.4985590778097981,
	"Cave Turnip": 1.4482758620689655,
	"Fur Armor": 1.4393717450212662,
	"Life Crystal": 1.4244168199973282,
	"Orc Tooth": 1.39076906263037,
	"Small Axe": 1.3800086267565665,
	"Goat Grass": 1.3793103448275863,
	"Prismatic Quartz": 1.3768782783598672,
	"Dwarven Shield": 1.3671495669751679,
	"Small Enchanted Sapphire": 1.346903136227652,
	"Rat Cheese": 1.3186551812508651,
	"Hunting Spear": 1.3057211833450446,
	"Soft Cheese": 1.3013786590183272,
	"Dragonbone Staff": 1.2749954800216958,
	"Carrot": 1.2738336625049715,
	"Colourful Snail Shell": 1.2709054702777518,
	"Hydra Head": 1.2189062752056783,
	"Crab Pincers": 1.1991729841488628,
	"Werewolf Fangs": 1.179226702601845,
	"Machete": 1.1551682106289614,
	"Pile of Grave Earth": 1.1421828383132209,
	"Brown Piece of Cloth": 1.1371064701429399,
	"Shamanic Hood": 1.1259920634920635,
	"Underworld Rod": 1.093589457225821,
	"Wand of Voodoo": 1.093589457225821,
	"Poison Spider Shell": 1.0647804648978634,
	"Silencer Claws": 1.0462100550609787,
	"Centipede Leg": 1.0175868774837236,
	"Dandelion Seeds": 1.0006665651238507,
	"Pear": 0.9915682967959528,
	"Rope": 0.9859363434492969,
	"Cheese Cutter": 0.9514472551485016,
	"Iron Helmet": 0.9158664908751648,
	"Roll": 0.9076690777124008,
	"Dark Mushroom": 0.9072680532309391,
	"Black Pearl": 0.8836953494829892,
	"Heavily Rusted Armor": 0.8789810025789813,
	"Werebadger Trophy": 0.8684386866205048,
	"Small Sapphire": 0.8649254880401188,
	"Green Crystal Shard": 0.8645533141210375,
	"Bola": 0.8419116382827496,
	"Magic Light Wand": 0.8312733917264765,
	"Sandcrawler Shell": 0.8285714285714285,