{
	"Gold Coin": 5662.234826047837,
	"Platinum Coin": 3066.530610083714,
	"Great Health Potion": 933.6452050421847,
	"Meat": 859.9646369083629,
	"Skull": 838.6258270191776,
	"Dagger": 759.8346994931651,
	"Bone": 693.6278273368349,
	"Dragon Ham": 531.2363740407144,
	"Worm": 418.1807590676399,
	"Spear": 338.18108418029567,
	"Brown Bread": 278.8276385725133,
	"Great Mana Potion": 271.6432954471278,
	"Werehyaena Nose": 265.0692640692641,
	"Rotten Piece of Cloth": 249.6760920870998,
	"Axe": 242.1272267569321,
	"Knife": 229.84848484848484,
	"Sabre": 219.17503249158014,
	"Torch": 198.392839094205,
	"Halberd": 183.7054739292514,
	"Beetroot": 168.36173746724813,
	"Red Crystal Fragment": 162.66200466200468,
	"Girlish Hair Decoration": 128.72162905537198,
	"Flask of Embalming Fluid": 114.95930306498792,
	"Ice Rapier": 106.97048060730542,
	"Pirate Coin": 100.98193781802627,
	"Red Gem": 99.01165501165501,
	"Crossbow": 97.30897334152107,
	"Pelvis Bone": 96.89788353033364,
	"Gauze Bandage": 95.10722688541269,
	"Combat Knife": 92.69862704944642,
	"Yellow Gem": 91.95465984829629,
	"Viking Helmet": 91.83620333954345,
	"Life Preserver": 88.4032634032634,
	"Steel Shield": 88.29154169797171,
	"Ghoul Snack": 87.1525136928352,
	"Small Enchanted Amethyst": 85.75740393922213,
	"Small Amethyst": 77.34560136086051,
	"Pirat's Tail": 71.42331207727455,
	"Small Stone": 69.49339338239574,
	"Crystal Sword": 69.0311140300468,
	"Protective Charm": 68.6731501399797,
	"Chain Armor": 66.23767176561176,
	"Dragon's Tail": 63.92812635446802,
	"Bolt": 61.39086002059709,
	"Magic Light Wand": 61.08649650410822,
	"Fox Paw": 59.742730906795714,
	"Heavy Old Tome": 57.75155646722237,
	"Green Crystal Splinter": 56.83333333333333,
	"Green Crystal Fragment": 56.578088578088575,
	"Burst Arrow": 54.66872955455477,
	"Ratana": 53.04195804195805,
	"Hatchet": 52.74918154613008,
	"Mace": 48.474335000954135,
	"Strange Talisman": 47.300648607401754,
	"Small Enchanted Emerald": 46.32585034013606,
	"Stone Wing": 45.72160849985927,
	"Red Apple": 44.99739221140473,
	"Wand of Starstorm": 44.586573467743236,
	"Knight Axe": 40.00820950660865,
	"Werebadger Claws": 39.68907750725932,
	"Crowbar": 39.33010426073393,
	"Potato": 37.79974669293555,
	"Silver Brooch": 37.29532303192166,
	"Werebadger Skull": 37.104534286352475,
	"Brown Crystal Splinter": 36.535714285714285,
	"Troll Green": 36.52843513103254,
	"Strong Mana Potion": 36.255899863325226,
	"Strong Health Potion": 35.915568166671726,
	"Bony Tail": 35.822677059920615,
	"Plate Armor": 35.23433008980799,
	"Cookie": 33.90673572231593,
	"Shark Fins": 33.091535998686474,
	"Brown Mushroom": 32.68877934906638,
	"Sword Ring": 32.513937967739544,
	"Wand of Inferno": 32.31729764051016,
	"Hunting Spear": 30.249102264234853,
	"Werefox Tail": 28.653061224489793,
	"Wereboar Hooves": 27.811508835523334,
	"Mana Potion": 27.644237823235223,
	"Wereboar Tusks": 27.32215677390122,
	"Wand of Voodoo": 26.922629370403666,
	"Protection Amulet": 26.711040466256044,
	"Grappling Hook": 25.74103448275862,
	"Longsword": 25.46654435821586,
	"Ham": 25.461606932624377,
	"Arrow": 25.305289924171262,
	"Badger Fur": 25.263831148065236,
	"Knight Armor": 24.81865199901486,
	"Doublet": 24.357142857142854,
	"Hailstorm Rod": 24.357142857142854,
	"Bone Club": 21.99997869391075,
	"White Mushroom": 21.066841768311985,
	"Steel Helmet": 21.027273575333517,
	"Sword": 20.64101287882617,
	"Scroll": 18.94255804589988,
	"Terra Boots": 17.982645585152028,
	"Black Shield": 17.97486873421631,
	"Focus Cape": 17.930056488942096,
	"Scale Armor": 17.579043220085545,
	"Pile of Grave Earth": 16.992474506835286,
	"Brown Piece of Cloth": 16.916952397916017,
	"Wolf Tooth Chain": 15.624061123229298,
	"Wyrm Scale": 14.37858321618483,
	"Crystal Ring": 14.211337911738521,
	"Leather Helmet": 14.183611894140997,
	"Half-Digested Piece of Meat": 13.87190158037863,
	"Cheese": 13.789204769943609,
	"Werebear Fur": 13.091531755915318,
	"Acorn": 12.940907653026303,
	"Springsprout Rod": 12.419299378296113,
	"Werebear Skull": 12.278953922789539,
	"Mouldy Powder": 12.159066808059384,
	"Short Sword": 12.109386430526882,
	"Broadsword": 11.681711902456904,
	"Emerald Bangle": 11.575126324944682,
	"Leather Boots": 11.411702763584064,
	"Plate Legs": 11.2132240678998,
	"Witch Broom": 11.164117753732697,
	"Moonlight Crystals": 11.020747891029016,
	"Magma Boots": 10.860021208907742,
	"Fish": 10.854914467989444,
	"Small Diamond": 10.842111050478117,
	"Werehyaena Talisman": 10.608391608391608,
	"Bone Shield": 10.363568876256778,
	"Brass Shield": 10.064953405145383,
	"Star Herb": 10.063954542706885,
	"Assassin Star": 10.028571428571428,
	"Moonlight Rod": 10.028571428571428,
	"Black Pearl": 10.010836122251177,
	"Bow": 9.020186780402462,
	"Yellow Piece of Cloth": 8.993466234261732,
	"Red Rose": 8.551066970876391,
	"Green Mushroom": 8.484717431245715,
	"Grapes": 8.476379009528923,
	"Small Emerald": 8.471107945938824,
	"Double Axe": 8.401910129589718,
	"Morning Star": 8.373670234389037,
	"Two Handed Sword": 8.161985206472792,
	"Small Axe": 8.054720795003524,
	"Battle Shield": 7.5309544322746484,
	"Strawberry": 7.479524345623417,
	"Ring of Healing": 6.826401049240004,
	"Hand Axe": 6.806994818652849,
	"Leather Legs": 6.656652094301653,
	"Ring of Blue Plasma": 6.651113467656416,
	"Cape": 6.636034534537101,
	"Health Potion": 6.606315820178521,
	"Terramite Legs": 6.289822625568038,
	"Iron Helmet": 6.189520639362778,
	"Green Dragon Scale": 6.084734526607606,
	"Green Dragon Leather": 5.9684979035910155,
	"Rotten Meat": 5.554131660570465,
	"Ultimate Health Potion": 5.349668579708738,
	"Plate Shield": 5.241030126045049,
	"Wood Cape": 4.936373276776246,
	"Sniper Arrow": 4.839216212588914,
	"Poison Dagger": 4.836503483990331,
	"Lightning Boots": 4.734001796061738,
	"Sickle": 4.373571903524149,
	"Cyclops Toe": 4.129557745733411,
	"Throwing Star": 4.1161775480817875,
	"Werehyaena Trophy": 4.059523809523809,
	"Soldier Helmet": 4.023345686597039,
	"Werewolf Amulet": 4.0001386854837975,
	"Rope": 3.7380822409343812,
	"Hardened Bone": 3.6876285208741812,
	"Garlic Necklace": 3.6280254945806485,
	"Scroll of Heroic Deeds": 3.5231239523053888,
	"Shovel": 3.4650085868292098,
	"Green Tunic": 3.344047778821635,
	"Poison Arrow": 3.274952842683035,
	"Life Ring": 3.2280703225686396,
	"Honeycomb": 3.1995989068973985,
	"Bear Paw": 3.171180047338561,
	"Stone Skin Amulet": 3.1497908556551355,
	"Terramite Shell": 3.131011873825611,
	"Dragon Hammer": 3.0272059646494647,
	"Scarab Coin": 3.013966685174337,
	"Leather Armor": 3.0135633969944426,
	"Serpent Sword": 2.956453237595888,
	"Roll": 2.8805608505360265,
	"Wereboar Loincloth": 2.8273674671499776,
	"Bone Sword": 2.797817530995056,
	"Berserk Potion": 2.6068687257401866,
	"Scarab Pincers": 2.4346180659296883,
	"War Hammer": 2.419908225041282,
	"Dark Mushroom": 2.398846708313311,
	"Small Ruby": 2.2632341108028258,
	"Crystal Necklace": 2.257858769931663,
	"Badger Boots": 2.257761894125531,
	"Coat": 2.2544883032098166,
	"Wooden Shield": 2.211583832695884,
	"Small Enchanted Ruby": 2.2020842772995017,
	"Furry Club": 2.1716885196597944,
	"Wedding Ring": 2.1617232586230037,
	"Brass Helmet": 2.144235541023208,
	"Studded Club": 2.1419231158768093,
	"Terramite Eggs": 2.097416010341289,
	"Wyvern Talisman": 2.042392761394102,
	"Scorpion Tail": 2.0237298275100772,
	"Mouldy Cheese": 2.005403664594378,
	"Scarf": 1.9590452201073967,
	"Piece of Marble Rock": 1.8095623416830848,
	"Dragon Shield": 1.7940870074299833,
	"Voluminous Piece of Cloth": 1.7146124315935636,
	"Book of Necromantic Rituals": 1.712096332785988,
	"Ludicrous Piece of Cloth": 1.6744262027280894,
	"Ominous Piece of Cloth": 1.6208445642407907,
	"Luminous Piece of Cloth": 1.6141468594298782,
	"Shadow Herb": 1.5902375230443713,
	"Demonic Skeletal Hand": 1.5567732572686783,
	"Battle Hammer": 1.5541200038747232,
	"Obvious Piece of Cloth": 1.5471698113207546,
	"Fur Armor": 1.5380787723427272,
	"Battle Axe": 1.482820903757636,
	"Small Sapphire": 1.442050303431776,