{
	"Gold Coin": 726.0873076708447,
	"Dragon Ham": 363.68871026475796,
	"Platinum Coin": 122,
	"Steel Shield": 69.74610636154661,
	"Crossbow": 54.2409938420962,
	"Dragon's Tail": 47.36457341482211,
	"Burst Arrow": 46.55647146132498,
	"Strong Health Potion": 28.413486088695745,
	"Meat": 21.96117484487352,
	"Longsword": 21.34882482771789,
	"Strong Mana Potion": 17.729749029314256,
	"Wyrm Scale": 17.374121386223337,
	"Fish": 17.1275619204735,
	"Steel Helmet": 14.153049617895766,
	"Broadsword": 9.307539323811246,
	"Plate Legs": 8.936849445979803,
	"Red Gem": 8.157060518731988,
	"Thorn": 7.717741233794484,
	"Lamassu Horn": 6.9996397694524495,
	"Violet Crystal Shard": 5.585014409221903,
	"Red Crystal Fragment": 5.5482708933717575,
	"Blue Crystal Shard": 5.346181556195965,
	"Sphinx Feather": 5.223793467867747,
	"Wand of Inferno": 4.9076116434641115,
	"Green Dragon Scale": 4.851202314228892,
	"Green Dragon Leather": 4.758529844771031,
	"Double Axe": 4.681974326523233,
	"Plum": 4.610128398604686,
	"Arrow": 4.23529000440433,
	"Sphinx Tiara": 4.216194454229782,
	"Magma Amulet": 4.21262140808213,
	"Lamassu Hoof": 4.133645533141211,
	"Terra Amulet": 4.133645533141211,
	"Blue Gem": 3.832167443990685,
	"Green Gem": 3.8160132856927182,
	"Plate Shield": 3.6665154729576876,
	"Studded Helmet": 3.5436931524857385,
	"Terra Hood": 3.4171469740634004,
	"Opal": 3.1415706051873196,
	"White Pearl": 2.9816766101586683,
	"Worm": 2.9634055082312662,
	"Small Diamond": 2.835081023283969,
	"Ham": 2.7208671398059447,
	"Small Emerald": 2.6822766570605188,
	"Lightning Pendant": 2.563953230873822,
	"Leather Boots": 2.5514460305286857,
	"Magma Boots": 2.51542448794726,
	"Dragon Hammer": 2.413513443706899,
	"Serpent Sword": 2.3571041144716793,
	"Lightning Headband": 2.168839011624981,
	"Studded Armor": 2.0672175354394993,
	"Onyx Chip": 2.020893371757925,
	"Wand of Starstorm": 1.9680327975474818,
	"Poisonous Slime": 1.9231680821647246,
	"Rainbow Quartz": 1.8004322766570606,
	"Green Crystal Fragment": 1.7636887608069165,
	"Green Crystal Splinter": 1.598342939481268,
	"Cheese": 1.5503551416974966,
	"Wand of Defiance": 1.497106335866338,
	"Dragon Shield": 1.4303794198930702,
	"Grapes": 1.4271774638326757,
	"Focus Cape": 1.4268687733023655,
	"Magma Monocle": 1.4256454129132907,
	"Poison Arrow": 1.2143735946714183,
	"Wand of Draconia": 1.1734001589144918,
	"Elvish Talisman": 1.1686302428276094,
	"Mace": 1.1400355520442427,
	"Tortoise Egg": 1.0583612821793769,
	"Elven Amulet": 1.0537180202376513,
	"Health Potion": 1.0198193152878963,
	"Crab Pincers": 0.9993108201240524,
	"Turtle Shell": 0.9756036588378424,
	"Sacred Tree Amulet": 0.9553314121037464,
	"Violet Gem": 0.9553314121037464,
	"Scroll": 0.9142278334478893,
	"Elven Scouting Glass": 0.8077722625259853,
	"Magma Legs": 0.7717779678929092,
	"Melon": 0.6543066960894259,
	"Dragonbone Staff": 0.605491732870606,
	"Piece of Crocodile Leather": 0.6010057074961278,
	"Silky Fur": 0.581133708351363,
	"White Mushroom": 0.5742625946228139,
	"Life Crystal": 0.5513529086628594,
	"Green Crystal Shard": 0.5511527377521614,
	"Blank Rune": 0.5382917917736859,
	"Battle Hammer": 0.47463112803426943,
	"Bread": 0.41739319176645084,
	"Sandcrawler Shell": 0.40418118466898956,
	"Carrot": 0.3808349633620186,
	"Hibiscus Dress": 0.3615915897561274,
	"Brown Mushroom": 0.3480379361350387,
	"Bow": 0.32243010478978407,
	"Heaven Blossom": 0.3210793811870969,
	"Black Pearl": 0.31323414252153486,
	"Spooky Blue Eye": 0.309873417721519,
	"Skull": 0.2948516968856938,
	"Big Bone": 0.2916455696202532,
	"Bone": 0.28253164556962024,
	"Bloody Pincers": 0.24185068349106204,
	"Elven Astral Observer": 0.2340918134790001,
	"Green Tunic": 0.21889809354990414,
	"Wolf Paw": 0.20689063739467872,
	"Chain Armor": 0.20504731861198738,
	"Tarantula Egg": 0.19933459735985404,
	"War Hammer": 0.1923509538107499,
	"Spear": 0.1795465626523647,
	"Honeycomb": 0.17925106060774773,
	"Rotten Piece of Cloth": 0.14721467693814846,
	"Sling Herb": 0.14564265817747712,
	"Brass Legs": 0.14493111208440376,
	"Tattered Piece of Robe": 0.1300356960734319,
	"Composite Hornbow": 0.12407554550455352,
	"Sandals": 0.11981347702949327,
	"Waterskin": 0.10046243265029062,
	"Shockwave Amulet": 0.09748792861072061,
	"Spider Fangs": 0.09697229873955092,
	"Studded Legs": 0.0931253047294003,
	"Tortoise Shield": 0.08224654926225607,
	"Candlestick": 0.06555004883695692,
	"Bone Club": 0.06531645569620254,
	"Holy Orchid": 0.06099193285822812,
	"Fox Paw": 0.05891016200294551,
	"Short Sword": 0.05316455696202532,
	"Ghoul Snack": 0.0513870953377566,
	"Torch": 0.05125350670169657,
	"Heavy Old Tome": 0.041784074172023476,
	"Sword": 0.0410126582278481,
	"Cookie": 0.03656477856398836,
	"Wand of Cosmic Energy": 0.033968816698621715,
	"Antlers": 0.0316019771493396,
	"Machete": 0.02961969770843491,
	"Inkwell": 0.028433961581593892,
	"Parchment (Rewritable)": 0.024477307496175424,
	"Grave Flower": 0.02441847845747567,
	"Stealth Ring": 0.01988781234064253,
	"Orc Leather": 0.019380789858605557,
	"Elvish Bow": 0.011200203640066183,
	"Scale Armor": 0.010152736340561963,
	"Pile of Grave Earth": 0.010019147704501937,
	"Brown Piece of Cloth": 0.009974618159148595,
	"Viking Helmet": 0.009662911341675202,
	"Spike Sword": 0.004589495155532891,
	"Crocodile Boots": 0.0025779211134921813,
	"Time Ring": 0.0021941592434920523,
	"Life Ring": 0.0018702409048403615,
	"Red Robe": 0.001529831718510964,
	"Yellow Gem": 0.0014108454219874833,
	"Orc Tooth": 0.0009751340809361287
}
