{
	"Gold Coin": 5687.7531506368105,
	"Platinum Coin": 768.6799357281258,
	"Skull": 628.7726955117079,
	"Bone": 556.7304344440446,
	"Dagger": 477.6536675066404,
	"Spear": 328.90955161247047,
	"Meat": 328.8100008773332,
	"Fish": 298.95400481634323,
	"Worm": 271.61097196991966,
	"Torch": 202.94212569489613,
	"Great Mana Potion": 178.37712546696184,
	"Brown Bread": 176.33485193621868,
	"Rotten Piece of Cloth": 174.74382152558223,
	"Fairy Wings": 173.25313699425328,
	"Great Health Potion": 150.742376797126,
	"Dragon Ham": 139.79872002822884,
	"Sabre": 139.34772139692834,
	"Wild Flowers": 117.45765649688306,
	"Frazzle Tongue": 87.8419994813278,
	"Girlish Hair Decoration": 86.08018650935716,
	"Dandelion Seeds": 83.9508080967183,
	"Flask of Demonic Blood": 83.7629179331307,
	"Flask of Embalming Fluid": 81.19757090169146,
	"Ham": 77.62435683562408,
	"Frazzle Skin": 76.73106846473028,
	"Remains of a Fish": 73.91078838174273,
	"Fresh Fruit": 73.22490426487518,
	"Pelvis Bone": 67.1858556093454,
	"Gauze Bandage": 67.17573604222306,
	"Colourful Snail Shell": 66.9809527230208,
	"Viking Helmet": 64.22845290422285,
	"Magic Light Wand": 64.10391379426298,
	"Ghoul Snack": 60.99648216591709,
	"Small Stone": 60.34510473828382,
	"Chain Armor": 60.09400509010365,
	"Leather Boots": 56.080504611507926,
	"Arrow": 47.447298424757946,
	"Protective Charm": 45.90688952533627,
	"Heavy Old Tome": 43.15354042274038,
	"Ice Rapier": 42.43366476648862,
	"Strong Health Potion": 42.11419769717736,
	"Mace": 41.04944902769559,
	"Pirate Coin": 40.516803961035855,
	"Mouldy Cheese": 40.30027682009692,
	"Big Bone": 39.83832100349421,
	"Hatchet": 38.494925219531616,
	"Fish Fin": 37.78736939241395,
	"Carrot": 37.52002880141654,
	"Piece of Iron": 36.83383039419087,
	"Stone Wing": 35.64125386996904,
	"Plate Armor": 35.6328069588037,
	"Cookie": 34.637594991984955,
	"Red Apple": 34.33414464534075,
	"Strange Talisman": 33.409194963754295,
	"Leaf Star": 32.60810106682371,
	"Assassin Star": 32.16901294557859,
	"Crystal Sword": 30.44862892609012,
	"Shimmering Beetles": 30.207142308190672,
	"Potato": 29.46594427244582,
	"Bolt": 28.96730038424757,
	"Beetroot": 28.96638725707394,
	"Strong Mana Potion": 28.745024046244843,
	"Silver Brooch": 28.726684687494945,
	"Pirat's Tail": 28.631068215859536,
	"Demonic Essence": 27.300911854103344,
	"Bony Tail": 26.17045574099756,
	"Green Mushroom": 26.05007528096575,
	"Leather Helmet": 25.904108158920497,
	"Hunting Spear": 25.31647702366241,
	"Ultimate Health Potion": 24.835092929119554,
	"Scythe": 23.19756838905775,
	"Iron Ore": 20.697526005237293,
	"White Mushroom": 18.89717575851477,
	"Star Herb": 18.63961170754926,
	"Rainbow Quartz": 18.623642177929696,
	"Plate Shield": 17.831637784366002,
	"Hand Axe": 17.503700962250186,
	"Cheese": 17.35484761682411,
	"Sword": 17.251885810316125,
	"Crossbow": 17.133153510671658,
	"Silencer Claws": 16.93310348376473,
	"Royal Spear": 16.13915077452268,
	"Knight Axe": 15.741728922091783,
	"Crowbar": 15.474919957310567,
	"Leather Legs": 14.764948322983528,
	"Frosty Heart": 14.677960766121016,
	"Scale Armor": 13.788468570412185,
	"Ice Cube": 13.683157387328476,
	"Bone Club": 13.200725974952018,
	"Shark Fins": 13.020277481323372,
	"Swamp Grass": 12.250110782865583,
	"Mystical Hourglass": 12.200607902735563,
	"Book (Gemmed)": 11.919491622808026,
	"Pile of Grave Earth": 11.892728325243798,
	"Brown Piece of Cloth": 11.839871754909382,
	"Crystal Ring": 11.656919846758695,
	"Terra Boots": 11.448289411961627,
	"Small Enchanted Amethyst": 11.186204075804545,
	"Wolf Tooth Chain": 10.938165270203996,
	"Wand of Inferno": 10.914857362101017,
	"Knight Armor": 10.329270296266559,
	"Grappling Hook": 10.250172413793104,
	"Troll Green": 9.654049903646097,
	"Medicine Pouch": 9.597267355982275,
	"Goat Grass": 9.543038765222821,
	"Small Sapphire": 9.365494620404332,
	"Bow": 9.143793812706063,
	"Steel Helmet": 9.050991166649839,
	"Power Bolt": 8.92675773554042,
	"Half-Digested Piece of Meat": 8.885915603089513,
	"Fox Paw": 8.565116768356827,
	"Black Pearl": 8.478479674674935,
	"Roll": 8.200552112760663,
	"Wood": 8.164290989660266,
	"Red Rose": 7.808888888888888,
	"Wooden Shield": 7.720086234942542,
	"Rope": 7.693944712841576,
	"Orc Leather": 7.638184570654411,
	"Bone Shield": 7.474194648839396,
	"Stealth Ring": 7.234343612949558,
	"Steel Shield": 7.10531757904168,
	"Brass Helmet": 7.004882634040714,
	"Dark Shield": 6.948328267477203,
	"Witch Broom": 6.877893973281751,
	"Grapes": 6.778726419702936,
	"Haunted Blade": 6.723768846806977,
	"Panpipes": 6.686294999330865,
	"Energy Ring": 6.644687550274643,
	"Brass Shield": 6.600715638812881,
	"Focus Cape": 6.590181430096051,
	"Emerald Bangle": 6.541585571054456,
	"Yellow Piece of Cloth": 6.352227203357496,
	"Wand of Starstorm": 6.260172413793104,
	"Brown Mushroom": 6.248365398111215,
	"Small Enchanted Ruby": 6.118675932079471,
	"Werebadger Claws": 6.1174893902166625,
	"Studded Club": 6.115273753461677,
	"Small Topaz": 6.10120718271938,
	"Slightly Rusted Armor": 6.072948328267477,
	"Sniper Arrow": 6.012305213235429,
	"Strawberry": 5.830495356037152,
	"Orange": 5.736171589338055,
	"Werebadger Skull": 5.7191199463926745,
	"Poison Arrow": 5.638312071881921,
	"Battle Shield": 5.594852420008721,
	"Short Sword": 5.496059710814188,
	"Banana": 5.491979546401371,
	"Morning Star": 5.430421387486841,
	"Axe": 5.415163107989444,
	"Opal": 5.246238822064915,
	"Mouldy Powder": 5.16967126193001,
	"Protection Amulet": 5.135594921710689,
	"Broken Helmet": 5.01508835561729,
	"Burst Arrow": 4.874811050317263,
	"Health Potion": 4.861914941642961,
	"Stone Herb": 4.819672131147541,
	"Springsprout Rod": 4.815517241379311,
	"Wood Cape": 4.7659570145511285,
	"Mana Potion": 4.722777752285355,
	"Badger Fur": 4.648544931244004,
	"Magma Boots": 4.638032647897581,
	"Orange Mushroom": 4.507976420182621,
	"Nightmare Blade": 4.492046106647833,
	"Small Diamond": 4.487401304636531,
	"Dragon's Tail": 4.44300953069711,
	"Powder Herb": 4.362961435347494,
	"Halberd": 4.294531927999395,
	"Butterfly Ring": 4.194875567834492,
	"Two Handed Sword": 4.142757762024662,
	"Shadow Sceptre": 4.115216384500592,
	"Throwing Star": 4.108243382728933,
	"Werefox Tail": 4.081632653061225,
	"Glorious Axe": 4.070241342047034,
	"Golden Mug": 4.031371377352853,
	"Wereboar Hooves": 4.017217942908926,
	"Wand of Voodoo": 4.008098403333514,
	"Poison Dagger": 3.9473162389002945,
	"Wereboar Tusks": 3.9465337562301763,
	"Iron Helmet": 3.913520625480975,
	"Blueberry": 3.837579617834395,
	"Boots of Haste": 3.7540275269511056,
	"Longsword": 3.7051230382092424,
	"Dream Blossom Staff": 3.681171848329406,
	"Small Enchanted Emerald": 3.6579421598237345,
	"Terra Legs": 3.6429784387382287,
	"Diamond Sceptre": 3.623652352247682,
	"Cape": 3.6161841018786047,
	"Prismatic Quartz": 3.570822432855246,
	"Rotten Meat": 3.557806757660796,
	"Leather Armor": 3.316582043603251,
	"Cyclops Toe": 3.230769230769231,
	"Soldier Helmet": 3.1950098099447075,
	"Orichalcum Pearl": 3.1185410334346506,
	"Crystal Necklace": 3.0883390389738916,
	"Small Enchanted Sapphire": 3.0257584669191466,
	"Fern": 2.9564411492122336,
	"Shovel": 2.931043044105333,
	"Sacred Tree Amulet": 2.8637739656912213,
	"Underworld Rod": 2.836535674059852,
	"Ring of Blue Plasma": 2.8278543655001767,
	"Sickle": 2.6944326905639846,
	"Hardened Bone": 2.694017502749749,
	"Acorn": 2.649574106496082,
	"Red Dragon Scale": 2.5741766449863253,
	"Hunter's Quiver": 2.537243947858473,
	"Small Amethyst": 2.438056944457552,
	"Double Axe": 2.3182397817924705,
	"Small Emerald": 2.3157029353053997,
	"Life Ring": 2.219975954045509,
	"Sai": 2.212461099585062,
	"Studded Armor": 2.1685586665400614,
	"Orc Tooth": 2.1668890371769183,
	"Throwing Knife": 2.11473487980248,
	"Spider Silk": 2.020911537968541,
	"Lightning Boots": 2.010427712972782,
	"Winter Wolf Fur": 2,
	"Garlic Necklace": 1.8858402242283103,
	"Bunch of Troll Hair": 1.8538263912701107,
	"Werebear Fur": 1.8057285180572853,
	"Bone Sword": 1.79219628319968,
	"Dark Mushroom": 1.7834187511149742,