{
	"Gold Coin": 3582.922023014684,
	"Platinum Coin": 500.51277877432995,
	"Meat": 482.3877780309067,
	"Ham": 385.79711659245675,
	"Dragon Ham": 336.65059561798154,
	"Torch": 158.65775108143254,
	"Fish": 110.53123544562975,
	"Great Health Potion": 90.97224771092166,
	"Skull": 85.64884251765164,
	"White Mushroom": 78.08876599220226,
	"Leather Legs": 77.79246596701316,
	"Dagger": 74.43577833776023,
	"Knife": 67.62661669636213,
	"Gloom Wolf Fur": 66.54916175804259,
	"Wolf Tooth Chain": 58.48472838594042,
	"Short Sword": 51.61516500609331,
	"Axe": 50.564636123499135,
	"Strong Health Potion": 50.13345770380933,
	"Leather Helmet": 48.415838155443716,
	"Spear": 48.40556487205254,
	"Strong Mana Potion": 43.790524036115876,
	"Green Mushroom": 31.768375532437304,
	"Bone": 31.52673642595137,
	"Compass": 31.104577642292092,
	"Hatchet": 30.77092988694362,
	"Bolt": 30.58127841305274,
	"Arrow": 29.841583307755837,
	"Chain Armor": 28.515191900222128,
	"Crossbow": 28.072429505692806,
	"Sword": 27.901364139672673,
	"Brown Bread": 27.5223279110009,
	"Combat Knife": 27.464028232563575,
	"Werehyaena Nose": 26.79004329004329,
	"Wolf Paw": 26.519005758345617,
	"Halberd": 25.29993315969068,
	"Red Crystal Fragment": 24.542927053733973,
	"Royal Spear": 23.346004458642643,
	"Book (Gemmed)": 23.29305233159431,
	"Cheese": 22.719442548759027,
	"Small Emerald": 21.722163978259402,
	"Sabre": 21.587015945330297,
	"Raspberry": 20.730825260944655,
	"Red Gem": 20.657200829986095,
	"Steel Shield": 20.060896416294543,
	"Power Bolt": 19.535135074622588,
	"Scroll": 19.41241395104586,
	"Small Sapphire": 17.95674129328147,
	"Energy Ring": 17.402623157389275,
	"Plate Shield": 16.198448439460936,
	"Small Diamond": 13.97622178723873,
	"Pick": 12.385071177439578,
	"Copper Shield": 12.365414234332732,
	"Dragon's Tail": 11.848025415192293,
	"Burst Arrow": 11.616433177303206,
	"Quara Eye": 11.184262387387388,
	"Girlish Hair Decoration": 10.899675897617865,
	"Banana": 10.361318449948987,
	"Yellow Gem": 10.203951305746758,
	"Scale Armor": 9.962505680736493,
	"Mantassin Tail": 9.902241398951924,
	"Studded Armor": 9.787475720994271,
	"Life Preserver": 9.731934731934732,
	"Wyvern Talisman": 9.731400804289544,
	"Letter": 9.70948786664372,
	"Shrimp": 9.294763513513514,
	"Great Mana Potion": 9.215899252262888,
	"Small Amethyst": 9.074767900547396,
	"Small Stone": 9.055789843660222,
	"Plate Armor": 9.040782680690471,
	"Small Enchanted Amethyst": 8.996062819896606,
	"Lamassu Horn": 8.90917738731076,
	"Red Rose": 8.754663803516307,
	"Grapes": 8.67819755737485,
	"Orange": 8.638282657701978,
	"Leather Boots": 8.579096173638302,
	"Green Crystal Fragment": 8.51127744543651,
	"Mace": 8.503204198053503,
	"Quara Pincers": 8.425318648682094,
	"Bow": 8.286667745264982,
	"Golden Mug": 7.878099790857484,
	"Blue Crystal Shard": 7.470221779797876,
	"Worm": 7.269667275129046,
	"Wooden Shield": 6.718869731507835,
	"Violet Crystal Shard": 6.6801152737752165,
	"Dead Snake": 6.603846686038467,
	"Green Crystal Splinter": 6.495076849183477,
	"Ratana": 5.839160839160839,
	"Protective Charm": 5.821468799469439,
	"Lump of Dirt": 5.802260174172342,
	"Steel Helmet": 5.640510644601043,
	"Rapier": 5.290224488562145,
	"Lamassu Hoof": 5.260382015713169,
	"Hunting Spear": 5.2197783887074145,
	"Health Potion": 5.129377976561512,
	"Red Dragon Scale": 5.030452069591598,
	"Sniper Arrow": 4.954435646221984,
	"Terra Amulet": 4.944164265129683,
	"Longsword": 4.91966498049141,
	"White Pearl": 4.819276017711161,
	"Small Ruby": 4.744189034039991,
	"Bony Tail": 4.676849505045191,
	"Sphinx Feather": 4.561622464898596,
	"Brass Shield": 4.461332460720857,
	"Opal": 4.237523465755089,
	"Life Ring": 4.194220250671621,
	"Rainbow Trout": 4.147495321408365,
	"Terra Hood": 4.087175792507204,
	"Green Perch": 4.076293684989337,
	"Scroll of Heroic Deeds": 3.8185508064452462,
	"Magma Amulet": 3.807112341981463,
	"Black Pearl": 3.693592527145502,
	"Sphinx Tiara": 3.6817472698907956,
	"Small Enchanted Emerald": 3.679068043043439,
	"Blue Gem": 3.6192312533999917,
	"Wand of Starstorm": 3.6114085169115464,
	"Two Handed Sword": 3.4952507817890464,
	"Green Gem": 3.4407270266714285,
	"Green Tunic": 3.423667964031674,
	"Hand Axe": 3.386624760128635,
	"Egg": 3.180059278774906,
	"Treasure Map (Pirate)": 3.100347043643225,
	"Throwing Star": 3.097520931419797,
	"Fish Fin": 3.071638932664267,
	"Roll": 2.9929709768794783,
	"Brown Crystal Splinter": 2.946428571428571,
	"Rotten Piece of Cloth": 2.9442935387629694,
	"Mana Potion": 2.8696721567756156,
	"Cobra Tongue": 2.8458884416331225,
	"Demonic Skeletal Hand": 2.754291147475354,
	"Obsidian Lance": 2.73822718452577,
	"Lizard Leather": 2.6767374141294087,
	"Sword Ring": 2.619047619047619,
	"Lizard Scale": 2.6139129749178447,
	"Red Dragon Leather": 2.6064213647123715,
	"Soldier Helmet": 2.6033413266216137,
	"Life Crystal": 2.6000968122150643,
	"Twigs": 2.5436924567921175,
	"Bone Club": 2.4531521548388655,
	"Onyx Chip": 2.4516434054670486,
	"Rope": 2.4474581050764197,
	"Winter Wolf Fur": 2.4000000000000004,
	"Wyrm Scale": 2.396430536030805,
	"Broadsword": 2.386548544566986,
	"Bandana": 2.3479234640269864,
	"Red Apple": 2.340696707397538,
	"Plate Legs": 2.331925939657054,
	"Magma Boots": 2.324621901231324,
	"Wood": 2.255452717597109,
	"Shovel": 2.2543323166767038,
	"Wedding Ring": 2.2131928600187893,
	"Rainbow Quartz": 2.1978674123048583,
	"Battle Shield": 2.1409865390646377,
	"Lightning Headband": 2.1009691851208894,
	"Doublet": 2.013056531097768,
	"Honeycomb": 1.9947101923608728,
	"Hailstorm Rod": 1.986009172737197,
	"Protection Amulet": 1.97978790221891,
	"Brass Helmet": 1.9497696078315216,
	"Morning Star": 1.9019816594205525,
	"Wand of Inferno": 1.8913286915223537,
	"Great Spirit Potion": 1.8860799910023642,
	"Pirate Bag": 1.8061192555929,
	"Lightning Pendant": 1.7395825581862165,
	"Wand of Voodoo": 1.7105281324549257,
	"War Hammer": 1.6741731978321026,
	"Violet Gem": 1.6598480902098522,
	"Hook": 1.6496041933342012,
	"Cape": 1.6485219578954018,
	"Eye Patch": 1.6470093433311161,
	"Piece of Crocodile Leather": 1.6026818866563408,
	"Peg Leg": 1.5882690949811111,
	"Pelvis Bone": 1.5702165155536971,
	"Hunter's Quiver": 1.5223463687150838,
	"Fafnar Symbol": 1.4975045517644823,
	"Brass Armor": 1.4659170041956937,
	"Soul Orb": 1.458058775632815,
	"Banana Sash": 1.443003500508766,
	"Iron Helmet": 1.4358242527090974,
	"Battle Hammer": 1.430071288176837,
	"Poison Arrow": 1.407968878084762,
	"Lion's Mane": 1.4064171892183106,
	"Double Axe": 1.394931873311817,
	"Cherry": 1.3843417992795586,
	"Black Shield": 1.371808812018474,
	"Heavy Old Tome": 1.366208988083414,
	"Red Piece of Cloth": 1.3538352530651236,
	"Wand of Defiance": 1.3073322932917317,
	"Chain Helmet": 1.2926066194631978,
	"Elven Amulet": 1.2890820687335196,
	"Magma Monocle": 1.2449297971918878,
	"Green Dragon Scale": 1.2438980292894593,
	"Light Shovel": 1.2305345211581293,
	"Centipede Leg": 1.2211042529804683,
	"Green Dragon Leather": 1.2201358576335977,
	"Secret Instruction": 1.1823267071985362,
	"Bone Shield": 1.1800701150543134,
	"Studded Club": 1.1750210436055544,
	"Snakebite Rod": 1.1737550430176125,
	"Werehyaena Talisman": 1.167832167832168,
	"Scarf": 1.16615657490494,
	"Sacred Tree Amulet": 1.1426512968299711,
	"Vampire Teeth": 1.0939914527495542,
	"Fire Sword": 1.0835471816759719,
	"Viking Helmet": 1.0568658883784419,
	"Underworld Rod": 1.0506034954162466,
	"Strange Helmet": 1.040405737584911,
	"Ghoul Snack": 1.027741906755132,
	"Shadow Herb": 1.006094127231791,
	"Cookie": 1.0009339667778614,
	"Half-Digested Piece of Meat": 0.9873239558988349,
	"Broken Helmet": 0.9713362252275239,
	"Ring of Healing": 0.9438817823291221,
	"Stealth Ring": 0.891843778139944,
	"Wand of Cosmic Energy": 0.8599664687807754,
	"Empty Honey Glass": 0.8574272828555252,
	"Crystal Sword": 0.853754212995125,
	"Piercing Bolt": 0.843219247309697,
	"Green Crystal Shard": 0.8357715659455959,
	"Small Notebook": 0.8262415286877065,
	"Serpent Sword": 0.8171438498692198,
	"Cyclops Toe": 0.7985184171277933,