{
	"Gold Coin": 2256.452602478955,
	"Platinum Coin": 634.7671115338256,
	"Skull": 468.598212658578,
	"Dagger": 460.74834660657666,
	"Meat": 313.97033414770755,
	"Spear": 202.94942570630792,
	"Dragon Ham": 173.1180139752359,
	"Brown Bread": 168.0345704585732,
	"Sabre": 132.17456852579062,
	"Great Health Potion": 95.18436108916933,
	"Girlish Hair Decoration": 76.00696814841334,
	"Worm": 53.10294863981524,
	"Tainted Glooth Capsule": 50.26550841139732,
	"Great Mana Potion": 48.48726828634104,
	"Glooth Bag": 46.61612000020199,
	"Cheese": 45.219069896914625,
	"Ham": 44.87426693934292,
	"Bone": 43.85401548974793,
	"Chain Armor": 42.93872582071708,
	"Protective Charm": 40.555063822507215,
	"Wild Flowers": 39.20235760448552,
	"Dandelion Seeds": 28.854338026867033,
	"Steel Shield": 27.38055172698366,
	"Axe": 26.14087414654167,
	"Red Apple": 25.25904033379694,
	"Fresh Fruit": 24.47547561806438,
	"Lion's Mane": 23.10065942034981,
	"Crossbow": 22.11399118095897,
	"Colourful Snail Shell": 22.054684852685234,
	"Great Spirit Potion": 21.959990954032786,
	"Ultimate Health Potion": 21.75955795926383,
	"Werehyaena Nose": 21.72077922077922,
	"Knife": 21.598977209521177,
	"Small Stone": 21.406873139896508,
	"Dragon's Tail": 19.318094997386186,
	"Glooth Capsule": 19.250944503134697,
	"Halberd": 18.982397449111385,
	"Fish": 18.925184605403896,
	"Hunting Spear": 18.642629120381585,
	"Small Topaz": 17.779303841345143,
	"Glooth Steak": 15.970487929875326,
	"Leather Helmet": 15.628428572738402,
	"Arrow": 15.519403851026476,
	"Glooth Sandwich": 15.496164772619794,
	"Short Sword": 15.361306490137197,
	"Burst Arrow": 14.840502992294427,
	"Red Crystal Fragment": 14.562733777850058,
	"Small Amethyst": 13.263394894723799,
	"Strong Health Potion": 13.06127455137306,
	"Cookie": 12.49891759419475,
	"Torch": 12.107651985035398,
	"Leaf Star": 12.007949321291902,
	"White Mushroom": 11.252252919267189,
	"Small Axe": 11.182333288368298,
	"Hand Axe": 11.085677276091783,
	"Small Enchanted Amethyst": 11.007724145129785,
	"Small Sapphire": 10.332922717597924,
	"Carrot": 9.410270818425378,
	"Red Gem": 8.81118881118881,
	"Shimmering Beetles": 8.79327235340249,
	"Leather Boots": 8.773889869716863,
	"Small Ruby": 8.655919290319142,
	"Combat Knife": 8.604385308642694,
	"Bone Club": 8.322627580932732,
	"Bolt": 8.20692317433732,
	"Yellow Gem": 8.18793184531346,
	"Life Preserver": 7.867132867132867,
	"Longsword": 7.784795811236425,
	"Small Emerald": 7.697588139748079,
	"Star Herb": 7.620642723727036,
	"Plate Armor": 7.549741495002749,
	"Green Mushroom": 7.416661233818391,
	"Leather Legs": 6.764320276487321,
	"Plate Shield": 6.72117550326571,
	"Rainbow Quartz": 6.528811545661112,
	"Glooth Spear": 6.288566111294341,
	"Glooth Axe": 6.277464740064029,
	"Glooth Club": 6.267740497712104,
	"Glooth Blade": 6.24832098917209,
	"Glooth Amulet": 6.154285808326317,
	"Broken Helmet": 5.712273395276913,
	"Steel Helmet": 5.711447674946484,
	"Grapes": 5.70008453148494,
	"Mace": 5.683405774962686,
	"Bony Tail": 5.373401558988092,
	"Magic Light Wand": 5.314608968868963,
	"Orc Leather": 5.298551278561823,
	"Green Crystal Fragment": 5.034965034965035,
	"Protection Amulet": 4.994405999351647,
	"Heavy Old Tome": 4.969124314229183,
	"Ratana": 4.720279720279721,
	"Rope": 4.68319763138416,
	"Giant Shimmering Pearl (Green)": 4.667593857429976,
	"Leather Armor": 4.394928316865617,
	"Rubber Cap": 4.272291878803371,
	"Dirty Cape": 4.253937007874016,
	"Scorpion Tail": 4.199239392083411,
	"Terra Hood": 4.123884178772422,
	"Hatchet": 4.086034780816412,
	"Scroll": 3.9984118083318823,
	"Rope Belt": 3.9035232069264847,
	"Voluminous Piece of Cloth": 3.7846932941272566,
	"Terra Mantle": 3.7608649565756354,
	"Green Crystal Splinter": 3.75,
	"Ludicrous Piece of Cloth": 3.6959895450461486,
	"Wooden Shield": 3.686797806242763,
	"Broadsword": 3.646998469081384,
	"Plate Legs": 3.616928932121462,
	"Crab Pincers": 3.5975189524465883,
	"Fir Cone": 3.5839674646925186,
	"Ominous Piece of Cloth": 3.5777178796046725,
	"Studded Club": 3.5692709827793596,
	"Luminous Piece of Cloth": 3.5629339214244875,
	"Red Rose": 3.558775153105862,
	"Royal Spear": 3.492036262214754,
	"Book (Gemmed)": 3.4575624554710305,
	"Obvious Piece of Cloth": 3.4150943396226414,
	"Small Enchanted Emerald": 3.360604885481748,
	"Cyclops Toe": 3.3357604782422796,
	"Studded Legs": 3.3222587415985023,
	"Ankh": 3.3115495732246907,
	"Double Axe": 3.2748368991219374,
	"Poison Arrow": 3.194983594786856,
	"Health Potion": 3.1849628337875284,
	"Dubious Piece of Cloth": 3.1194151760189492,
	"Roll": 3.115252908129941,
	"Terra Legs": 3.0747177654168434,
	"Terra Boots": 3.0672554104777223,
	"Bow": 3.058082641935327,
	"Wolf Tooth Chain": 2.9985517142131277,
	"Orcish Gear": 2.986364865386844,
	"Studded Helmet": 2.94589119245205,
	"Beetroot": 2.9302380985885357,
	"Dowser": 2.9236023956661956,
	"Melon": 2.8353290163875124,
	"Witch Broom": 2.791029438433174,
	"Brass Helmet": 2.752368441953122,
	"Mouldy Cheese": 2.7427072743122394,
	"Power Bolt": 2.694860920196261,
	"Goat Grass": 2.666998260248918,
	"Beastslayer Axe": 2.5222085055966597,
	"Sword": 2.4843470577213806,
	"Elvish Talisman": 2.4808815433925457,
	"Blank Rune": 2.4422363185695066,
	"Brown Crystal Splinter": 2.4107142857142856,
	"Lump of Dirt": 2.3008962759648943,
	"Bread": 2.2178793381534105,
	"Strong Mana Potion": 2.2088106902527946,
	"Sword Ring": 2.1806046344062118,
	"Cultish Robe": 2.037432058404954,
	"Battle Axe": 1.9935167374070928,
	"Fairy Wings": 1.9895716933755767,
	"Wand of Inferno": 1.9658884133578436,
	"Corncob": 1.9533099289525113,
	"Energy Ring": 1.9274666176369193,
	"Green Dragon Scale": 1.8969444946664256,
	"Orc Tooth": 1.8753190709208538,
	"Wand of Starstorm": 1.875,
	"Green Dragon Leather": 1.8607071828912365,
	"Panpipes": 1.8484286479011465,
	"Broken Shamanic Staff": 1.8333333333333333,
	"Glooth Cape": 1.8262922856409025,
	"Elven Scouting Glass": 1.8174875906834669,
	"Small Diamond": 1.7719510175666586,
	"Rotten Piece of Cloth": 1.7665761232577815,
	"Copper Shield": 1.7658671620086457,
	"Battle Shield": 1.7163105084844026,
	"Studded Armor": 1.7118989531467084,
	"Small Enchanted Ruby": 1.7091485703336864,
	"Opal": 1.6689204332280658,
	"Hailstorm Rod": 1.612608032536858,
	"Doublet": 1.607142857142857,
	"Cape": 1.573991029279923,
	"Pick": 1.5725949085549369,
	"Emerald Bangle": 1.501892361257152,
	"Flaming Arrow": 1.476171289145569,
	"Morning Star": 1.4011971210228373,
	"Butterfly Ring": 1.3913361717812007,
	"Orange Mushroom": 1.3678056488248074,
	"Crystal Necklace": 1.3630149846805475,
	"Shamanic Hood": 1.3511904761904763,
	"Terra Amulet": 1.3510596742368264,
	"Skull Staff": 1.318988872962874,
	"Dream Blossom Staff": 1.2817216095117483,
	"Swampling Club": 1.2330373171080433,
	"Letter": 1.1937894918004575,
	"Golden Mug": 1.1694054377054077,
	"Throwing Star": 1.166480483258719,
	"Bone Shield": 1.1590212427639432,
	"Green Gem": 1.1058323844056774,
	"Minotaur Horn": 1.1003002160199926,
	"Sickle": 1.0933929758810372,
	"Wand of Voodoo": 1.0790229426593063,
	"Black Shield": 1.0732567540560674,
	"Fern": 1.0481927710843373,
	"Elven Astral Observer": 1.0143978584090005,
	"Powder Herb": 1.0109300886780779,
	"Scarf": 0.9963798364611229,
	"Bunch of Troll Hair": 0.9898532669597078,
	"Machete": 0.9774500243783519,
	"Chicken Feather": 0.9548581976841752,
	"Wolf Paw": 0.9516969320155222,
	"Dragon Hammer": 0.9507945136299436,
	"Green Tunic": 0.9485584053829179,
	"Werehyaena Talisman": 0.9440559440559441,
	"Might Ring": 0.9302666054536788,
	"Brass Shield": 0.9278166205364955,
	"Serpent Sword": 0.9216881473254642,
	"Sacred Tree Amulet": 0.8657921291624622,
	"Goblin Ear": 0.8275556766328407,
	"Garlic Necklace": 0.8210575284142317,
	"Viking Helmet": 0.8144389096163623,
	"Small Enchanted Sapphire": 0.7943045456573136,
	"Stone Herb": 0.7868852459016393,
	"Coal": 0.7691091234652642,
	"Prismatic Quartz": 0.7649342027423193,
	"Sling Herb": 0.76468611803114,
	"Red Dragon Scale": 0.7467077290800028,
	"Wood Cape": 0.7389882678324486,