{
	"Platinum Coin": 3078.6812481229886,
	"Gold Coin": 2784.74775226809,
	"Great Health Potion": 833.2591583179526,
	"Meat": 594.6033582211686,
	"Flask of Demonic Blood": 391.0753634644053,
	"Great Mana Potion": 309.37345876959137,
	"Werehyaena Nose": 281.72727272727275,
	"Axe": 258.48727498033617,
	"Knife": 246.6612030238166,
	"Skull": 216.52662746947857,
	"Dagger": 206.4,
	"Halberd": 191.85401252023726,
	"Red Crystal Fragment": 178.48834666774147,
	"Demonic Essence": 131.8266863768826,
	"Red Gem": 112.57149552441751,
	"Ultimate Health Potion": 112.1207170715182,
	"Scythe": 104.19078793546879,
	"Combat Knife": 99.5581722120947,
	"Yellow Gem": 98.65222150167955,
	"Life Preserver": 94.58041958041957,
	"Ham": 88.44747859417892,
	"Small Enchanted Amethyst": 87.03062662153572,
	"Rare Earth": 83.2984126984127,
	"Brown Bread": 76.20501138952164,
	"Small Amethyst": 74.25753012625601,
	"Banana": 64.86492937822808,
	"Coal": 62.40447400316921,
	"Green Crystal Fragment": 61.94933596662703,
	"White Mushroom": 61.644643879644086,
	"Green Crystal Splinter": 60.78494236311239,
	"Sabre": 59.88656036446469,
	"Ratana": 56.748251748251754,
	"Mystical Hourglass": 54.79845686228665,
	"Magic Light Wand": 53.86578387485582,
	"Worm": 53.11799421245482,
	"Glob of Acid Slime": 52.234920634920634,
	"Fir Cone": 47.95605935881758,
	"Bolt": 47.537434340113144,
	"Dragon Ham": 43.95701316110163,
	"Small Enchanted Emerald": 42.64319131653486,
	"Stonerefiner's Skull": 41.92063492063492,
	"Poisonous Slime": 40.75449735449735,
	"Dowser": 38.680664528070615,
	"Brown Crystal Splinter": 38.25,
	"Dark Mushroom": 35.98270062469966,
	"Sword Ring": 34,
	"Spear": 32.144910507841814,
	"Small Stone": 31.86804834488551,
	"Dark Shield": 31.322284865825115,
	"Wand of Starstorm": 30.942698321901517,
	"Half-Digested Stones": 30.74179894179894,
	"Girlish Hair Decoration": 28.105290028861905,
	"Slightly Rusted Armor": 27.294814739343074,
	"Doublet": 25.597541633624108,
	"Hailstorm Rod": 25.58292416803055,
	"Green Mushroom": 24.69040446768725,
	"Protection Amulet": 22.64393509954962,
	"Bone": 22.11507914907019,
	"Fish": 21.774107542030904,
	"Rat Cheese": 21.734391534391534,
	"Lump of Dirt": 21.408339263325537,
	"Orange": 21.332732394089938,
	"Wooden Trash": 20.16408059792823,
	"Fairy Wings": 18.39300159255559,
	"Terra Amulet": 18.347393912386384,
	"Leather Boots": 17.885742351597198,
	"Wand of Voodoo": 17.264486840787782,
	"Black Shield": 17.007312730509984,
	"Swampling Club": 16.075911017648654,
	"Soul Orb": 15.830443110205707,
	"Orichalcum Pearl": 15.200829612709274,
	"Protective Charm": 15.01993293013265,
	"Poison Arrow": 13.818509211953751,
	"Garlic Necklace": 12.375590059403677,
	"Underworld Rod": 12.179085696492582,
	"Bat Wing": 11.717443536761172,
	"Werehyaena Talisman": 11.34965034965035,
	"Piercing Bolt": 10.62557822956455,
	"Mace": 10.571152669059567,
	"Chain Armor": 10.342442568721182,
	"Essence of a Bad Dream": 10.323308802005366,
	"Short Sword": 10.02602538085062,
	"Small Emerald": 9.479635324755927,
	"Frazzle Tongue": 9.252690612033195,
	"Cheese": 9.092489493911856,
	"Nightmare Blade": 8.872114726725115,
	"Wyvern Talisman": 8.770274798927614,
	"Remains of a Fish": 8.56728782079842,
	"Kongra's Shoulderpad": 8.42375335648311,
	"Torch": 8.311432511631969,
	"Frazzle Skin": 8.082339211618256,
	"Venison": 7.761369059607894,
	"Cyclops Toe": 7.575374833214839,
	"Soldier Helmet": 7.100021799877128,
	"Piece of Scarab Shell": 6.989319439244561,
	"Sword": 6.979215746370698,
	"Assassin Star": 6.6100773646625015,
	"Scythe Leg": 6.522216964946209,
	"Strong Mana Potion": 6.245148972392345,
	"Red Mushroom": 6.1614928426962825,
	"Shovel": 6.022711508353316,
	"Leather Helmet": 5.826003653981377,
	"Lamassu Horn": 5.627161383285302,
	"Banana Sash": 5.551775322570684,
	"Terra Boots": 5.465006977384065,
	"Health Potion": 5.362935347736509,
	"Battle Shield": 5.28099229965939,
	"Elven Hoof": 5.16328725877425,
	"Small Sapphire": 4.966328749073238,
	"Hand Axe": 4.862139156180607,
	"Hunting Spear": 4.811602132897722,
	"Golden Lotus Brooch": 4.606963148269227,
	"Arrow": 4.531114995110083,
	"Violet Crystal Shard": 4.489913544668588,
	"Rope": 4.486073753160622,
	"Silver Amulet": 4.47065818116648,
	"Hydrophytes": 4.43758845174073,
	"Blue Crystal Shard": 4.297910662824207,
	"Werehyaena Trophy": 4.25,
	"Big Bone": 4.176899636929461,
	"Fish Fin": 3.979706950207469,
	"Peacock Feather Fan": 3.955796519833611,
	"Scale Armor": 3.952630684894271,
	"Glacier Kilt": 3.9317278466214636,
	"Ice Rapier": 3.8839175765536487,
	"Piece of Iron": 3.879830134854772,
	"White Pearl": 3.714173065193846,
	"Two-Headed Turtle Heads": 3.4551372771016133,
	"Haunted Piece of Wood": 3.4380873289916516,
	"Plate Shield": 3.427605706734368,
	"Pirate Coin": 3.413019265714995,
	"Crossbow": 3.4081654917249233,
	"Red Apple": 3.403164116828929,
	"Lamassu Hoof": 3.323126801152738,
	"Crystal Sword": 3.208857824086442,
	"Strong Health Potion": 3.1995729028266795,
	"Power Bolt": 2.9934909259641165,
	"Leather Legs": 2.9933763465356287,
	"Terra Hood": 2.911417149532977,
	"Scarab Coin": 2.750612579525903,
	"Heavy Old Tome": 2.7442337196755924,
	"Sphinx Feather": 2.722258567762065,
	"Voluminous Piece of Cloth": 2.718288001306869,
	"Spider Silk": 2.677121374865736,
	"Silver Brooch": 2.664289517693335,
	"Ludicrous Piece of Cloth": 2.654578126276239,
	"Opal": 2.60146830535783,
	"Damselfly Wing": 2.6003931479921367,
	"Black Pearl": 2.593788091087734,
	"Death Ring": 2.578638400484638,
	"Ominous Piece of Cloth": 2.5696316262353998,
	"Luminous Piece of Cloth": 2.559013313730295,
	"Small Diamond": 2.5567464021195234,
	"Glacier Shoes": 2.549876418503551,
	"Iron Ore": 2.5091549359862695,
	"Obvious Piece of Cloth": 2.452830188679245,
	"Pirat's Tail": 2.399119468405383,
	"Blue Gem": 2.3615377733372833,
	"Marsh Stalker Feather": 2.3335659234355672,
	"Dubious Piece of Cloth": 2.240463938577146,
	"Great Spirit Potion": 2.2291831879460746,
	"Longsword": 2.198271660250855,
	"Sphinx Tiara": 2.1971717578380554,
	"Damselfly Eye": 2.1971356360572876,
	"Magma Amulet": 2.195309747873786,
	"Lightning Headband": 2.1519872349113807,
	"Silencer Claws": 2.1311686306797712,
	"Carrion Worm Fang": 2.097692964967246,
	"Green Gem": 2.0923200393768333,
	"Coconut": 2.0865341465102256,
	"Ape Fur": 2.080681736026019,
	"Plate Armor": 2.0120294208969716,
	"Skullcracker Armor": 2.0116997949193856,
	"Giant Shimmering Pearl (Green)": 1.9988838248841572,
	"Cookie": 1.9927267389147258,
	"Carrot": 1.9814585908529048,
	"Battle Axe": 1.9599800742485312,
	"Hellspawn Tail": 1.9080198722498225,
	"Beetroot": 1.8690605267486973,
	"Dwarven Shield": 1.822866089300224,
	"Mouldy Cheese": 1.8212703101920236,
	"Small Topaz": 1.751277596845315,
	"Battle Hammer": 1.7323482918929636,
	"Small Ruby": 1.7135686209120702,
	"Onyx Chip": 1.6936326322597455,
	"Magma Boots": 1.680243491339216,
	"Knight Legs": 1.6593917817610566,
	"Marsh Stalker Beak": 1.6484823495829237,
	"Piece of Crocodile Leather": 1.6026818866563408,
	"Small Tropical Fish": 1.600622700254741,
	"Rainbow Quartz": 1.5362247381543854,
	"Centipede Leg": 1.5263803162255856,
	"Knight Axe": 1.453082669731549,
	"Crowbar": 1.4284541499055907,
	"Wand of Inferno": 1.3683699713610018,
	"Wooden Shield": 1.3670138265805372,
	"Studded Club": 1.3274545976049033,
	"Coral Brooch": 1.294032820500974,
	"Lion's Mane": 1.2761797390482932,
	"Orange Mushroom": 1.2606320206302724,
	"Shark Fins": 1.2018717675067727,
	"Wolf Tooth Chain": 1.0966201618544211,
	"Morning Star": 1.0908056572769456,
	"Gemmed Figurine": 1.0803083963184739,
	"Spike Sword": 1.0763260025873223,
	"Scarab Pincers": 1.0740962055572154,
	"Melon": 1.0609744284203348,
	"Emerald Bangle": 1.0447869018668958,
	"Mana Potion": 1.0255623060806982,
	"Knight Armor": 1.0248431660305508,
	"Pelvis Bone": 0.9997895179962113,
	"Cobra Tongue": 0.9655692926969524,
	"Brass Shield": 0.9572841010669102,
	"Staff": 0.9417852522639067,
	"Bow": 0.9055883689232167,
	"Cherry": 0.9028316082257991,
	"Tarantula Egg": 0.8970056881193431,