{
	"Platinum Coin": 12105.328780701635,
	"Gold Coin": 6178.0562629149945,
	"Lost Soul (Item)": 2249.214055679685,
	"Flask of Demonic Blood": 1465.4661707608961,
	"Great Mana Potion": 1010.0982325119707,
	"Ham": 731.5234465599759,
	"Demonic Essence": 530.1863395790057,
	"Ultimate Health Potion": 406.5956323139929,
	"Meat": 383.50012828202784,
	"Scythe": 372.54898293196163,
	"Wand of Cosmic Energy": 334.4506909692105,
	"Dark Mushroom": 308.61294650842626,
	"Death Toll": 294.71825497192043,
	"Great Spirit Potion": 270.9967687555125,
	"Great Health Potion": 250.24908823622118,
	"Springsprout Rod": 231.69714034803138,
	"Green Mushroom": 215.4597972945567,
	"Rare Earth": 213.62655122655121,
	"Ensouled Essence": 198.53087786369173,
	"Mystical Hourglass": 195.93967734393266,
	"Soul Orb": 190.09643916632052,
	"Magic Light Wand": 184.51718494271685,
	"Terra Rod": 178.17562512616678,
	"Hailstorm Rod": 165.68224395654713,
	"Coal": 159.8708690296223,
	"Lion's Mane": 152.24781778454033,
	"Small Diamond": 148.00181538910982,
	"Glob of Acid Slime": 133.96132756132755,
	"Small Sapphire": 123.99150002037935,
	"Dark Shield": 123.81740821083854,
	"Terra Amulet": 123.43048228688912,
	"Poisonous Slime": 110.58264429475192,
	"Poison Arrow": 108.3643769428169,
	"Stonerefiner's Skull": 107.50937950937951,
	"Garlic Necklace": 102.6095292302312,
	"Necklace of the Deep": 101.61605354429712,
	"Skull Staff": 99.5929094511227,
	"Bat Wing": 98.28005766458433,
	"Dark Armor": 98.25838031077318,
	"Slightly Rusted Armor": 97.82149855640938,
	"Red Gem": 94.38012916072553,
	"Machete": 93.46214466623903,
	"Wand of Starstorm": 90.26316696005377,
	"Brown Crystal Splinter": 89.72322830230995,
	"Cursed Bone": 87.8986638287809,
	"Red Crystal Fragment": 86.36240233384683,
	"Dragon Ham": 84.33229202940913,
	"Half-Digested Stones": 78.84021164021163,
	"Rat Cheese": 71.19205051007239,
	"Crystal Sword": 69.89327908270772,
	"Small Enchanted Ruby": 69.80450978646057,
	"Glacial Rod": 56.055575263095655,
	"Rapier": 55.53043319320051,
	"Yellow Gem": 54.858235907023484,
	"Golden Lotus Brooch": 54.12951473449002,
	"Terra Boots": 53.23556126288311,
	"Orichalcum Pearl": 52.018350416839944,
	"Axe": 50.80380283698202,
	"Leather Helmet": 48.92018177993836,
	"Peacock Feather Fan": 46.559890767368735,
	"Black Pearl": 44.992981886227625,
	"Underworld Rod": 44.58296937978526,
	"Hydra Head": 43.27117276980158,
	"Small Enchanted Sapphire": 42.806023655756135,
	"Golden Idol of Tukh": 40.962996187485984,
	"Ankh": 39.7492781207541,
	"Silver Amulet": 36.56137699924304,
	"Assassin Star": 34.27368765991054,
	"Fire Axe": 33.3750993921097,
	"Silver Brooch": 33.09781440111586,
	"Ivory Comb": 31.597969417445672,
	"Knife": 30.96915468796566,
	"Nightmare Blade": 30.75286415711948,
	"Hellspawn Tail": 30.088005677785663,
	"Werehyaena Nose": 29.556277056277057,
	"White Pearl": 29.194642523558098,
	"Essence of a Bad Dream": 28.600349236641947,
	"Mercenary Sword": 28.524236983842012,
	"Ivory Carving": 28.33958804632196,
	"Wand of Draconia": 28.25884528578456,
	"Halberd": 26.83349812390604,
	"Serpent Sword": 26.16398561543844,
	"Leather Boots": 23.44378597434499,
	"Wand of Inferno": 23.1977735601904,
	"Bolt": 23.0571018486944,
	"Small Topaz": 22.381809916528884,
	"Spider Silk": 21.190124185087946,
	"Cucumber": 21.036188632575147,
	"Warrior's Axe": 20.798093215188647,
	"Onyx Chip": 20.611642821057785,
	"Haunted Blade": 20.286634061784188,
	"Battle Shield": 19.919828665793453,
	"War Hammer": 19.60237290484513,
	"Burst Arrow": 19.137409170725732,
	"Small Ruby": 18.953481842740104,
	"Steel Helmet": 18.595997815765337,
	"Small Amethyst": 17.99465345881346,
	"Twin Hooks": 17.711725168035848,
	"Red Ectoplasm": 17.68580399192644,
	"Small Emerald": 17.631162844004468,
	"Wand of Voodoo": 17.542534502271998,
	"Scythe Leg": 17.129963966935186,
	"Cheese": 16.904329301235613,
	"Short Sword": 16.282005095266108,
	"Elven Astral Observer": 16.11940661642339,
	"Small Enchanted Emerald": 15.749537624146392,
	"Morning Star": 15.621449389531431,
	"Green Crystal Shard": 15.236443940419086,
	"Soft Cheese": 15.182114273341773,
	"Dream Essence Egg": 14.392119140065038,
	"Steel Shield": 14.248210047902834,
	"Glacier Kilt": 14.058452186111762,
	"Combat Knife": 13.82616112621734,
	"Plate Shield": 13.797026447508138,
	"Crossbow": 13.396884083920252,
	"Diremaw Brainpan": 12.847661755285074,
	"Doublet": 12.514529285147841,
	"Magma Coat": 12.439533549088507,
	"Fish": 12.292946796832334,
	"Small Enchanted Amethyst": 11.996996900671867,
	"Strong Health Potion": 11.914257788043614,
	"Red Mushroom": 11.843151171043292,
	"Cyclops Toe": 11.808728039844173,
	"Life Preserver": 11.801966355659424,
	"Moonlight Crystals": 11.229559478127843,
	"Prismatic Quartz": 11.122000448531061,
	"Deepworm Jaws": 11.05939974989579,
	"Death Ring": 10.804477883936045,
	"Orc Leather": 10.703439633318284,
	"Strong Mana Potion": 10.555796422811406,
	"Wood Mushroom": 10.520633597332221,
	"Lightning Headband": 9.799488210564798,
	"Twiceslicer": 9.590045192843435,
	"Green Crystal Fragment": 9.494466698350195,
	"Crowbar": 9.440255591054314,
	"Heaven Blossom": 9.325657596532928,
	"Rainbow Quartz": 9.28152260111023,
	"Dragon's Tail": 9.28095324190063,
	"Fir Cone": 9.264929306739418,
	"Earflap": 9.160664567666368,
	"Bola": 9.046133018720086,
	"Cheese Cutter": 8.920943577431224,
	"Glorious Axe": 8.535685963521015,
	"Violet Crystal Shard": 8.347738762429625,
	"Spirit Cloak": 8.038461538461538,
	"Spiked Squelcher": 7.820811892462985,
	"Wyrm Scale": 7.788399242100117,
	"Ratana": 7.661649495602237,
	"Skullcracker Armor": 7.503120423172734,
	"Dowser": 7.421795388780846,
	"Elvish Talisman": 7.209060648830936,
	"Chain Armor": 7.074140428121318,
	"Hexagonal Ruby": 6.4422516259250955,
	"Cyan Crystal Fragment": 6.3988050784167285,
	"Broken Helmet": 6.259215114847594,
	"Deepworm Spike Roots": 6.171321383909962,
	"Terra Mantle": 6.1479030809405355,
	"Warrior Helmet": 6.143919703666302,
	"Longsword": 6.064781670466432,
	"Titan Axe": 5.771920256403107,
	"Knight Legs": 5.633078663355112,
	"Heavy Old Tome": 5.493198467090813,
	"Green Crystal Splinter": 5.416666666666666,
	"Ring of Healing": 5.332075489884371,
	"Tribal Mask": 5.224804210129525,
	"Piercing Bolt": 5.203710093871113,
	"Diremaw Legs": 5.1472133247917995,
	"Coral Brooch": 5.055114988104679,
	"Emerald Bangle": 5.015185589410835,
	"Blue Crystal Shard": 5.011402946828956,
	"Belted Cape": 4.9701749354746205,
	"Tarantula Egg": 4.883697635316424,
	"Crown Helmet": 4.868900113047968,
	"Magma Legs": 4.732885198895272,
	"White Mushroom": 4.715355729121287,
	"Deepworm Spikes": 4.6823676531888285,
	"Knight Armor": 4.673011776092919,
	"Seeds": 4.549660644297868,
	"Necrotic Rod": 4.507847003088634,
	"Metal Spike": 4.492651757188498,
	"Pick": 4.435782747603834,
	"Scimitar": 4.432258311951053,
	"Orcish Gear": 4.428058248677044,
	"Two Handed Sword": 4.386347261706827,
	"Rusted Armor": 4.306600425833924,
	"Gold Ingot": 4.295229399704913,
	"Red Piece of Cloth": 4.257690533750956,
	"Plate Armor": 4.187801255245081,
	"Life Ring": 4.139674744347734,
	"Magma Amulet": 4.123509204090197,
	"Sword Ring": 4.123141066089118,
	"Hydra Egg": 4.001075442275636,
	"Mystic Turban": 3.9844810047439156,
	"Spear": 3.968197830293328,
	"Stone Skin Amulet": 3.9230656753326634,
	"Worm": 3.8786780660178244,
	"Dragon Necklace": 3.7947614950769526,
	"Leaf Star": 3.6588031222896795,
	"Noble Axe": 3.6463124504361617,
	"Mace": 3.643735907901077,
	"Orc Tooth": 3.513730418906583,
	"Saw": 3.458015267175573,
	"Steel Boots": 3.4564836719264447,
	"Thick Fur": 3.4439825400124713,
	"Gemmed Figurine": 3.4159425765017,
	"White Silk Flower": 3.4014365414003995,
	"Mammoth Tusk": 3.3523176054874244,
	"Torch": 3.3416290276060643,
	"Ring of Blue Plasma": 3.301240359772925,
	"Lion Figurine": 3.2519338865688034,
	"Beetroot": 3.2315318196354332,
	"Arrow": 3.1755666183540434,
	"Wand of Dragonbreath": 3.161497570686983,
	"Spider Fangs": 3.13731571839684,
	"Battle Axe": 3.133440632888698,
	"Venison": 3.128279355889271,