{
	"Platinum Coin": 7731.16579084066,
	"Gold Coin": 6833.634159802327,
	"Great Health Potion": 1249.735709124438,
	"Meat": 1196.2244687180444,
	"Great Mana Potion": 661.557862537714,
	"Great Spirit Potion": 602.1707045079514,
	"Ham": 533.9583180267309,
	"Scroll": 336.4559119581264,
	"Axe": 289.35010804118997,
	"Red Crystal Fragment": 287.297540372178,
	"Knife": 277.7066172329405,
	"Beetroot": 270.5560267294466,
	"Werehyaena Nose": 262.5974025974026,
	"Flask of Demonic Blood": 249.06234465347526,
	"Halberd": 234.73471432987355,
	"Dragon Ham": 211.34927679628896,
	"Arrow": 203.84572605754676,
	"Red Gem": 201.92960662723334,
	"Fairy Wings": 187.71881170125334,
	"Bolt": 179.68294654888456,
	"Pirate Coin": 172.40976440370864,
	"Small Diamond": 167.03473174805828,
	"Bone": 163.42811627804232,
	"Yellow Gem": 153.57031861434652,
	"Red Rose": 151.88323714937593,
	"Grapes": 150.9134310590195,
	"Cheese": 136.02535828454438,
	"Skull": 135.75975982687032,
	"Crossbow": 132.23894730663233,
	"Ultimate Health Potion": 127.5460638343198,
	"Pirat's Tail": 127.42227833242403,
	"Ice Rapier": 119.9439909452421,
	"Dark Mushroom": 117.11257649634187,
	"Combat Knife": 109.70222916242334,
	"Strong Mana Potion": 109.42722179417449,
	"Life Preserver": 105.18648018648018,
	"Small Enchanted Amethyst": 103.49294320076767,
	"Strong Health Potion": 103.43692095560047,
	"Frazzle Tongue": 100.60837007261411,
	"Spider Fangs": 99.20882822344018,
	"Bow": 97.60050679722461,
	"Protection Amulet": 91.30085133921595,
	"Fish": 90.91596459725464,
	"Green Mushroom": 90.46201891003976,
	"Frazzle Skin": 87.88265041493776,
	"Sniper Arrow": 85.95369749026976,
	"Remains of a Fish": 84.65248962655602,
	"Cyan Crystal Fragment": 83.54931321037535,
	"Demonic Essence": 81.61890950417748,
	"Life Crystal": 79.83628307113443,
	"Fox Paw": 78.88466231853566,
	"Brown Mushroom": 78.61832390094293,
	"Wand of Cosmic Energy": 78.42695987290632,
	"Silver Amulet": 77.67679688643508,
	"Worm": 75.18665819243284,
	"Crystal Sword": 74.26703370580124,
	"Brown Crystal Splinter": 74.02601480152501,
	"Essence of a Bad Dream": 69.63186520839491,
	"Scythe": 68.2048164601356,
	"Small Sapphire": 67.86594369151838,
	"Green Crystal Fragment": 67.63719646049742,
	"Mouldy Powder": 67.63230086671737,
	"Sword Ring": 66.009531975965,
	"Ratana": 63.11188811188811,
	"Small Amethyst": 61.68215906362704,
	"Green Tunic": 59.396658166689036,
	"Wand of Voodoo": 57.50586813870625,
	"Werebadger Claws": 57.29551038641947,
	"Scroll of Heroic Deeds": 56.90657654526155,
	"Garlic Necklace": 54.06016292935538,
	"Werebadger Skull": 53.56444047353139,
	"Shark Fins": 52.638069686817474,
	"Troll Green": 52.05325317405768,
	"Mana Potion": 51.57486639990108,
	"Small Emerald": 50.218718034378895,
	"Assassin Star": 48.63079494325713,
	"Terra Amulet": 46.867275348390194,
	"Mind Stone": 45.890643848000465,
	"Terra Boots": 45.65777210040431,
	"Big Bone": 45.41717453319502,
	"Wand of Inferno": 45.04256693028825,
	"Energy Ring": 44.59004743673191,
	"Fish Fin": 43.68998511171383,
	"Badger Fur": 43.35273425007995,
	"Piece of Iron": 42.18701374481328,
	"Poison Arrow": 41.48474303208504,
	"Wedding Ring": 41.345797867031166,
	"Fire Sword": 41.153524329394756,
	"Wereboar Hooves": 40.790212958767555,
	"Wereboar Tusks": 40.07249660172179,
	"Knight Axe": 39.89990909325165,
	"Two Handed Sword": 39.79052011828478,
	"Morning Star": 39.328489471776514,
	"Gloom Wolf Fur": 38.51110104213865,
	"Underworld Rod": 38.374949849391854,
	"Bat Wing": 38.032868813070635,
	"Stone Skin Amulet": 37.94039405411978,
	"Crowbar": 37.52072900418685,
	"Werefox Tail": 37.06122448979592,
	"Wand of Starstorm": 36.812925434521304,
	"Mystical Hourglass": 35.871872808043015,
	"Small Enchanted Emerald": 35.78542274052478,
	"Magic Light Wand": 35.16111948114548,
	"Platinum Amulet": 34.128504467788765,
	"Wolf Tooth Chain": 33.75751953334196,
	"Elven Amulet": 33.64236672785585,
	"Small Enchanted Ruby": 33.37167366870649,
	"Onyx Chip": 32.20475330319178,
	"Orb": 32.1320512163389,
	"Grappling Hook": 31.36706896551724,
	"Green Crystal Splinter": 30.666666666666664,
	"Life Ring": 27.23365088260286,
	"Dagger": 27.200000000000003,
	"Warwolf Fur": 26.604720944188838,
	"Axe Ring": 25.83210168489506,
	"Knight Armor": 25.801185873378248,
	"Golden Idol of Tukh": 25.797114450175673,
	"Power Ring": 24.05255690215785,
	"Hailstorm Rod": 23.951788775772194,
	"Glacier Amulet": 23.874516856430905,
	"Iron Ore": 23.557896784232366,
	"Wolf Paw": 23.251310339708926,
	"Leather Legs": 22.89095416378147,
	"Acorn": 22.629006937332825,
	"Ring of Blue Plasma": 22.38285967504125,
	"Dark Shield": 22.028004020546245,
	"Blue Ectoplasm": 21.229201172123837,
	"Death Ring": 20.979606409871057,
	"Red Piece of Cloth": 20.945327670664685,
	"War Hammer": 20.815727182661803,
	"Emerald Bangle": 20.606838560532495,
	"Spider Silk": 20.472004349053197,
	"Magma Amulet": 20.378657995861662,
	"Ring of Healing": 20.05839803736592,
	"Springsprout Rod": 19.63240401685156,
	"Werebear Fur": 19.411581569115818,
	"Silencer Claws": 19.14176915556013,
	"Dragon Necklace": 18.59549275705548,
	"Lion's Mane": 18.557125261869007,
	"Might Ring": 18.223553373392882,
	"Werebear Skull": 18.206724782067248,
	"Soul Orb": 17.932086658299397,
	"Slightly Rusted Armor": 17.855506195931728,
	"Moonlight Crystals": 17.54966644311817,
	"Focus Cape": 17.397524851625437,
	"Lion Cloak Patch": 17.280816937746874,
	"Sacred Tree Amulet": 16.76177243475879,
	"Burst Arrow": 16.16277895121202,
	"Health Potion": 16.10932392265316,
	"Steel Shield": 15.946225172404885,
	"Wand of Draconia": 15.93647813983131,
	"Magma Boots": 15.555014258870932,
	"Green Crystal Shard": 15.517569939066389,
	"Rope": 15.318480740840156,
	"Black Pearl": 15.192976054026506,
	"Doublet": 14.508440013594653,
	"Wyrm Scale": 14.37858321618483,
	"Scarf": 14.325689104459565,
	"Collar of Red Plasma": 13.604906887378068,
	"White Mushroom": 13.474503447936138,
	"Spear": 13.298323925489617,
	"Small Treasure Chest": 13.250883392226148,
	"Moonlight Rod": 12.971428571428572,
	"Werehyaena Talisman": 12.622377622377622,
	"Small Ruby": 12.481684592466308,
	"Dark Armor": 12.379064234734336,
	"Chicken Feather": 12.377644437338436,
	"Torch": 12.327882997192798,
	"Lion Crest": 12.326127404921964,
	"Hexagonal Ruby": 12.226581954073419,
	"Small Notebook": 12.208820587599188,
	"Silver Brooch": 12.172691407167006,
	"Pelvis Bone": 12.008639383149259,
	"Lyre": 11.714132331230706,
	"Red Ectoplasm": 11.137923301188607,
	"Dragon's Tail": 10.795944187660895,
	"Chain Armor": 10.507769169592725,
	"Sea Serpent Scale": 10.387402206160115,
	"Plate Shield": 10.112081482653181,
	"Brown Bread": 10.042520880789674,
	"Broken Longbow": 9.799764428739692,
	"Necklace of the Deep": 9.758793969849247,
	"Terra Rod": 9.722822448940208,
	"Orichalcum Pearl": 9.254730187668514,
	"Knight Legs": 8.77875227858182,
	"Black Shield": 8.761904761904761,
	"Nightmare Blade": 8.581813217737063,
	"Battle Axe": 8.082653596657623,
	"Sabre": 8.057671506631078,
	"Gold Ingot": 8.036902086896992,
	"Stealth Ring": 7.82331942662452,
	"Bloody Pincers": 7.813755613330182,
	"Royal Spear": 7.766862614532064,
	"Wood Cape": 7.681237486057454,
	"Werewolf Fangs": 7.664973566911993,
	"Book (Gemmed)": 7.643032796304383,
	"Haunted Blade": 7.600782174651366,
	"Winter Wolf Fur": 7.6000000000000005,
	"Strange Symbol": 7.5206174239027686,
	"Carnisylvan Bark": 7.422844179555041,
	"Rapier": 7.258246761879594,
	"Serpent Sword": 7.147900538012735,
	"Warrior Helmet": 7.092551383835306,
	"Mace": 7.087216817553669,
	"Heavily Rusted Armor": 7.025425348881667,
	"Prismatic Quartz": 7.004261045077372,
	"Magma Coat": 6.889437093518726,
	"Crown Armor": 6.8862071422881135,
	"Lightning Boots": 6.834092411514515,
	"Carnisylvan Finger": 6.786650565905652,
	"Plate Legs": 6.6541723117977085,
	"Small Enchanted Sapphire": 6.615956704125204,
	"Leather Helmet": 6.371492046245077,
	"Crown Legs": 6.267404527223499,
	"Glacial Rod": 6.203338004841381,
	"Longsword": 5.956025910326339,
	"White Pearl": 5.937752990713246,