{
	"Gold Coin": 11565.713588463248,
	"Platinum Coin": 9274.319214499905,
	"Ham": 1650.3741130870235,
	"Flask of Demonic Blood": 1348.522814872721,
	"Soul Orb": 1178.8229584405894,
	"Meat": 960.900335607768,
	"Great Spirit Potion": 949.7863117668477,
	"Demonic Essence": 655.3080444948837,
	"Great Mana Potion": 497.9726701578086,
	"Lion's Mane": 487.1018665755214,
	"Great Health Potion": 476.0621711588826,
	"Golden Lotus Brooch": 469.28199971867326,
	"Peacock Feather Fan": 401.4747545012245,
	"Small Diamond": 306.5378656854927,
	"Dark Armor": 301.7396907216495,
	"Black Pearl": 299.6619459371047,
	"Assassin Star": 289.4194551763872,
	"Vampire Teeth": 288.7795940411827,
	"Ultimate Health Potion": 272.84943174267255,
	"Power Bolt": 268.1649962249397,
	"Small Ruby": 259.2421882216894,
	"Unholy Bone": 236.5323137489308,
	"White Pearl": 227.69749164949448,
	"Crystal Sword": 219.57903879486025,
	"Strong Mana Potion": 217.23672733809096,
	"Rapier": 171.99488210564797,
	"Strong Health Potion": 168.4719077299146,
	"Small Sapphire": 161.41881944818488,
	"Silver Brooch": 160.58500656472478,
	"Leather Helmet": 149.58276534719633,
	"Blood Preservation": 146.0064528573368,
	"Weaver's Wandtip": 145.65085442997037,
	"Blank Rune": 144.0621821575823,
	"Small Enchanted Sapphire": 143.2314992791338,
	"Small Emerald": 130.21910257545952,
	"Small Topaz": 128.077080246595,
	"Ankh": 123.09204920440347,
	"Small Enchanted Ruby": 108.78336022214387,
	"Ivory Carving": 90.0490444461613,
	"Ice Flower (Item)": 84.51245565599422,
	"Ice Rapier": 83.82364122940369,
	"Axe": 82.76675113948825,
	"Dragon Ham": 80.68269019798177,
	"Dream Essence Egg": 80.63893381999428,
	"Serpent Sword": 79.58163222446424,
	"Bone Shoulderplate": 77.38812036856474,
	"Terra Boots": 76.78838470487952,
	"Moonlight Rod": 76.3470473567532,
	"Leather Boots": 67.91127707244212,
	"War Hammer": 64.23364145629542,
	"Tooth File": 63.16157564537694,
	"Hellspawn Tail": 59.735699077359826,
	"Twin Hooks": 58.57520537714712,
	"Bolt": 58.42892201746267,
	"Orichalcum Pearl": 58.1760319221856,
	"Yellow Gem": 53.77972134163656,
	"Zaoan Halberd": 51.98717049946661,
	"Small Amethyst": 51.73414300592024,
	"Plate Shield": 50.54920157450991,
	"Mind Stone": 50.42584118850753,
	"Steel Helmet": 47.375074456095135,
	"Vampire's Cape Chain": 46.15653604854469,
	"Tribal Mask": 46.06383072172144,
	"Warmaster's Wristguards": 44.88827881240249,
	"Saw": 43.06800832755032,
	"Dark Shield": 42.523199620969194,
	"Wand of Inferno": 41.33441312161559,
	"Steel Boots": 40.21582234559334,
	"Necrotic Rod": 39.49193249732666,
	"Death Ring": 38.99881782263116,
	"Red Piece of Cloth": 38.951904355295355,
	"Elven Astral Observer": 36.48961770170891,
	"Moonlight Crystals": 35.64583360813436,
	"Northwind Rod": 35.62410937898583,
	"Mace": 34.31880673866876,
	"Mystic Turban": 33.92131147540984,
	"Gold Ingot": 33.559320955694496,
	"Battle Shield": 33.32365506876699,
	"Doublet": 33.2860824742268,
	"Protection Amulet": 33.02678943574817,
	"Green Crystal Shard": 32.44505956354554,
	"Chain Armor": 31.999969222887753,
	"Lightning Headband": 30.35203801864376,
	"Rainbow Quartz": 30.309278350515466,
	"Miraculum": 30.160090905095284,
	"Emerald Bangle": 30.05079137326815,
	"Zaoan Shoes": 29.91690077814081,
	"Morning Star": 29.752306600425833,
	"Silver Amulet": 29.657085621298474,
	"Draken Sulphur": 28.70136130982411,
	"Glorious Axe": 28.047053336180603,
	"Cyan Crystal Fragment": 26.55489089993207,
	"Onyx Chip": 26.37097650858226,
	"Spirit Cloak": 26.25,
	"Spiked Squelcher": 23.797086673627497,
	"Red Mushroom": 23.512987934705464,
	"Focus Cape": 23.158055699474275,
	"Titan Axe": 21.568074068018397,
	"Red Gem": 21.52279612474173,
	"Elvish Talisman": 21.509235257073904,
	"Glacier Amulet": 21.273211783714405,
	"Rusted Armor": 20.717797173529394,
	"Brass Helmet": 20.63579506778701,
	"Life Crystal": 20.255722372620195,
	"Minotaur Horn": 20.138027851789605,
	"Grave Flower": 19.34418249228766,
	"Tiger Eye": 19.043895017116775,
	"Essence of a Bad Dream": 18.944778914169046,
	"Tower Shield": 18.361020299089805,
	"Cat's Paw": 16.970506592644,
	"Ruby Necklace": 16.51157127792158,
	"Coral Brooch": 16.507731958762886,
	"Blue Gem": 15.725707248173164,
	"Glacier Mask": 15.137793851717902,
	"Silver Goblet": 15.05263157894737,
	"Mysterious Fetish": 14.812317929256261,
	"Luminous Orb": 14.721192453649259,
	"Zaoan Legs": 14.416546879238782,
	"Underworld Rod": 14.412609372407251,
	"Katana": 14.407975782807748,
	"Magma Legs": 14.085999208963775,
	"High Guard Shoulderplates": 13.281247931930984,
	"Sword": 13.27615347819825,
	"Knight Legs": 13.17404705903998,
	"Sudden Death Rune": 12.9789557805008,
	"Slightly Rusted Armor": 12.893504164954615,
	"Crown Helmet": 12.860621717158697,
	"Oriental Shoes": 12.603872053654044,
	"Lizard Leather": 12.533531109259485,
	"Velvet Tapestry": 12.36123849372385,
	"Stone Skin Amulet": 12.22387314074013,
	"Noble Axe": 11.907216494845361,
	"Glacier Robe": 11.798229375095008,
	"Halberd": 11.74927945104988,
	"Hibiscus Dress": 11.719096234309623,
	"Knight Armor": 11.71395838932966,
	"Skull": 11.458002809056888,
	"Spiked Iron Ball": 11.431548097376506,
	"Hailstorm Rod": 11.121054968220768,
	"Energy Ring": 11.04078794381164,
	"Piece of Warrior Armor": 11.03062282516781,
	"White Silk Flower": 10.86991390405267,
	"Lizard Scale": 10.720756816578543,
	"Lion Figurine": 10.337146472402754,
	"Blue Robe": 10.328464648925905,
	"Spider Fangs": 10.142540867238942,
	"Spike Sword": 10.135340899442449,
	"Zaogun Shoulderplates": 10.045640453615913,
	"Bunch of Ripe Rice": 9.828713302085044,
	"Broken Crossbow": 9.794944771972624,
	"Green Crystal Fragment": 9.752134614255064,
	"Broken Halberd": 9.558011880592526,
	"Combat Knife": 9.082973427362633,
	"Crystal Ring": 8.594190951571703,
	"Knife": 8.457780776418346,
	"Wand of Cosmic Energy": 8.380872077612773,
	"Diremaw Brainpan": 8.241896220371556,
	"Mercenary Sword": 8.152626267130335,
	"Elven Amulet": 8.058906815517505,
	"Magma Coat": 7.973520721774464,
	"Minotaur Leather": 7.92314675292158,
	"Piercing Bolt": 7.878784098964124,
	"Heaven Blossom": 7.624631396357328,
	"Assassin Dagger": 7.5512725895788515,
	"Worm": 7.460370634078848,
	"Ring of Blue Plasma": 7.44776874387758,
	"Green Gem": 7.396862562470624,
	"Spellbook of Mind Control": 7.019968576981975,
	"Jewelled Backpack": 6.987855655794588,
	"Scimitar": 6.823192402602046,
	"Violet Crystal Shard": 6.465811828561163,
	"Opal": 6.435167542390824,
	"Butcher's Axe": 6.2748091603053435,
	"Honeycomb": 6.070016200781246,
	"Magma Amulet": 5.985682179610723,
	"Zaoan Robe": 5.95060838913479,
	"Terra Hood": 5.8706663388246865,
	"Drakinata": 5.7699888498655785,
	"Brass Armor": 5.677650569339615,
	"Skull Staff": 5.655642022581786,
	"Zaogun Flag": 5.623814835471277,
	"Zaoan Armor": 5.59061910183413,
	"Glacier Kilt": 5.558938615798484,
	"Skeleton Decoration": 5.473684210526316,
	"Knight Axe": 5.456444372630547,
	"Warrior Helmet": 5.422520846056763,
	"Belted Cape": 5.3452824777745915,
	"Glacier Shoes": 5.228295426754708,
	"Piece of Archer Armor": 5.141424408755167,
	"High Guard Flag": 4.9304656109666745,
	"Sword Ring": 4.928052024830033,
	"Seeds": 4.908365222517617,
	"Mino Shield": 4.89842400072754,
	"Spellweaver's Robe": 4.8343100095296,
	"Life Ring": 4.792627291390756,
	"Deepworm Jaws": 4.7061275531471445,
	"Green Mushroom": 4.695692555594676,
	"Dragon's Tail": 4.548818441604556,
	"Two Handed Sword": 4.545136109271243,
	"Vampire Shield": 4.48798176240996,
	"Platinum Amulet": 4.484828290753337,
	"Wood Mushroom": 4.476865360566903,
	"Vile Axe": 4.278278972935461,
	"Dragon Priest's Wandtip": 4.185927029039465,
	"Red Crystal Fragment": 4.172415088520951,
	"Dragon Necklace": 4.143697384824044,
	"Strange Helmet": 4.132691953307189,
	"Carrot": 4.118430612510512,
	"Ring of the Sky": 4.118383615764699,
	"Skullcracker Armor": 3.91073469677018,
	"Poisonous Slime": 3.890070467648943,
	"Wand of Draconia": 3.8871420172201954,
	"Beastslayer Axe": 3.863300334367614,
	"Torch": 3.839624499723801,