{
	"Platinum Coin": 6422.337559787916,
	"Gold Coin": 1249.6423815212647,
	"Great Health Potion": 1071.4057516599796,
	"Great Mana Potion": 1005.2759158732189,
	"Meat": 584.6782616460993,
	"Dark Mushroom": 417.65724433231765,
	"Green Mushroom": 298.73304096273966,
	"Axe": 287.5691761468967,
	"Werehyaena Nose": 285.1212121212121,
	"Skull": 271.1622407966722,
	"Dagger": 269.6,
	"Knife": 266.9184746769338,
	"Halberd": 205.77576393095586,
	"Dragon Ham": 193.70519163113894,
	"Red Crystal Fragment": 190.98771899478612,
	"Ham": 175.08891521822824,
	"Terra Amulet": 167.37453147525227,
	"Poison Arrow": 149.55913558007788,
	"Garlic Necklace": 142.15194190364613,
	"Bat Wing": 135.82469966362325,
	"Red Gem": 116.49675965515623,
	"Combat Knife": 110.4357193014626,
	"Yellow Gem": 108.73189961262844,
	"Life Preserver": 102.62237762237761,
	"Brown Bread": 99.53910402429764,
	"Small Enchanted Amethyst": 94.5124310578856,
	"Sabre": 79.87814228060994,
	"Green Crystal Fragment": 66.41334781723131,
	"Ice Rapier": 62.9680234609396,
	"Great Spirit Potion": 61.96236882424952,
	"Small Amethyst": 61.83010262754271,
	"Pirate Coin": 61.62797884320968,
	"Ratana": 61.57342657342658,
	"Terra Boots": 60.13419326944834,
	"Spear": 57.07146034305586,
	"Crystal Sword": 56.10920462722882,
	"Worm": 53.14985262102826,
	"Green Crystal Splinter": 51.076918366097125,
	"Silver Amulet": 46.19452852125662,
	"Pirat's Tail": 43.74853117899301,
	"Girlish Hair Decoration": 39.250888615019385,
	"Lion's Mane": 36.04834767556925,
	"Small Enchanted Emerald": 35.849659863945575,
	"Wand of Starstorm": 34.23853361277454,
	"Brown Crystal Splinter": 33.174306448649645,
	"Spider Silk": 28.728678839957034,
	"Sword Ring": 28.666666666666664,
	"Soul Orb": 26.9510346869735,
	"Doublet": 23.81661379857256,
	"Knight Axe": 23.152450537722682,
	"Beetroot": 22.92866600667063,
	"Crowbar": 22.760036121829078,
	"Hailstorm Rod": 21.61841213353669,
	"Dark Armor": 21.000198255352895,
	"Protective Charm": 20.964766195350624,
	"Shark Fins": 19.992579679353494,
	"Wand of Voodoo": 19.888530240128986,
	"Bone": 19.609144227532386,
	"Protection Amulet": 19.38513965659392,
	"Chain Armor": 16.6565261626332,
	"Rope Belt": 16.433513669246423,
	"Wand of Inferno": 15.566409764386664,
	"Grappling Hook": 14.720172413793103,
	"Knight Armor": 14.362367621705936,
	"Black Shield": 14.357099707490779,
	"Thick Fur": 13.928996050717107,
	"Mammoth Tusk": 13.558262315526918,
	"Fish": 13.403663519571978,
	"White Mushroom": 13.067563883884178,
	"Rapier": 12.991592030707366,
	"Plate Shield": 12.488569821063436,
	"Leather Helmet": 12.456385016750914,
	"Werehyaena Talisman": 12.314685314685315,
	"Cultish Robe": 12.236427994159149,
	"Morning Star": 10.951256700371022,
	"Focus Cape": 10.303462648365533,
	"Small Enchanted Sapphire": 9.894470630037741,
	"Leather Boots": 9.583679312061182,
	"Mouldy Powder": 9.57723264972702,
	"Small Diamond": 9.424077959199964,
	"Black Pearl": 9.41964542349827,
	"Ankh": 9.29446170718333,
	"Flask of Demonic Blood": 9.254252390905656,
	"Book (Gemmed)": 9.105818110596312,
	"Torch": 8.842573120962287,
	"Small Sapphire": 8.518902590749976,
	"Terra Mantle": 8.361331901181524,
	"Demonic Essence": 7.9992342403522185,
	"Mace": 7.854634711898983,
	"Strong Health Potion": 7.77989472564793,
	"Red Apple": 7.638212795549374,
	"Power Bolt": 7.143648412887547,
	"Springsprout Rod": 6.915517241379311,
	"Magma Boots": 6.79523763374508,
	"Rotten Piece of Cloth": 6.7718751391548295,
	"Silver Brooch": 6.70844407489369,
	"Ivory Carving": 6.539916510253546,
	"Golden Lotus Brooch": 6.504923031740229,
	"Shadow Herb": 6.194335465107329,
	"Serpent Sword": 6.122097174904302,
	"Bolt": 6.0519629798450225,
	"Frosty Heart": 5.802693427379548,
	"Strong Mana Potion": 5.7988094556044985,
	"Cheese": 5.736488003304479,
	"Insectoid Eggs": 5.585914621946562,
	"Peacock Feather Fan": 5.547336026519448,
	"Energy Ring": 5.410110451266725,
	"Badger Fur": 5.3559322033898304,
	"Hunting Spear": 5.227484510314237,
	"Arrow": 5.219825429842999,
	"Hellspawn Tail": 5.136976579134138,
	"Cyan Crystal Fragment": 5.003833618780958,
	"White Pearl": 4.917785361154499,
	"Small Enchanted Ruby": 4.769733638947808,
	"War Hammer": 4.711953936019886,
	"Twin Hooks": 4.680955937266616,
	"Wyrm Scale": 4.643084163559685,
	"Cultish Mask": 4.531044926804644,
	"Ice Cube": 4.4821739237379425,
	"Mammoth Whopper": 4.4412388276865515,
	"Assassin Star": 4.1858284802538055,
	"Ring of Blue Plasma": 4.1399787910922585,
	"Cape": 4.114441488540959,
	"Steel Helmet": 4.093990637630687,
	"Brass Helmet": 4.071314566567399,
	"Battle Shield": 3.9951613379489994,
	"Scroll": 3.60810629445712,
	"Werehyaena Trophy": 3.583333333333333,
	"Crossbow": 3.5712098216292,
	"Burst Arrow": 3.419739451664665,
	"Wyvern Talisman": 3.3639410187667558,
	"Acorn": 3.3316873879202102,
	"Voluminous Piece of Cloth": 3.261945601568243,
	"Golden Mug": 3.2331197905439866,
	"Ludicrous Piece of Cloth": 3.185493751531487,
	"Small Ruby": 3.102924400778873,
	"Ominous Piece of Cloth": 3.08355795148248,
	"Small Topaz": 3.0789542730589305,
	"Wood Cape": 3.0726405090137856,
	"Luminous Piece of Cloth": 3.0708159764763536,
	"Small Emerald": 3.0403234564404795,
	"Obvious Piece of Cloth": 2.943396226415094,
	"Lightning Boots": 2.943266171792153,
	"Moonlight Crystals": 2.86129290674361,
	"Short Sword": 2.821480170282618,
	"Sword": 2.7934436592745246,
	"Ultimate Health Potion": 2.7900268446070444,
	"Green Crystal Shard": 2.760484724373709,
	"Dark Shield": 2.7121332275971453,
	"Dubious Piece of Cloth": 2.688556726292575,
	"Chicken Feather": 2.6736029535156907,
	"Onyx Chip": 2.661548689553134,
	"Book (Orange)": 2.4522139892400343,
	"Ghoul Snack": 2.3638063855368037,
	"Lightning Headband": 2.3231809161046346,
	"Heavy Old Tome": 2.2348870503653613,
	"Cookie": 2.201441734413719,
	"Pirate Voodoo Doll": 2.1362759724966,
	"Rainbow Quartz": 2.1094369547977796,
	"Cyclops Toe": 2.107140576016314,
	"Red Mushroom": 2.0220014194464158,
	"Viking Helmet": 2.0146896699805827,
	"Pelvis Bone": 1.9995790359924226,
	"Scarf": 1.9887868630970813,
	"Glorious Axe": 1.939928628072958,
	"Book of Necromantic Rituals": 1.91351943076081,
	"Soldier Helmet": 1.8933391466339007,
	"Warwolf Fur": 1.8826431953057279,
	"Health Potion": 1.8799525558885326,
	"Steel Shield": 1.8588824225611686,
	"Spirit Cloak": 1.826923076923077,
	"Hatchet": 1.814218111709483,
	"Earth Arrow": 1.813014818102114,
	"Lump of Earth": 1.7957721324428761,
	"Shovel": 1.7502046615508569,
	"Silky Fur": 1.743401125054089,
	"Spiked Squelcher": 1.71661638906961,
	"Red Rose": 1.6287746611193128,
	"Grapes": 1.6145483827674139,
	"Carrot": 1.6142807450510333,
	"Bow": 1.612246266858809,
	"Flask of Embalming Fluid": 1.5731273050998347,
	"Rope": 1.543622163115465,
	"Brown Flask": 1.5365133309058543,
	"Wolf Tooth Chain": 1.5068693036187515,
	"Fire Sword": 1.4691655403761594,
	"Scale Armor": 1.338412087599036,
	"Gauze Bandage": 1.3014673152740683,
	"Leather Legs": 1.2807321043057336,
	"Titan Axe": 1.280729579698652,
	"Wolf Paw": 1.2117255334603307,
	"Dragon's Tail": 1.1848025415192294,
	"Coral Brooch": 1.1488897700237908,
	"Battle Axe": 1.1426725749182491,
	"Centipede Leg": 1.119345565232096,
	"Half-Digested Piece of Meat": 1.0860563514887185,
	"Honeycomb": 1.0693218607448693,
	"Magma Legs": 1.0642424390379546,
	"Furry Club": 1.0194515402202629,
	"Crown Helmet": 1.0061863751235423,
	"Brown Mushroom": 1.0040839214278994,
	"Rusted Armor": 0.9745704342715897,
	"Minotaur Horn": 0.952043024786018,
	"Sniper Arrow": 0.9217554690645551,
	"Plate Armor": 0.9107161082067416,
	"Small Stone": 0.9094786062974228,
	"Tusk Shield": 0.8989861668110131,
	"Werebadger Claws": 0.8952423497878043,
	"Blue Crystal Splinter": 0.8937167003490722,
	"Crystalline Arrow": 0.8904097005327944,
	"Blank Rune": 0.8790847197116478,
	"Noble Axe": 0.8462581420661103,
	"Werebadger Skull": 0.836944382398928,
	"Clerical Mace": 0.8362519008486309,
	"Red Piece of Cloth": 0.829712910016357,
	"Gloom Wolf Fur": 0.82464884458541,
	"White Piece of Cloth": 0.8116634799235182,