{
	"Gold Coin": 2277.2799772922745,
	"Platinum Coin": 1685.0881659256827,
	"Ham": 570.6421961062938,
	"Meat": 286.9460435151164,
	"Great Spirit Potion": 174.86720291383534,
	"White Mushroom": 162.96955927593274,
	"Piece of Crocodile Leather": 98.96560650102904,
	"Lion's Mane": 95.09241451594922,
	"Bolt": 67.10585743925182,
	"Dark Armor": 60.50243386712919,
	"Soul Orb": 58.02742378698914,
	"Worm": 57.04763901447989,
	"Small Diamond": 55.841244483546475,
	"Crystal Sword": 54.133048397109235,
	"Small Sapphire": 48.93905660480169,
	"Fafnar Symbol": 48.823258903897,
	"Small Stone": 43.58173149571801,
	"Dragon Ham": 42.78634889184717,
	"Fish": 42.23659613323167,
	"Brown Crystal Splinter": 40.64133569715163,
	"Hatchet": 38.225537645124426,
	"Secret Instruction": 37.7851016790867,
	"Axe": 37.27573189632663,
	"Leather Helmet": 34.990164460018,
	"Rapier": 33.34125388411625,
	"Red Gem": 32.931396623375875,
	"Small Enchanted Ruby": 31.172101088017563,
	"Crab Pincers": 30.578911095796002,
	"Great Health Potion": 29.078500254412866,
	"Crystalline Arrow": 28.65467014076533,
	"Leather Boots": 27.273293859783553,
	"Red Crystal Fragment": 25.90872935377975,
	"Small Enchanted Sapphire": 25.887674194341322,
	"Great Mana Potion": 25.26406849952548,
	"Bone": 25.000271480019777,
	"Lump of Earth": 24.85864089182325,
	"Hydra Head": 24.37812550411357,
	"Ankh": 23.85304331932005,
	"Black Pearl": 22.314528398231325,
	"Drill Bolt": 22.149848637739655,
	"Skull": 20.622923820712703,
	"Terra Boots": 20.14903279859034,
	"Leather Legs": 19.259022036145556,
	"Lightning Headband": 19.091665488357513,
	"Strong Health Potion": 18.7847469337862,
	"Strange Talisman": 18.63676258236178,
	"Dragon Necklace": 18.219562720831508,
	"Short Sword": 17.93804256907083,
	"Serpent Sword": 17.634777261344755,
	"Silver Brooch": 17.624943611359697,
	"Ivory Carving": 17.598038630912527,
	"Ice Rapier": 17.092435030520193,
	"Empty Honey Glass": 16.64289429741478,
	"Yellow Gem": 16.364109854012845,
	"Golden Idol of Tukh": 15.6697316289153,
	"Pick": 15.644157912766916,
	"Pirate Coin": 15.62744359217349,
	"Copper Shield": 15.445578147665529,
	"Magma Boots": 15.37119334550387,
	"Soldier Helmet": 14.79171208307735,
	"Cyclops Toe": 14.686241819544591,
	"Lightning Pendant": 14.249429443654023,
	"Dagger": 14.195355172648641,
	"Magma Amulet": 13.90000391863536,
	"Green Crystal Splinter": 13.682889509122328,
	"Chain Armor": 13.601903919957637,
	"Wild Flowers": 12.615296838314176,
	"Studded Armor": 12.613471117143003,
	"War Hammer": 12.611608139633361,
	"Shovel": 12.577985484811956,
	"Letter": 12.176652816364665,
	"Cheese": 12.063143423265732,
	"Arrow": 11.964252628417643,
	"Strong Mana Potion": 11.947302618113797,
	"Cucumber": 11.851373877507124,
	"Steel Helmet": 11.621186639356484,
	"Plate Shield": 11.607827612607469,
	"Twin Hooks": 11.386109036594473,
	"Lightning Legs": 11.334004024144868,
	"Stone Wing": 11.280396847734309,
	"Battle Shield": 11.215156157935247,
	"Wand of Inferno": 11.073620246744065,
	"Pirat's Tail": 10.960058548198614,
	"Earth Arrow": 10.878088908612684,
	"Knight Axe": 10.362908724636743,
	"Torch": 9.731771000010704,
	"Compass": 9.545563978360267,
	"Fairy Wings": 9.514723861858625,
	"White Pearl": 9.460924656568833,
	"Blue Crystal Shard": 9.460666215051022,
	"Shimmering Beetles": 9.346195343520206,
	"Potato": 9.325921756262314,
	"Dark Shield": 9.176900498501098,
	"Wand of Draconia": 9.09030425356956,
	"Snakebite Rod": 8.802172226532196,
	"Onyx Chip": 8.556105624123184,
	"Dandelion Seeds": 8.451553118527968,
	"Elven Amulet": 8.036369089195743,
	"Underworld Rod": 7.9983884669299,
	"Small Enchanted Emerald": 7.8671023256645505,
	"Flask of Embalming Fluid": 7.865636525499173,
	"Spear": 7.820450363826144,
	"Prismatic Quartz": 7.71659456694132,
	"Small Axe": 7.688619491929442,
	"Rainbow Quartz": 7.646667949048643,
	"Halberd": 7.489178644500916,
	"Piercing Bolt": 7.472999883163768,
	"Blue Crystal Splinter": 7.397988241778432,
	"Fresh Fruit": 7.3119228613073215,
	"Wyvern Talisman": 7.208445040214477,
	"Colourful Snail Shell": 6.992519307105541,
	"Moonlight Crystals": 6.963969417870682,
	"Red Ectoplasm": 6.765418255214174,
	"Knight Armor": 6.73600264557912,
	"Battle Axe": 6.582924932859279,
	"Doublet": 6.559674861221253,
	"Gauze Bandage": 6.507336576370342,
	"Crowbar": 6.308383180798803,
	"Leaf Star": 6.275331907689566,
	"Carrot": 6.225412155766861,
	"Blank Rune": 6.171661304559364,
	"Lump of Dirt": 6.102377079732981,
	"Battle Hammer": 5.704402958751275,
	"Magic Light Wand": 5.681218904398197,
	"Glorious Axe": 5.4930610626486915,
	"Lightning Boots": 5.4651105644115665,
	"War Axe": 5.426564927506843,
	"Green Crystal Shard": 5.426172914967298,
	"Crystalline Spikes": 5.413329046481719,
	"Shark Fins": 5.2882357770298,
	"Mace": 5.2653395757353225,
	"Spirit Cloak": 5.173076923076923,
	"Pelvis Bone": 5.090701089670751,
	"Essence of a Bad Dream": 5.040570445045488,
	"Sabre": 5.03404046611465,
	"Green Crystal Fragment": 4.9445620854286085,
	"Crossbow": 4.904681715868782,
	"Rat Cheese": 4.787321341044893,
	"Brown Bread": 4.7258921791951405,
	"Stone Herb": 4.611717991379164,
	"Opal": 4.522895711785184,
	"Soft Cheese": 4.513222025679152,
	"Titan Axe": 4.398860539397262,
	"Wand of Decay": 4.320365358592692,
	"Spiked Squelcher": 4.300846587871508,
	"Scale Armor": 4.250915428083501,
	"Violet Gem": 4.246046274772076,
	"Wand of Voodoo": 4.1873251116877555,
	"Magma Coat": 4.184794797039695,
	"Cyan Crystal Fragment": 4.113517550410754,
	"Bone Club": 3.853163522440918,
	"Dwarven Shield": 3.7976376860421333,
	"Golden Sickle": 3.7461056739150957,
	"Golden Mask": 3.61426406885154,
	"Ultimate Health Potion": 3.462011310548316,
	"Spellweaver's Robe": 3.374245472837022,
	"Broken Crossbow": 3.3670122653655894,
	"Terra Hood": 3.3519726738566105,
	"Coral Brooch": 3.3026668268300616,
	"Health Potion": 3.276965994209729,
	"Grappling Hook": 3.0827586206896553,
	"Sea Horse Figurine": 3.070030466969612,
	"Yellow Piece of Cloth": 3.0684201258483927,
	"Sword": 3.0465003060982347,
	"Ring of Healing": 2.9165994515244393,
	"Magma Legs": 2.888136817328284,
	"Small Topaz": 2.8741425303690433,
	"Unholy Bone": 2.8693994280266923,
	"Double Axe": 2.830427091502715,
	"Heavily Rusted Armor": 2.765259181486573,
	"Bow": 2.722191304967445,
	"Earflap": 2.7156566120416112,
	"Plate Armor": 2.698825085596264,
	"Battle Stone": 2.6956335065046586,
	"Assassin Star": 2.6940625089887718,
	"Blue Piece of Cloth": 2.6890819257094183,
	"Focus Cape": 2.6766275346851653,
	"Bola": 2.6619068001446013,
	"Wand of Everblazing": 2.645805142083897,
	"Demonic Skeletal Hand": 2.6345393584546866,
	"Throwing Star": 2.630216425794366,
	"Relic Sword": 2.6123139377537212,
	"Cave Turnip": 2.5344827586206895,
	"Poison Arrow": 2.532053060887083,
	"Morning Star": 2.4989422923880595,
	"Crown Helmet": 2.49131785779565,
	"Stone Skin Amulet": 2.4775550407655755,
	"Hexagonal Ruby": 2.464379158256709,
	"Combat Knife": 2.4377173100093517,
	"Goat Grass": 2.413793103448276,
	"Black Shield": 2.3895233188009133,
	"Cheese Cutter": 2.3847229521434032,
	"Noble Axe": 2.3465503568596353,
	"Hydra Egg": 2.254127009732753,
	"Steel Shield": 2.243969296593765,
	"Wand of Starstorm": 2.237178167525928,
	"Small Amethyst": 2.209055662298449,
	"Voluminous Piece of Cloth": 2.1746304010454955,
	"Minotaur Horn": 2.1550143134549433,
	"Mouldy Powder": 2.1505832449628843,
	"White Silk Flower": 2.128044765196231,
	"Ludicrous Piece of Cloth": 2.1236625010209913,
	"Girlish Hair Decoration": 2.116471825058637,
	"Power Bolt": 2.1064313618761967,
	"Ominous Piece of Cloth": 2.05570530098832,
	"Luminous Piece of Cloth": 2.047210650984236,
	"Mino Shield": 2.035898696828129,
	"Two Handed Sword": 2.0282604044487735,
	"Lion Figurine": 2.0204116043485576,
	"Roll": 1.9942688886971132,
	"Cookie": 1.9921925200866304,
	"Warrior Helmet": 1.9745120180674303,
	"Leather Armor": 1.9743921541919227,
	"Star Herb": 1.9731271772400267,
	"Obvious Piece of Cloth": 1.9622641509433962,
	"Strawberry": 1.845341964537011,