{
	"Gold Coin": 4581.144565998669,
	"Platinum Coin": 1255.186334855458,
	"Ham": 476.0405192375192,
	"Meat": 409.68309280104523,
	"Dragon Ham": 207.00807116713403,
	"Worm": 145.84554263272557,
	"Damselfly Wing": 135.5750427612264,
	"Rope": 132.3748534116231,
	"Insectoid Eggs": 126.38131832154096,
	"Arrow": 126.1076406017206,
	"Fish": 125.42064689806243,
	"Damselfly Eye": 114.55066247989585,
	"Lump of Dirt": 101.43572937296413,
	"Swampling Moss": 98.3505485158448,
	"Diremaw Brainpan": 79.75246636771301,
	"Strong Mana Potion": 78.05872323804441,
	"Elven Astral Observer": 76.97641002091676,
	"Piece of Swampling Wood": 73.62044448321737,
	"Health Potion": 73.4164699700325,
	"Great Health Potion": 67.35069783382329,
	"Mana Potion": 66.7768241132119,
	"Mace": 60.17703431104176,
	"Poisonous Slime": 58.384061245225425,
	"Bone": 55.51881917794659,
	"White Mushroom": 55.45870829174561,
	"Dream Essence Egg": 50.578181422629285,
	"Hydrophytes": 49.15482592697424,
	"Longsword": 46.068552038905004,
	"Green Mushroom": 44.39033121040091,
	"Marsh Stalker Feather": 44.251324177741125,
	"Deepworm Jaws": 39.766777824093374,
	"Violet Crystal Shard": 38.870400087119194,
	"Two-Headed Turtle Heads": 38.27228983866402,
	"Wood Mushroom": 37.96273669242641,
	"Lancer Beetle Shell": 36.73026747321624,
	"Swampling Club": 36.589801749143966,
	"Green Crystal Shard": 36.29896855378829,
	"Sword": 35.327760968322856,
	"Small Emerald": 33.87642816527904,
	"Diremaw Legs": 31.951569506726454,
	"Giant Shimmering Pearl (Green)": 31.36740069764266,
	"Marsh Stalker Beak": 31.260109740239145,
	"Halberd": 31.230063910177627,
	"Cheese": 31.180770223896946,
	"Blue Crystal Shard": 31.108520179372196,
	"Glacier Shoes": 30.19967235552867,
	"Carrion Worm Fang": 28.169019815274442,
	"Piece of Crocodile Leather": 27.742016000858797,
	"Onyx Chip": 27.35695067264574,
	"Heaven Blossom": 26.616520388677884,
	"Steel Shield": 25.965279413979978,
	"Dark Mushroom": 24.559673509527386,
	"Belted Cape": 24.106943001780266,
	"Blank Rune": 23.90924895992641,
	"Two Handed Sword": 22.76141152706318,
	"Seeds": 22.51943918270894,
	"Deepworm Spike Roots": 22.190496040016672,
	"Great Spirit Potion": 21.3479488340598,
	"Spear": 20.99361500932311,
	"Mutated Flesh": 20.746999669331466,
	"Widow's Mandibles": 19.609648043317744,
	"Elvish Talisman": 19.46280665050574,
	"Scimitar": 19.38970972376466,
	"Dragon Necklace": 18.742783358161407,
	"Magma Amulet": 18.254052349372365,
	"Dragon's Tail": 17.81540725458758,
	"Small Tropical Fish": 17.72997452589867,
	"Crossbow": 17.449563045422664,
	"Orichalcum Pearl": 17.359637774902975,
	"Knife": 16.985867851582483,
	"Deepworm Spikes": 16.83659858274281,
	"Wand of Dragonbreath": 16.607020204275262,
	"Wand of Draconia": 16.45342947638929,
	"Life Ring": 16.252836537407322,
	"Spike Sword": 15.654243518335882,
	"Small Enchanted Ruby": 15.506851691240243,
	"Dead Frog": 15.256192222549476,
	"Terra Amulet": 14.828464650628677,
	"Torch": 14.502531504379624,
	"Combat Knife": 14.466074051968514,
	"Hand Axe": 14.391931902294596,
	"Skull": 14.284910070605743,
	"Burst Arrow": 14.135266481198855,
	"Staff": 13.692108667529107,
	"Twigs": 12.878210096323523,
	"Rotten Piece of Cloth": 12.51324753974262,
	"Coral Brooch": 12.472120011321822,
	"Hydra Head": 12.189062752056785,
	"Flotsam": 12.102846054333765,
	"Leather Helmet": 11.726335245656273,
	"Red Crystal Fragment": 11.702862098872506,
	"Glob of Mercury": 11.692551505546751,
	"Ultimate Health Potion": 11.54078316830745,
	"Remains of a Fish": 11.369340232858992,
	"Small Sapphire": 11.330270516669973,
	"Leather Boots": 11.22446618171784,
	"Black Pearl": 11.166617544844533,
	"Knight Legs": 10.840507503493676,
	"Small Diamond": 10.810198018515925,
	"Plate Shield": 10.79576109827413,
	"Leaf Star": 10.606418039895924,
	"White Pearl": 10.513583441138422,
	"Fishbone": 10.469588220419755,
	"Silver Brooch": 10.414687649241923,
	"Small Enchanted Emerald": 9.990134529147982,
	"Gold Ingot": 9.94798206278027,
	"Gemmed Figurine": 9.659779224455137,
	"Lightning Headband": 9.602096204943916,
	"Strong Health Potion": 9.597742327529168,
	"Soul Orb": 9.537291433486823,
	"Scale Armor": 9.402123768821655,
	"Poison Arrow": 9.14954388180843,
	"Plate Legs": 9.09997648876032,
	"Steel Helmet": 8.938675138387032,
	"Brass Helmet": 8.829656211372765,
	"Coral Branch": 8.557567917205692,
	"Beetroot": 8.482771026543013,
	"Spider Fangs": 8.085295098885277,
	"Suspicious Device": 8.079969606169985,
	"Small Stone": 8.005304802813104,
	"Miraculum": 7.879598662207358,
	"Royal Spear": 7.640126066633282,
	"Essence of a Bad Dream": 7.433561158313298,
	"Magma Boots": 7.348801694057999,
	"Ring of Blue Plasma": 7.126169083261314,
	"Plate Armor": 7.056785430478048,
	"Terra Boots": 6.725448352005589,
	"Book (Gemmed)": 6.64215945393119,
	"Small Enchanted Amethyst": 6.4675244472755695,
	"Energy Ring": 6.438366314565474,
	"Spellbook of Enlightenment": 6.315902017179314,
	"Strange Talisman": 6.17520979316804,
	"Obsidian Lance": 6.127745747766758,
	"Short Sword": 6.114466029127517,
	"Gold Nugget": 6.113784319275403,
	"Emerald Bangle": 6.027166166099805,
	"Cucumber": 5.925686938753562,
	"Sun Fruit": 5.902391142082058,
	"Power Bolt": 5.764429521610092,
	"Heavy Old Tome": 5.584638789402158,
	"Bunch of Ripe Rice": 5.327781098147234,
	"Wooden Shield": 5.0497466981232355,
	"Pelvis Bone": 4.798989686381814,
	"Cape": 4.787795248899748,
	"Sacred Tree Amulet": 4.691771512344351,
	"Silver Amulet": 4.598142345907878,
	"Glob of Acid Slime": 4.593434100317705,
	"Viking Helmet": 4.589817259874849,
	"Studded Club": 4.589384590545956,
	"Ghoul Snack": 4.3679031037093115,
	"Wand of Inferno": 4.251430350681832,
	"Earth Arrow": 4.028921818004697,
	"Lump of Earth": 3.990604738761947,
	"Mouldy Cheese": 3.9488792088057676,
	"Bow": 3.8756902661009316,
	"Wand of Cosmic Energy": 3.8748713863027757,
	"Small Axe": 3.734819269351866,
	"Chain Armor": 3.5432940530243693,
	"Broadsword": 3.4657912122463945,
	"Sword Ring": 3.4620746625666583,
	"Stone Herb": 3.373046171576749,
	"Rope Belt": 3.3245243589082483,
	"Hatchet": 3.3150951200586025,
	"Clay Lump": 3.301262945983161,
	"Wood Cape": 3.2669557675628793,
	"Wyvern Talisman": 3.2438002680965146,
	"Heavily Rusted Armor": 3.237723516201359,
	"Mind Stone": 2.9630099738881905,
	"Tarantula Egg": 2.8903516617178835,
	"Yellow Gem": 2.8406486036569354,
	"Holy Orchid": 2.755287294756836,
	"Mutated Rat Tail": 2.6639775264712235,
	"Leather Legs": 2.4866290460381864,
	"Scroll": 2.4379408891943712,
	"Collar of Blue Plasma": 2.3495229835212488,
	"Golden Mug": 2.2761305527402618,
	"Cultish Robe": 2.2715627730426906,
	"Dagger": 2.257556195885723,
	"Springsprout Rod": 2.2504565119327538,
	"Zaoan Halberd": 2.2351300352777095,
	"Orc Leather": 2.2103111868535144,
	"White Gem": 2.200962354939145,
	"Spider Silk": 2.199685417837664,
	"Beetle Necklace": 2.1867575249617377,
	"Badger Fur": 2.12216181643748,
	"Ring of Healing": 2.1115660574205113,
	"Fire Axe": 2.0842809364548494,
	"Purple Robe": 2.079341864716636,
	"Elven Amulet": 2.047325711850202,
	"Small Enchanted Sapphire": 2.0138768430182132,
	"Underworld Rod": 2.0060892698788058,
	"Powder Herb": 2.0053951770901346,
	"Life Crystal": 1.9855328706900461,
	"Mercenary Sword": 1.9775008893471366,
	"Dirty Fur": 1.9602400600150038,
	"Minotaur Horn": 1.954708272211658,
	"Bone Club": 1.8799471646708772,
	"Power Ring": 1.8686277130145845,
	"Studded Legs": 1.7889532983043557,
	"Green Dragon Scale": 1.7829205086482252,
	"Double Axe": 1.768311493906129,
	"Green Dragon Leather": 1.74886139594149,
	"Melon": 1.744817856238469,
	"Axe Ring": 1.7328016599517113,
	"Roll": 1.7139854418095957,
	"Stone Skin Amulet": 1.6928910865465427,
	"Boggy Dreads": 1.67808435499153,
	"Hunting Spear": 1.6694887486122745,
	"Knight Armor": 1.6513370518318176,
	"Orange": 1.6083178150217257,
	"Magma Coat": 1.5759197324414718,
	"Flask of Embalming Fluid": 1.5731273050998347,
	"Snakebite Rod": 1.5626603712856888,
	"Red Dragon Scale": 1.434464847969479,
	"Leather Armor": 1.42581879290425,