{
	"Platinum Coin": 9884.820379363367,
	"Gold Coin": 4057.2276212449974,
	"Great Mana Potion": 1268.7568296888683,
	"Great Health Potion": 1068.6080790742283,
	"Ham": 1058.1892865452944,
	"Meat": 793.3978994246659,
	"Great Spirit Potion": 744.5438019903751,
	"Skull": 602.1675364493246,
	"Dagger": 592,
	"Dark Mushroom": 476.1710716001922,
	"Dragon Ham": 434.3301335459316,
	"Lion's Mane": 373.6417235517871,
	"Axe": 335.1591793174621,
	"Rare Earth": 331.59942279942277,
	"Green Mushroom": 327.8838109901765,
	"Dark Armor": 251.82723919029178,
	"Coal": 248.02703055268378,
	"Werehyaena Nose": 247.0757575757576,
	"Crystal Sword": 245.27907993691184,
	"Knife": 236.96969696969697,
	"Red Crystal Fragment": 236.6970885416115,
	"Brown Bread": 218.57251328777525,
	"Pirate Coin": 211.62058721405134,
	"Glob of Acid Slime": 208.13136422748437,
	"Soul Orb": 206.69708552886058,
	"Terra Amulet": 193.85354341872315,
	"Halberd": 182.43156468972214,
	"Morning Star": 178.72347338374811,
	"Poison Arrow": 174.98621185180593,
	"Sabre": 172.36985156073993,
	"Stonerefiner's Skull": 166.88023088023087,
	"Poisonous Slime": 164.11185511805698,
	"Garlic Necklace": 163.9088088357713,
	"Pirat's Tail": 156.80149952234342,
	"Bat Wing": 155.06083613647286,
	"Strong Health Potion": 154.60253358311724,
	"Ice Rapier": 148.0657355904804,
	"Red Gem": 144.5323923385493,
	"Leather Helmet": 140.86080073502688,
	"Rapier": 136.00932187899835,
	"Terra Boots": 134.90100355285108,
	"Yellow Gem": 129.9374015694644,
	"Cyan Crystal Fragment": 129.11615261992216,
	"Small Diamond": 126.90060545888053,
	"Half-Digested Stones": 122.37883597883597,
	"Strong Mana Potion": 117.45932842194865,
	"Spear": 103.35390438332209,
	"Small Enchanted Sapphire": 103.17043183049248,
	"Combat Knife": 101.3390363681626,
	"Ankh": 97.30396636812283,
	"Life Preserver": 91.14219114219114,
	"Rat Cheese": 86.52159692159692,
	"Mouldy Powder": 86.42434784749928,
	"Black Pearl": 85.60801248282505,
	"Small Enchanted Amethyst": 83.90073767346495,
	"Wyrm Scale": 81.6284151335493,
	"Worm": 80.35535102764551,
	"Girlish Hair Decoration": 78.68297976709827,
	"Serpent Sword": 77.46589983588906,
	"Leather Boots": 76.3034669065355,
	"Ivory Carving": 69.70885217579362,
	"Green Crystal Fragment": 67.4574125645178,
	"Piece of Crocodile Leather": 66.3109630604061,
	"Wood": 64.83274696365922,
	"Shark Fins": 62.062715781866814,
	"Silver Brooch": 57.548176050753376,
	"Sea Serpent Scale": 55.505831703793035,
	"Small Amethyst": 54.9307074207278,
	"Ratana": 54.68531468531469,
	"Silver Amulet": 53.93500557973653,
	"Small Enchanted Ruby": 51.632994852503806,
	"Onyx Chip": 51.03936990419112,
	"Wand of Starstorm": 48.42478471484531,
	"War Hammer": 48.283465969076154,
	"Fish": 46.902420963462305,
	"Fire Sword": 45.533088982784456,
	"Burst Arrow": 44.40464111994783,
	"Protection Amulet": 43.1286650576573,
	"Twin Hooks": 43.01418969380134,
	"Doublet": 42.86699442893746,
	"Knight Axe": 42.651290328614266,
	"Green Crystal Splinter": 42.23103285995047,
	"Hand Axe": 42.08615953220843,
	"Protective Charm": 42.0582689933606,
	"Crowbar": 41.806091453903626,
	"Wand of Inferno": 41.14677345026868,
	"Grappling Hook": 40.38413793103448,
	"Green Crystal Shard": 39.98106897076114,
	"Wand of Voodoo": 39.384520520542715,
	"Brown Crystal Splinter": 38.94495064642424,
	"Steel Helmet": 38.179993049467555,
	"White Pearl": 37.60335217813272,
	"Crossbow": 34.75264245641462,
	"Battle Axe": 34.58659689483537,
	"Small Emerald": 34.445973569291645,
	"Spider Silk": 34.259260193173056,
	"Blue Glass Plate": 33.80297193175564,
	"Wooden Shield": 33.668606530654166,
	"Heavily Rusted Armor": 31.981207364950503,
	"Small Sapphire": 30.97889724426669,
	"Bolt": 30.349204067452277,
	"Spirit Cloak": 29.946920559105763,
	"Dark Shield": 29.49088025376685,
	"Plate Shield": 29.27007393688183,
	"Small Enchanted Emerald": 28.863559527767663,
	"Moonlight Crystals": 27.7187447745441,
	"Life Crystal": 27.61185186593554,
	"Rainbow Quartz": 26.88587610446775,
	"Knight Armor": 26.55106856606181,
	"Focus Cape": 26.030211916323232,
	"Chain Armor": 25.899326697336253,
	"Plate Legs": 25.832734250850613,
	"Lightning Headband": 25.445895870548785,
	"Bone": 25.02806694425882,
	"Glorious Axe": 24.4675948100394,
	"White Mushroom": 23.27079862967283,
	"Sword Ring": 23,
	"Battle Hammer": 22.887376906869687,
	"Magma Boots": 21.59120170190709,
	"Mace": 21.521830250604797,
	"Rope": 21.28417809268002,
	"Hailstorm Rod": 20.75222958338642,
	"Springsprout Rod": 19.154847971517988,
	"Green Glass Plate": 17.821720025109855,
	"Sword": 17.618053528010247,
	"Small Treasure Chest": 16.91065118626956,
	"Blue Crystal Splinter": 16.757457616738858,
	"Spiked Squelcher": 16.08920936812647,
	"Torch": 15.81140262337679,
	"Crab Pincers": 15.589248793935216,
	"Glacier Amulet": 14.116305311479387,
	"Titan Axe": 14.077618955891193,
	"Fairy Wings": 13.94361633107733,
	"Wolf Tooth Chain": 13.639868102242975,
	"Striped Fur": 12.946629213483147,
	"Coral Brooch": 12.492664551942903,
	"Gloom Wolf Fur": 12.36973266878115,
	"Studded Club": 12.332550452172342,
	"Ring of Blue Plasma": 12.216330858960765,
	"Wand of Cosmic Energy": 11.61861873634074,
	"Black Shield": 11.613017154389505,
	"Magma Legs": 11.506067792903048,
	"Werehyaena Talisman": 10.937062937062937,
	"Mango": 10.571307300509337,
	"Terra Mantle": 10.363280005232344,
	"Crown Helmet": 10.170054382230827,
	"Brass Helmet": 9.747713356607612,
	"Hatchet": 9.495587522229929,
	"Wood Cape": 9.066808059384941,
	"Noble Axe": 9.011102299762094,
	"Minotaur Horn": 8.89085327772777,
	"Lump of Dirt": 8.803429229778725,
	"Lightning Boots": 8.715803684399992,
	"Cookie": 8.458401541296988,
	"White Silk Flower": 8.374843290938841,
	"Stone Skin Amulet": 8.276214642348561,
	"Guardian Shield": 8.080127345637727,
	"Lion Figurine": 7.999547502359423,
	"Blue Ectoplasm": 7.338004841381068,
	"Red Apple": 7.335709318497914,
	"Frazzle Tongue": 7.261605290456432,
	"Green Gem": 7.132370745230972,
	"Sabretooth": 7.058988764044944,
	"Lightning Pendant": 7.030211782462762,
	"Lamassu Horn": 6.981770011985113,
	"Cheese": 6.633710536623512,
	"Dragon Necklace": 6.529278797843941,
	"Frazzle Skin": 6.343101659751037,
	"Remains of a Fish": 6.109958506224066,
	"Stealth Ring": 6.10001639672184,
	"Wand of Draconia": 5.512957643175845,
	"Platinum Amulet": 5.345369831733345,
	"Compass": 5.109374465172076,
	"Voluminous Piece of Cloth": 5.081107571673609,
	"Ludicrous Piece of Cloth": 4.962019112962508,
	"Wolf Paw": 4.960033966413473,
	"Orb": 4.955535737036565,
	"Hunting Spear": 4.907336578581363,
	"Broken Crossbow": 4.897472385986312,
	"Warrior Helmet": 4.843395554048721,
	"Ominous Piece of Cloth": 4.803234501347709,
	"Luminous Piece of Cloth": 4.783386424895859,
	"Obvious Piece of Cloth": 4.584905660377358,
	"Assassin Star": 4.567232619863081,
	"Leather Legs": 4.477288443541345,
	"Swampling Moss": 4.189374277551199,
	"Dubious Piece of Cloth": 4.187944131340357,
	"Lamassu Hoof": 4.110830757585315,
	"Ring of Healing": 4.062361814455285,
	"Piercing Bolt": 4.0543764922970205,
	"Blue Robe": 3.962311032616901,
	"Life Ring": 3.7537187173689746,
	"Pick": 3.6546111671133183,
	"Copper Shield": 3.6342536818036537,
	"Northwind Rod": 3.564641679514464,
	"Crystalline Arrow": 3.4688355404408555,
	"Rusted Armor": 3.4486713821449055,
	"Big Bone": 3.434859836381191,
	"Talon": 3.4149403640929066,
	"Giant Shimmering Pearl (Brown)": 3.3802971931755645,
	"Blue Gem": 3.312889989635128,
	"Sphinx Feather": 3.2372804589602935,
	"Fish Fin": 3.170622317544182,
	"Small Ruby": 3.1529668620563434,
	"Two Handed Sword": 3.136740970039499,
	"Piece of Swampling Wood": 3.135962138230355,
	"Piece of Warrior Armor": 3.1321853633831354,
	"Carrot": 3.122542467307478,
	"Violet Gem": 3.116713817082524,
	"Longsword": 3.046622092197224,
	"Piece of Iron": 3.044929979253112,
	"Brass Armor": 2.9177230002811605,
	"Studded Armor": 2.888107589801588,
	"Werehyaena Trophy": 2.875,
	"Letter": 2.8650947803210975,
	"Minotaur Leather": 2.8584787057723284,
	"Glob of Tar": 2.8217367358178813,