{
	"Platinum Coin": 3187.996435561516,
	"Gold Coin": 2199.273247238803,
	"Elven Astral Observer": 255.59009086189937,
	"Ham": 221.51748598513666,
	"Dream Essence Egg": 218.05362468695105,
	"Meat": 206.65935532770507,
	"Great Spirit Potion": 155.31742814477712,
	"Ultimate Health Potion": 131.83897635627548,
	"Great Health Potion": 101.66751251139812,
	"Knife": 85.79968851576476,
	"Small Enchanted Ruby": 81.68887342032312,
	"Heaven Blossom": 80.57380745880312,
	"Ice Flower (Item)": 76.24650061648211,
	"Belted Cape": 74.85161238788818,
	"Piece of Crocodile Leather": 71.92034966370329,
	"Elvish Talisman": 69.7027874374525,
	"Seeds": 68.56115343275351,
	"Ice Rapier": 62.95147355108837,
	"Magma Amulet": 59.16963386460753,
	"Two Handed Sword": 58.568330402256436,
	"Dragon Necklace": 57.809720960024585,
	"Scimitar": 54.54258675078865,
	"Miraculum": 52.67823975187992,
	"Red Crystal Fragment": 52.19873846881652,
	"Wand of Draconia": 52.17115880964461,
	"Tainted Glooth Capsule": 48.49897695415329,
	"Torch": 48.327353243873624,
	"Great Mana Potion": 46.56143041305278,
	"Glooth Bag": 44.97618943577767,
	"Wand of Dragonbreath": 44.17435750369505,
	"Essence of a Bad Dream": 43.73300669302049,
	"Halberd": 41.359687599418834,
	"Bolt": 40.995800477482405,
	"Spider Fangs": 40.57991145469752,
	"Cheese": 40.07081058510829,
	"Violet Crystal Shard": 34.38629661751951,
	"Plate Shield": 32.76997040973572,
	"Axe": 32.47773101085197,
	"Leaf Star": 32.14813529921943,
	"Werehyaena Nose": 28.313852813852815,
	"White Mushroom": 26.77860034273163,
	"Ring of Blue Plasma": 26.384507549976377,
	"Fish": 24.22603385806318,
	"Tarantula Egg": 23.621149787142702,
	"Magma Boots": 22.885001433897333,
	"Northwind Rod": 20.97823425184529,
	"Terra Boots": 20.570257246945452,
	"Wand of Cosmic Energy": 20.342312117101173,
	"Chain Armor": 20.30799682273262,
	"Glacier Amulet": 19.835459499972508,
	"Silver Amulet": 19.693912884187416,
	"Glooth Capsule": 18.57436469585815,
	"Sun Fruit": 18.480126680414507,
	"Life Crystal": 18.423096186403264,
	"Leather Legs": 18.04308028369884,
	"Tiger Eye": 18.008900722708255,
	"Sword Ring": 17.8491645904593,
	"Yellow Gem": 17.763792718593212,
	"Compass": 17.587189434711288,
	"Small Enchanted Sapphire": 16.92306366440875,
	"Worm": 16.140283960962744,
	"Small Amethyst": 15.976361892665658,
	"Spear": 15.83159096266925,
	"Terra Hood": 15.829148933144543,
	"Glooth Steak": 15.409259409590643,
	"Skull": 15.006055487577392,
	"Glooth Sandwich": 14.951562788928863,
	"Dagger": 14.61467002656133,
	"Lion's Mane": 13.93272398067872,
	"Glacier Mask": 13.659493670886075,
	"Combat Knife": 13.438921408642898,
	"Elven Amulet": 12.977819091853988,
	"Rope Belt": 12.931247154748204,
	"Small Topaz": 12.885074148523314,
	"Mind Stone": 12.802307498762765,
	"Moonlight Rod": 12.468987341772152,
	"Wood Cape": 11.777443385114845,
	"Energy Ring": 11.66492560196833,
	"Short Sword": 11.451843906433336,
	"Cultish Robe": 11.303382801900735,
	"Glacier Robe": 10.942499674997954,
	"Knight Axe": 10.420943184031625,
	"Small Emerald": 10.410032228839402,
	"Leather Helmet": 10.266797053009816,
	"Red Gem": 10.185617303271346,
	"Mace": 10.184282032243305,
	"Beastslayer Axe": 10.071421573716107,
	"Mino Shield": 9.4669289402508,
	"Hailstorm Rod": 9.102718984787767,
	"Life Preserver": 9.09090909090909,
	"Sword": 8.894155729478378,
	"Holy Orchid": 8.63076923076923,
	"Small Enchanted Amethyst": 8.363636363636363,
	"Hatchet": 8.217396913502274,
	"Brass Legs": 8.199135239765603,
	"Life Ring": 8.108403964022841,
	"Underworld Rod": 7.863434821164647,
	"Axe Ring": 7.558547678630011,
	"Minotaur Horn": 7.525413237929702,
	"Wand of Inferno": 7.465840872908011,
	"Power Ring": 7.423797837719581,
	"Collar of Blue Plasma": 7.121422376409366,
	"Black Shield": 7.073584596036232,
	"Fire Axe": 6.938461538461539,
	"Dark Shield": 6.860093434964347,
	"Bloody Pincers": 6.621387371413162,
	"Green Crystal Splinter": 6.583333333333333,
	"Glooth Spear": 6.217437272678699,
	"Glooth Axe": 6.196942409082838,
	"Glooth Club": 6.191985008168922,
	"Glooth Blade": 6.155300604658133,
	"Magic Light Wand": 6.104840491325006,
	"Glooth Amulet": 6.031559664892168,
	"Brass Helmet": 6.012718147238859,
	"Small Sapphire": 5.913246009718868,
	"Green Crystal Fragment": 5.818181818181818,
	"Death Ring": 5.738634348211646,
	"Warrior's Shield": 5.556675682321122,
	"Ratana": 5.454545454545455,
	"Broken Crossbow": 5.356610422172529,
	"Brown Bread": 5.316628701594533,
	"Magma Coat": 5.246153846153846,
	"Piercing Bolt": 5.224992332802707,
	"Orb": 5.213021030598723,
	"Crab Pincers": 5.196416264645072,
	"Sickle": 5.076469141873617,
	"Small Ruby": 4.95695304624127,
	"Centipede Leg": 4.884417011921873,
	"Cyan Crystal Fragment": 4.866455696202531,
	"Obsidian Lance": 4.851245424253907,
	"Sacred Tree Amulet": 4.784983742240615,
	"Scarab Coin": 4.769279288251503,
	"Platinum Amulet": 4.705142440518597,
	"Small Enchanted Emerald": 4.7023809523809526,
	"Glacier Kilt": 4.670824162386892,
	"Raspberry": 4.6668919426297215,
	"Small Diamond": 4.573388197277688,
	"Giant Shimmering Pearl (Green)": 4.503031253482124,
	"Terramite Legs": 4.492730446834313,
	"Glacier Shoes": 4.393005624847151,
	"Brown Crystal Splinter": 4.232142857142857,
	"Scarab Pincers": 4.224778408525047,
	"Sabre": 4.178132118451026,
	"Rubber Cap": 4.12218031149615,
	"Collar of Red Plasma": 3.965178835353237,
	"Crystal Crossbow": 3.730268863833478,
	"Spider Silk": 3.630564587644103,
	"Terra Mantle": 3.628693329343862,
	"Small Stone": 3.366808519437217,
	"Knight Legs": 3.3511861090731228,
	"Pick": 3.350060236520542,
	"Copper Shield": 3.3313992083200157,
	"Warrior's Axe": 3.3157118268994346,
	"Wand of Starstorm": 3.2916666666666665,
	"Titan Axe": 3.1785099582001477,
	"Garlic Necklace": 3.0320871742386326,
	"Plate Armor": 3.0117236138372006,
	"Ring of Healing": 3.0022035758185455,
	"Terra Legs": 2.9916638562452853,
	"Soldier Helmet": 2.9583424166154697,
	"Piece of Warrior Armor": 2.9333164514223014,
	"Morning Star": 2.8852371112192254,
	"Necklace of the Deep": 2.8442211055276383,
	"Doublet": 2.821428571428571,
	"Stone Skin Amulet": 2.821215792432739,
	"Piece of Archer Armor": 2.8117164735379823,
	"Wand of Defiance": 2.7897713302188345,
	"Shovel": 2.736419962308732,
	"Protection Amulet": 2.730145725110682,
	"Brass Armor": 2.717974371625277,
	"Tower Shield": 2.6740034238200048,
	"Studded Armor": 2.6474319573181226,
	"Letter": 2.6263368819610062,
	"Collar of Green Plasma": 2.614232369101705,
	"Dirty Fur": 2.6136534133533385,
	"Bullseye Potion": 2.5173501577287065,
	"Girlish Hair Decoration": 2.433664669672191,
	"Carrot": 2.3470657002571897,
	"Minotaur Leather": 2.3126546565748645,
	"Terramite Shell": 2.236437052732579,
	"Steel Helmet": 2.2294226337289818,
	"Glob of Glooth": 2.1611368280811956,
	"Scarab Amulet": 2.154499883809714,
	"Wand of Voodoo": 1.9465658348955583,
	"Strange Symbol": 1.8924815710306797,
	"Ankh": 1.8777115445663293,
	"Crown Shield": 1.8058204940083151,
	"Glooth Cape": 1.7822047264418572,
	"Treasure Map (Pirate)": 1.7206323107738664,
	"Pirate Voodoo Doll": 1.7042221486055997,
	"Magma Legs": 1.6923076923076923,
	"Strange Talisman": 1.6893999702036,
	"Bone": 1.6873420513083395,
	"Arrow": 1.6492085661080074,
	"Bandana": 1.6389426533207985,
	"Spellbook of Mind Control": 1.6148202494497432,
	"Tortoise Egg": 1.5809614469300333,
	"Terramite Eggs": 1.4981542931009209,
	"Ancient Amulet": 1.4631012847325964,
	"Cherry": 1.3843417992795586,
	"Battle Shield": 1.3535430059187334,
	"Cultish Mask": 1.3387178192831903,
	"Honeycomb": 1.324112087325351,
	"Hydra Head": 1.320481798139485,
	"Skull Staff": 1.3200311206041058,
	"Protective Charm": 1.2984386798081786,
	"Strong Health Potion": 1.2978886866016286,
	"Battle Hammer": 1.265683008091385,
	"Blue Gem": 1.2482851929067702,
	"Book (Orange)": 1.2469424629529102,
	"Cookie": 1.206637692611616,
	"Terra Amulet": 1.2024646216195025,
	"Magma Monocle": 1.1846153846153846,
	"Small Axe": 1.1828645372199142,
	"Turtle Shell": 1.151451689671585,