{
	"Platinum Coin": 2388.33007825464,
	"Gold Coin": 2090.7897234790103,
	"Ham": 396.7718559210956,
	"Great Spirit Potion": 386.8605210528627,
	"Meat": 360.5672687343351,
	"Dragon Ham": 190.25045088945578,
	"Lion's Mane": 164.15068419499744,
	"Ice Flower (Item)": 111.44621988456745,
	"Dark Armor": 107.68352797040515,
	"Ultimate Health Potion": 100.50624478960584,
	"Ice Rapier": 93.3460929601715,
	"Soul Orb": 91.8212713308837,
	"Dream Essence Egg": 88.67398677593323,
	"Strong Mana Potion": 79.0315115625682,
	"Strong Health Potion": 76.56449357772448,
	"Crystal Sword": 73.83954746955179,
	"Small Enchanted Ruby": 72.79575869861195,
	"Small Enchanted Sapphire": 59.0176134023709,
	"Rapier": 57.714860171815026,
	"Compass": 57.244961782337974,
	"Leather Helmet": 50.020072234554235,
	"Great Health Potion": 46.46403252112432,
	"Axe": 44.54800969687221,
	"Ankh": 41.290440504478156,
	"Black Pearl": 40.437309853295005,
	"Miraculum": 38.20190186382655,
	"Wyrm Scale": 37.294450216979406,
	"Terra Boots": 36.116587339205196,
	"Plate Shield": 34.53619866962797,
	"Torch": 33.12375404814155,
	"Northwind Rod": 30.09737312367205,
	"Ivory Carving": 30.086390413239386,
	"Silver Brooch": 29.92342001201765,
	"Glacier Amulet": 29.231367372480086,
	"Cheese": 28.839372454780637,
	"Sabre": 28.164050338267995,
	"Small Diamond": 28.09708669973935,
	"Serpent Sword": 26.76409859346812,
	"Tiger Eye": 26.092971048680642,
	"Life Crystal": 25.81979726770263,
	"Elven Astral Observer": 24.74231464737794,
	"Leather Boots": 24.109838743791435,
	"Hydrophytes": 22.984432493631473,
	"Halberd": 22.080548223989222,
	"Essence of a Bad Dream": 22.05616486226385,
	"War Hammer": 21.64265860788254,
	"Broken Halberd": 21.505526731333184,
	"Elvish Talisman": 21.14522354740855,
	"Twin Hooks": 20.49499626587005,
	"Burst Arrow": 19.77724466719638,
	"Glacier Shoes": 19.66810201581972,
	"Worn Leather Boots": 19.285714285714285,
	"Glacier Mask": 19.21790235081374,
	"White Pearl": 19.16163362128386,
	"Mace": 18.3498768936101,
	"Chain Armor": 17.94850279471325,
	"Two-Headed Turtle Heads": 17.89583923011605,
	"Moonlight Rod": 17.704391671143327,
	"Throwing Knife": 17.61800738162948,
	"Bone": 17.452863768706877,
	"Dark Shield": 17.29377490893962,
	"Steel Helmet": 15.892363867281212,
	"Worm": 15.859487477856185,
	"Glacier Robe": 15.638141483536327,
	"Crossbow": 15.047903551127682,
	"Lightning Headband": 14.58746612545691,
	"Cyan Crystal Fragment": 14.25107661786413,
	"Moonlight Crystals": 11.996900687258533,
	"High Guard Shoulderplates": 11.742566769085322,
	"Bunch of Ripe Rice": 11.676434801345884,
	"Coral Brooch": 11.322354674280989,
	"Rainbow Quartz": 11.265445622775694,
	"Spider Fangs": 11.229032993878235,
	"Doublet": 11.199035679989725,
	"Brass Helmet": 11.026101993539758,
	"Studded Armor": 10.933197000681664,
	"Sword": 10.814789184873108,
	"Boggy Dreads": 10.167216974360446,
	"Spiked Iron Ball": 10.107161427558497,
	"Small Emerald": 10.067265712739863,
	"Glorious Axe": 10.045732327185132,
	"Elven Amulet": 9.938021358477329,
	"Knight Legs": 9.925998851440914,
	"Green Crystal Shard": 9.9051733215836,
	"Scale Armor": 9.63805325951103,
	"Wand of Cosmic Energy": 9.48046629682932,
	"Giant Shimmering Pearl (Green)": 9.269301912687096,
	"Blue Glass Plate": 9.163456246560264,
	"Spirit Cloak": 8.730769230769232,
	"Combat Knife": 8.720216414323424,
	"Studded Shield": 8.676209952283571,
	"Hailstorm Rod": 8.639240506329113,
	"Small Tropical Fish": 8.290404755165582,
	"Titan Axe": 8.2029394451505,
	"Battle Shield": 8.123002468765117,
	"Onyx Chip": 8.07675573692564,
	"Piece of Crocodile Leather": 7.671621509921106,
	"Spear": 7.5123175750572475,
	"Dragon Priest's Wandtip": 7.375204765450484,
	"Silver Amulet": 7.354013716405319,
	"Glacier Kilt": 7.203595011005135,
	"Spiked Squelcher": 7.135601120703787,
	"Ring of Blue Plasma": 7.067076914935907,
	"Terra Hood": 7.057290386033932,
	"Great Mana Potion": 7.026442537095763,
	"Steel Shield": 6.767371937639198,
	"Knight Axe": 6.3554157682460355,
	"Orichalcum Pearl": 6.33764553686934,
	"Mutated Flesh": 6.1842018245122645,
	"Energy Ring": 6.044532310090987,
	"Treasure Map (Pirate)": 5.8139592225944945,
	"Small Amethyst": 5.765831296016096,
	"Mino Shield": 5.751413818539464,
	"Spike Sword": 5.724554153740051,
	"Tower Shield": 5.724453901269619,
	"Sword Ring": 5.463582549190217,
	"Green Glass Plate": 5.346516007532957,
	"Yellow Gem": 5.098974445926278,
	"Staff": 4.998706338939198,
	"Mind Stone": 4.952959722631909,
	"Dragon's Tail": 4.860552041403105,
	"Magma Legs": 4.679583257174191,
	"Twigs": 4.641655886157826,
	"Beastslayer Axe": 4.640029505778215,
	"Blue Crystal Splinter": 4.610169491525424,
	"Light Shovel": 4.590089086859688,
	"Gemmed Figurine": 4.516841211435041,
	"Flotsam": 4.41849935316947,
	"High Guard Flag": 4.359253131647365,
	"Life Ring": 4.343962540486191,
	"Crown Helmet": 4.312557119356608,
	"Remains of a Fish": 4.150711513583442,
	"Glob of Tar": 4.138547212532893,
	"Obsidian Lance": 3.976828706567229,
	"Noble Axe": 3.9603489294210945,
	"Lizard Leather": 3.9202505191203807,
	"Terra Amulet": 3.8626775897736865,
	"Lizard Scale": 3.8153795883078487,
	"Green Mushroom": 3.7933059092316546,
	"Studded Helmet": 3.7480453281140065,
	"White Silk Flower": 3.6282948764091127,
	"Focus Cape": 3.5793858753131778,
	"Green Crystal Fragment": 3.556047819008776,
	"Brown Crystal Splinter": 3.489642184557439,
	"Lion Figurine": 3.453524828701722,
	"Warrior's Shield": 3.3758298500122943,
	"Black Shield": 3.1535529874600443,
	"Coral Branch": 3.1241914618369986,
	"Sickle": 3.123141217051075,
	"Fishbone": 3.1207426426251192,
	"Fish": 3.0852733029702772,
	"Underworld Rod": 3.0362671468736555,
	"Pirate Bag": 2.9364147219200945,
	"Hook": 2.9328619427014426,
	"Peg Leg": 2.919921010616199,
	"Axe Ring": 2.8997930830623706,
	"Wood Cape": 2.892149669845928,
	"Spellbook of Enlightenment": 2.8646187443991393,
	"Gold Nugget": 2.8587602604019247,
	"Royal Spear": 2.8536689527987447,
	"Emerald Bangle": 2.8326690589504855,
	"Book (Gemmed)": 2.8206430557789988,
	"Minotaur Horn": 2.795360370648308,
	"Crown Shield": 2.78503301540719,
	"Legionnaire Flags": 2.7759981953530337,
	"Eye Patch": 2.7404097493470507,
	"Collar of Green Plasma": 2.7347550405777103,
	"Power Ring": 2.7000295595625188,
	"Striped Fur": 2.671526663099697,
	"Heavy Old Tome": 2.6699997549900623,
	"Wolf Paw": 2.6410387625444187,
	"Red Lantern": 2.5342396649193852,
	"Wand of Draconia": 2.5187641342216245,
	"Spellbook of Mind Control": 2.4904622157006604,
	"Cape": 2.434276064018627,
	"Pirate Knee Breeches": 2.4075723830734965,
	"Lightning Pendant": 2.4047933737514375,
	"Guardian Shield": 2.4016853139544105,
	"Magma Amulet": 2.287614543304759,
	"Shaggy Tail": 2.229080801303556,
	"Bloody Pincers": 2.222768625522498,
	"Death Ring": 2.2102867277564293,
	"Pirate Shirt": 2.205357142857143,
	"Blue Gem": 2.1711264144766425,
	"Strange Talisman": 2.167008733321028,
	"Plate Legs": 2.1648611727930405,
	"Plate Armor": 2.1264713569350215,
	"Beetroot": 2.1223551436796777,
	"Power Bolt": 2.031945944703638,
	"Warrior's Axe": 2.0143840668797637,
	"Throwing Star": 2.002406452017203,
	"Orb": 1.9976352349985218,
	"Zaoan Shoes": 1.9715371096590275,
	"Glob of Acid Slime": 1.913930875132377,
	"Assassin Star": 1.8523779176260902,
	"Sacred Tree Amulet": 1.8429796039018622,
	"Platinum Amulet": 1.8021491921365622,
	"Small Ruby": 1.7331639186390677,
	"Gloom Wolf Fur": 1.731762573629361,
	"Wand of Defiance": 1.694861076960905,
	"Morning Star": 1.6944776926025746,
	"Wolf Tooth Chain": 1.6141042931848377,
	"Small Sapphire": 1.538208728827193,
	"Collar of Red Plasma": 1.5272243570795152,
	"Clay Lump": 1.4865553354090009,
	"Sabretooth": 1.4566167290886392,
	"Flask of Demonic Blood": 1.4532497849858705,
	"Warrior Helmet": 1.4418047568942043,
	"Crab Pincers": 1.3990351481736734,
	"Spider Silk": 1.3983446644989654,
	"Minotaur Leather": 1.387549349081536,
	"Zaoan Halberd": 1.3819084141664786,
	"Glob of Mercury": 1.3201267828843106,
	"Wand of Starstorm": 1.2500994855084304,