{
	"Gold Coin": 14335.18856950308,
	"Platinum Coin": 10966.276988354168,
	"Fairy Wings": 1719.2521556937945,
	"Skull": 957.3809283725615,
	"Great Mana Potion": 954.5269352624878,
	"Frazzle Tongue": 934.4046291493776,
	"Great Health Potion": 932.7679121437751,
	"Bone": 824.154379286537,
	"Frazzle Skin": 816.2139522821576,
	"Remains of a Fish": 786.213692946058,
	"Ham": 587.9416719679747,
	"Lost Soul (Item)": 585.0523217394089,
	"Opal": 525.7984005591948,
	"Fish": 524.935187032637,
	"Big Bone": 445.25360337093827,
	"Fish Fin": 401.90002593361,
	"Piece of Iron": 391.81373184647305,
	"Small Emerald": 374.7936702193344,
	"Assassin Star": 314.96862349953886,
	"Cobra Crest": 311.9915837606757,
	"Meat": 310.5084753497038,
	"Knife": 281.0800183369624,
	"Iron Ore": 219.00598648058346,
	"Scimitar": 200.95070005523556,
	"Book Page": 183.54127423822715,
	"Silencer Claws": 169.83476560489888,
	"Protection Amulet": 166.8933696573126,
	"Earth Arrow": 146.68808055144777,
	"Pirate Coin": 141.03327564084302,
	"Ice Rapier": 125.91906171787002,
	"Glowing Rune": 122.08476454293628,
	"Morning Star": 121.89884338101501,
	"Dragon Ham": 120.62968070950906,
	"Terra Rod": 120.43316477074582,
	"Green Crystal Shard": 114.33117545478846,
	"Bone Sword": 105.84535930352664,
	"Pirat's Tail": 104.6913147577726,
	"Gold Ingot": 98.22586241186622,
	"Heavy Machete": 97.47717266630796,
	"Cheesy Figurine": 95.31819645732689,
	"Cyan Crystal Fragment": 94.39649656729573,
	"Wand of Cosmic Energy": 89.94359702021993,
	"Terra Boots": 89.30107047354485,
	"Blue Glass Plate": 88.17281232801321,
	"Machete": 86.24082038771155,
	"Silken Bookmark": 84.97894736842105,
	"Dark Armor": 83.61435749584449,
	"Banana": 80.76264783901966,
	"Axe": 80.18586960978868,
	"Death Toll": 76.73006015265554,
	"Springsprout Rod": 75.37631061302905,
	"Red Gem": 75.01974087471547,
	"Haunted Blade": 72.42254159046051,
	"Crystal Sword": 69.92317165092835,
	"Red Crystal Fragment": 65.22466006559617,
	"Stealth Ring": 60.69457677140189,
	"Small Diamond": 60.28561682197054,
	"Mouldy Powder": 55.99382334724956,
	"Green Crystal Fragment": 55.11042952879259,
	"Carlin Sword": 53.00929614873838,
	"Green Glass Plate": 51.89265536723164,
	"Ensouled Essence": 51.60735886621314,
	"Great Spirit Potion": 48.649157646045616,
	"Glorious Axe": 48.42842426065689,
	"Blue Crystal Splinter": 45.192621062038945,
	"Stone Skin Amulet": 44.71766916231669,
	"Hailstorm Rod": 43.90386661936857,
	"Shark Fins": 42.57703857361625,
	"Wand of Starstorm": 42.135393241111146,
	"Soul Orb": 42.1254910902546,
	"Shadow Sceptre": 41.274584469716466,
	"Yellow Gem": 40.46719678568789,
	"Terra Legs": 39.757040863855096,
	"Small Stone": 39.08223232623199,
	"Cheese": 37.21200298121476,
	"Worm": 36.73007099090859,
	"Brown Crystal Splinter": 34.332209721499964,
	"Sacred Tree Amulet": 33.972452556096655,
	"White Mushroom": 32.974931335224724,
	"Flask of Demonic Blood": 32.63868318708293,
	"Diamond Sceptre": 32.25281737251068,
	"Poison Arrow": 31.593150738982573,
	"Sword": 30.82661306250631,
	"Fire Sword": 30.351961947666027,
	"Knight Axe": 29.78819472949676,
	"Green Gem": 29.569446862488235,
	"Plate Shield": 29.55521335530561,
	"Onyx Chip": 29.349495074347033,
	"Crowbar": 29.283310073064612,
	"Sea Serpent Scale": 28.517375415971664,
	"Wand of Inferno": 28.29705553845569,
	"Nightmare Blade": 28.060511261383624,
	"Grappling Hook": 27.821896551724137,
	"Terra Hood": 27.399866371713916,
	"Necklace of the Deep": 27.37069882937212,
	"Orange": 26.027403940350677,
	"Snakebite Rod": 25.403147042864894,
	"Short Sword": 25.313974688368617,
	"Strong Health Potion": 24.82830063489984,
	"Skull Staff": 24.69812998924225,
	"Lion's Mane": 24.59064165079279,
	"Insectoid Eggs": 23.740137143272886,
	"Cursed Bone": 23.69226676126286,
	"Cyclops Toe": 23.541065488618415,
	"Sai": 23.534686203319502,
	"Guardian Shield": 22.70874551278191,
	"Giant Shimmering Pearl (Brown)": 22.54272887251917,
	"Battle Axe": 22.351925612783255,
	"Mace": 22.082044361017317,
	"Boots of Haste": 21.838997278698624,
	"Book of Necromantic Rituals": 21.149425287356323,
	"Bolt": 20.42537505697695,
	"Violet Gem": 20.290632340789735,
	"Knight Armor": 18.853368097840235,
	"Strong Mana Potion": 18.551937474175787,
	"Serpent Sword": 17.8860096789882,
	"Wand of Voodoo": 17.35053398746202,
	"Heavily Rusted Armor": 16.53945166910355,
	"Battle Hammer": 15.489341573808893,
	"Torch": 15.287495851054372,
	"Chain Armor": 15.279458135370174,
	"Cluster of Solace": 15.258752593360995,
	"Rotten Piece of Cloth": 15.163111724629292,
	"Glacial Rod": 15.109258602341255,
	"Small Sapphire": 15.015968643780537,
	"Ultimate Mana Potion": 14.914163090128756,
	"Leather Helmet": 14.8556049954861,
	"Warrior Helmet": 13.983050847457626,
	"Rainbow Quartz": 13.558877650193319,
	"Focus Cape": 13.435304870263996,
	"Plate Legs": 12.844419741888522,
	"Magma Boots": 11.822041769868314,
	"Small Ruby": 11.433532555649812,
	"Small Treasure Chest": 11.282180716809693,
	"Blue Robe": 11.177867394479872,
	"Leather Boots": 10.902321115466844,
	"Violet Glass Plate": 10.72961373390558,
	"Arrow": 10.469374603764775,
	"Glacier Amulet": 10.252703519346614,
	"Kongra's Shoulderpad": 10.202101287296209,
	"Health Potion": 10.097913781982454,
	"Talon": 9.943502824858758,
	"Battle Shield": 9.782441681551084,
	"Gemmed Figurine": 9.467755887791844,
	"Brass Helmet": 9.3331327495376,
	"Demonic Essence": 9.216974514846855,
	"Heavy Old Tome": 8.932197619180478,
	"Lump of Dirt": 8.903468198298938,
	"Rapier": 8.852677755437762,
	"Chicken Feather": 8.784695418694412,
	"Spear": 8.710311086069204,
	"Violet Crystal Shard": 8.626063700610679,
	"Small Amethyst": 8.51390058738591,
	"Ultimate Health Potion": 8.330074030355824,
	"Terra Amulet": 8.07909604519774,
	"Fire Axe": 8.00594316845168,
	"Scythe": 7.83165770399813,
	"Emerald Bangle": 7.791751597523984,
	"Ivory Comb": 7.764254318083328,
	"Black Pearl": 7.731457057324863,
	"Ring of Blue Plasma": 7.382110349084306,
	"Mana Potion": 7.368457743347172,
	"Rope": 7.20421079435215,
	"Two Handed Sword": 7.149146945514585,
	"Magic Light Wand": 7.088303642510853,
	"Mercenary Sword": 7.008976660682227,
	"Small Enchanted Sapphire": 6.883669381044213,
	"Banana Sash": 6.881515097265671,
	"Small Enchanted Ruby": 6.83172170572521,
	"Hand Axe": 6.6125092524056255,
	"Spirit Cloak": 6.454600841401936,
	"Soldier Helmet": 6.390019619889415,
	"Ankh": 6.333394260647048,
	"Halberd": 6.184089690503557,
	"Prismatic Quartz": 5.903954802259887,
	"Shadow Herb": 5.826939162937957,
	"Shovel": 5.727138781610124,
	"Wood Cape": 5.507981509198072,
	"Ghoul Snack": 5.29287081978893,
	"Lightning Pendant": 5.2824858757062145,
	"Vampire Teeth": 5.1573882772478985,
	"Combat Knife": 5.147909214625734,
	"Lightning Boots": 5.146694945210322,
	"Silver Brooch": 5.093113621709677,
	"Warrior's Axe": 5.075465857735406,
	"Pelvis Bone": 4.998947589981056,
	"Viking Helmet": 4.920769238851355,
	"Hatchet": 4.906626832146621,
	"Ruby Necklace": 4.886703601108033,
	"Ivory Carving": 4.594245144646322,
	"Fur Armor": 4.576983883116331,
	"Dark Shield": 4.315668319397207,
	"Centipede Leg": 4.27386488543164,
	"Mystical Hourglass": 4.119008650923544,
	"Scorpion Tail": 4.0474596550201545,
	"Onyx Arrow": 4.0246001209909315,
	"Leather Legs": 3.990127528656481,
	"Blue Gem": 3.9872402866279484,
	"Dagger": 3.7576099210822997,
	"Flask of Embalming Fluid": 3.7513035736996057,
	"Werehyaena Nose": 3.6363636363636367,
	"Ring of Red Plasma": 3.622544283413849,
	"Cape": 3.4967904944004373,
	"Blood Preservation": 3.343616449211785,
	"Green Mushroom": 3.2567640035682484,
	"Crossbow": 3.2145899842739976,
	"War Hammer": 3.197332214377555,
	"Gauze Bandage": 3.1034989825766246,
	"Small Topaz": 3.060963285913052,
	"Doublet": 3.011447291959529,
	"Steel Helmet": 3.000486805193992,
	"Beetroot": 2.9302380985885357,
	"Twin Hooks": 2.7832710978342043,
	"Demonic Skeletal Hand": 2.754291147475354,
	"Dead Frog": 2.741347039989359,
	"Knight Legs": 2.682403433476395,
	"Ape Fur": 2.593214834876491,
	"Coconut": 2.5392726877341425,