{
	"Platinum Coin": 14120.623527736943,
	"Gold Coin": 4276.686351465339,
	"Great Health Potion": 2091.697711039486,
	"Bone": 1297.723624038966,
	"Great Mana Potion": 729.7051554085142,
	"Strong Mana Potion": 661.4725180739722,
	"Carnisylvan Bark": 603.0856822586542,
	"Carnisylvan Finger": 555.9268882151,
	"Meat": 526.042814167115,
	"Werehyaena Nose": 389.7792207792208,
	"Halberd": 388.48198596366876,
	"Axe": 367.4219114219114,
	"Knife": 355.3359299871336,
	"Great Spirit Potion": 320.0183260127063,
	"Hydrophytes": 286.05377865836397,
	"Red Crystal Fragment": 281.9948686484992,
	"Strong Health Potion": 270.3435834525132,
	"Brown Crystal Splinter": 267.5283312034448,
	"Two-Headed Turtle Heads": 222.72346447778094,
	"Combat Knife": 221.11959951366669,
	"Brown Mushroom": 218.71196809989607,
	"Wand of Starstorm": 180.51631788449555,
	"Energy Drink": 180.3624318370472,
	"Energy Bar": 179.44957615458253,
	"Glacier Shoes": 172.90071654835265,
	"Red Gem": 172.38942814255748,
	"Knight Axe": 158.08933788258983,
	"Yellow Gem": 155.98841941873275,
	"Terra Hood": 149.217166722796,
	"Ultimate Health Potion": 143.491969637436,
	"Diamond Sceptre": 143.42563230159365,
	"Underworld Rod": 141.8968838676459,
	"Giant Shimmering Pearl (Green)": 141.16213606522427,
	"Terra Boots": 139.89151486451402,
	"Ham": 139.5143972171537,
	"Small Diamond": 137.2776264970555,
	"Life Preserver": 135.08158508158508,
	"Lightning Headband": 131.9258575192227,
	"Blue Crystal Splinter": 130.9959577152556,
	"Small Enchanted Amethyst": 126.0445677745913,
	"Mushroom Pie": 119.06422018348624,
	"Emerald Bangle": 115.74697952494978,
	"Small Amethyst": 112.37289331177212,
	"Goosebump Leather": 110.64386317907444,
	"Small Tropical Fish": 103.17860175488254,
	"Cyan Crystal Fragment": 102.33788709834754,
	"Orichalcum Pearl": 100.71327093356363,
	"Wooden Trash": 99.78715596330275,
	"Pool of Chitinous Glue": 97.59356136820925,
	"Epee": 92.4268344842217,
	"Pirate Coin": 92.17616622583398,
	"Dragonbone Staff": 91.80200683364411,
	"Hailstorm Rod": 90.81116511062795,
	"Spike Sword": 87.47059975559095,
	"Green Crystal Fragment": 86.45221445221445,
	"Soul Orb": 82.26012216997619,
	"Ratana": 81.04895104895105,
	"Guardian Halberd": 77.10825688073395,
	"Green Crystal Splinter": 76.6313018358028,
	"Staff": 76.42949547218628,
	"Coral Brooch": 72.58080951033116,
	"Hemp Rope": 72.30788026878436,
	"Dead Weight": 71.97312156383629,
	"Terra Rod": 71.43853211009174,
	"Twigs": 70.97024579560154,
	"Gemmed Figurine": 68.68794303772816,
	"Pirat's Tail": 68.41388822194347,
	"Flotsam": 67.5582147477361,
	"Ice Rapier": 65.06125539205834,
	"War Hammer": 64.54100465833814,
	"Black Pearl": 64.43701338780025,
	"Remains of a Fish": 63.463777490297545,
	"Springsprout Rod": 62.96358518052037,
	"Small Emerald": 62.430439172011425,
	"White Pearl": 61.658049323870436,
	"Knight Legs": 59.56716411833142,
	"Silver Brooch": 57.87682073039917,
	"Small Enchanted Emerald": 57.59206612877709,
	"Collar of Blue Plasma": 57.47427538874712,
	"Spellbook": 56.01572494080877,
	"Fire Mushroom": 55.88297402282549,
	"Spark Sphere": 55.431427551384715,
	"Sparkion Claw": 52.57072821416768,
	"Beastslayer Axe": 51.984441881660786,
	"Might Ring": 49.932287965814965,
	"Spellbook of Warding": 49.905074043529886,
	"Sparkion Stings": 48.35578935771731,
	"Coral Branch": 47.76843467011643,
	"Frozen Lightning": 47.26386245010746,
	"Flask of Demonic Blood": 45.6719718281841,
	"Sword Ring": 44.22070576974508,
	"Instable Proto Matter": 44.104513355848944,
	"Sparkion Legs": 39.46188167896882,
	"Terra Amulet": 39.283325324679595,
	"Crystallized Anger": 38.16871525475596,
	"Curious Matter": 37.615545468455146,
	"Plasma Pearls": 37.424797266282454,
	"Volatile Proto Matter": 37.367572805630644,
	"Broken Dream": 35.74647887323943,
	"Mouldy Powder": 35.67376155128011,
	"Gold Nugget": 35.57882819133881,
	"Spellbook of Enlightenment": 35.57882819133881,
	"Energy Ball": 35.33054958550814,
	"Sparkion Tail": 34.84091660240168,
	"Fire Sword": 34.5905735041034,
	"Human Teeth": 34.258443839545706,
	"Crystal Sword": 33.763402019538624,
	"Doublet": 32.64285714285714,
	"Small Sapphire": 31.781993265999297,
	"Blue Crystal Shard": 31.408388256023862,
	"Shimmering Beetles": 31.36766465372438,
	"Fairy Wings": 30.984615536303522,
	"Green Crystal Shard": 29.29525428176185,
	"Wand of Voodoo": 29.22970324149007,
	"Sacred Tree Amulet": 28.896134004430095,
	"Odd Organ": 28.79521031624194,
	"Shark Fins": 27.542349326234064,
	"Mercenary Sword": 27.399630363654826,
	"Protection Amulet": 27.30541173454952,
	"Brown Piece of Cloth": 27.21520128238562,
	"Cape": 26.417994156318933,
	"Beetroot": 25.69350588149829,
	"Demonic Essence": 25.23982184397595,
	"Life Ring": 22.516356355598408,
	"Ring of Healing": 22.40247704064887,
	"Black Shield": 22.010095643256026,
	"Small Ruby": 20.72067353544508,
	"Wand of Inferno": 20.073024839671866,
	"Worm": 19.81178817121659,
	"Grappling Hook": 19.344310344827587,
	"Crowbar": 19.23651588539529,
	"Clay Lump": 18.50099065949618,
	"Elven Astral Observer": 18.193289360481792,
	"Energy Ring": 16.60567124681928,
	"Violet Crystal Shard": 16.32135581507315,
	"Werehyaena Talisman": 16.20979020979021,
	"Leaf Star": 16.134489942379965,
	"Onyx Chip": 13.950097847358121,
	"Vexclaw Talon": 13.395092390224518,
	"Spiked Squelcher": 13.246788082087317,
	"White Gem": 12.80837814888197,
	"Dream Essence Egg": 12.317679107855474,
	"Knight Armor": 12.177744933726062,
	"Talon": 11.795316565481354,
	"Goat Grass": 11.58756747111567,
	"Butterfly Ring": 11.410708050409577,
	"Prismatic Quartz": 11.053153798624898,
	"Cave Turnip": 10.952586206896552,
	"Wand of Cosmic Energy": 9.938882436370978,
	"Carrot": 9.849806681948616,
	"Ring of Blue Plasma": 9.668417123463879,
	"Candlestick": 9.464356804168757,
	"Small Stone": 9.438343814773647,
	"Magma Boots": 9.432635057264152,
	"Lightning Pendant": 9.225530821367768,
	"Wild Flowers": 9.092010145819716,
	"Glob of Tar": 9.02955755461722,
	"Fox Paw": 8.7791289711761,
	"Small Topaz": 8.547528608273797,
	"Focus Cape": 8.195427351669919,
	"Dandelion Seeds": 8.120928354102087,
	"Crown Shield": 7.967417172475195,
	"Onyx Flail": 7.946642809304372,
	"Tower Shield": 7.943661971830986,
	"Werebadger Claws": 7.758767031494304,
	"Skull": 7.7508112224326675,
	"Poison Arrow": 7.676482484712997,
	"Cluster of Solace": 7.421531018733045,
	"Yellow Piece of Cloth": 7.374158315420047,
	"Fresh Fruit": 7.262899990963664,
	"Werebadger Skull": 7.253517980790709,
	"Small Treasure Chest": 7.142857142857143,
	"Violet Gem": 6.982985000760627,
	"Shockwave Amulet": 6.912723651665543,
	"Troll Green": 6.8944406963598714,
	"Saw": 6.811242192921583,
	"Heaven Blossom": 6.800346921075455,
	"Wood Cape": 6.751985445585682,
	"Sai": 6.695174098961515,
	"Small Enchanted Ruby": 6.683626818875588,
	"Dark Mushroom": 6.577348074992722,
	"Steel Boots": 6.3601665510062455,
	"Lightning Legs": 6.126556125347909,
	"Mastermind Potion": 5.93620506890238,
	"Belted Cape": 5.7203900200745625,
	"Panpipes": 5.549722308961949,
	"Gold Ring": 5.539838854073411,
	"Werehyaena Trophy": 5.44047619047619,
	"Scroll": 5.41215944168568,
	"Stone Herb": 5.409836065573771,
	"Wereboar Hooves": 5.4077933846850925,
	"Guardian Shield": 5.356139279169212,
	"Wereboar Tusks": 5.312641594925237,
	"Seeds": 5.260540602503516,
	"Shaggy Tail": 5.201188536374964,
	"Two Handed Sword": 5.072436621940174,
	"Colourful Snail Shell": 5.010226800110851,
	"Butcher's Axe": 4.964197398129233,
	"Red Piece of Cloth": 4.9290054419478695,
	"Mana Potion": 4.807593457941832,
	"Elvish Talisman": 4.73391153512576,
	"Blue Gem": 4.70023395268418,
	"Spellbook of Mind Control": 4.68662186927306,
	"Banana": 4.560669340623264,
	"Book of Necromantic Rituals": 4.532019704433497,
	"Assassin Star": 4.388069649267835,
	"Dragon Necklace": 4.367555683013096,
	"Magma Amulet": 4.278292351855112,
	"Warwolf Fur": 4.260718810428752,
	"Scimitar": 4.169295478443744,
	"Werefox Tail": 4.163265306122448,
	"Cookie": 4.1242346453092305,
	"Gold Ingot": 4.06229648214381,