{
	"Platinum Coin": 26545.56878431052,
	"Gold Coin": 8254.806777722612,
	"Great Health Potion": 5311.548087100892,
	"Ham": 4778.026772623871,
	"Meat": 3459.2241305354155,
	"Great Spirit Potion": 3058.83000599523,
	"Lion's Mane": 1725.4430323465144,
	"Axe": 1642.4294739935247,
	"Werehyaena Nose": 1454.7056277056276,
	"Great Mana Potion": 1408.7699442942392,
	"Knife": 1312.7272727272727,
	"Red Crystal Fragment": 1152.2688769529757,
	"Halberd": 1148.9575869656187,
	"Dark Armor": 1043.416196909917,
	"Crystal Sword": 1023.1782261090401,
	"Soul Orb": 957.5839572204545,
	"Red Gem": 701.694936544882,
	"Pirate Coin": 701.3164674134184,
	"Yellow Gem": 656.9993645210129,
	"Combat Knife": 640.5469136709676,
	"Rapier": 604.9864500153982,
	"Leather Helmet": 522.3309940667222,
	"Pirat's Tail": 519.1327943239821,
	"Life Preserver": 504.89510489510485,
	"Small Diamond": 494.73445823322515,
	"Small Enchanted Amethyst": 494.67273368565577,
	"Ice Rapier": 468.8502196502222,
	"Small Enchanted Sapphire": 458.0804240541035,
	"Black Pearl": 449.281352472354,
	"Diremaw Brainpan": 443.36553491351697,
	"Ankh": 432.1513434472674,
	"Strong Mana Potion": 429.7055125163458,
	"Cyan Crystal Fragment": 421.3158503879996,
	"Terra Boots": 392.077227415828,
	"Green Crystal Shard": 361.1276510395196,
	"Green Crystal Fragment": 358.03667594541383,
	"Small Amethyst": 348.026277793817,
	"Onyx Chip": 338.52100239667084,
	"Silver Brooch": 318.7269127837861,
	"Ivory Carving": 313.8662398565807,
	"Ratana": 302.93706293706293,
	"Bone": 291.12903958954246,
	"Green Crystal Splinter": 283.16666666666663,
	"Serpent Sword": 279.46794185707256,
	"Mouldy Powder": 277.8298903207192,
	"Hydrophytes": 274.67534673082366,
	"Leather Boots": 258.30770011501266,
	"Small Enchanted Emerald": 257.79976510783683,
	"Small Emerald": 255.38985404659311,
	"Poisonous Slime": 245.92999518992934,
	"Doublet": 236.7999355689354,
	"Small Enchanted Ruby": 233.9413164155432,
	"War Hammer": 228.01569900367613,
	"White Pearl": 226.16682290476723,
	"Wand of Starstorm": 224.352084885068,
	"Twin Hooks": 222.28215085884986,
	"Two-Headed Turtle Heads": 213.86413812623832,
	"Shark Fins": 209.19401326807113,
	"Deepworm Jaws": 205.1871613172155,
	"Cheese": 204.475928037786,
	"Wood Mushroom": 195.19132972071696,
	"Brown Crystal Splinter": 182.03571428571428,
	"Diremaw Legs": 177.62741832158872,
	"Steel Helmet": 177.27068759033634,
	"Green Mushroom": 176.2104374370447,
	"Blue Crystal Shard": 172.94067905188982,
	"Giant Shimmering Pearl (Green)": 170.68974911194178,
	"Glacier Shoes": 168.20522007526665,
	"Sword Ring": 161.99826126726913,
	"Lightning Headband": 159.7942550995408,
	"Violet Crystal Shard": 153.02203715566944,
	"Knight Axe": 148.31130449060012,
	"Fire Sword": 146.51665562165184,
	"Crowbar": 145.79755356703063,
	"Wand of Inferno": 137.25146736838332,
	"Grappling Hook": 135.0248275862069,
	"Dark Shield": 134.7501982553529,
	"Wand of Voodoo": 131.65234811165845,
	"Coral Brooch": 126.77542589828809,
	"Dark Mushroom": 126.31096290120884,
	"Moonlight Crystals": 124.2806524663024,
	"Hailstorm Rod": 121.35714285714285,
	"Fairy Wings": 119.35855032708403,
	"Skull": 119.19738962868762,
	"Remains of a Fish": 116.19830321053394,
	"Deepworm Spike Roots": 114.4977073780742,
	"Rainbow Quartz": 104.80570975416337,
	"Protection Amulet": 101.17406781906087,
	"Glorious Axe": 99.39302425245886,
	"Small Tropical Fish": 99.07444098499859,
	"Orichalcum Pearl": 96.16688227684347,
	"Knight Armor": 93.09067616411996,
	"Spirit Cloak": 90.76923076923077,
	"Worm": 87.23127343775091,
	"Deepworm Spikes": 86.8728636932055,
	"Spike Sword": 86.78781113742109,
	"Black Shield": 81.06033546001899,
	"Widow's Mandibles": 81.03987201575191,
	"Terra Amulet": 79.54936517707628,
	"Dragon Ham": 79.30697906951443,
	"Staff": 76.04653520408014,
	"Springsprout Rod": 74.20796008644439,
	"Life Ring": 73.18547530776493,
	"Spiked Squelcher": 72.98969072164948,
	"Twigs": 70.92441036659024,
	"Flotsam": 67.04592496765848,
	"Lancer Beetle Shell": 64.60986808541651,
	"Magma Boots": 63.94114528101803,
	"Titan Axe": 63.63203806502776,
	"Frazzle Tongue": 63.24623962655602,
	"Focus Cape": 62.895831918550996,
	"Werehyaena Talisman": 60.58741258741259,
	"Knight Legs": 59.27716219210225,
	"Gold Ingot": 55.30352338244715,
	"Frazzle Skin": 55.246369294605806,
	"Small Treasure Chest": 54.41696113074205,
	"Gemmed Figurine": 53.9784885366544,
	"Magma Legs": 48.97715225735698,
	"Piece of Crocodile Leather": 48.3612374523952,
	"Fish": 48.06284251335825,
	"Coral Branch": 47.40620957309185,
	"Crown Helmet": 45.2707070770458,
	"Suspicious Device": 43.77891727788564,
	"Noble Axe": 41.17367168913561,
	"Ring of Blue Plasma": 39.16012725344645,
	"White Silk Flower": 37.82374747623943,
	"Lion Figurine": 36.025930104243685,
	"Spellbook of Enlightenment": 34.31150681056279,
	"Gold Nugget": 34.163600339654685,
	"Plate Armor": 33.5100360116793,
	"Emerald Bangle": 33.32661282814551,
	"Beetroot": 30.295610809082188,
	"Wood Cape": 29.064156945917286,
	"Big Bone": 28.550959543568464,
	"Lightning Boots": 28.264778643353115,
	"Cape": 27.43293532482166,
	"Strong Health Potion": 27.216115215170056,
	"Fish Fin": 27.203060165975103,
	"Dagger": 26.79356171536244,
	"Piece of Iron": 26.520357883817425,
	"Poison Arrow": 25.969404345769192,
	"Assassin Star": 22.650851644110535,
	"Health Potion": 22.568046873009262,
	"Mana Potion": 22.320861290605087,
	"Werehyaena Trophy": 20.226190476190474,
	"Sacred Tree Amulet": 18.537724051688205,
	"Obsidian Lance": 18.013592490379775,
	"Clay Lump": 17.771176931618434,
	"Lump of Dirt": 17.68698181594102,
	"Plate Legs": 17.213869080337684,
	"Heavily Rusted Armor": 16.483813631140233,
	"Spellbook": 16.079538900748428,
	"Iron Ore": 14.859077739274479,
	"Plate Shield": 14.086729345015645,
	"Bony Tail": 13.831533642580458,
	"Spear": 13.100869407309577,
	"Silencer Claws": 12.477023619616116,
	"White Gem": 12.298896122275686,
	"Two Handed Sword": 12.18909514574304,
	"Battle Shield": 11.39579411258883,
	"Mercenary Sword": 10.990520526826293,
	"Wyvern Talisman": 10.452245308310992,
	"Brown Bread": 9.853311858448265,
	"Wyrm Scale": 9.735499052625146,
	"Bunch of Ripe Rice": 9.443674866408585,
	"Zaoan Halberd": 9.237016982525228,
	"Crossbow": 9.224238008051312,
	"Bolt": 8.57751648342538,
	"Winter Wolf Fur": 8.5,
	"Bone Club": 7.985273762913867,
	"Sabre": 7.981134079898701,
	"Badger Fur": 7.579149344419571,
	"Arrow": 6.9302608081772625,
	"Giant Shimmering Pearl (Brown)": 6.906210921217173,
	"Dirty Fur": 6.534133533383346,
	"Mutated Bat Ear": 6.3861386138613865,
	"Scroll": 6.31418601529996,
	"Cookie": 6.179447577314034,
	"Star Herb": 5.96039603960396,
	"Bat Wing": 5.863636363636364,
	"Small Stone": 5.833266483174951,
	"Chain Armor": 5.790629060136165,
	"Orc Leather": 5.7023324794221475,
	"Burst Arrow": 5.425051141844294,
	"Torch": 5.274156725549542,
	"Haunted Blade": 4.954355992384089,
	"Small Sapphire": 4.894988590949984,
	"Thick Fur": 4.668509665350239,
	"Stealth Ring": 4.596453048245675,
	"Rotten Piece of Cloth": 4.563654985082603,
	"Mammoth Tusk": 4.544252754105176,
	"Orcish Gear": 4.428058248677044,
	"Hunting Spear": 4.425317108381284,
	"Spider Silk": 4.414269636281012,
	"Small Topaz": 4.281583045965377,
	"Shadow Herb": 4.157946693240095,
	"Acorn": 4.112557796934202,
	"Violet Gem": 4.063389391979301,
	"Studded Legs": 3.9177869681167294,
	"Beetle Necklace": 3.8465855258363093,
	"Studded Helmet": 3.561928436768781,
	"Girlish Hair Decoration": 3.489245218460213,
	"Shaggy Tail": 3.467459024249976,
	"Ancient Shield": 3.36977740555105,
	"Purple Robe": 3.3589368583884123,
	"Short Sword": 3.322192039145005,
	"Broken Helmet": 3.3025431657735815,
	"Bone Shield": 3.2822429191595552,
	"Heavy Old Tome": 3.2438128536681985,
	"Slime Heart": 3.107230559345157,
	"Shadow Sceptre": 3.032264704368857,
	"Power Bolt": 2.9592828418230566,
	"Silky Fur": 2.905668541756815,
	"Red Rose": 2.9009743296247144,
	"Wailing Widow's Necklace": 2.8574944622200342,
	"Grapes": 2.8254596698429744,
	"Terra Legs": 2.810715110801154,