{
	"Gold Coin": 2701.431413071805,
	"White Mushroom": 707.5330043007315,
	"Platinum Coin": 700.7858882549883,
	"Dagger": 317.073152800277,
	"Skull": 300.6003790257126,
	"Hatchet": 286.730621918233,
	"Meat": 202.03567823909407,
	"Axe": 169.23179587233503,
	"Pick": 134.11045344891582,
	"Bolt": 120.66101191066014,
	"Copper Shield": 117.04524997101534,
	"Leather Legs": 115.33865171353001,
	"Brown Bread": 110.4677296886864,
	"Studded Armor": 100.79357690505125,
	"Letter": 92.00137683475525,
	"Sabre": 87.19880375085597,
	"Spear": 81.91001607725028,
	"Small Stone": 63.91084818157359,
	"Dragon Ham": 62.119404394018815,
	"Fish": 61.52313496319847,
	"Coal": 53.073948038283866,
	"Lump of Earth": 51.60191029889639,
	"Chain Armor": 48.65330180439291,
	"Ham": 47.02993876698909,
	"Arrow": 45.73953200860396,
	"Elven Astral Observer": 45.24739573318258,
	"Flask of Demonic Blood": 44.770353474017156,
	"Girlish Hair Decoration": 44.216661386406294,
	"Great Health Potion": 40.46097692568727,
	"Poison Arrow": 40.31441058521587,
	"Soldier Helmet": 37.74844923601339,
	"Soul Orb": 37.565530279699985,
	"Small Axe": 36.205819015248494,
	"Demonic Essence": 34.797845841975715,
	"Green Crystal Splinter": 34.77700713478653,
	"Golden Lotus Brooch": 34.50097112594628,
	"Short Sword": 34.23862690394993,
	"Brown Crystal Splinter": 33.35859030837005,
	"Blue Crystal Splinter": 32.9079295154185,
	"Shovel": 32.048352377580095,
	"Dream Essence Egg": 30.109759499622136,
	"Peacock Feather Fan": 29.622166193650422,
	"Terramite Legs": 28.453959496617315,
	"Vein of Ore": 24.175770925110132,
	"Protective Charm": 23.61430111001634,
	"Plate Armor": 22.882590688826077,
	"Worm": 21.41857536508232,
	"Two Handed Sword": 21.135015525394312,
	"Elvish Talisman": 20.397870730511155,
	"Grapes": 19.98048449365746,
	"Orc Leather": 19.815675635301673,
	"Bone": 19.060359218834783,
	"Plate Shield": 18.5375829018465,
	"Bone Club": 18.32412220541198,
	"Heaven Blossom": 18.156249213457823,
	"Leather Helmet": 17.701747430766066,
	"Assassin Star": 17.61365587279647,
	"Rare Earth": 17.137950937950936,
	"Pulverized Ore": 17.11057268722467,
	"Cheese": 16.752243828404808,
	"Plum": 16.636550308008214,
	"Drill Bolt": 16.524229074889867,
	"Studded Helmet": 16.384051876827183,
	"Plate Legs": 16.07107597766833,
	"Magma Amulet": 14.64974222764624,
	"Terramite Shell": 14.164101333973,
	"Small Sapphire": 13.868600527512003,
	"Ultimate Health Potion": 13.85989621897617,
	"Belted Cape": 13.785202179523948,
	"Battle Axe": 13.586981448883208,
	"Small Diamond": 13.549130176831467,
	"Red Crystal Fragment": 13.335285800331793,
	"Terra Amulet": 13.005870647081974,
	"Violet Crystal Shard": 12.882725180021545,
	"Leather Armor": 12.868345627993797,
	"Great Spirit Potion": 12.844362754486063,
	"Hellspawn Tail": 12.769056068133427,
	"Seeds": 12.618870088901634,
	"Piercing Bolt": 12.226679085990607,
	"Wyvern Talisman": 12.13421581769437,
	"Hunting Spear": 11.863224360465297,
	"Small Ruby": 11.801577975851183,
	"Small Topaz": 11.683059263540656,
	"Leather Boots": 11.653314677293672,
	"White Pearl": 11.583741995534126,
	"Elven Scouting Glass": 11.308811675363796,
	"Scimitar": 11.230257632420367,
	"Small Emerald": 11.192504331074,
	"Broken Helmet": 11.097285907419735,
	"Glob of Acid Slime": 10.746897546897547,
	"Longsword": 10.534292685708065,
	"Dragon Necklace": 10.525093203326643,
	"Steel Helmet": 10.334802857960888,
	"Orcish Gear": 10.091853683031403,
	"Rorc Feather": 9.986476722786449,
	"Crossbow": 9.906056010868824,
	"Knife": 9.896599482918338,
	"Dwarven Shield": 9.691571374779524,
	"Wand of Draconia": 9.686977238917986,
	"Red Gem": 9.65527390137789,
	"Strong Health Potion": 9.625021407965352,
	"Terramite Eggs": 9.4883105229725,
	"Small Enchanted Ruby": 9.37623590633131,
	"Red Apple": 9.301981919332405,
	"Hatched Rorc Egg": 9.101656328811941,
	"Halberd": 9.065507640910377,
	"Dwarven Ring": 9.046020652509876,
	"Great Mana Potion": 8.695081967213115,
	"Stonerefiner's Skull": 8.624819624819624,
	"Poisonous Slime": 8.532832591216948,
	"Wolf Tooth Chain": 8.305462720491885,
	"Lump of Dirt": 8.20319541865745,
	"Wand of Dragonbreath": 8.171900216091686,
	"Mouldy Cheese": 7.914391999000713,
	"Lamassu Horn": 7.548631123919308,
	"Iron Ore": 7.177790937062667,
	"Battle Shield": 6.927229015479696,
	"Morning Star": 6.85631875473249,
	"Torch": 6.696368913688819,
	"Magma Boots": 6.621323478382129,
	"Orc Tooth": 6.576185069071922,
	"Leaf Star": 6.413183000867304,
	"Silver Brooch": 6.408609455578544,
	"Half-Digested Stones": 6.324867724867724,
	"Black Pearl": 6.295155210538278,
	"Corncob": 6.262235449735449,
	"Bow": 6.023335415262338,
	"Broken Shamanic Staff": 5.907407407407407,
	"Blue Crystal Shard": 5.832725496684053,
	"Mace": 5.562733586618848,
	"Scroll": 5.485367000687336,
	"Spider Fangs": 5.242849386513171,
	"Red Mushroom": 5.02611781405252,
	"Miraculum": 4.976588628762542,
	"Essence of a Bad Dream": 4.9389908872673,
	"Sphinx Feather": 4.929495244325902,
	"Rat Cheese": 4.895216951186993,
	"Terra Hood": 4.746874754207089,
	"Heavy Old Tome": 4.579991879101411,
	"Spider Silk": 4.538576171266396,
	"Lamassu Hoof": 4.4578530259366,
	"Blue Gem": 4.383049482177833,
	"Shamanic Hood": 4.3538359788359795,
	"Ring of Blue Plasma": 4.304842820295037,
	"Silver Amulet": 4.261187442485196,
	"Blank Rune": 4.206511550321724,
	"Studded Legs": 4.097513408093613,
	"Sphinx Tiara": 3.9786623723013435,
	"Melon": 3.9258401765365556,
	"Knight Legs": 3.6400734568857245,
	"Green Gem": 3.6010266217100297,
	"Sun Fruit": 3.5352185980512343,
	"Tribal Mask": 3.525930334440973,
	"Yellow Gem": 3.4899884046344534,
	"Power Bolt": 3.4354892761394105,
	"Sword": 3.431283329615552,
	"Opal": 3.4179657137278485,
	"Cookie": 3.3562435288445918,
	"Small Amethyst": 3.27916406149787,
	"Beetroot": 3.2315318196354332,
	"Wand of Inferno": 3.210664769881145,
	"Sword Ring": 3.1115260659844868,
	"Throwing Knife": 3.1046574019423727,
	"Brown Mushroom": 3.055588345763803,
	"Orcish Axe": 2.893675388686715,
	"Goblin Ear": 2.8631523984653455,
	"Piece of Crocodile Leather": 2.804693301648596,
	"Hand Axe": 2.72279792746114,
	"Wand of Cosmic Energy": 2.630889190537135,
	"Throwing Star": 2.579076590101587,
	"Necrotic Rod": 2.5775708933528634,
	"Elven Amulet": 2.5695097593834526,
	"Lightning Headband": 2.569340640020662,
	"Strong Mana Potion": 2.5475163572351347,
	"Clay Lump": 2.5324131887464953,
	"Bread": 2.504359150598705,
	"Red Piece of Cloth": 2.433879781420765,
	"Dirty Cape": 2.4308211473565806,
	"Mystic Turban": 2.3795147448369374,
	"Spiked Squelcher": 2.273789327888996,
	"Skull Belt": 2.225048688830413,
	"Tarantula Egg": 2.1926805709583945,
	"Onyx Chip": 2.1793948126801155,
	"Earth Arrow": 2.0144609090023486,
	"Holy Orchid": 2.0034097911293016,
	"Wood Cape": 1.9753686036426712,
	"Rainbow Quartz": 1.9416426512968301,
	"Green Crystal Fragment": 1.9020172910662825,
	"Roll": 1.8748324337694955,
	"Underworld Rod": 1.8733023220226381,
	"Rusted Armor": 1.827679205110007,
	"Mind Stone": 1.7684813917625626,
	"Health Potion": 1.7263314683047657,
	"Sacred Tree Amulet": 1.6896740866563706,
	"Wand of Defiance": 1.6677414170180551,
	"Protection Amulet": 1.654623880288552,
	"Energy Ring": 1.6083968853979789,
	"Terra Boots": 1.6072043275141383,
	"Lightning Pendant": 1.6015801922399475,
	"Magma Monocle": 1.5700765253611548,
	"Time Ring": 1.5670614194462371,
	"Ice Cube": 1.5341000870587123,
	"Magma Coat": 1.515536304987481,
	"Northwind Rod": 1.4555373704309873,
	"Sandals": 1.4438394977885163,
	"Brass Legs": 1.4210410335083248,
	"Collar of Blue Plasma": 1.4206418039895923,
	"Axe Ring": 1.4188273626985508,
	"Waterskin": 1.4064740571040686,
	"Pelvis Bone": 1.3997053251946958,
	"Power Ring": 1.3796949704420167,
	"Wooden Shield": 1.3557911381193213,
	"Wand of Starstorm": 1.3453273614815562,
	"Fire Axe": 1.3163879598662207,
	"Green Tunic": 1.3133885612994247,
	"Machete": 1.303266699171136,
	"Obsidian Lance": 1.3021151617655933,
	"Small Enchanted Sapphire": 1.2176929748482221,
	"Platinum Amulet": 1.1849388112153063,