{
	"Gold Coin": 5353.615627338723,
	"Platinum Coin": 5208.8392553495105,
	"Ham": 1648.802723492994,
	"Great Health Potion": 585.2776505073361,
	"Cowbell": 572.2343485346679,
	"Meat": 558.2745025190751,
	"Great Mana Potion": 513.4628167481363,
	"Cultish Robe": 461.7798004982982,
	"Minotaur Horn": 450.84943904884227,
	"Plate Shield": 444.6931160431667,
	"Small Diamond": 382.5935409529489,
	"Minotaur Leather": 372.55928917422875,
	"Red Gem": 284.55772032942065,
	"Pirate Coin": 281.7795865667415,
	"Bronze Amulet": 276.6838525086681,
	"Small Sapphire": 264.6324465553944,
	"Red Crystal Fragment": 256.79538594863277,
	"Mino Shield": 238.32387402661263,
	"Small Emerald": 230.6207628484593,
	"Brown Crystal Splinter": 217.8151471691555,
	"Pirat's Tail": 207.53853329169965,
	"Great Spirit Potion": 206.2364976780422,
	"Ice Rapier": 196.7883200328875,
	"Small Topaz": 160.4548286595669,
	"Small Amethyst": 149.58304862000688,
	"Yellow Gem": 138.9513645686172,
	"Small Ruby": 137.29884872620656,
	"Cyan Crystal Fragment": 125.48989313510202,
	"Ring of Healing": 113.53547194619843,
	"Crystal Sword": 110.41307800952498,
	"Small Enchanted Ruby": 109.51895043731778,
	"Wand of Inferno": 105.78866533988328,
	"Mouldy Powder": 104.4091325171312,
	"Golden Idol of Tukh": 103.2388427898632,
	"Skull": 100.55215010424799,
	"Dagger": 100.1788916888011,
	"Strong Mana Potion": 92.07381305276911,
	"Purple Robe": 89.61892523364486,
	"Worm": 87.43971230607073,
	"Shark Fins": 83.94401168294429,
	"Glob of Glooth": 82.22268574128431,
	"Knight Axe": 75.24840128084452,
	"Banana": 69.99087192253286,
	"Moonlight Rod": 67.74373694050368,
	"Terra Boots": 66.18681471411786,
	"Snakebite Rod": 65.35806855522321,
	"Protection Amulet": 65.09600391091503,
	"Onyx Chip": 65.05822179961211,
	"Crowbar": 62.9718141107295,
	"Life Crystal": 61.17087108897459,
	"Wand of Draconia": 59.89078268670105,
	"Grappling Hook": 56.106206896551726,
	"Fire Sword": 52.62152277553074,
	"Mace": 51.57339614281507,
	"Wand of Voodoo": 49.03822793151774,
	"Chain Armor": 48.10105440063442,
	"Rare Earth": 45.435497835497834,
	"Spear": 44.790597678737896,
	"Red Ectoplasm": 44.573446961202066,
	"Knight Armor": 39.81030669063617,
	"Wand of Starstorm": 37.43175824349871,
	"Strong Health Potion": 37.30688796908585,
	"Brown Bread": 36.92103264996204,
	"Mino Lance": 34.98077278609724,
	"Taurus Mace": 34.88691588785046,
	"Wand of Cosmic Energy": 34.652598220501844,
	"Coal": 34.006294154034364,
	"Halberd": 32.756262026860526,
	"Magma Boots": 32.61279135942581,
	"Red Piece of Cloth": 32.0000348111435,
	"Book Page": 30.692520775623265,
	"Sabre": 30.17431558058611,
	"Gold Ingot": 30.03147033016273,
	"Brass Helmet": 29.691368179130855,
	"Small Stone": 28.661847641233837,
	"Glob of Acid Slime": 28.49177489177489,
	"Prismatic Quartz": 28.030724377663155,
	"Springsprout Rod": 27.95526964149472,
	"Poisonous Slime": 27.93477357870264,
	"Magma Coat": 27.571204305898185,
	"Focus Cape": 26.74599786552828,
	"Small Enchanted Emerald": 25.902623906705536,
	"Essence of a Bad Dream": 25.706909269731987,
	"Axe": 23.520636910261207,
	"Ultimate Health Potion": 23.43878321370715,
	"Green Crystal Shard": 22.992917925323788,
	"Stonerefiner's Skull": 22.865800865800864,
	"Slime Heart": 22.52742155525239,
	"Hexagonal Ruby": 21.935191004715005,
	"Sword": 20.870624074398357,
	"Dragon Ham": 20.834336138316303,
	"Terra Hood": 20.629714411848983,
	"Glowing Rune": 20.41551246537396,
	"Shaggy Tail": 20.309402856321288,
	"Small Treasure Chest": 19.560827864714792,
	"Battle Stone": 19.468464213644754,
	"Poisoned Fang": 19.33069577080491,
	"Lamassu Horn": 18.922313020508486,
	"Stone Skin Amulet": 18.670403873104856,
	"Glacier Amulet": 18.39903172378647,
	"Orange": 17.711482326242447,
	"Hand Axe": 17.69818652849741,
	"Half-Digested Stones": 16.768253968253966,
	"Blue Ectoplasm": 16.716524398012485,
	"Ring of Blue Plasma": 16.559915164369034,
	"Bolt": 16.487295289538842,
	"Terra Amulet": 15.679897612126734,
	"Fish": 15.630652144143124,
	"Dark Mushroom": 15.44257568476694,
	"Girlish Hair Decoration": 15.313078518527906,
	"Glooth Spear": 15.101751877186352,
	"Dragon Necklace": 14.654226353691994,
	"Assassin Star": 14.496410107077253,
	"Silken Bookmark": 14.210526315789473,
	"Double Axe": 14.10785087817219,
	"Violet Crystal Shard": 12.812680115273777,
	"Wood Cape": 12.318830587291892,
	"Blue Crystal Shard": 12.264769452449567,
	"Rat Cheese": 12.148949542862121,
	"Necromantic Rust": 12.112332112332112,
	"Platinum Amulet": 12.103197859599948,
	"Leather Helmet": 11.978944426942933,
	"Lightning Boots": 11.773064687168612,
	"Sphinx Feather": 11.551205274017411,
	"Orb": 11.289081411644796,
	"Lamassu Hoof": 11.169563834043721,
	"Green Mushroom": 10.693527550976603,
	"Bone": 10.114928646102864,
	"Warrior Helmet": 10.098539093251095,
	"Glooth Injection Tube": 10.013320796113463,
	"Green Gem": 9.608801437063592,
	"Leather Boots": 9.411426149907966,
	"Sphinx Tiara": 9.323134215691208,
	"Magma Amulet": 9.31523325449147,
	"Viper Star": 9.257844474761255,
	"Short Sword": 9.00142512315342,
	"Cyclops Toe": 8.992557065120316,
	"Blue Gem": 8.743855338460257,
	"Garlic Necklace": 8.737696110141666,
	"Kongra's Shoulderpad": 8.473700744995961,
	"Beastslayer Axe": 8.376690435210229,
	"Knife": 8.31785024658478,
	"Protective Charm": 8.175842967168396,
	"Opal": 8.143830218670626,
	"Minotaur Trophy": 8.06032235408474,
	"Two Handed Sword": 7.979983878376978,
	"Hailstorm Rod": 7.978341189960505,
	"Glooth Axe": 7.882574516918199,
	"Dark Shield": 7.523973444799607,
	"Cheese": 7.487795761349718,
	"Rope": 7.476683937823835,
	"Poison Arrow": 7.276601544752387,
	"Plate Armor": 7.207526195817507,
	"White Pearl": 7.168724915926557,
	"Glooth Club": 7.132081547759002,
	"Glooth Blade": 6.907447318125893,
	"Glooth Sandwich": 6.763830120670741,
	"Elven Amulet": 6.755152074747519,
	"Green Crystal Fragment": 6.5780191246322826,
	"Wand of Defiance": 6.370251943575527,
	"Warrior's Shield": 6.094418490287682,
	"White Mushroom": 5.989417150557879,
	"Werehyaena Nose": 5.9393939393939394,
	"Sickle": 5.8410885931219685,
	"Obsidian Lance": 5.724893970750623,
	"Black Shield": 5.693139906565035,
	"Lump of Dirt": 5.502143268611704,
	"Dark Armor": 5.405327125121611,
	"Banana Sash": 5.271197663949797,
	"Bat Wing": 5.02873618452667,
	"Orc Leather": 5.009049206058008,
	"Glacial Rod": 4.884698687730921,
	"Lightning Headband": 4.831042129012779,
	"Big Bone": 4.809925629613806,
	"Wooden Shield": 4.782383419689119,
	"Battle Shield": 4.658011224878469,
	"Studded Club": 4.647668393782383,
	"Glooth Amulet": 4.60920655790488,
	"Hunting Spear": 4.3186724700975985,
	"Steel Shield": 4.172843970348942,
	"Rainbow Quartz": 4.130403458213257,
	"Green Crystal Splinter": 4.121912593231081,
	"Glooth Steak": 4.098772169167804,
	"Bloody Pincers": 4.012785837226457,
	"Bronze Gear Wheel": 3.9501542181372926,
	"Heavy Old Tome": 3.903529373532586,
	"Gearwheel Chain": 3.8936592321641688,
	"Red Apple": 3.7812934631432547,
	"Lightning Pendant": 3.7529565698756984,
	"Titan Axe": 3.732364080079531,
	"Warrior's Axe": 3.6365871649864765,
	"Talon": 3.6204059243006035,
	"Crystal Necklace": 3.603255566469162,
	"Crossbow": 3.387793510599516,
	"Flask of Rust Remover": 3.321123321123321,
	"Life Ring": 3.3055547154897553,
	"Battle Axe": 3.275003562903823,
	"Magma Monocle": 3.2028783839125246,
	"Broken Helmet": 3.1681888761198733,
	"Shockwave Amulet": 3.1479169320932603,
	"Combat Knife": 3.040055705925687,
	"Life Preserver": 2.8799920581958904,
	"Dead Snake": 2.8302200083022,
	"Dragon's Tail": 2.7645392635448682,
	"Shovel": 2.631261093506483,
	"Small Enchanted Amethyst": 2.6270396270396272,
	"Iron Ore": 2.594934082378357,
	"Violet Gem": 2.5657682868637885,
	"Cobra Tongue": 2.5409718228867164,
	"Slightly Rusted Legs": 2.5396825396825395,
	"Voluminous Piece of Cloth": 2.4673691088785428,
	"Torch": 2.4535421543753713,
	"Slightly Rusted Armor": 2.4420024420024418,
	"Ludicrous Piece of Cloth": 2.409540145389202,
	"Nail": 2.3443223443223444,