{
	"Gold Coin": 2949.77713999612,
	"Platinum Coin": 2320.904750089934,
	"Great Health Potion": 559.9958361909077,
	"Ham": 405.6379479932772,
	"Small Amethyst": 323.4727630451238,
	"Meat": 289.5135354876267,
	"Great Spirit Potion": 267.2600042497929,
	"Cheese": 263.06813467547863,
	"Small Emerald": 238.7840275441788,
	"Small Diamond": 233.81498532508593,
	"Assassin Star": 228.2871684903681,
	"Great Mana Potion": 207.89218783494965,
	"Small Ruby": 172.54554601332498,
	"Soul Orb": 169.03930318454533,
	"Flask of Demonic Blood": 163.75896712479164,
	"Axe": 138.73703718987755,
	"Onyx Arrow": 132.2295242711051,
	"Werehyaena Nose": 129.62987012987014,
	"Skull": 119.88368067094902,
	"Small Topaz": 117.87065144039188,
	"Dagger": 117.60000000000001,
	"Knife": 116.95120021188723,
	"Dragon Ham": 112.94132812863515,
	"Plate Shield": 102.79887427671373,
	"Halberd": 101.61194159368156,
	"Worm": 89.88265299777282,
	"Ultimate Health Potion": 89.4204184435395,
	"Red Gem": 86.92784294828171,
	"Red Crystal Fragment": 84.67839018978324,
	"Ice Flower (Item)": 71.87156136322726,
	"Ice Rapier": 65.45804421126067,
	"Mace": 62.02766128802745,
	"Dream Essence Egg": 58.50650416220854,
	"Chain Armor": 54.27544919613668,
	"Yellow Gem": 50.48277506920249,
	"Combat Knife": 46.303030303030305,
	"Life Preserver": 44.52214452214452,
	"Brown Bread": 43.41913439635535,
	"Swampling Moss": 42.69171882837888,
	"Green Crystal Splinter": 41.83875165518423,
	"Small Enchanted Amethyst": 41.25408580998171,
	"Spear": 41.2300462517438,
	"Brass Helmet": 38.321074889056995,
	"Small Stone": 37.74485381683772,
	"Demonic Essence": 35.90277187988737,
	"Sabre": 34.231841748536134,
	"Piece of Swampling Wood": 31.956947503871234,
	"Fire Mushroom": 31.105727982512718,
	"Fish": 30.59859987854144,
	"Green Crystal Fragment": 29.381303648625977,
	"Small Enchanted Ruby": 27.959503520122563,
	"Ratana": 26.713286713286717,
	"Insectoid Eggs": 26.183974790374506,
	"Brown Crystal Splinter": 26.086091572273745,
	"White Mushroom": 23.983117624434964,
	"Giant Shimmering Pearl (Green)": 23.584934992618724,
	"Green Gem": 23.351179219656814,
	"Sword": 22.81565830454845,
	"Violet Gem": 22.120115349468513,
	"Sword Ring": 20.689677512867497,
	"Stone Wing": 20.520721925133692,
	"Miraculum": 20.266260935717003,
	"Steel Shield": 18.733725737343846,
	"Small Enchanted Emerald": 18.72709418000583,
	"Girlish Hair Decoration": 18.681893828748485,
	"Life Crystal": 17.60883530511575,
	"Compound Eye": 17.508406971699856,
	"Essence of a Bad Dream": 17.343487545772078,
	"Northwind Rod": 17.122824952397643,
	"Titan Axe": 17.05059865863556,
	"Hailstorm Rod": 16.981826401446654,
	"Potato": 16.96524064171123,
	"Elven Astral Observer": 16.824773960216998,
	"Rorc Feather": 16.604021539090724,
	"Elvish Talisman": 16.48911714355588,
	"Glacier Amulet": 16.455122410559092,
	"Strong Health Potion": 16.430312045780763,
	"Swampling Club": 15.882794268391093,
	"Small Enchanted Sapphire": 15.840251070278338,
	"Tiger Eye": 15.819154694677707,
	"Rope": 15.273611557636125,
	"Piece of Crocodile Leather": 15.225477923235237,
	"Hatched Rorc Egg": 15.132874378024674,
	"Demon Horn": 14.861554553831594,
	"Spider Fangs": 14.287988125500853,
	"Wolf Tooth Chain": 14.243781105186649,
	"Cookie": 13.96812214701461,
	"Wand of Starstorm": 13.461621767874052,
	"Bolt": 13.37233870107045,
	"Glacier Mask": 13.070095528436042,
	"Dragon's Tail": 12.604213928777222,
	"Moonlight Rod": 11.929204339963833,
	"Crossbow": 11.790013448574102,
	"Minotaur Horn": 11.177671463245927,
	"Doublet": 11.107142857142856,
	"Spiked Squelcher": 10.727052685063136,
	"Protection Amulet": 10.40387191164495,
	"Torch": 10.259575060114349,
	"Violet Crystal Shard": 10.243956948773747,
	"Vexclaw Talon": 10.079475461951121,
	"Protective Charm": 9.971768612653827,
	"Black Shield": 9.81978846462122,
	"Wand of Voodoo": 9.800777230432402,
	"Knight Armor": 9.478254785292147,
	"Glacier Robe": 9.473711434296611,
	"Arrow": 9.41646782776908,
	"Damaged Armor Plates": 9.35634049828708,
	"Tarantula Egg": 9.269058777233212,
	"Falcon Crest": 9.264428794713785,
	"Burst Arrow": 9.176158621105285,
	"Swarmer Antenna": 9.159571368448315,
	"Banana": 8.818369207971578,
	"Small Sapphire": 8.712363534246212,
	"Terra Boots": 8.336157580741736,
	"Some Grimeleech Wings": 8.191358024691358,
	"Green Mushroom": 7.889676711474266,
	"Carrot": 7.8496841793340515,
	"Wand of Cosmic Energy": 7.80660437096123,
	"Longsword": 7.685778870555263,
	"Royal Spear": 7.394253118922343,
	"Elven Amulet": 7.35824821870348,
	"Shimmering Beetles": 7.225128196173779,
	"Terra Hood": 6.456728224430982,
	"Silver Amulet": 6.448201442723188,
	"Thorn": 6.174192987035587,
	"Shrimp": 6.078674305050099,
	"Golden Armor": 6.066379841411812,
	"Underworld Rod": 6.0316524525313575,
	"Ring of Blue Plasma": 5.8690081504961835,
	"Energy Ring": 5.818824403935339,
	"Opal": 5.780643841629984,
	"Strong Mana Potion": 5.661294203113281,
	"Glacier Kilt": 5.657617999510883,
	"Steel Helmet": 5.656245245651698,
	"Knight Axe": 5.639606848403921,
	"Mastermind Shield": 5.5796584734851535,
	"Dandelion Seeds": 5.515236286266243,
	"Quara Tentacle": 5.3467835578262894,
	"Werehyaena Talisman": 5.3426573426573425,
	"Glacier Shoes": 5.321105404744436,
	"Red Apple": 5.293810848400557,
	"Crawler Head Plating": 5.214135490394337,
	"Quara Bone": 5.11457143457783,
	"Bone": 5.0745088982478395,
	"Dung Ball": 4.9432236395469324,
	"Minotaur Leather": 4.931872487802738,
	"Fire Axe": 4.9261519254716,
	"Hunting Spear": 4.920042180511462,
	"Power Ring": 4.808080106238956,
	"Cyan Crystal Fragment": 4.80775108718417,
	"Crab Pincers": 4.796691936595451,
	"Orc Leather": 4.776329453818218,
	"Sulphurous Stone": 4.731805769915707,
	"War Axe": 4.5337265020272755,
	"Health Potion": 4.4748290370703225,
	"Onyx Chip": 4.395472130806306,
	"Mind Stone": 4.341708542713568,
	"Fresh Fruit": 4.3393824454588925,
	"Crystalline Arrow": 4.3384723065449275,
	"Mino Shield": 4.224489795918368,
	"Bone Sword": 4.062102909928746,
	"Knight Legs": 4.059183174370261,
	"War Hammer": 4.024250416344123,
	"Wild Flowers": 3.9422433841653266,
	"Rainbow Quartz": 3.9114671788211317,
	"Ring of Healing": 3.8683766967105244,
	"Orb": 3.8603489745133084,
	"Lump of Earth": 3.79775401676666,
	"Orcish Axe": 3.59902594386274,
	"Obsidian Lance": 3.558527115202401,
	"Gold-Brocaded Cloth": 3.5404507429947745,
	"Brass Legs": 3.4287843573510406,
	"Beastslayer Axe": 3.4116160461945135,
	"Strawberry": 3.356951871657754,
	"Tower Shield": 3.2634318709824695,
	"Might Ring": 3.2454391754835985,
	"Magma Clump": 3.175351938750309,
	"Double Axe": 3.141906260815406,
	"Rotten Feather": 3.0629018730779984,
	"Dark Shield": 3.0612244897959187,
	"Magma Amulet": 3.025102659157194,
	"Earth Arrow": 3.0216913635035234,
	"Wood Cape": 2.9977400939567516,
	"Gold Ingot": 2.9732186377612693,
	"Battle Shield": 2.9727213416168508,
	"Brass Armor": 2.933853562006573,
	"Bloody Pincers": 2.8419064786798,
	"Life Ring": 2.7436522107254,
	"Broken Helmet": 2.6639104299406333,
	"Sickle": 2.6558036138350642,
	"Lamassu Horn": 2.607708933717579,
	"Lump of Dirt": 2.601013181525533,
	"Morning Star": 2.5989304812834226,
	"Crystalline Spikes": 2.5977233353132485,
	"Sniper Arrow": 2.5911258852435326,
	"Plate Legs": 2.5830486240985158,
	"Axe Ring": 2.5563243700101763,
	"Talon": 2.556172639653326,
	"Crystal Sword": 2.5240611718987873,
	"Leaf Star": 2.5228211787634867,
	"Platinum Amulet": 2.5031711132634324,
	"Warrior's Shield": 2.479591836734694,
	"Giant Sword": 2.4658107436056884,
	"Pirate Coin": 2.442452304396177,
	"Blue Crystal Splinter": 2.3926509389071233,
	"Wand of Inferno": 2.3625652332491627,
	"Broadsword": 2.3472045308105365,
	"Stealth Ring": 2.3444794660810775,
	"Fiery Heart": 2.340577920474191,
	"Colourful Snail Shell": 2.300975852142205,
	"Leather Boots": 2.27770336621513,
	"Blue Gem": 2.2724099607005215,
	"Closed Trap": 2.230448166648329,
	"Collar of Green Plasma": 2.1890094091073093,
	"Crown Shield": 2.1873318659819025,
	"Quara Eye": 2.182107822587407,