{
	"Gold Coin": 4298.563569934324,
	"Platinum Coin": 1152.5378338719786,
	"Fish": 789.1744169768122,
	"Meat": 210.81789476002635,
	"Torch": 127.83774226846603,
	"Worm": 98.60236863939548,
	"Soul Orb": 91.93862090854502,
	"Flask of Demonic Blood": 89.94793188323797,
	"Leather Armor": 89.55539357580551,
	"Great Health Potion": 87.3883004343048,
	"Bone": 76.77663175073839,
	"Mace": 73.66378523635335,
	"Demonic Essence": 69.90730165600849,
	"Spear": 67.59200120531332,
	"Ham": 67.43644284150764,
	"Elven Astral Observer": 59.65012905075997,
	"Bolt": 56.33738609711255,
	"Golden Lotus Brooch": 52.27792756098702,
	"Short Sword": 51.79656581965253,
	"White Mushroom": 50.25268519478834,
	"Skull": 46.9677362732682,
	"Red Gem": 46.18768497314847,
	"Leather Boots": 45.52857787659378,
	"Peacock Feather Fan": 45.05048093080418,
	"Dream Essence Egg": 44.94170204641732,
	"Compound Eye": 44.11113396542592,
	"Mouldy Cheese": 40.73150887172616,
	"Axe": 34.772062039983616,
	"Cleaver": 32.94025447718943,
	"Dragon Ham": 32.509751105433836,
	"Brass Helmet": 32.01848214704225,
	"Red Crystal Fragment": 31.857482346857193,
	"Throwing Knife": 31.160181695656913,
	"Great Mana Potion": 31.066141664402313,
	"Belted Cape": 30.27241234678949,
	"Knife": 29.50617472009806,
	"Dagger": 28,
	"Plate Shield": 27.854857877471428,
	"Small Enchanted Ruby": 26.406747982088067,
	"Bone Shield": 26.301856900968506,
	"Heaven Blossom": 25.56291249688099,
	"Small Topaz": 25.49862894185394,
	"Ultimate Health Potion": 24.511800500560984,
	"Assassin Star": 23.37597868898131,
	"Red Piece of Cloth": 22.721898927483487,
	"Small Diamond": 21.950390164060195,
	"Chain Armor": 21.574904847898104,
	"Small Emerald": 19.893529296971316,
	"Poison Arrow": 19.643149570687182,
	"Small Ruby": 19.548074118958947,
	"Scimitar": 19.051813883530603,
	"Seeds": 17.95266596832017,
	"Elvish Talisman": 17.807872394564985,
	"Great Spirit Potion": 17.467038631127526,
	"Swarmer Antenna": 16.487228463206968,
	"Pelvis Bone": 16.45198642641888,
	"Two Handed Sword": 16.08241328836253,
	"Pick": 16.059004271118475,
	"Crawler Head Plating": 16.002002022244692,
	"Magma Amulet": 15.46912603041826,
	"Small Sapphire": 15.023576962323688,
	"Poison Dagger": 14.510826504904168,
	"Dragon Necklace": 14.351124096293104,
	"White Pearl": 14.117926346158193,
	"Halberd": 13.987701092438805,
	"Dung Ball": 13.81194840461643,
	"Wand of Draconia": 13.766114688128129,
	"Knight Axe": 12.596918109503981,
	"Minotaur Horn": 12.477576641479018,
	"Swamp Grass": 12.373227474150664,
	"Yellow Gem": 12.336642380387897,
	"Violet Crystal Shard": 11.882504868515682,
	"Black Pearl": 11.674300696818873,
	"Wand of Dragonbreath": 11.382896114537866,
	"Hunting Spear": 10.823259832412601,
	"Book of Necromantic Rituals": 10.81973203410475,
	"Centipede Leg": 10.786420901327471,
	"Fireproof Horn": 10.738019955967394,
	"Unholy Bone": 10.55529075309819,
	"Brown Bread": 10.33788914198937,
	"Sword": 10.298480342564131,
	"Leaf Star": 10.195316565481354,
	"Leather Legs": 10.07138979445567,
	"Medicine Pouch": 9.693722304283604,
	"Werehyaena Nose": 9.575757575757576,
	"Hatchet": 9.561540923675016,
	"Silver Brooch": 9.547617147798785,
	"Small Amethyst": 9.295520293241538,
	"Tribal Mask": 9.244151048522001,
	"Broken Crossbow": 9.182760723724336,
	"Winter Wolf Fur": 9,
	"Jalapeno Pepper": 8.967867575462513,
	"Strong Health Potion": 8.87502432905886,
	"Mammoth Whopper": 8.795830690812963,
	"Crystalline Arrow": 8.590850765033917,
	"Strong Mana Potion": 8.569848281279503,
	"Sabre": 8.565863577288036,
	"Hand Axe": 8.557364914877867,
	"Wood": 8.246344165435746,
	"Miraculum": 7.879598662207358,
	"Piercing Bolt": 7.544463701649434,
	"Hellspawn Tail": 7.485308729595458,
	"Throwing Star": 7.437378034971392,
	"Leather Helmet": 7.4099816055355205,
	"Brass Shield": 7.39534041096691,
	"Voluminous Piece of Cloth": 7.1720983419096624,
	"Ludicrous Piece of Cloth": 7.004002287021154,
	"Lump of Earth": 6.996917322719028,
	"Ominous Piece of Cloth": 6.779874213836479,
	"Luminous Piece of Cloth": 6.751858204688393,
	"Ring of Blue Plasma": 6.565499914243941,
	"Obvious Piece of Cloth": 6.471698113207547,
	"Terra Rod": 6.308765557046827,
	"Magma Boots": 6.286917184785182,
	"Health Potion": 6.221785465801762,
	"Carrot": 6.1986178559342,
	"Battle Shield": 6.013001633987097,
	"Dubious Piece of Cloth": 5.9113779302458545,
	"Green Crystal Splinter": 5.875320778353803,
	"Brass Armor": 5.7789238121040905,
	"Wand of Inferno": 5.7344595759501535,
	"Essence of a Bad Dream": 5.712485190237626,
	"Wooden Shield": 5.479252823389837,
	"Earth Arrow": 5.439044454306342,
	"Silver Amulet": 5.351417344602233,
	"Sun Fruit": 5.315209811151736,
	"Combat Knife": 5.273393543454368,
	"Small Enchanted Amethyst": 5.244205497595553,
	"Cheese": 5.207297690456521,
	"Bone Toothpick": 5.171274229424849,
	"Crystalline Spikes": 4.9661263128809985,
	"Piece of Archer Armor": 4.820085383207969,
	"Piece of Warrior Armor": 4.62370220308939,
	"Life Preserver": 4.603729603729604,
	"Beetroot": 4.443356251998721,
	"Necrotic Rod": 4.432655329767197,
	"Drill Bolt": 4.337033299697275,
	"Troll Green": 4.3347119645494825,
	"Morning Star": 4.207001365102811,
	"Wyvern Talisman": 4.204926273458445,
	"Spider Fangs": 4.195735802868098,
	"Chain Helmet": 4.140431024526752,
	"Blue Crystal Splinter": 4.0378589966231395,
	"Small Stone": 4.028348162776572,
	"Minotaur Leather": 4.023072401176265,
	"Ice Cube": 4.022451939568893,
	"Haunch of Boar": 3.9960918417195894,
	"Mana Potion": 3.956598144902422,
	"Rope": 3.9179999310863964,
	"Mystic Turban": 3.8679078918228496,
	"Copper Shield": 3.8608228204584765,
	"Blazing Bone": 3.8360559914814467,
	"Studded Armor": 3.816464755709717,
	"Waspoid Wing": 3.734238327842781,
	"Girlish Hair Decoration": 3.625979092280999,
	"Green Crystal Fragment": 3.483218429737098,
	"Big Bone": 3.3664096180003225,
	"Skull Helmet": 3.2797289908548053,
	"Fiery Heart": 3.2549550013016426,
	"Wood Cape": 3.140329575021682,
	"Letter": 3.024266712561159,
	"Slightly Rusted Legs": 3.023369036027264,
	"Wand of Cosmic Energy": 2.9649699037137163,
	"Red Mushroom": 2.946344925479063,
	"Plate Legs": 2.9001114130251104,
	"Corncob": 2.8374337131391307,
	"Egg": 2.8261413749208426,
	"Ratana": 2.7622377622377625,
	"Studded Club": 2.7534504912229774,
	"Brown Mushroom": 2.7105986365342924,
	"Magma Coat": 2.6623291596869514,
	"Rapier": 2.648898939320519,
	"Waspoid Claw": 2.645404975576508,
	"Blank Rune": 2.6372541591349434,
	"Holy Orchid": 2.5926421404682274,
	"Brown Crystal Splinter": 2.5675179129156716,
	"Fire Axe": 2.5498544881898306,
	"Underworld Rod": 2.507814846790045,
	"Steel Shield": 2.4871747733601106,
	"Flask of Warrior's Sweat": 2.4439759805800434,
	"Rainbow Trout": 2.4216442362159905,
	"Magma Clump": 2.4083698953763077,
	"Broken Gladiator Shield": 2.3719177207103614,
	"Yellow Piece of Cloth": 2.2836199982452143,
	"Collar of Blue Plasma": 2.2584562012142237,
	"Hellhound Slobber": 2.2368593955321945,
	"Sword Ring": 2.116405417623707,
	"Banana": 2.1153846153846154,
	"Green Perch": 2.084697765040431,
	"Terra Boots": 2.0799114826653553,
	"Crystal Sword": 2.0392005575520344,
	"Crossbow": 2.023051739578631,
	"Prismatic Bolt": 1.9574755315558556,
	"Protective Charm": 1.9386333418873551,
	"Small Enchanted Sapphire": 1.9358196010407633,
	"Iron Ore": 1.920586767756006,
	"Viking Helmet": 1.9201643109579192,
	"Longsword": 1.8565217264602567,
	"Mind Stone": 1.8542713567839197,
	"Purple Robe": 1.8194996492868833,
	"Energy Ring": 1.8033166504151457,
	"Heavy Old Tome": 1.7779100377337278,
	"Mysterious Fetish": 1.7460698828647407,
	"Shrimp": 1.7073847024099569,
	"War Hammer": 1.655813953488372,
	"Warwolf Fur": 1.6307424836349431,
	"Tomato": 1.6176374877969413,
	"Oriental Shoes": 1.6075612741922125,
	"Fur Bag": 1.5392212189616252,
	"Northern Pike": 1.517820853638764,
	"Dragon's Tail": 1.4686999739373787,
	"Golden Brush": 1.4562975622712102,
	"Thick Fur": 1.454125961338599,
	"Death Ring": 1.4244077956306644,
	"Focus Cape": 1.4240329001921066,
	"Mammoth Tusk": 1.4154229889835792,