{
	"Platinum Coin": 10143.497708421999,
	"Gold Coin": 6303.9461993863115,
	"Ham": 2032.7454360532245,
	"Great Spirit Potion": 1437.568268247036,
	"Soul Orb": 1021.4272466328695,
	"Flask of Demonic Blood": 972.309695831389,
	"Meat": 816.2602401177428,
	"Lion's Mane": 711.4349931960115,
	"Demonic Essence": 457.387675340903,
	"Dark Armor": 439.456780333069,
	"Great Health Potion": 400.58910368084094,
	"Great Mana Potion": 360.5779202981141,
	"Small Enchanted Sapphire": 356.4416443489084,
	"Crystal Sword": 347.3372688612924,
	"Small Enchanted Ruby": 327.4385999622701,
	"Golden Lotus Brooch": 300.66347269807125,
	"Ultimate Health Potion": 290.04019750677116,
	"Black Pearl": 258.4461294962274,
	"Peacock Feather Fan": 257.21002852656716,
	"Small Diamond": 248.9910362138866,
	"Rapier": 246.15042953756168,
	"Power Bolt": 214.73337249526793,
	"Leather Helmet": 214.52042919682154,
	"Assassin Star": 204.11084620424214,
	"Unholy Bone": 195.86129254995723,
	"White Pearl": 193.68487627384727,
	"Dream Essence Egg": 191.4952829730063,
	"Ankh": 176.1012611953939,
	"Tunnel Tyrant Shell": 175.1799295774648,
	"Cave Devourer Eyes": 170.1037909458962,
	"Cave Devourer Maw": 166.76186970923814,
	"Silver Brooch": 165.17699757974054,
	"Axe": 147.67141732912228,
	"Ice Flower (Item)": 146.08342434373012,
	"Cave Devourer Legs": 133.34265734265733,
	"Crystalline Arrow": 132.67427309532573,
	"Ivory Carving": 129.9879284196349,
	"Tunnel Tyrant Head": 127.75985915492957,
	"Ice Rapier": 124.9941406070497,
	"Terra Boots": 123.70840187501616,
	"Blank Rune": 121.94736842105263,
	"Elven Astral Observer": 116.39753820830768,
	"Small Sapphire": 115.1179631476665,
	"Serpent Sword": 113.87881557302138,
	"Green Crystal Shard": 109.74212134314332,
	"Leather Boots": 104.53428243692169,
	"Slime Heart": 102.26278984173722,
	"Small Ruby": 100.23632015764309,
	"War Hammer": 94.82817304805093,
	"Cyan Crystal Fragment": 94.43332239159844,
	"Twin Hooks": 90.07677371172517,
	"Lump of Dirt": 84.95082113091276,
	"Flash Arrow": 84.36482439422815,
	"Small Topaz": 79.70436468763191,
	"Small Emerald": 74.54476851428565,
	"Steel Helmet": 67.70115152622921,
	"Yellow Gem": 66.44485134119853,
	"Dark Shield": 64.3158120513906,
	"Miraculum": 61.028466639781904,
	"Elvish Talisman": 59.84186380867851,
	"Violet Crystal Shard": 59.22218143384894,
	"Small Amethyst": 58.69099546730861,
	"Halberd": 57.04957487908674,
	"Blue Crystal Shard": 56.81266102318734,
	"Knife": 53.174247160830525,
	"Doublet": 51.906763339753034,
	"Moonlight Crystals": 51.4383551596617,
	"Violet Gem": 49.89742790788417,
	"Mind Stone": 48.342753733882205,
	"Northwind Rod": 47.06221219361793,
	"Heaven Blossom": 46.377117088217865,
	"Orichalcum Pearl": 45.71992353457884,
	"Red Crystal Fragment": 44.752295117429554,
	"Rainbow Quartz": 44.14274385408406,
	"Lightning Headband": 43.904415097041884,
	"Essence of a Bad Dream": 41.82458773422792,
	"Glorious Axe": 40.595559080095164,
	"Skull": 40.25108090990509,
	"Dagger": 40.01788916888011,
	"Werehyaena Nose": 38.943722943722946,
	"Spirit Cloak": 38.23076923076923,
	"Life Crystal": 38.11150418882822,
	"Hellspawn Tail": 37.866855926188784,
	"Glacier Amulet": 36.88863538347146,
	"Bolt": 34.42095351754985,
	"Onyx Chip": 34.289452815226014,
	"Death Ring": 33.30118482859032,
	"Blue Gem": 32.93382587778563,
	"Saw": 32.85114503816794,
	"Spiked Squelcher": 32.426867047624626,
	"Tiger Eye": 31.60182578927349,
	"Titan Axe": 31.46555159377244,
	"Steel Boots": 30.67557251908397,
	"Silver Amulet": 29.775718940964612,
	"Tribal Mask": 29.654904664701085,
	"Protection Amulet": 28.618459122902642,
	"Glacier Mask": 28.324231464737792,
	"Combat Knife": 28.13260185640833,
	"Honeycomb": 27.67401799666427,
	"Red Gem": 26.178574226590314,
	"Energy Ring": 25.92218404312277,
	"Energy Vein": 25.86549295774648,
	"Moonlight Rod": 25.855605786618447,
	"Necrotic Rod": 25.393853266019455,
	"Belted Cape": 25.208722029954984,
	"Wand of Inferno": 25.065236176966458,
	"Crystal Ring": 25.00106732284041,
	"Suspicious Device": 24.848244361272528,
	"Magma Amulet": 24.580904286407907,
	"Coral Brooch": 24.04203013481364,
	"Spear": 23.84734721339099,
	"Obsidian Lance": 23.84543590610072,
	"Gold Ingot": 23.317171509240147,
	"Seeds": 23.005831182487334,
	"Spider Fangs": 22.715282293822053,
	"Green Crystal Fragment": 22.61048724738045,
	"Red Piece of Cloth": 22.42987249544627,
	"Mystic Turban": 21.573770491803277,
	"Ring of Blue Plasma": 21.250904971216965,
	"Wand of Cosmic Energy": 21.24172490284628,
	"Magma Legs": 20.901286748187008,
	"Glacier Robe": 20.62671296713456,
	"Wand of Draconia": 20.614731073829407,
	"Mana Potion": 20.024484054805917,
	"Battle Shield": 20.005302576736355,
	"Two Handed Sword": 19.68734066310025,
	"Dragon Necklace": 19.188605295860818,
	"Morning Star": 19.181271662696727,
	"Hailstorm Rod": 18.951775440750207,
	"Stealth Ring": 18.722346608642777,
	"Scimitar": 18.578494274528733,
	"Leaf Star": 18.499566348655684,
	"Crown Helmet": 18.39279839151892,
	"Strong Mana Potion": 17.403048139840745,
	"Noble Axe": 17.341792228390165,
	"Chain Armor": 16.555261270828545,
	"Wand of Dragonbreath": 16.222258051005824,
	"Green Gem": 16.06850629283104,
	"Worm": 16.03574838122686,
	"Sword Ring": 16.011717627058044,
	"Elven Amulet": 15.755090368030084,
	"White Silk Flower": 15.720537573139953,
	"Lion Figurine": 14.923887773337636,
	"Red Mushroom": 14.905039034776436,
	"Brown Bread": 14.768413059984814,
	"Underworld Rod": 13.670260629485165,
	"Life Preserver": 13.228438228438227,
	"Cat's Paw": 12.944656488549619,
	"Emerald Bangle": 12.888457095495461,
	"Terra Hood": 12.820311487265787,
	"Silver Goblet": 12.77543859649123,
	"Knight Legs": 12.596025011971914,
	"Small Enchanted Amethyst": 12.170163170163171,
	"Stone Skin Amulet": 11.994992438294952,
	"Ruby Necklace": 11.665650464960216,
	"Sabre": 11.605922551252847,
	"Knight Axe": 11.416892058028031,
	"Corncob": 10.904927248677248,
	"Slightly Rusted Armor": 10.818848754249,
	"Sudden Death Rune": 10.80127863612147,
	"Orc Leather": 10.665535074785652,
	"Knight Armor": 10.479230026875456,
	"Mino Shield": 10.43398082124416,
	"Broken Shamanic Staff": 10.287037037037036,
	"Crystal Mace": 9.797535211267606,
	"Wood Cape": 9.488347409768387,
	"Glacier Kilt": 9.440327708486183,
	"Mysterious Fetish": 9.438707054001366,
	"White Mushroom": 9.00683604626559,
	"Glacier Shoes": 8.87882122768403,
	"Sun Fruit": 8.854685683313477,
	"Beastslayer Axe": 8.417752643225965,
	"Oriental Shoes": 8.073815571973608,
	"Black Shield": 8.00858992346841,
	"Green Crystal Splinter": 8,
	"Ratana": 7.9370629370629375,
	"Focus Cape": 7.736164788153731,
	"Magma Coat": 7.7179170397987225,
	"Magma Boots": 7.690254364152177,
	"Orcish Gear": 7.620379311676774,
	"Shamanic Hood": 7.581679894179895,
	"Hydra Head": 6.805560036565038,
	"Blue Robe": 6.652087131702639,
	"Mercenary Sword": 6.539390379218067,
	"Spellbook of Mind Control": 6.538027125567532,
	"Girlish Hair Decoration": 6.185384397675419,
	"Life Ring": 6.140027613770658,
	"Warrior's Shield": 6.124293090730268,
	"Platinum Amulet": 6.043294223475647,
	"Axe Ring": 5.944495039527676,
	"Crystalline Armor": 5.878521126760563,
	"Power Ring": 5.782432028710713,
	"Small Enchanted Emerald": 5.7142857142857135,
	"Sickle": 5.673132692277709,
	"Rusted Armor": 5.420014194464159,
	"Tower Shield": 5.404499877720713,
	"Jewelled Backpack": 5.330152671755726,
	"Broken Crossbow": 5.203564410110456,
	"Brown Crystal Splinter": 5.142857142857142,
	"Assassin Dagger": 4.819069683785539,
	"Holy Orchid": 4.810033444816053,
	"Hunting Spear": 4.795360757341813,
	"Torch": 4.795084229203952,
	"Butcher's Axe": 4.786259541984733,
	"Orc Tooth": 4.7715161914838475,
	"Skull Staff": 4.762118389311075,
	"Plate Shield": 4.745371147451319,
	"Skeleton Decoration": 4.6456140350877195,
	"Gloom Wolf Fur": 4.618033529678296,
	"Piercing Bolt": 4.5281618717942544,
	"Battle Axe": 4.494367577629329,
	"Leather Legs": 4.266070782253134,
	"Wolf Tooth Chain": 4.239821345208232,
	"Bone": 4.209480709605514,