{
	"Platinum Coin": 3035.9744918933534,
	"Gold Coin": 2009.3717215154138,
	"Skull": 392.85839263046597,
	"Dagger": 390.40000000000003,
	"Opal": 291.8849551342956,
	"Ham": 291.02418440390215,
	"White Mushroom": 253.37757468035238,
	"Meat": 249.329677403303,
	"Small Emerald": 200.11137879590135,
	"Knife": 184.7877999049217,
	"Cobra Crest": 176.19391854470922,
	"Brown Bread": 144.1397114654518,
	"Scimitar": 123.22662382366784,
	"Sabre": 113.27380410022779,
	"Hatchet": 93.56220371454654,
	"Protection Amulet": 91.12840213213744,
	"Great Health Potion": 83.26782337237997,
	"Earth Arrow": 82.09919484702094,
	"Bolt": 81.03439402365433,
	"Bone": 78.36286392341411,
	"Fafnar Symbol": 76.76989318474155,
	"Axe": 71.72998529393045,
	"Elven Astral Observer": 67.78092707710556,
	"Spear": 65.35612736118786,
	"Secret Instruction": 59.45957613066763,
	"Dream Essence Egg": 58.4734361151068,
	"Bone Sword": 56.99969785747749,
	"Girlish Hair Decoration": 54.95798871713963,
	"Fish": 54.35141255326699,
	"Gold Ingot": 54.138227055237614,
	"Cheesy Figurine": 53.964504044287985,
	"Green Crystal Shard": 52.44396712666243,
	"Heavy Machete": 50.824848753135605,
	"Strong Mana Potion": 49.79676946043681,
	"Terra Rod": 48.39869132090346,
	"Frosty Heart": 45.31642255948042,
	"Dragon Necklace": 44.48278315077203,
	"Leather Legs": 41.83242930826175,
	"Red Crystal Fragment": 38.27650846163067,
	"Magma Amulet": 37.56522668077171,
	"Pick": 36.54611167113318,
	"Heaven Blossom": 36.342681997681176,
	"Copper Shield": 36.342536818036535,
	"Hydra Head": 35.856159595633706,
	"Red Gem": 35.10741581642826,
	"Torch": 34.10991760105451,
	"Winter Wolf Fur": 33.5,
	"Green Crystal Fragment": 32.639161232283676,
	"Snakebite Rod": 32.586527182182024,
	"Machete": 32.54655452265014,
	"Soul Orb": 29.50505197238828,
	"Protective Charm": 29.362278611882907,
	"Dragon Ham": 29.26728195098099,
	"Studded Armor": 29.240591991135798,
	"Letter": 28.65094780321098,
	"Carlin Sword": 28.638978141019365,
	"Stone Skin Amulet": 28.537517575458978,
	"Chain Armor": 27.953802775679968,
	"Worm": 27.82027386552012,
	"Piece of Crocodile Leather": 27.73866410015576,
	"Elvish Talisman": 27.07159714895005,
	"Magma Boots": 26.577244796743546,
	"Empty Honey Glass": 26.232791894239675,
	"Cheese": 25.567937332795818,
	"Arrow": 25.215020573960203,
	"Strong Health Potion": 25.028810262445354,
	"Strange Talisman": 24.10556339435841,
	"Terra Boots": 23.50939051760829,
	"Lightning Headband": 23.136746566064815,
	"Halberd": 22.851410033941594,
	"Yellow Gem": 22.20502409547872,
	"Lightning Pendant": 22.092091805660615,
	"Violet Crystal Shard": 21.593600995586307,
	"Belted Cape": 21.287353025523373,
	"Small Enchanted Ruby": 20.976322636600173,
	"Terra Hood": 20.902618190880613,
	"Sacred Tree Amulet": 19.67632307602234,
	"Small Sapphire": 19.637726947766115,
	"Seeds": 19.5479841047495,
	"Hydrophytes": 17.977922445513727,
	"Cyan Crystal Fragment": 17.642971222414122,
	"Wand of Draconia": 17.556972831367265,
	"Cucumber": 17.431395744833395,
	"Lightning Legs": 17.35872377119862,
	"Two Handed Sword": 17.103028196170026,
	"Werehyaena Nose": 16.68181818181818,
	"Soldier Helmet": 16.330050139717393,
	"Pelvis Bone": 16.23903271379925,
	"Ice Cube": 16.206640599111935,
	"Thorn": 14.81806316888541,
	"Leaf Star": 14.347441457068518,
	"Ultimate Health Potion": 14.124365703891257,
	"Two-Headed Turtle Heads": 13.997735635437305,
	"Shovel": 13.907442185549213,
	"Rotten Piece of Cloth": 13.690964955247807,
	"Underworld Rod": 13.552117896407914,
	"Green Gem": 13.475426622863349,
	"Wand of Dragonbreath": 13.448191450374765,
	"Violet Gem": 13.348349438086412,
	"Elven Amulet": 12.957571312136583,
	"Blue Crystal Shard": 12.841996379622445,
	"Great Spirit Potion": 12.582711322186674,
	"Wyrm Scale": 12.581260314161726,
	"Mace": 11.985718703373824,
	"Combat Knife": 11.899447253910385,
	"Miraculum": 10.989966555183946,
	"Glacier Shoes": 10.656990511565507,
	"Gemmed Figurine": 10.189920006990903,
	"Giant Shimmering Pearl (Brown)": 10.171551386920578,
	"Black Pearl": 9.89173373098504,
	"Flaming Arrow": 9.742730508360754,
	"Crossbow": 9.556363105912974,
	"Piercing Bolt": 9.190348271365174,
	"Viking Helmet": 9.131970143249806,
	"Small Diamond": 9.015801532205437,
	"Ring of Blue Plasma": 8.978503865688321,
	"War Axe": 8.872758499521424,
	"Red Apple": 8.696974965229485,
	"Plate Shield": 8.485746089946192,
	"Leather Helmet": 8.432481559417036,
	"Giant Shimmering Pearl (Green)": 8.231551176449102,
	"Rat Cheese": 8.129806157720154,
	"Soft Cheese": 7.6844916399701715,
	"Burst Arrow": 7.442325745798048,
	"Life Preserver": 7.416091413973206,
	"Shrimp": 7.3979284089491815,
	"Grapes": 7.285813565708562,
	"Emerald Bangle": 7.226378864251621,
	"Wand of Decay": 7.093656002875319,
	"Lightning Boots": 7.089249784420811,
	"Sun Fruit": 6.97923834211297,
	"Brass Helmet": 6.789546969897419,
	"Small Tropical Fish": 6.484574016416643,
	"Lump of Dirt": 6.402493985293619,
	"Small Enchanted Amethyst": 6.272727272727273,
	"Hunting Spear": 6.030730306388669,
	"Bow": 5.9471627675812755,
	"Small Enchanted Emerald": 5.892875614171192,
	"White Pearl": 5.825580755676148,
	"Orichalcum Pearl": 5.786545924967658,
	"Sword": 5.680028523548856,
	"Golden Sickle": 5.662212449255751,
	"Golden Mask": 5.656877812399236,
	"Obsidian Lance": 5.327603305861932,
	"Wand of Voodoo": 5.2416602017067495,
	"Spike Sword": 5.216041397153946,
	"Spellweaver's Robe": 5.167864328830124,
	"Unholy Bone": 5.123927550047664,
	"Coal": 5.0769354669729,
	"Bunch of Ripe Rice": 4.93675129277863,
	"Broken Crossbow": 4.897472385986312,
	"Sea Horse Figurine": 4.849104291319151,
	"Staff": 4.826169405353946,
	"Ghoul Snack": 4.778999866411364,
	"Ratana": 4.719781897986367,
	"Ring of Healing": 4.6717412410225565,
	"Bola": 4.661268175220004,
	"Earflap": 4.6106478322889295,
	"Coral Brooch": 4.561562411548259,
	"Twigs": 4.484197421328753,
	"Cheese Cutter": 4.432480485475474,
	"Wood Cape": 4.41925411968777,
	"Wand of Everblazing": 4.34286197564276,
	"Roll": 4.322184970518733,
	"Relic Sword": 4.300787064232143,
	"Dwarven Shield": 4.192592005390515,
	"Small Amethyst": 4.176709872098461,
	"Heavy Old Tome": 4.1333518820147646,
	"Cookie": 4.131712592085405,
	"Silky Fur": 4.067935958459541,
	"Flotsam": 4.034282018111255,
	"Great Mana Potion": 3.989249293525003,
	"Essence of a Bad Dream": 3.9851795607145197,
	"Spider Fangs": 3.9773745835250573,
	"Knight Armor": 3.9346603245082763,
	"Longsword": 3.9030405911865156,
	"Battle Axe": 3.86109294485507,
	"Silver Brooch": 3.8579666177933394,
	"Swampling Moss": 3.7903862511177513,
	"Remains of a Fish": 3.789780077619664,
	"Serpent Sword": 3.7893380358111775,
	"Knight Legs": 3.730044939574757,
	"Knight Axe": 3.6670264255793623,
	"Holy Orchid": 3.636384155991762,
	"Leather Boots": 3.445861915845164,
	"Hydra Egg": 3.3154451434819237,
	"Poisonous Slime": 3.2052801369412074,
	"Collar of Blue Plasma": 3.1782307025151777,
	"Minotaur Horn": 3.1394088223164793,
	"Wand of Inferno": 3.1227612148183663,
	"Orange": 3.015595903165736,
	"Warrior Helmet": 2.964195942415321,
	"Fire Axe": 2.9070234113712377,
	"Sword Ring": 2.891575524682235,
	"Bloody Pincers": 2.865141751534658,
	"Coral Branch": 2.852522639068564,
	"Piece of Swampling Wood": 2.837299077446511,
	"Mammoth Whopper": 2.785557512154548,
	"Small Enchanted Sapphire": 2.7241977450130097,
	"Carrot": 2.634143707367376,
	"Piece of Archer Armor": 2.5707122043775836,
	"Silver Amulet": 2.5589716306568784,
	"Health Potion": 2.535064745068107,
	"Bone Toothpick": 2.5103272958373055,
	"Scale Armor": 2.489755201609921,
	"Cape": 2.449043319127621,
	"Terra Amulet": 2.370223606000566,
	"Rope": 2.35749420660714,
	"Tortoise Egg": 2.3539549786176575,
	"Poison Arrow": 2.351396784069853,
	"Gold Nugget": 2.2360600056609115,
	"Spellbook of Enlightenment": 2.2360600056609115,
	"Magma Coat": 2.1979933110367895,
	"Turtle Shell": 2.152328583006673,
	"Wand of Cosmic Energy": 2.1225169076376997,
	"Ring of Red Plasma": 2.0302737520128824,
	"Small Ruby": 2.021943021404766,