{
	"Gold Coin": 1698.5983222671634,
	"Platinum Coin": 1445.2119510809043,
	"White Mushroom": 208.73693322129745,
	"Dragon Ham": 148.49465090984685,
	"Elven Astral Observer": 132.64363660903422,
	"Meat": 120.65462050872681,
	"Ham": 114.54209847227932,
	"Bolt": 95.58575629787802,
	"Dream Essence Egg": 90.86469221096716,
	"Great Spirit Potion": 77.26912188231402,
	"Scroll": 75.24236631815963,
	"Ultimate Health Potion": 65.87853983203988,
	"Elvish Talisman": 59.78612583166564,
	"Hatchet": 55.52205072961807,
	"Melon": 54.423856918845814,
	"Banana": 53.206863196681105,
	"Small Stone": 48.009306366248936,
	"Arrow": 44.67780956963178,
	"Blank Rune": 44.480782279944066,
	"Axe": 41.69491293476088,
	"Heaven Blossom": 40.56761654832005,
	"Bread": 37.29505802858989,
	"Small Enchanted Ruby": 34.750244783003865,
	"Belted Cape": 34.01786337432301,
	"Seeds": 31.07608728255115,
	"Steel Shield": 30.362818138893005,
	"Knife": 28.295007451052612,
	"Great Mana Potion": 27.584921428063616,
	"Two Handed Sword": 26.990218930706813,
	"Magma Amulet": 26.82275207003979,
	"Worm": 26.358709147884433,
	"Crossbow": 26.290831242576758,
	"Dragon Necklace": 25.981475799889527,
	"Scimitar": 24.7642147245394,
	"Wand of Draconia": 24.447155879826294,
	"Studded Armor": 22.813663366234103,
	"Leather Legs": 22.782136531973368,
	"Pick": 22.73980281759398,
	"Copper Shield": 22.65259987024346,
	"Soldier Helmet": 22.010067579619097,
	"Chain Armor": 21.668680013945252,
	"Leather Boots": 21.28886196921765,
	"Miraculum": 20.67043587665745,
	"Wand of Dragonbreath": 20.451272922590686,
	"Ice Flower (Item)": 20.094682231553254,
	"Dragon's Tail": 19.944176115573693,
	"Lizard Essence": 19.684770555621093,
	"Red Crystal Fragment": 19.38129577852041,
	"Green Mushroom": 18.939596749797577,
	"Shovel": 18.83908980914596,
	"Ice Rapier": 18.277634472076652,
	"Green Tunic": 17.949643671092137,
	"Bone": 17.910668525636954,
	"Letter": 17.827256410886832,
	"Violet Crystal Shard": 16.70945359930616,
	"Plate Shield": 16.44912409245614,
	"Ancient Stone": 16.399279417678503,
	"Essence of a Bad Dream": 16.33329690294717,
	"Lion's Mane": 16.299886863153006,
	"Burst Arrow": 16.220853322523542,
	"Orange": 15.983026527812395,
	"Leaf Star": 15.621856027753687,
	"Small Sapphire": 15.4195046425215,
	"Grapes": 14.271774638326757,
	"Striped Fur": 14.179641519529161,
	"Longsword": 14.103274012414024,
	"Snake Skin": 13.771905188894717,
	"Strand of Medusa Hair": 12.890163595897484,
	"Poison Arrow": 12.887981849074059,
	"Life Ring": 12.575524292041598,
	"Mace": 12.486606409184018,
	"Sling Herb": 11.948603482364147,
	"Halberd": 11.611054614636684,
	"Wand of Cosmic Energy": 11.5932985302578,
	"Health Potion": 11.322754166850158,
	"Ring of Blue Plasma": 11.311099260991526,
	"Energy Ring": 10.552623064917718,
	"Spider Fangs": 10.549989876993598,
	"Piercing Bolt": 10.542466368669878,
	"Small Enchanted Sapphire": 10.537416158456367,
	"Great Health Potion": 10.475999182179667,
	"Plum": 10.422898988149726,
	"Dark Armor": 10.389571768437747,
	"Magma Boots": 10.381416690564956,
	"Life Crystal": 9.813542043759334,
	"Elven Amulet": 9.458230842319685,
	"Holy Orchid": 9.402007390695776,
	"Terra Boots": 9.056877749525178,
	"Steel Helmet": 8.93893716855471,
	"Sun Fruit": 8.856340158275144,
	"Lump of Dirt": 8.703390261258512,
	"Spiked Iron Ball": 8.682821499887304,
	"Soul Orb": 8.282215317126667,
	"Mutated Flesh": 8.179105638871059,
	"Sword": 8.160642448179683,
	"Elven Scouting Glass": 8.077722625259852,
	"Studded Helmet": 8.046692751632413,
	"Strong Mana Potion": 7.861619666666763,
	"Sabretooth": 7.7312734082397,
	"Kongra's Shoulderpad": 7.256936371281735,
	"Crystal Sword": 7.228819109801215,
	"Silver Amulet": 7.104227586157492,
	"Power Bolt": 6.91048122994612,
	"Strong Health Potion": 6.8675690434251875,
	"Torch": 6.4161469020582045,
	"Scale Armor": 6.343034031911968,
	"Hydra Head": 6.297682421896005,
	"Small Emerald": 5.983465349340648,
	"Northwind Rod": 5.982397476470884,
	"Wand of Inferno": 5.981714072879146,
	"Minotaur Horn": 5.905133985653772,
	"Sword Ring": 5.783960348551167,
	"Yellow Gem": 5.769791678568467,
	"Glacier Amulet": 5.702375713370893,
	"Dwarven Shield": 5.650884876830694,
	"Rapier": 5.518552367026138,
	"Terra Amulet": 5.427437303535783,
	"Candlestick": 5.375104004630467,
	"Leather Helmet": 5.333174049272563,
	"Wood Cape": 5.181567877093728,
	"Small Diamond": 5.160768845237543,
	"Tiger Eye": 4.967972613160898,
	"Brass Helmet": 4.885035781833557,
	"Battle Axe": 4.7592834501436805,
	"Mind Stone": 4.676940642427135,
	"Cookie": 4.538468907198456,
	"Cheese": 4.508183520307663,
	"Terra Hood": 4.434226702729284,
	"Plate Legs": 4.340756836599877,
	"Broken Crossbow": 4.285288337738023,
	"Medusa Shield": 4.262894650580195,
	"Glacier Mask": 4.25750452079566,
	"Banana Sash": 4.193438251338238,
	"Fishbone": 4.12743381766548,
	"Ankh": 4.085582949373893,
	"Broadsword": 4.02486865530449,
	"Werehyaena Nose": 3.9718614718614718,
	"Dark Shield": 3.9604300449625782,
	"Knight Axe": 3.954143103024342,
	"Moonlight Rod": 3.91500904159132,
	"Black Pearl": 3.694083280820634,
	"Mino Shield": 3.613720186869929,
	"Serpent Sword": 3.5704806990376063,
	"Fire Axe": 3.5377926421404684,
	"Titan Axe": 3.4915124880599295,
	"Collar of Blue Plasma": 3.4605377276669556,
	"Battle Shield": 3.4288477612345667,
	"Sandals": 3.4277993389630144,
	"Bow": 3.341697075210069,
	"Knight Armor": 3.305417446613113,
	"Carrion Worm Fang": 3.2963746592342433,
	"Golden Mug": 3.2193678882558467,
	"Glacier Robe": 3.1787503000680273,
	"Cucumber": 3.0616049183560072,
	"Axe Ring": 3.0223756524391256,
	"Ivory Carving": 2.9927878319119294,
	"Beastslayer Axe": 2.9154167691172854,
	"Sacred Tree Amulet": 2.874266426143358,
	"Underworld Rod": 2.8695512142694577,
	"Power Ring": 2.8380840151016558,
	"Rotten Piece of Cloth": 2.797078861824821,
	"Strange Talisman": 2.727149013455807,
	"Silver Brooch": 2.696874915218921,
	"Magma Coat": 2.6749163879598665,
	"Ectoplasmic Sushi": 2.6178364987613545,
	"Sickle": 2.5235382213427124,
	"Skull": 2.5182369032452128,
	"Death Ring": 2.508956951938704,
	"Piece of Crocodile Leather": 2.4073747306875504,
	"Hailstorm Rod": 2.403713916757297,
	"Double Axe": 2.4029513263046027,
	"Inkwell": 2.3315848496906995,
	"Iron Ore": 2.2992942236367813,
	"Glob of Acid Slime": 2.2967170501588523,
	"Black Shield": 2.2946161226519264,
	"Combat Knife": 2.29199616312633,
	"Rope Belt": 2.291236729316809,
	"Piece of Warrior Armor": 2.2869924875495906,
	"Brass Armor": 2.280822098070927,
	"Glob of Tar": 2.257389388654305,
	"Piece of Archer Armor": 2.2493731788303855,
	"Cyan Crystal Fragment": 2.2481093688172464,
	"Pelvis Bone": 2.245235030843583,
	"Obsidian Lance": 2.2400810097166666,
	"War Hammer": 2.2130478969534115,
	"Wolf Tooth Chain": 2.2053032576896565,
	"Carrot": 2.2003740939911154,
	"Warrior's Shield": 2.121096631423654,
	"Grave Flower": 2.099816153333003,
	"Green Dragon Scale": 2.09389501597059,
	"Acorn": 2.0747711500094317,
	"Tower Shield": 2.065852737177641,
	"Green Dragon Leather": 2.0538953603498893,
	"Twin Hooks": 2.0241971620612396,
	"Orb": 1.8876736624297958,
	"Mercenary Sword": 1.8662425770213342,
	"Minotaur Leather": 1.8424319462583205,
	"Ring of Healing": 1.8196381998837583,
	"Crystal Crossbow": 1.8126626192541198,
	"Small Amethyst": 1.8072869392681001,
	"Ape Fur": 1.769297463671876,
	"Platinum Amulet": 1.727478878550625,
	"Glorious Axe": 1.6550457631483926,
	"Short Sword": 1.6387155906683923,
	"Zaoan Halberd": 1.6353148005713658,
	"Battle Hammer": 1.6310426226794266,
	"Doublet": 1.6103999093689814,
	"Stone Skin Amulet": 1.5507842904278821,
	"Plate Armor": 1.5483044852721832,
	"Dark Rosary": 1.5277777777777777,
	"Coconut": 1.5156898988800696,
	"Witch Broom": 1.495194342017772,
	"Royal Spear": 1.485739004050152,
	"White Pearl": 1.4651800402120272,
	"Book (Gemmed)": 1.4558157707246444,
	"Garlic Necklace": 1.4545462197968875,
	"Collar of Red Plasma": 1.4431569612769732,
	"Cultish Robe": 1.4412811387900355,
	"Necrotic Rod": 1.4385792148355059,