{
	"Gold Coin": 4792.569333394617,
	"Platinum Coin": 4725.834193591724,
	"Ham": 1131.0199719459506,
	"Great Health Potion": 891.387407038046,
	"Great Mana Potion": 670.8245484770104,
	"Great Spirit Potion": 500.20422761089924,
	"Pirate Coin": 443.41146127638143,
	"Meat": 425.0371884644027,
	"Fish": 399.94842372323126,
	"Ice Rapier": 354.2118583120941,
	"Pirat's Tail": 324.4549658759932,
	"Small Emerald": 301.5649852849579,
	"Crystal Sword": 287.50675382201695,
	"Opal": 285.4611313201301,
	"Cowbell": 215.74288105915338,
	"Soul Orb": 196.5322154545412,
	"Knife": 191.46633667350798,
	"Plate Shield": 189.0698144134533,
	"Lion's Mane": 173.3553854160211,
	"Skull": 171.64789709582635,
	"Cultish Robe": 166.72679146340855,
	"Minotaur Horn": 162.38948209139556,
	"Small Diamond": 157.30565470615858,
	"Cobra Crest": 153.86486517697327,
	"Dragon Ham": 151.84318678585927,
	"Protection Amulet": 150.2105396017798,
	"Cyan Crystal Fragment": 144.91916414217076,
	"Fairy Wings": 137.1615761053032,
	"Shark Fins": 135.26999535982605,
	"Minotaur Leather": 134.33096888655268,
	"Bone": 129.62892885809316,
	"Red Crystal Fragment": 129.34539063340424,
	"Mouldy Powder": 125.44110111809806,
	"Spear": 123.22178899748423,
	"Knight Axe": 121.67145554552171,
	"Crowbar": 119.60922748542814,
	"Wand of Inferno": 117.34032895678017,
	"Bronze Amulet": 114.80135823681309,
	"Torch": 114.01089376993957,
	"Flask of Demonic Blood": 113.44221391412131,
	"Grappling Hook": 110.2856896551724,
	"Dark Armor": 107.87470261697065,
	"Scimitar": 106.34794156706508,
	"Red Gem": 100.20824536131796,
	"Dagger": 96.08944584440056,
	"Mino Shield": 94.4575707154742,
	"Terra Boots": 90.82710091279682,
	"Green Crystal Shard": 85.99826907621312,
	"Leather Boots": 85.22632717209274,
	"Earth Arrow": 84.77619976920694,
	"Golden Lotus Brooch": 83.2402599482329,
	"Axe": 79.8802759457289,
	"Demonic Essence": 77.98980888125126,
	"Yellow Gem": 76.5357028218865,
	"Knight Armor": 75.54570009546357,
	"Small Ruby": 74.17623920228057,
	"Wand of Starstorm": 73.24320583989403,
	"Frazzle Tongue": 72.49893023858921,
	"Peacock Feather Fan": 71.20494805974467,
	"Wand of Voodoo": 70.0693457412467,
	"Small Amethyst": 68.39180488174692,
	"Small Topaz": 67.62093773706184,
	"Worm": 66.00250883123422,
	"Gold Ingot": 65.03454702753554,
	"Frazzle Skin": 63.32870850622407,
	"Remains of a Fish": 61.00103734439834,
	"Rapier": 60.98243685301203,
	"Mouldy Cheese": 59.747137880860684,
	"Assassin Star": 58.78810590390954,
	"Fire Sword": 58.607866275432606,
	"Bone Sword": 56.28839140773018,
	"Life Crystal": 55.35602177340532,
	"Leather Helmet": 55.00438242646145,
	"Cheesy Figurine": 54.51662378481847,
	"Focus Cape": 53.42883636300015,
	"Black Pearl": 53.10925194221265,
	"Springsprout Rod": 52.8556135783975,
	"Werehyaena Nose": 52.54329004329004,
	"Onyx Chip": 50.94305662951502,
	"Heavy Machete": 50.18149623727313,
	"Small Enchanted Sapphire": 45.77316761104003,
	"Piece of Crocodile Leather": 43.87341664721733,
	"Ankh": 43.18223359532078,
	"Stone Skin Amulet": 42.47993084764527,
	"Silver Brooch": 42.40166789188752,
	"Ring of Healing": 40.35544993911098,
	"Magma Boots": 38.305585012371864,
	"White Pearl": 36.7610423173237,
	"Brown Bread": 35.44419134396355,
	"Halberd": 35.18155302535608,
	"Green Crystal Fragment": 34.628977185005496,
	"Mace": 34.268331500273625,
	"Big Bone": 32.72785918049792,
	"Machete": 32.3122910060824,
	"Ivory Carving": 31.891390999562105,
	"Fish Fin": 31.182767116182575,
	"Piece of Iron": 30.4001880186722,
	"Serpent Sword": 29.237333806654327,
	"Small Sapphire": 28.915339348324487,
	"Carlin Sword": 28.175298804780876,
	"Sabre": 28.019858294785976,
	"Cheese": 27.552152637199708,
	"Small Enchanted Ruby": 26.551184716674932,
	"Steel Shield": 26.21051751156933,
	"Chain Armor": 24.902754061582396,
	"Purple Robe": 24.246164007001152,
	"Wand of Cosmic Energy": 24.086031382080048,
	"Ring of Blue Plasma": 23.634349532410443,
	"War Hammer": 22.938952749782494,
	"Steel Helmet": 22.685532925014016,
	"Rotten Piece of Cloth": 22.229416217660418,
	"Twin Hooks": 22.096631107395766,
	"Small Treasure Chest": 21.781928319030794,
	"Rare Earth": 21.123520923520925,
	"Combat Knife": 21.058026116278544,
	"Sacred Tree Amulet": 19.555554413157004,
	"Moonlight Rod": 19.21717804904872,
	"Dragon's Tail": 19.21643961223584,
	"Red Piece of Cloth": 18.35719426275141,
	"Hellspawn Tail": 18.19957416607523,
	"Strong Mana Potion": 18.1777667912453,
	"Swamp Grass": 18.159711964549484,
	"Crossbow": 17.802319223075664,
	"Snakebite Rod": 17.635981308411214,
	"Wood Cape": 17.411629551078118,
	"Life Preserver": 17.203124371489366,
	"Iron Ore": 16.98455834852065,
	"Doublet": 16.935793587855443,
	"Lightning Boots": 16.682680368396074,
	"Glacier Amulet": 16.60663778825328,
	"Girlish Hair Decoration": 16.264533124657444,
	"Small Enchanted Amethyst": 15.965616283798104,
	"Coal": 15.832930504252234,
	"Blue Ectoplasm": 15.088036692572302,
	"Sword": 14.865487592391048,
	"Mino Lance": 14.510260676650027,
	"Silencer Claws": 14.414449647506817,
	"Medicine Pouch": 14.227104874446086,
	"Burst Arrow": 13.935292568572082,
	"Dark Shield": 13.931800158604283,
	"Battle Shield": 13.866439615911311,
	"Brass Helmet": 13.632964618117892,
	"Lump of Dirt": 13.505260750228727,
	"Glorious Axe": 13.429934928008404,
	"Glob of Acid Slime": 13.246176046176046,
	"Dragon Necklace": 13.208807937830903,
	"Moonlight Crystals": 12.82488266406603,
	"Hailstorm Rod": 12.77582979936783,
	"Brown Crystal Splinter": 12.631788513072562,
	"Green Crystal Splinter": 12.154556310857982,
	"Wood": 12.10284342688331,
	"Health Potion": 11.75656600393774,
	"Poisonous Slime": 11.312425033062253,
	"Pelvis Bone": 11.297621553357187,
	"Platinum Amulet": 11.129108272016051,
	"Rainbow Quartz": 10.835844567803331,
	"Lightning Headband": 10.665158805197953,
	"Stonerefiner's Skull": 10.630591630591631,
	"Orb": 10.335938910789812,
	"Viking Helmet": 10.330705590281864,
	"Ratana": 10.327281965819525,
	"Ultimate Health Potion": 9.871722297036746,
	"Morning Star": 9.55628679834014,
	"Taurus Mace": 9.424632953048144,
	"Spirit Cloak": 9.419090207408352,
	"Small Enchanted Emerald": 8.965063168124392,
	"Protective Charm": 8.677506513201179,
	"Spiked Squelcher": 8.356043988205425,
	"Longsword": 8.214541294602085,
	"Green Gem": 8.156521739130435,
	"Demonic Skeletal Hand": 8.023369864384726,
	"Heavy Old Tome": 8.000114691811447,
	"Grave Flower": 7.808069917839634,
	"Half-Digested Stones": 7.795767195767195,
	"Ghoul Snack": 7.759451396001246,
	"Beetroot": 7.530890759286404,
	"Mana Potion": 7.427544822454682,
	"Tribal Mask": 7.318289275736085,
	"Short Sword": 7.2789464341912815,
	"Red Mushroom": 7.163662171753016,
	"Sword Ring": 7.112512140534605,
	"Violet Gem": 7.050254301771436,
	"Mystic Turban": 6.977049180327868,
	"Necrotic Rod": 6.932145300289382,
	"Troll Green": 6.88754973158664,
	"Hatchet": 6.799273889440487,
	"Throwing Star": 6.724043324339916,
	"Titan Axe": 6.578905630452023,
	"Coral Brooch": 6.350032421981305,
	"Rat Cheese": 5.806845324762269,
	"Hexagonal Ruby": 5.79783148545415,
	"Haunted Blade": 5.7458973568720735,
	"Warrior Helmet": 5.702423933998254,
	"Red Apple": 5.596314325452017,
	"Two Handed Sword": 5.490991343556131,
	"Stealth Ring": 4.900530026244018,
	"Magma Legs": 4.893986474136356,
	"Hand Axe": 4.667653589933383,
	"Crown Helmet": 4.510144397733504,
	"Cyclops Toe": 4.429280397022333,
	"Glacial Rod": 4.408841890686712,
	"Silver Amulet": 4.317195630833484,
	"Noble Axe": 4.2569389373513085,
	"Elven Amulet": 4.150717539644141,
	"Centipede Leg": 4.070347509934894,
	"Garlic Necklace": 3.9621065718618413,
	"White Silk Flower": 3.857334998712119,
	"Energy Drink": 3.8294316064384577,
	"Energy Bar": 3.8237041986503035,
	"Hunting Spear": 3.7437413073713492,
	"Plate Legs": 3.7174608873312085,
	"Lion Figurine": 3.6614734949516095,
	"Black Shield": 3.566100284041804,
	"Shadow Sceptre": 3.5068537299451386,
	"Cookie": 3.469002827024436,
	"Broadsword": 3.46049538962213,
	"Mysterious Fetish": 3.4070863239217815,