{
	"Platinum Coin": 5663.328515939003,
	"Gold Coin": 2896.0860574902144,
	"Ham": 826.1754827671576,
	"Great Health Potion": 578.377940291424,
	"Opal": 576.6313425845732,
	"Small Emerald": 483.9126114210996,
	"Meat": 429.55842616878357,
	"Knife": 389.7291239084068,
	"Cobra Crest": 338.9680445931866,
	"Great Mana Potion": 335.71735978627237,
	"Great Spirit Potion": 332.5532285403165,
	"Skull": 303.64337712053714,
	"Dagger": 300.8,
	"Book Page": 299.55900277008305,
	"Cowbell": 279.80683549827353,
	"Protection Amulet": 276.5683006051695,
	"Scimitar": 220.5806889736018,
	"Cultish Robe": 217.3568905131848,
	"Minotaur Horn": 209.03571415611233,
	"Red Gem": 208.69697253955536,
	"Plate Shield": 201.42691960608062,
	"Glowing Rune": 199.25540166204985,
	"Red Crystal Fragment": 193.74675571667524,
	"Small Diamond": 176.44117586772686,
	"Minotaur Leather": 173.49284823853506,
	"Pirate Coin": 165.4826404088184,
	"Earth Arrow": 159.82254428341386,
	"Bronze Amulet": 146.8265454601961,
	"Silken Bookmark": 138.69473684210527,
	"Mino Shield": 126.53284890725931,
	"Spear": 123.83924857263347,
	"Pirat's Tail": 121.7148973787462,
	"Gold Ingot": 121.31677670772098,
	"Green Crystal Shard": 119.70831459997467,
	"Yellow Gem": 119.19808333493731,
	"Bone Sword": 116.61397443710344,
	"Ice Rapier": 116.23475311903886,
	"Brown Bread": 111.0584662110858,
	"Brown Crystal Splinter": 109.66413433505271,
	"Small Sapphire": 109.50578249049612,
	"Cheesy Figurine": 103.99581320450886,
	"Heavy Machete": 103.98185037627269,
	"Werehyaena Nose": 99.55627705627705,
	"Small Amethyst": 97.35390156819699,
	"Cyan Crystal Fragment": 96.01488210222213,
	"Axe": 91.95755523013842,
	"Sabre": 87.27653758542142,
	"Life Crystal": 80.91190008738236,
	"Halberd": 80.69209905744813,
	"Stone Skin Amulet": 74.06337619858742,
	"Green Crystal Fragment": 73.13971153327347,
	"Small Ruby": 71.81157266552758,
	"Small Topaz": 68.32764800317548,
	"Terra Rod": 67.83484066964519,
	"Machete": 66.734641206559,
	"Terra Boots": 65.8420823749237,
	"Crystal Sword": 63.93317461620557,
	"Mouldy Powder": 61.78132984455187,
	"Carlin Sword": 58.38247011952191,
	"Dragon Ham": 57.65093706067624,
	"Ring of Healing": 56.23060301511105,
	"Wand of Voodoo": 55.25452004761592,
	"Wand of Inferno": 54.32464442373722,
	"Banana": 53.81028662757294,
	"Girlish Hair Decoration": 49.58670541321734,
	"Snakebite Rod": 48.82233584008195,
	"Shark Fins": 48.7067911516852,
	"Small Enchanted Ruby": 48.21185617103984,
	"Golden Idol of Tukh": 45.447260222770424,
	"Knight Axe": 43.12405312364258,
	"Wand of Cosmic Energy": 42.78732847157241,
	"Sacred Tree Amulet": 38.42269374722433,
	"Big Bone": 38.30456327360707,
	"Crowbar": 36.425580822592565,
	"Combat Knife": 34.52385918733911,
	"Terra Hood": 33.66585786822753,
	"Onyx Chip": 33.6365636906492,
	"Ultimate Health Potion": 33.18643004959748,
	"Purple Robe": 33.102782651828186,
	"Life Preserver": 32.925407925407924,
	"Grappling Hook": 32.44603448275862,
	"Fire Sword": 30.74387521935508,
	"Wand of Starstorm": 30.69103448275862,
	"Small Enchanted Amethyst": 30.308015898924992,
	"Fish": 28.726831756325694,
	"Chain Armor": 27.23690690449469,
	"Small Enchanted Emerald": 26.94757045675413,
	"Soul Orb": 26.740456285192195,
	"Protective Charm": 26.46069178803345,
	"Wand of Draconia": 26.364805262764445,
	"Moonlight Rod": 26.036269657978664,
	"Glacier Amulet": 24.251305898840616,
	"Strong Mana Potion": 23.728843595828796,
	"Knight Armor": 23.029237988939997,
	"Blue Ectoplasm": 22.033634857943685,
	"Green Gem": 21.7624731218124,
	"Green Crystal Splinter": 21.75,
	"Demon Horn": 21.689836375862324,
	"Small Stone": 21.57758162246582,
	"Fire Mushroom": 21.37514008915897,
	"Demonic Essence": 21.286379598037506,
	"Hailstorm Rod": 19.837481571810784,
	"Ratana": 19.755244755244757,
	"Red Ectoplasm": 19.621888315765865,
	"Essence of a Bad Dream": 19.54418585500435,
	"Orb": 19.4306100478097,
	"Dragon Necklace": 19.243661612944322,
	"Mino Lance": 18.585320761693474,
	"Platinum Amulet": 18.071694783925157,
	"Battle Shield": 17.53765416079551,
	"Assassin Star": 17.250660054317148,
	"Springsprout Rod": 16.82179914468445,
	"Magma Boots": 16.733297985153765,
	"Sword Ring": 16.573856468988662,
	"Bone": 16.488839136587977,
	"Torch": 16.031756396134902,
	"Heavily Rusted Armor": 15.920342034203422,
	"Demonic Skeletal Hand": 15.807236150728118,
	"Red Apple": 15.805806675938804,
	"Focus Cape": 15.512273212379935,
	"Hexagonal Ruby": 15.121162075641873,
	"Orange": 14.66302195080974,
	"Red Piece of Cloth": 14.536987110468647,
	"Health Potion": 14.368779064506006,
	"Deepling Scales": 14.251435531581695,
	"Violet Gem": 13.5812077732951,
	"Giant Shimmering Pearl (Brown)": 13.456321215409659,
	"Throwing Star": 13.228214499009795,
	"Taurus Mace": 12.816622709165957,
	"Prismatic Quartz": 12.3395380130074,
	"Hunting Spear": 12.223443106572523,
	"Magma Coat": 12.137250504597443,
	"Ring of Blue Plasma": 11.484167785120219,
	"Small Treasure Chest": 11.357900050479556,
	"Obsidian Lance": 10.98721783614415,
	"Worm": 9.770387983046888,
	"Energy Drink": 9.46069034726193,
	"Black Shield": 9.394784364322,
	"Energy Bar": 9.39223666765495,
	"Spider Fangs": 9.375522989339988,
	"Doublet": 9.321428571428571,
	"Violet Crystal Shard": 9.083640478182057,
	"Emerald Bangle": 8.927546584195102,
	"Gemmed Figurine": 8.817145957677699,
	"Green Mushroom": 8.240708292178073,
	"Elven Amulet": 8.069460113740858,
	"Ruby Necklace": 7.975623268698062,
	"Star Herb": 7.9321392454786785,
	"Energy Ring": 7.814892059266684,
	"Mace": 7.67005085863732,
	"Wood Cape": 7.606044538706256,
	"Two Handed Sword": 7.4919469561532015,
	"Cookie": 7.3401645254301044,
	"Lightning Boots": 7.296741662112872,
	"Kongra's Shoulderpad": 7.163339111765255,
	"Hand Axe": 7.114454928060582,
	"Mana Potion": 6.96416258991263,
	"Lump of Dirt": 6.502532953813832,
	"Glacial Rod": 6.438399796152376,
	"Mutated Bat Ear": 6.188118811881188,
	"Mind Stone": 6.1553152351323615,
	"Royal Spear": 6.098732950648767,
	"Book (Gemmed)": 6.005240054239158,
	"Cheese": 5.900479508638339,
	"Garlic Necklace": 5.79779431765675,
	"Wolf Tooth Chain": 5.750088654552339,
	"Bat Wing": 5.730640863221353,
	"Serpent Sword": 5.699427940605623,
	"Silver Amulet": 5.453271553730607,
	"Black Pearl": 5.34700949000641,
	"Battle Hammer": 5.3340339288395135,
	"Rotten Piece of Cloth": 5.299728369773344,
	"Leather Boots": 5.283164402272956,
	"Warrior Helmet": 5.252594853652143,
	"Leather Helmet": 4.766255191190827,
	"Iron Helmet": 4.569770458315505,
	"Blue Crystal Splinter": 4.486665227183508,
	"Beastslayer Axe": 4.47578067371527,
	"Power Bolt": 4.462137444150668,
	"Fire Axe": 4.3465743530993945,
	"Shockwave Amulet": 4.1491909797426425,
	"Ring of Red Plasma": 4.10253264493342,
	"Banana Sash": 4.099338663817151,
	"Dark Shield": 4.020162281780182,
	"Werehyaena Talisman": 3.9510489510489513,
	"Sickle": 3.9121140678439383,
	"Sword": 3.7711904850868674,
	"Talon": 3.730630338953503,
	"Minotaur Trophy": 3.661212296523234,
	"Gloom Wolf Fur": 3.628454916175804,
	"Bolt": 3.6045266653113774,
	"Heavy Old Tome": 3.289946968652635,
	"Warrior's Shield": 3.280639393649794,
	"Beetroot": 3.0808849591119847,
	"Rope": 3.028569355027214,
	"Pelvis Bone": 2.8993896021890126,
	"Frozen Lightning": 2.8937058642922935,
	"Plate Armor": 2.709755572870782,
	"Instable Proto Matter": 2.700276327909119,
	"Sparkion Claw": 2.6959347802137272,
	"Might Ring": 2.6870221403133017,
	"Viking Helmet": 2.624648643282416,
	"Stealth Ring": 2.6027648718748666,
	"Life Ring": 2.544742537172647,
	"Spark Sphere": 2.51961034324476,
	"Sparkion Stings": 2.479784069626529,
	"Wooden Shield": 2.445724037655563,
	"Orc Leather": 2.444992984668196,
	"Witch Broom": 2.392310947228435,
	"Silver Brooch": 2.3299905136061425,
	"Underworld Rod": 2.2544622757720334,
	"Power Ring": 2.2201763938458248,
	"Energy Ball": 2.1630948725821306,
	"Axe Ring": 2.1548921075968077,
	"Bloody Pincers": 2.1440865502827635,
	"Giant Sword": 2.1221826513585533,
	"Hatchet": 2.049255162477853,
	"Short Sword": 2.038105448866143,