{
	"Gold Coin": 2013.1172004991258,
	"Platinum Coin": 1299.396240584654,
	"Crystalline Arrow": 204.26302441694682,
	"Great Health Potion": 165.59935216515817,
	"Small Emerald": 148.54839112785888,
	"Deepling Warts": 132.58583987981305,
	"Vortex Bolt": 127.80331124078434,
	"Deeptags": 104.44172396316861,
	"Deepling Filet": 102.11080075486926,
	"Meat": 96.74994418856433,
	"Elven Astral Observer": 88.88389231744856,
	"Great Mana Potion": 87.14841001868324,
	"Deepling Ridge": 76.33959521872954,
	"Small Enchanted Sapphire": 65.68622916511426,
	"Dream Essence Egg": 61.69668774747424,
	"Longsword": 57.35551895080476,
	"Small Flask of Eyedrops": 54.29286013066,
	"Bone": 53.19247788285667,
	"Two Handed Sword": 51.06884351196075,
	"Knife": 48.13321853540734,
	"Morning Star": 41.251460328332165,
	"Eye of a Deepling": 41.19575922981081,
	"Steel Shield": 39.119497629387276,
	"Elder Bonelord Tentacle": 37.463893816939354,
	"Heavy Trident": 36.84309043657064,
	"Sniper Arrow": 36.35767709765395,
	"Red Crystal Fragment": 34.13825439329487,
	"Heaven Blossom": 34.10775073705043,
	"Spellbook": 33.34158550007851,
	"Worm": 32.01171804735542,
	"Halberd": 29.793424441093173,
	"Bone Sword": 29.734192958737353,
	"Werehyaena Nose": 29.666666666666668,
	"Axe": 28.62607462099585,
	"Elvish Talisman": 27.87519400506685,
	"Belted Cape": 27.38873648757921,
	"Great Spirit Potion": 25.87154435894962,
	"Arrow": 25.21580282225967,
	"Seeds": 25.066054870471273,
	"Warrior's Axe": 24.470649981080342,
	"Warrior's Shield": 23.92649045700639,
	"Magma Amulet": 21.645181107256086,
	"Dragon Necklace": 21.219681838564345,
	"Life Ring": 21.074601086461087,
	"Torch": 20.003251228195765,
	"Scimitar": 19.957939011566772,
	"Small Enchanted Ruby": 19.76671196509938,
	"Wand of Draconia": 19.607075939650343,
	"Ham": 18.65348341414156,
	"Ultimate Health Potion": 17.29295573324016,
	"Fish Fin": 16.851208288777325,
	"Wand of Dragonbreath": 16.397275818864077,
	"Leaf Star": 15.705765230564467,
	"Bonelord Eye": 15.26397807262642,
	"Yellow Gem": 14.489034129430673,
	"Strong Mana Potion": 14.355370387186081,
	"Violet Crystal Shard": 14.29098005203816,
	"Fairy Wings": 14.076120280484442,
	"Red Gem": 11.89934374062082,
	"Combat Knife": 11.556777051888565,
	"Cheese": 11.500017959125032,
	"Essence of a Bad Dream": 11.355335435621242,
	"Fish": 11.204752718655179,
	"Small Amethyst": 10.92679142491072,
	"Miraculum": 10.575250836120402,
	"Dragon Ham": 10.35142839109994,
	"Life Preserver": 10.256410256410255,
	"Skull": 10.233764135284183,
	"Piece of Dead Brain": 9.903396444572914,
	"Small Enchanted Amethyst": 9.752669643628652,
	"Blank Rune": 9.07774279143959,
	"Ring of Blue Plasma": 8.872413083221321,
	"Pelvis Bone": 8.655026918220418,
	"Strong Health Potion": 8.545601447723328,
	"Magma Boots": 8.476238494225406,
	"Spider Fangs": 7.683182577082714,
	"Wild Flowers": 7.53027033562476,
	"Sword Ring": 7.385907771196089,
	"Green Crystal Splinter": 7.3685229963912455,
	"Sun Fruit": 7.273136525269505,
	"Small Diamond": 7.084403747765804,
	"Viking Helmet": 7.050185472445308,
	"Scroll": 7.009080056433818,
	"Green Crystal Fragment": 7.0050712825687595,
	"Grapes": 6.501339955367568,
	"Bolt": 6.307921664294911,
	"Poison Arrow": 6.1662393783970755,
	"Ratana": 6.153846153846154,
	"Shrimp": 5.938243619264089,
	"Leather Helmet": 5.87954088940356,
	"Rotten Piece of Cloth": 5.74137240058779,
	"Frazzle Tongue": 5.739010632780083,
	"Leather Legs": 5.706830654691425,
	"Royal Spear": 5.68026470484752,
	"Wand of Cosmic Energy": 5.674965029932283,
	"White Mushroom": 5.615759941755605,
	"Leather Boots": 5.550166978328314,
	"Mace": 5.502865426864171,
	"Short Sword": 5.298189972083716,
	"Small Enchanted Emerald": 5.269482784441812,
	"Plate Shield": 5.20790219977081,
	"Purple Robe": 5.162381156126537,
	"Hatchet": 5.051009179176092,
	"Melon": 5.016351336685599,
	"Frazzle Skin": 5.013096473029045,
	"Silver Amulet": 4.993388032878293,
	"Brown Crystal Splinter": 4.9515340101395235,
	"Terra Boots": 4.842367838322162,
	"Remains of a Fish": 4.828838174273859,
	"Colourful Snail Shell": 4.819493903828091,
	"Minotaur Leather": 4.654511683794984,
	"Plum": 4.610128398604686,
	"Necklace of the Deep": 4.484159255250848,
	"Hunting Spear": 4.420360788455161,
	"Small Stone": 4.369940915106847,
	"Wood Cape": 4.348589425051092,
	"Clerical Mace": 4.300950108647745,
	"Dead Snake": 4.2453300124533,
	"Earth Arrow": 4.028921818004697,
	"Sword": 4.022593083946645,
	"Lump of Earth": 3.990604738761947,
	"Holy Orchid": 3.9472034807871066,
	"Small Ruby": 3.882010513042398,
	"Snakebite Rod": 3.730510170461348,
	"Assassin Star": 3.7031915750160045,
	"Studded Helmet": 3.6277984669664796,
	"Quara Tentacle": 3.612691593125871,
	"Minotaur Horn": 3.6081264489406695,
	"Drill Bolt": 3.562563067608476,
	"Mantassin Tail": 3.540164324030692,
	"Elven Scouting Glass": 3.534003648551186,
	"Energy Ring": 3.4782178504056676,
	"Mind Stone": 3.389298616281698,
	"Haunted Blade": 3.3826273762749315,
	"Spear": 3.3474294767523896,
	"Chain Armor": 3.317438961272682,
	"Wand of Inferno": 3.310041283485473,
	"Bread": 3.2894750192591777,
	"Black Shield": 3.235776420037234,
	"Shimmering Beetles": 3.2246796692553086,
	"Heavy Old Tome": 3.221893281408591,
	"Terra Rod": 3.182322205966785,
	"Ice Cube": 3.1693947758006713,
	"Bow": 3.0541316087602004,
	"Vampire Teeth": 3.047547618373758,
	"Terra Hood": 3.0236809019092536,
	"Collar of Blue Plasma": 2.959670424978317,
	"Wand of Starstorm": 2.956825692382534,
	"Quara Bone": 2.9492140266021765,
	"Flask of Embalming Fluid": 2.9042350247996946,
	"Plate Armor": 2.8964809338926223,
	"Dandelion Seeds": 2.8519046819577003,
	"Fire Axe": 2.7973244147157192,
	"Mino Shield": 2.782349975804813,
	"Knight Axe": 2.7692769652534017,
	"Underworld Rod": 2.658446653098486,
	"Elven Amulet": 2.6162565146819534,
	"Big Bone": 2.5907352178423237,
	"Magic Light Wand": 2.572830885741385,
	"Doublet": 2.5,
	"Hailstorm Rod": 2.5,
	"Soul Orb": 2.4802281873497996,
	"Piece of Iron": 2.4064769190871367,
	"Gauze Bandage": 2.4027088897367417,
	"Small Sapphire": 2.318443415425577,
	"Studded Armor": 2.227667957095143,
	"Scale Armor": 2.1669818243620766,
	"Fresh Fruit": 2.1432554105245325,
	"Magma Coat": 2.1343141830304524,
	"Brass Armor": 2.1258072382712383,
	"Protection Amulet": 2.083333333333333,
	"Quara Eye": 2.026242978116878,
	"Orange": 2.010397268777157,
	"Ghoul Snack": 2.0040967181725073,
	"Power Ring": 1.9881585964756145,
	"Axe Ring": 1.978511145097877,
	"Blood Preservation": 1.9757733563524185,
	"Beastslayer Axe": 1.970985984755348,
	"Carrot": 1.9564406781774335,
	"Hand Axe": 1.9448556624722426,
	"Roll": 1.8845461517830477,
	"Mana Potion": 1.8821169284346415,
	"Small Topaz": 1.8283716227177855,
	"Dark Shield": 1.7703466928940252,
	"Black Pearl": 1.7450090038931099,
	"Green Mushroom": 1.7417654348876321,
	"Wand of Voodoo": 1.716317558831135,
	"Green Tunic": 1.6782187172159315,
	"Strange Talisman": 1.6236956490602124,
	"Silver Brooch": 1.6109953247360638,
	"Quara Pincers": 1.6050870147255691,
	"Taurus Mace": 1.5861332179819871,
	"Half-Digested Piece of Meat": 1.5797183294381358,
	"Crystal Crossbow": 1.5503035559410234,
	"Death Ring": 1.500561631687851,
	"Health Potion": 1.4994963229038603,
	"Steel Helmet": 1.4814900803979556,
	"Magma Clump": 1.4655470486539888,
	"Obsidian Lance": 1.4556481739673255,
	"Iron Ore": 1.4370670101874856,
	"White Pearl": 1.3942158807572842,
	"Brass Helmet": 1.3797456950292735,
	"Stealth Ring": 1.3789350453575444,
	"Spider Silk": 1.3653679162019337,
	"Silencer Claws": 1.356198219523491,
	"Orb": 1.3561927283476203,
	"Sling Herb": 1.349151852228875,
	"Scorpion Tail": 1.3154243878815504,
	"Sickle": 1.3100565527415786,
	"Sacred Tree Amulet": 1.295596758649304,
	"Platinum Amulet": 1.2598714187148252,
	"Frosty Heart": 1.252664784428272,
	"Book Page": 1.2431553730321698,
	"Ring of Healing": 1.2372052599513081,
	"Werehyaena Talisman": 1.2307692307692308,
	"Powder Herb": 1.2237574757681995,
	"Blue Piece of Cloth": 1.1980481322105665,
	"Banana": 1.1410224746851074,