{
	"Platinum Coin": 6849.315299455196,
	"Gold Coin": 1720.6977961754496,
	"Great Health Potion": 1164.208232477982,
	"Rare Earth": 753.6712842712843,
	"Meat": 734.4781100020729,
	"Knife": 610.573423477806,
	"Coal": 563.6010039494822,
	"Opal": 547.0103105475778,
	"Glob of Acid Slime": 472.6135642135642,
	"Stonerefiner's Skull": 379.2914862914863,
	"Poisonous Slime": 369.23990501967523,
	"Ham": 368.43381615312455,
	"Small Emerald": 365.1002550921903,
	"Axe": 364.5418447535629,
	"Werehyaena Nose": 348.6774891774892,
	"Great Mana Potion": 328.3589026534806,
	"Cobra Crest": 306.7713748280091,
	"Fish": 306.4758418363739,
	"Half-Digested Stones": 278.1470899470899,
	"Red Crystal Fragment": 251.08749237101406,
	"Halberd": 249.91817774182198,
	"Great Spirit Potion": 225.4132355185971,
	"Scimitar": 207.58300132802125,
	"Rat Cheese": 202.85440181983822,
	"Protection Amulet": 194.44952181378594,
	"Red Gem": 184.7672613645115,
	"Yellow Gem": 155.77363645467088,
	"Earth Arrow": 152.11272141706925,
	"Combat Knife": 131.86475075197995,
	"Lion's Mane": 128.39396777836998,
	"Green Crystal Fragment": 127.54567862982049,
	"Life Preserver": 125.22050316336782,
	"Small Enchanted Amethyst": 115.07769625951444,
	"Bone Sword": 109.81230633023462,
	"Green Crystal Shard": 108.89294617876801,
	"Gold Ingot": 101.94695613680544,
	"Cheesy Figurine": 99.52404084233574,
	"Heavy Machete": 98.30088651012693,
	"Soul Orb": 96.5408075181022,
	"Crystal Sword": 94.33191467466006,
	"Dark Armor": 78.31394199097979,
	"Torch": 77.9222760165316,
	"Small Amethyst": 77.69621889917158,
	"Ratana": 75.40032661709928,
	"Leather Boots": 64.76158000267067,
	"Green Crystal Splinter": 63.554875120076844,
	"Spear": 63.31209704233858,
	"Machete": 62.72421425409473,
	"Pirate Coin": 60.294628205488166,
	"Ice Rapier": 56.86053180077827,
	"Carlin Sword": 54.996015936254985,
	"Dark Mushroom": 54.560131181587785,
	"Mouldy Cheese": 48.76957163958641,
	"Rapier": 47.252604642661304,
	"Stone Skin Amulet": 46.5959413691761,
	"Terra Boots": 46.07509072024579,
	"Small Enchanted Emerald": 45.25748299319728,
	"Pirat's Tail": 43.14734395894507,
	"Brown Crystal Splinter": 42.3604393405743,
	"Leather Helmet": 41.31106099235614,
	"Wand of Starstorm": 41.0225343809544,
	"Dragon Ham": 38.84033485256086,
	"Green Mushroom": 38.2112162763263,
	"Plate Shield": 37.21354843581203,
	"Small Enchanted Sapphire": 35.93264739648787,
	"Sacred Tree Amulet": 35.8807174360705,
	"Sword Ring": 35.76190476190476,
	"Doublet": 35.43449970987975,
	"Ankh": 33.80552001462255,
	"Beetroot": 31.931325363427,
	"Bone": 31.61334223705945,
	"Black Pearl": 31.370653536730643,
	"Terra Rod": 30.87561891694796,
	"Hailstorm Rod": 26.82142857142857,
	"Serpent Sword": 24.270018515225498,
	"Fairy Wings": 24.243855710855023,
	"Terra Amulet": 24.188046405599238,
	"Ivory Carving": 24.02814222232401,
	"Bolt": 23.840984914008814,
	"Mace": 23.74673626744379,
	"Cyan Crystal Fragment": 23.42279006757646,
	"Wand of Voodoo": 23.38863655985913,
	"Small Diamond": 22.053875585049045,
	"Green Gem": 21.651661403158382,
	"Knight Axe": 20.44002955422379,
	"Crowbar": 20.093588375338644,
	"Silver Brooch": 19.665543219666933,
	"Chain Armor": 19.363787337462753,
	"Shark Fins": 18.872760625001632,
	"Garlic Necklace": 18.184526669870255,
	"Black Shield": 17.88095238095238,
	"Small Enchanted Ruby": 17.691775717590954,
	"Skull": 17.609701621550183,
	"Bat Wing": 17.429697260932244,
	"Poison Arrow": 16.66181461512863,
	"War Hammer": 16.44712081307712,
	"Terra Hood": 14.969113211294077,
	"Werehyaena Talisman": 14.958041958041958,
	"Wand of Inferno": 14.84469108170029,
	"Swamp Grass": 14.835561299852289,
	"Grappling Hook": 14.411896551724137,
	"Twin Hooks": 14.169380134428676,
	"White Pearl": 13.927788444973405,
	"Brass Helmet": 13.683049968831734,
	"Steel Helmet": 13.658358566003916,
	"Violet Gem": 13.490469397809836,
	"Strong Health Potion": 13.169001863541654,
	"Frazzle Tongue": 12.88349325726141,
	"Knight Armor": 12.822542920566224,
	"Little Bowl of Myrrh": 12.134276638752526,
	"Mouldy Powder": 12.048891028931799,
	"Snakebite Rod": 12.023584842743741,
	"Medicine Pouch": 11.622821270310192,
	"Frazzle Skin": 11.253890041493776,
	"Thick Fur": 11.184523084627951,
	"Remains of a Fish": 10.8402489626556,
	"Onyx Chip": 10.801780016017917,
	"Moonlight Crystals": 10.514374987123112,
	"Mammoth Tusk": 10.35493660361671,
	"Dark Shield": 10.077716098334655,
	"Wood": 9.887407680945348,
	"Sword": 9.648562606160414,
	"Lightning Headband": 9.504898487592117,
	"Banana": 9.471746176321965,
	"Green Bandage": 9.47126768697661,
	"Rainbow Quartz": 8.97905726839019,
	"Focus Cape": 8.88725867323235,
	"Troll Green": 8.645357147553622,
	"Cheese": 8.610212861234194,
	"Single Human Eye": 8.591972278371355,
	"Broken Flask": 8.416113196650304,
	"White Mushroom": 8.106327824272919,
	"Glorious Axe": 7.928254256186779,
	"Magma Boots": 7.9213984103441035,
	"Strong Mana Potion": 7.827439954287904,
	"Scarab Coin": 7.824233125742812,
	"Violet Crystal Shard": 7.366597813050705,
	"Minotaur Horn": 6.925966144661981,
	"Springsprout Rod": 6.807342068122933,
	"Spirit Cloak": 6.788461538461539,
	"Giant Shimmering Pearl (Brown)": 6.6219400722243735,
	"Badger Fur": 6.467540773904701,
	"Assassin Star": 6.4414229863508865,
	"Worm": 6.336406112286782,
	"Soft Cheese": 6.158537530169184,
	"Fox Paw": 5.9803913317904485,
	"Big Bone": 5.815936203319502,
	"Small Stone": 5.775659347562663,
	"Spiked Squelcher": 5.737186270298729,
	"Tarantula Egg": 5.5813687260759135,
	"Fish Fin": 5.541364107883817,
	"Cyclops Toe": 5.495487520183259,
	"Piece of Iron": 5.402295124481328,
	"Short Sword": 5.186128242940276,
	"Silver Amulet": 5.031364124597207,
	"Titan Axe": 4.884442409672226,
	"Werehyaena Trophy": 4.470238095238095,
	"Emerald Bangle": 4.4081964513237555,
	"Coral Brooch": 4.269032513877875,
	"Lamassu Horn": 4.254682997118155,
	"Magma Legs": 4.244356532829954,
	"Gemmed Figurine": 4.232230059685296,
	"Ring of Blue Plasma": 4.026864616472252,
	"Battle Shield": 3.932976855904628,
	"Cheese Cutter": 3.796307568883888,
	"Ring of Red Plasma": 3.7616747181964576,
	"Earflap": 3.714724310909437,
	"Bola": 3.7116677241406215,
	"Mana Potion": 3.6872373934752574,
	"Werebadger Claws": 3.580969399151217,
	"Brown Mushroom": 3.5578308202568,
	"Crown Helmet": 3.5307987570828003,
	"Fire Sword": 3.4355070351437247,
	"Mammoth Whopper": 3.3919351486177507,
	"Werebadger Skull": 3.347777529595712,
	"Spiked Iron Ball": 3.3170934379595916,
	"Blue Crystal Shard": 3.2496397694524495,
	"Iron Ore": 3.2383391413086446,
	"Spider Silk": 3.2348625992997175,
	"Small Ruby": 3.2287224524537543,
	"Acorn": 3.2286536616565398,
	"Broken Crossbow": 3.213966253303517,
	"High Guard Shoulderplates": 3.158345544788466,
	"Noble Axe": 3.1356744828432292,
	"Piercing Bolt": 3.058339104471652,
	"Wyrm Scale": 2.9955381700385066,
	"Wood Cape": 2.9886885825379994,
	"White Silk Flower": 2.8815933946867998,
	"Lightning Boots": 2.8628490632732415,
	"Spider Fangs": 2.821833355563254,
	"Sphinx Feather": 2.7958331236475265,
	"Werefox Tail": 2.7755102040816326,
	"Lion Figurine": 2.757042830258775,
	"Orange": 2.700001071679857,
	"Minotaur Leather": 2.6247149334655275,
	"Health Potion": 2.5825897141955974,
	"Silencer Claws": 2.518653836257912,
	"Demonic Skeletal Hand": 2.5147875694340187,
	"Lamassu Hoof": 2.512608069164265,
	"Wereboar Hooves": 2.472134118713185,
	"Wereboar Tusks": 2.4286361576801085,
	"Bunch of Ripe Rice": 2.3098818374772314,
	"Sphinx Tiara": 2.256554778320165,
	"Magma Amulet": 2.2546424437622665,
	"Ogre Ear Stud": 2.241120652626142,
	"Blue Gem": 2.1828462409733627,
	"Arrow": 2.1194493657445364,
	"Pelvis Bone": 2.0995579877920436,
	"Throwing Star": 2.0981083921333132,
	"Broken Halberd": 2.090815098879615,
	"Centipede Leg": 2.035173754967447,
	"Bony Tail": 1.9901487255511452,
	"Carrot": 1.9875392121257112,
	"Pharaoh Banner": 1.909327172971412,
	"Plate Armor": 1.8924694959085917,
	"Hatchet": 1.867820862007666,
	"Shovel": 1.826308147766523,
	"Battle Hammer": 1.797251089107352,