{
	"Gold Coin": 3641.2676517115237,
	"Platinum Coin": 1300.6484016989605,
	"Skull": 305.16528217479424,
	"Dagger": 284,
	"Dragon Ham": 244.09211968461432,
	"Strong Health Potion": 174.52443693958898,
	"Great Spirit Potion": 168.5348264540747,
	"Meat": 164.1614819522399,
	"Cultish Robe": 140.1593212900597,
	"Plate Shield": 111.8129079976114,
	"Brown Bread": 104.85573272589218,
	"Sabre": 83.50634459242282,
	"Arrow": 82.3262986137133,
	"Fish": 78.38195404281757,
	"Great Health Potion": 78.0992520844122,
	"Brown Crystal Splinter": 74.85180753399894,
	"Small Diamond": 65.44957431607955,
	"Orc Leather": 62.22771501323935,
	"Mace": 58.75173198096467,
	"Protection Amulet": 54.99191802366414,
	"Chain Armor": 54.101075371601965,
	"Small Sapphire": 54.03280445017672,
	"Life Crystal": 52.14426428160526,
	"Ham": 49.494489172738035,
	"Small Topaz": 48.79197158558903,
	"Red Gem": 46.855145042526345,
	"Orcish Axe": 46.28679457480419,
	"Red Crystal Fragment": 45.81684295285194,
	"Red Mushroom": 44.2678619404008,
	"Spear": 41.39989171083271,
	"High Guard Shoulderplates": 39.924727014890095,
	"Small Ruby": 39.7584915671336,
	"Girlish Hair Decoration": 38.97766872280006,
	"Bug Meat": 38.47150259067357,
	"Brass Helmet": 37.00064039956035,
	"Great Mana Potion": 35.50691917032234,
	"Orcish Gear": 34.93326311192642,
	"Spiked Iron Ball": 34.364348853698885,
	"Broken Halberd": 33.30369764643958,
	"Bone": 33.18082045011232,
	"Halberd": 32.91177253185754,
	"Worm": 31.877862290874347,
	"Frazzle Tongue": 30.297440178074567,
	"Bunch of Ripe Rice": 29.851477439441105,
	"Brown Mushroom": 26.63852895268035,
	"Rope Belt": 26.25887572318321,
	"Frazzle Skin": 25.877851975514748,
	"Small Enchanted Ruby": 25.174927113702623,
	"Wand of Cosmic Energy": 25.01478470114059,
	"Wand of Voodoo": 23.81768378137342,
	"Golden Idol of Tukh": 23.7313298945952,
	"Yellow Gem": 22.461659901846634,
	"Sword": 21.87349692643216,
	"Leather Helmet": 20.915947296683324,
	"Protective Charm": 20.828921147759637,
	"Skull Belt": 20.780789337997692,
	"Fishbone": 19.771841958820257,
	"Orc Tooth": 19.477453619168426,
	"Silencer Claws": 19.297464440321583,
	"Torch": 19.133144924912006,
	"Leather Legs": 19.07460245343026,
	"Warrior Helmet": 18.04669522180429,
	"Axe": 18.042744801955312,
	"Damselfly Wing": 17.72995328176457,
	"Dragon's Tail": 17.71621524090394,
	"Fish Tail": 17.67835281023929,
	"Strong Mana Potion": 17.403406161933678,
	"Piece of Iron": 16.631608235948804,
	"Crystal Rubbish": 16.39899833055092,
	"Black Pearl": 16.360284923202588,
	"Stone Skin Amulet": 15.909287807363997,
	"Remains of a Fish": 15.759321090706733,
	"Poison Arrow": 15.709449126676933,
	"Glacier Amulet": 15.678048159001147,
	"Rat Cheese": 15.500793691433252,
	"Rope": 15.29534460362215,
	"Banana Skin": 15.061491374513077,
	"Damselfly Eye": 14.980470245845142,
	"Dragon Necklace": 14.87337159842837,
	"High Guard Flag": 14.82146064760104,
	"Insectoid Eggs": 14.313906218738063,
	"Sword Ring": 14.276124038416512,
	"Cheese": 14.275251698737442,
	"Blue Ectoplasm": 14.244362339151484,
	"Wand of Draconia": 13.766988113926889,
	"Wand of Inferno": 13.696975136544205,
	"Battle Axe": 13.635131130847883,
	"Small Emerald": 13.345781347464662,
	"Soft Cheese": 13.135081161349786,
	"Bow": 13.131355520813123,
	"Health Potion": 13.002936585957247,
	"Dragon Priest's Wandtip": 12.657446016381236,
	"Rotten Piece of Cloth": 12.51324753974262,
	"Roll": 12.301649315911085,
	"Minotaur Horn": 12.271399858111835,
	"Shamanic Hood": 12.115615933174164,
	"Silencer Resonating Chamber": 10.868274582560296,
	"Berserk Potion": 10.464541974169707,
	"Platinum Amulet": 10.44270415249134,
	"Plate Armor": 10.358563388315156,
	"Red Ectoplasm": 10.246019286835613,
	"Bolt": 10.146059721999384,
	"Morning Star": 9.910640277437249,
	"Book of Necromantic Rituals": 9.710618497702864,
	"Lizard Leather": 9.690334177358576,
	"Fish Fin": 9.653311074012242,
	"Orb": 9.61956937189451,
	"Assassin Star": 9.36178107606679,
	"Lizard Scale": 9.280183776544266,
	"Green Piece of Cloth": 8.87998420844848,
	"Hardened Bone": 8.722871452420701,
	"Orange": 8.644708255741776,
	"Hexagonal Ruby": 8.588259572336577,
	"Bola": 8.27999385529213,
	"Mana Potion": 8.268134523197235,
	"Essence of a Bad Dream": 8.190926973198918,
	"Plate Legs": 8.178683315800981,
	"Mysterious Fetish": 7.921211754165275,
	"Broken Shamanic Staff": 7.885489318770014,
	"Swampling Moss": 7.780266515452226,
	"Earflap": 7.758461774796456,
	"Longsword": 7.451025112436097,
	"Big Bone": 7.38536449638286,
	"Terra Boots": 7.292997593341827,
	"Red Lantern": 7.275892244283049,
	"Hailstorm Rod": 7.147530671461212,
	"Cheese Cutter": 6.8283066209227306,
	"Shadow Herb": 6.701658877314148,
	"White Mushroom": 6.543464655278042,
	"Marsh Stalker Feather": 6.482127565098797,
	"Steel Shield": 6.4474447100163825,
	"Prismatic Quartz": 6.443372953577035,
	"Small Amethyst": 6.340075259630851,
	"Magma Coat": 6.3377438887642965,
	"Small Enchanted Emerald": 5.950437317784257,
	"Piece of Swampling Wood": 5.823929685284944,
	"Red Apple": 5.804665734484216,
	"Cultish Mask": 5.76678445229682,
	"Ultimate Health Potion": 5.664098506833869,
	"Burst Arrow": 5.639806688580284,
	"Demonic Skeletal Hand": 5.628334083971375,
	"Iron Ore": 5.6014589723765,
	"Haunted Blade": 5.336934470251904,
	"Heavy Old Tome": 5.3281443080174595,
	"Onyx Chip": 5.211033864095088,
	"Tower Shield": 5.169474645329982,
	"Violet Crystal Shard": 5.117417918753478,
	"Throwing Star": 5.09525163595431,
	"Zaoan Shoes": 5.006129286641075,
	"Two Handed Sword": 4.888238386326763,
	"Minotaur Leather": 4.873834566808363,
	"Cape": 4.816956764326081,
	"Hunting Spear": 4.6100838284541705,
	"Marsh Stalker Beak": 4.579117637730343,
	"Crossbow": 4.518931207019812,
	"Ghoul Snack": 4.3679031037093115,
	"Hunter's Quiver": 4.3640595903165735,
	"Legionnaire Flags": 4.298941649748101,
	"Brass Legs": 4.234319312999277,
	"Glacial Rod": 4.162313670531278,
	"Dark Shield": 4.083182451512917,
	"Terra Hood": 4.059503319400049,
	"Brass Armor": 3.987152843626603,
	"Gold Ingot": 3.89621591541458,
	"Elven Amulet": 3.6998343738055803,
	"Zaoan Legs": 3.6873548458647343,
	"Knight Axe": 3.619990164740595,
	"Pirate Voodoo Doll": 3.537018591516697,
	"Flask of Embalming Fluid": 3.509283988299631,
	"Book (Orange)": 3.506809540212119,
	"Battle Shield": 3.4851589915895618,
	"Titan Axe": 3.4422476548121987,
	"Combat Knife": 3.390211503381406,
	"Mino Shield": 3.3083353823457093,
	"Garlic Necklace": 3.181955555000508,
	"Glorious Axe": 3.1564625850340136,
	"Viking Helmet": 3.0196215116113247,
	"Gauze Bandage": 2.9032732417652296,
	"Pelvis Bone": 2.9016745067516085,
	"Swampling Club": 2.894527927417068,
	"Horoscope": 2.7102736768831583,
	"Shockwave Amulet": 2.6823799210090455,
	"Chicken Feather": 2.6736029535156907,
	"Beastslayer Axe": 2.669043521022867,
	"Broken Helmet": 2.622607808114315,
	"Cookie": 2.410156729912713,
	"Studded Helmet": 2.3342643193875423,
	"Sai": 2.1516416249304395,
	"Zaoan Halberd": 2.140038724716144,
	"Piece of Warrior Armor": 2.0881235755887566,
	"Sickle": 2.0864329082797552,
	"Stealth Ring": 1.983879963032022,
	"Battle Hammer": 1.976263397361894,
	"Studded Legs": 1.9556313993174061,
	"Warrior's Shield": 1.9418490287681338,
	"Incantation Notes": 1.9142424770989197,
	"Black Shield": 1.8876740746791258,
	"Obsidian Lance": 1.855035517539386,
	"Iron Helmet": 1.8354541893686955,
	"Clerical Mace": 1.802226532366235,
	"Wolf Tooth Chain": 1.781594808008254,
	"Magic Light Wand": 1.7541809741828818,
	"Studded Armor": 1.6950693024312657,
	"Life Ring": 1.6946329644829845,
	"Cluster of Solace": 1.6614027915005734,
	"Diamond Sceptre": 1.6560599113956953,
	"Steel Helmet": 1.634254582844609,
	"Shovel": 1.6076708620501825,
	"Drakinata": 1.5992649823294984,
	"Broken Crossbow": 1.5304601206207225,
	"Terra Rod": 1.503123086839544,
	"Hatchet": 1.5008770083491194,
	"Scarf": 1.45361380798274,
	"Strange Talisman": 1.4439145364364747,
	"Rorc Feather": 1.4438279599209323,
	"Mind Stone": 1.4381674761317558,
	"Dead Snake": 1.4151100041511,