{
	"Platinum Coin": 7209.252428444667,
	"Gold Coin": 6002.296342266401,
	"Ham": 1292.7993411015216,
	"Great Health Potion": 810.1539710890459,
	"Great Mana Potion": 695.1271449748416,
	"Opal": 604.0996603087052,
	"Small Emerald": 568.446101013985,
	"Meat": 486.18518564068773,
	"Cowbell": 415.2757941921278,
	"Pirate Coin": 385.42900403800536,
	"Small Diamond": 379.80077742048934,
	"Knife": 364.2485009457121,
	"Cobra Crest": 357.3323072243056,
	"Plate Shield": 352.31237559450267,
	"Red Gem": 336.62638307555386,
	"Cultish Robe": 323.75236524378533,
	"Minotaur Horn": 319.05499767077714,
	"Red Crystal Fragment": 314.0556640711926,
	"Skull": 295.00329850198887,
	"Pirat's Tail": 284.45549554287385,
	"Minotaur Leather": 264.86701998669986,
	"Ice Rapier": 263.2046646956672,
	"Scimitar": 229.94227169383524,
	"Protection Amulet": 221.12227363079114,
	"Bronze Amulet": 215.54126062071373,
	"Small Sapphire": 208.7944327978481,
	"Book Page": 208.09529085872575,
	"Cyan Crystal Fragment": 206.01336120150842,
	"Dagger": 205.60000000000002,
	"Great Spirit Potion": 199.28958551022833,
	"Brown Crystal Splinter": 197.70967777505464,
	"Fish": 191.97705515481093,
	"Mino Shield": 188.44562091620924,
	"Yellow Gem": 174.927382819041,
	"Earth Arrow": 167.69917574024842,
	"Fairy Wings": 162.93936893343295,
	"Crystal Sword": 150.29589337083857,
	"Mouldy Powder": 149.9145913216918,
	"Green Crystal Shard": 143.80814819781423,
	"Glowing Rune": 138.41717451523544,
	"Gold Ingot": 132.52756907130137,
	"Bone": 127.24738783234302,
	"Terra Boots": 123.94302375229735,
	"Bone Sword": 121.44267374944667,
	"Wand of Inferno": 116.58508776970777,
	"Shark Fins": 115.25766539368894,
	"Heavy Machete": 108.34509550364233,
	"Cheesy Figurine": 108.33462157809984,
	"Small Amethyst": 104.40177472396566,
	"Spear": 103.05541108092768,
	"Small Enchanted Ruby": 97.61885695858447,
	"Dragon Ham": 97.43447762102326,
	"Silken Bookmark": 96.34736842105264,
	"Knight Axe": 95.98865981914015,
	"Small Topaz": 94.18829884625299,
	"Golden Idol of Tukh": 90.49144053225686,
	"Small Ruby": 89.99170088962774,
	"Frazzle Tongue": 85.38242349585062,
	"Crowbar": 82.75511041786389,
	"Terra Rod": 80.8384066533932,
	"Ring of Healing": 80.20568818035821,
	"Onyx Chip": 80.13093051092969,
	"Fire Sword": 77.376158675536,
	"Chain Armor": 76.98917357459098,
	"Brown Bread": 75.90964312832195,
	"Frazzle Skin": 74.58259854771784,
	"Grappling Hook": 72.36775862068966,
	"Remains of a Fish": 71.84128630705393,
	"Snakebite Rod": 70.99564874577354,
	"Machete": 69.66361618912508,
	"Green Crystal Fragment": 69.4052378249768,
	"Big Bone": 65.11914164420523,
	"Axe": 63.250724550757496,
	"Halberd": 62.917481796006946,
	"Carlin Sword": 60.820717131474105,
	"Sabre": 59.97566710951146,
	"Stone Skin Amulet": 59.87542074104362,
	"Purple Robe": 56.806093798544325,
	"Wand of Draconia": 52.49577633251103,
	"Werehyaena Nose": 52.34415584415584,
	"Knight Armor": 52.307333949969255,
	"Terra Hood": 51.88453622792493,
	"Wand of Starstorm": 50.76546826455928,
	"Thorn": 49.08483424693292,
	"Mace": 47.483657419049436,
	"Strong Mana Potion": 44.826655971908686,
	"Sacred Tree Amulet": 42.381660715967755,
	"Wand of Voodoo": 41.4054882470364,
	"Moonlight Rod": 40.25806664467172,
	"Tainted Glooth Capsule": 39.91045205974886,
	"Magma Boots": 39.44672046862034,
	"Red Ectoplasm": 39.06974657995066,
	"Essence of a Bad Dream": 38.54742063926133,
	"Soul Orb": 37.463649090126374,
	"Glooth Bag": 37.45007199013044,
	"Fish Fin": 36.74290290073375,
	"Springsprout Rod": 36.05860753365305,
	"Piece of Iron": 35.80248314315352,
	"Bloody Pincers": 35.73166418328952,
	"Ultimate Health Potion": 35.57662165705331,
	"Focus Cape": 35.24226254002134,
	"Girlish Hair Decoration": 34.623675525887535,
	"Assassin Star": 34.11073726853867,
	"Small Enchanted Emerald": 29.925024295432458,
	"Green Gem": 28.719329778722297,
	"Small Treasure Chest": 28.697627460878344,
	"Mino Lance": 27.249584026622294,
	"Wand of Cosmic Energy": 26.658099755307724,
	"Life Crystal": 25.191864509406116,
	"Ring of Blue Plasma": 24.69476361074706,
	"Worm": 24.68712967707373,
	"Prismatic Quartz": 24.569634447185468,
	"Magma Coat": 24.166853554608657,
	"Green Mushroom": 23.019851841472068,
	"Red Piece of Cloth": 22.84240546957263,
	"Dark Mushroom": 22.798479502375645,
	"Brass Helmet": 22.691398305545587,
	"Rotten Piece of Cloth": 22.08220154072227,
	"Taurus Mace": 21.62372321336617,
	"Torch": 20.47952132528067,
	"Iron Ore": 20.004273891658915,
	"Sword": 19.995811517962125,
	"Combat Knife": 19.200914296059928,
	"Cheese": 18.786861104127006,
	"Protective Charm": 18.473302264281255,
	"Life Preserver": 18.240093240093238,
	"Silencer Claws": 17.43683425101631,
	"Hexagonal Ruby": 17.14242531874845,
	"Spider Fangs": 16.972031001884005,
	"Small Enchanted Amethyst": 16.81416699598518,
	"Wood Cape": 16.706433368681513,
	"Lightning Boots": 16.003004595263345,
	"Giant Shimmering Pearl (Brown)": 15.945740640260444,
	"Violet Crystal Shard": 15.813460761719973,
	"Glooth Capsule": 15.291577120397061,
	"Violet Gem": 15.14935746966782,
	"Sword Ring": 14.466042193426048,
	"Terra Amulet": 14.407109173182992,
	"Glooth Steak": 13.765647352040428,
	"Hunting Spear": 13.341756007036096,
	"Silver Amulet": 13.124137818553104,
	"Green Crystal Splinter": 12.613547868082506,
	"Lump of Dirt": 12.404832096506386,
	"Glooth Sandwich": 12.305069483360565,
	"Rapier": 12.01148899593765,
	"White Mushroom": 11.964566151762064,
	"Red Apple": 11.72200973574409,
	"Lion's Mane": 11.49088265740363,
	"Brass Legs": 11.340689943971906,
	"Garlic Necklace": 11.264151469372802,
	"Ratana": 10.944055944055945,
	"Emerald Bangle": 10.831628844543028,
	"Pelvis Bone": 10.773149693125125,
	"Beastslayer Axe": 10.632990778773056,
	"White Pearl": 10.540698037333211,
	"Gemmed Figurine": 10.448317959848074,
	"Royal Spear": 10.274426167775479,
	"Steel Shield": 10.134049642276002,
	"Energy Ring": 9.919321489855566,
	"Two Handed Sword": 9.67494149964391,
	"Serpent Sword": 8.960169488476904,
	"Black Shield": 8.797352676010163,
	"Dark Shield": 8.732591893086596,
	"Wooden Shield": 8.63922682346406,
	"Mind Stone": 8.038384224821987,
	"Magma Amulet": 7.972187636563847,
	"Strong Health Potion": 7.726834287084446,
	"Ghoul Snack": 7.70806430066349,
	"Warrior Helmet": 7.686861258672008,
	"Platinum Amulet": 7.6234585259723335,
	"Orb": 7.595226211622892,
	"Elven Amulet": 7.568946842473981,
	"Hailstorm Rod": 7.552094898349198,
	"Glacier Amulet": 7.4503121416740985,
	"Bat Wing": 7.372224891878904,
	"Lamassu Horn": 7.274135446685879,
	"Viking Helmet": 7.2591609698263175,
	"Dark Armor": 7.073750991276764,
	"Dragon's Tail": 6.9453359277233995,
	"Haunted Blade": 6.923789430350435,
	"Poison Arrow": 6.915838296627038,
	"Crossbow": 6.906630943072683,
	"Stealth Ring": 6.79050643830465,
	"Blue Ectoplasm": 6.769015161167028,
	"Cookie": 6.704878344292126,
	"Heavy Old Tome": 6.6381763967978085,
	"Sickle": 6.60612783985275,
	"Corncob": 6.389920122455287,
	"Warrior's Shield": 6.339492280180336,
	"Blank Rune": 6.310143561726171,
	"Terra Legs": 6.193978716135083,
	"Slime Heart": 6.020259208731241,
	"Broken Shamanic Staff": 6.009259259259259,
	"Dragon Necklace": 5.911899605045228,
	"Health Potion": 5.886330386636713,
	"Book (Gemmed)": 5.6412861115579975,
	"Minotaur Trophy": 5.5988872629765645,
	"Sphinx Feather": 5.591666247295053,
	"Obsidian Lance": 5.578582182706736,
	"Blue Crystal Shard": 5.555835734870317,
	"Tortoise Egg": 5.540625953931025,
	"Ruby Necklace": 5.540443213296399,
	"Orc Leather": 5.439265983206921,
	"Burst Arrow": 5.425902489001386,
	"Turtle Shell": 5.337732178347658,
	"Glooth Axe": 5.26537161362095,
	"Underworld Rod": 5.258224832099637,
	"Glooth Spear": 5.237196870604855,
	"Glooth Club": 5.223470268799934,
	"Glooth Blade": 5.2017482701220485,
	"Glooth Amulet": 5.168928099165109,
	"Poisoned Fang": 5.165961800818553,
	"Doublet": 5.101761640421434,
	"Life Ring": 4.905103855454431,
	"Glorious Axe": 4.844773679573237,
	"Wand of Defiance": 4.7822757251446655,
	"Silver Brooch": 4.61860591692889,