{
	"Platinum Coin": 2230.8216053222386,
	"Gold Coin": 1940.102201764222,
	"Ham": 305.9474447766452,
	"Meat": 286.5287737791957,
	"Great Spirit Potion": 199.30132415392197,
	"Great Mana Potion": 123.57831439446072,
	"Fish": 84.98484988898096,
	"Fafnar Symbol": 72.62365299471291,
	"Ultimate Health Potion": 71.42603760524683,
	"Great Health Potion": 64.6280489216465,
	"Skull": 61.21594309303474,
	"Demon Horn": 61.052872761686544,
	"Demonic Essence": 60.913620438841704,
	"Dagger": 60.800000000000004,
	"Fire Mushroom": 60.16706099170672,
	"Lion's Mane": 60.08091457981031,
	"Secret Instruction": 56.19609674283863,
	"Crystal Sword": 53.58805003389621,
	"Worm": 51.06075132270171,
	"Assassin Star": 47.98246211609534,
	"Ice Rapier": 45.94922065524044,
	"Elven Astral Observer": 45.334098078577576,
	"Spear": 43.916917588311364,
	"Soul Orb": 43.0649863471142,
	"Throwing Star": 39.93685446822984,
	"Scimitar": 38.90825302235832,
	"Pirate Coin": 38.768668190027924,
	"Dark Armor": 38.24246629659001,
	"Dragon Necklace": 38.043932476942295,
	"Bone": 37.235797136228975,
	"Essence of a Bad Dream": 35.322568010644375,
	"Small Topaz": 31.856174802642705,
	"Dream Essence Egg": 31.336703791769434,
	"Small Ruby": 31.204596799107403,
	"Small Amethyst": 30.897082294208094,
	"Small Emerald": 30.8456758156139,
	"Magma Amulet": 30.346989672911924,
	"Belted Cape": 27.981609753775835,
	"Pirat's Tail": 27.845032542797004,
	"Small Diamond": 27.171973707666137,
	"Magma Boots": 26.34320634113851,
	"Small Enchanted Ruby": 25.3601438380478,
	"Small Sapphire": 25.251329094803147,
	"Leather Boots": 24.42066539543794,
	"Leather Helmet": 24.237772205635334,
	"Torch": 24.051668746192348,
	"Empty Honey Glass": 23.78536102667996,
	"Strange Talisman": 23.293807208362505,
	"Lightning Headband": 22.617875359318347,
	"Brown Bread": 22.44798785117692,
	"Red Gem": 22.314615625027564,
	"Rapier": 21.15445074026686,
	"Hydra Head": 20.721406678496532,
	"Lightning Pendant": 20.695602184535787,
	"Knight Axe": 20.497715708800285,
	"Piece of Crocodile Leather": 20.434194054868346,
	"Sabre": 19.4490529700213,
	"Terramite Legs": 19.318740921387548,
	"Metal Jaw": 18.636983964517228,
	"Wand of Inferno": 18.572940687989846,
	"Red Crystal Fragment": 17.613257568021538,
	"Small Enchanted Sapphire": 17.299127006182406,
	"Lightning Legs": 16.944524288588674,
	"Scythe Leg": 16.88839263560121,
	"Heaven Blossom": 16.5887250650477,
	"Two Handed Sword": 16.43873296140364,
	"Terra Boots": 16.375096965310973,
	"Ankh": 15.415446496507753,
	"Crowbar": 14.760692882357771,
	"Hunting Spear": 14.313780200048587,
	"Brown Crystal Splinter": 14.108320251177394,
	"Wand of Draconia": 14.033807511531515,
	"Broken Gladiator Shield": 13.76807712908409,
	"Grappling Hook": 13.718275862068966,
	"Fire Axe": 13.660888839320036,
	"Mouldy Cheese": 13.659527326440177,
	"Strong Mana Potion": 13.51073457439358,
	"Black Pearl": 13.368622981523576,
	"Brass Legs": 13.082769403860793,
	"Seeds": 13.048083357231622,
	"Brass Armor": 12.986698788317412,
	"Elven Amulet": 12.612726823336029,
	"Shark Fins": 12.419341597569986,
	"White Mushroom": 12.271841862818862,
	"Underworld Rod": 11.71721799409925,
	"Knight Armor": 11.661649568311628,
	"Elvish Talisman": 11.547875108412837,
	"Ivory Carving": 11.240758060922772,
	"Ring of Healing": 10.962032704426903,
	"Talon": 10.525169586179272,
	"Snakebite Rod": 10.318683932752394,
	"Cucumber": 10.073667795881056,
	"Knife": 10.025810151993117,
	"Axe": 9.987144483085247,
	"Girlish Hair Decoration": 9.827667455537568,
	"Serpent Sword": 9.810989215318243,
	"Silver Brooch": 9.67704570503214,
	"Terramite Shell": 9.61667932675009,
	"Blue Crystal Shard": 9.614688388931988,
	"Strong Health Potion": 9.554118627432654,
	"Orb": 9.327409769661786,
	"Golden Sickle": 9.289207735081781,
	"Yellow Gem": 9.126163853981527,
	"Chicken Feather": 8.784695418694412,
	"Wand of Voodoo": 8.705900858725022,
	"Wand of Dragonbreath": 8.508445863102288,
	"Wand of Starstorm": 8.378275862068966,
	"Lightning Boots": 8.126348608237823,
	"War Hammer": 8.00531193383296,
	"Arrow": 7.983633877321132,
	"War Axe": 7.974077849995037,
	"Pelvis Bone": 7.929140902351801,
	"Plate Armor": 7.631716057399587,
	"Might Ring": 7.579071660915786,
	"Stealth Ring": 7.500362942688644,
	"Focus Cape": 7.419809096603461,
	"Violet Crystal Shard": 7.079531656548134,
	"Twin Hooks": 6.831665421956684,
	"Golden Idol of Tukh": 6.701203558346415,
	"Dark Shield": 6.629270748090779,
	"Leaf Star": 6.618733738074589,
	"Steel Helmet": 6.476669602634008,
	"Springsprout Rod": 6.455249966898066,
	"Terramite Eggs": 6.4420634603339595,
	"Wand of Decay": 6.371447902571042,
	"Cheese": 6.247070417729248,
	"Ring of Blue Plasma": 6.109735131996233,
	"Plate Legs": 6.063550115357916,
	"Giant Sword": 5.973551166787039,
	"Protection Amulet": 5.657227561252383,
	"White Pearl": 5.616523487479437,
	"Halberd": 5.48981484334064,
	"Miraculum": 5.391304347826087,
	"Golden Mask": 5.380983173349006,
	"Protective Charm": 5.245020080830226,
	"Small Enchanted Emerald": 5.156351757149718,
	"Spellweaver's Robe": 5.044553032480598,
	"Violet Gem": 4.7000832044117,
	"Sea Horse Figurine": 4.562593033554118,
	"Spider Fangs": 4.471652632038445,
	"Onyx Chip": 4.455422216467872,
	"Moonlight Crystals": 4.447086439913662,
	"Opal": 4.289630204292734,
	"Hand Axe": 4.278682457438934,
	"Doublet": 4.218675654242665,
	"Unholy Bone": 4.201620591039085,
	"Swamp Grass": 4.155188330871492,
	"Crown Helmet": 4.047709415079176,
	"Chain Armor": 3.9628515751772397,
	"Wand of Everblazing": 3.901894451962111,
	"Relic Sword": 3.852503382949932,
	"Rainbow Quartz": 3.8413957176843776,
	"Purple Tome": 3.7628072622220006,
	"Voluminous Piece of Cloth": 3.721963571020175,
	"Devil Helmet": 3.709809976838592,
	"Sun Fruit": 3.693900721228893,
	"Dark Helmet": 3.668585211690179,
	"Ludicrous Piece of Cloth": 3.6347300498243893,
	"Glorious Axe": 3.532712133227597,
	"Ominous Piece of Cloth": 3.518418688230009,
	"Luminous Piece of Cloth": 3.5038797680307114,
	"Leather Legs": 3.4739632020201503,
	"Slightly Rusted Armor": 3.4026090119900565,
	"Wand of Cosmic Energy": 3.371239635891894,
	"Obvious Piece of Cloth": 3.3584905660377355,
	"Spirit Cloak": 3.326923076923077,
	"Wood Cape": 3.297960597050067,
	"Medicine Pouch": 3.255354505169867,
	"Bronze Gear Wheel": 3.1985670419652,
	"Green Crystal Shard": 3.177893950709485,
	"Titan Axe": 3.108600236896531,
	"Mouldy Powder": 3.1018027571580062,
	"Gold Ring": 3.0965556745448657,
	"Dubious Piece of Cloth": 3.0677121620517847,
	"Red Apple": 2.9494089012517386,
	"Red Ectoplasm": 2.8932496075353216,
	"Flask of Demonic Blood": 2.874392018983466,
	"Magma Coat": 2.8678998020612925,
	"Metal Spats": 2.8147389969293757,
	"Platinum Amulet": 2.8092309851295103,
	"Wood": 2.7692946824224522,
	"Spiked Squelcher": 2.7534703979586963,
	"Bread": 2.588602832935327,
	"Silver Amulet": 2.5658258855574956,
	"Terra Hood": 2.560609786083108,
	"Cyan Crystal Fragment": 2.4681105302464523,
	"Demon Shield": 2.2713122307175055,
	"Stone Skin Amulet": 2.196419133265688,
	"Bow": 2.167991658889998,
	"Ice Cube": 2.133167335589005,
	"Mammoth Whopper": 2.104067365745154,
	"Studded Armor": 2.1007236108641165,
	"Coral Brooch": 2.0921887390959557,
	"Mino Shield": 2.086796164248832,
	"Plate Shield": 2.082172969981492,
	"Magma Legs": 2.063051822653835,
	"Bone Toothpick": 2.0584683825865904,
	"Glob of Glooth": 2.021856631585038,
	"Cookie": 1.9378795710687433,
	"Sword Ring": 1.9293230162313038,
	"Hydra Egg": 1.9160079582728398,
	"Energy Ring": 1.8824584308348984,
	"Rope": 1.8691524324575632,
	"Prismatic Quartz": 1.8194662480376766,
	"Crab Pincers": 1.7987594762232941,
	"Hatchet": 1.7935920621338446,
	"Holy Orchid": 1.7739130434782608,
	"Death Ring": 1.7463490107248458,
	"Warrior Helmet": 1.730562077122146,
	"Mind Stone": 1.7185929648241207,
	"Life Ring": 1.7069023292266292,
	"Beastslayer Axe": 1.683550528645193,
	"Health Potion": 1.636246287752976,
	"Scroll": 1.59799389882634,
	"Shiny Stone": 1.5510429174103026,
	"Wooden Shield": 1.528386201311724,