{
	"Gold Coin": 17135.41710298826,
	"Platinum Coin": 10565.078017881991,
	"Flask of Demonic Blood": 2711.0320862981384,
	"Ham": 2293.1033987539668,
	"Soul Orb": 1933.084053764602,
	"Demonic Essence": 1190.9325708421054,
	"Great Mana Potion": 1005.9310083656521,
	"Power Bolt": 685.7917488595144,
	"Great Health Potion": 670.7653462554856,
	"Great Spirit Potion": 656.8441734501071,
	"Unholy Bone": 636.5772005898891,
	"Blank Rune": 491.5134749290627,
	"Golden Lotus Brooch": 488.18445007506136,
	"Assassin Star": 469.10588164582146,
	"Vampire Teeth": 442.6582763392247,
	"Peacock Feather Fan": 417.1359216255555,
	"Meat": 406.9538690749397,
	"Black Pearl": 404.8931576161753,
	"Ultimate Health Potion": 403.79191616604675,
	"Small Diamond": 401.01479874282535,
	"Lion's Mane": 354.7972356482701,
	"Strong Mana Potion": 346.2438896954038,
	"White Pearl": 314.5043063574392,
	"Small Enchanted Sapphire": 247.36661990680165,
	"Small Sapphire": 230.2057338666868,
	"Small Ruby": 227.74218884374636,
	"Strong Health Potion": 224.1891296454924,
	"Blood Preservation": 223.63873976029427,
	"Dark Armor": 222.3864647449196,
	"Small Enchanted Ruby": 213.44358645865313,
	"Crystal Sword": 195.2298156616523,
	"Cave Devourer Eyes": 179.84541774015457,
	"Tunnel Tyrant Shell": 179.58697183098593,
	"Cave Devourer Maw": 176.3121089436879,
	"Orichalcum Pearl": 154.05529841282188,
	"Plate Shield": 146.70778448579804,
	"Silver Brooch": 142.65648823176835,
	"Cave Devourer Legs": 140.979020979021,
	"Crystalline Arrow": 140.27235921972766,
	"Small Topaz": 131.66118494238347,
	"Tunnel Tyrant Head": 130.97394366197184,
	"Rapier": 126.00694571376349,
	"Mind Stone": 122.57522609862447,
	"Small Emerald": 122.47081091143039,
	"Jalapeno Pepper": 120.46835443037975,
	"Bolt": 117.14711662261976,
	"Leather Helmet": 110.48900712140153,
	"Saw": 109.71339347675226,
	"Slime Heart": 108.11924917188075,
	"Small Amethyst": 104.79845790057774,
	"Steel Boots": 104.67123452126835,
	"Moonlight Rod": 97.56161147638971,
	"Mace": 97.47347497798147,
	"Tooth File": 96.32006582330557,
	"Death Ring": 95.09816478059838,
	"Flash Arrow": 92.24938742172611,
	"Green Crystal Shard": 90.79353227253074,
	"Ankh": 90.14805337232681,
	"Lump of Dirt": 89.48133384018658,
	"Chain Armor": 85.07728872839864,
	"Terra Rod": 81.94122257819033,
	"Protection Amulet": 80.15687284345212,
	"Axe": 79.7548403844351,
	"Yellow Gem": 79.01765722516741,
	"Gold Ingot": 72.3588373533559,
	"Bone Sword": 71.97768612576571,
	"Vampire's Cape Chain": 70.38774040933868,
	"Cyan Crystal Fragment": 69.57494952671243,
	"Hellspawn Tail": 68.54194464158978,
	"Elven Astral Observer": 66.50989389159737,
	"Ivory Carving": 66.16478951594095,
	"Emerald Bangle": 63.58207512967407,
	"Red Piece of Cloth": 61.15784805338776,
	"Blue Crystal Shard": 60.06624953993375,
	"Serpent Sword": 58.32092391703706,
	"Brass Helmet": 57.58674765174267,
	"Violet Gem": 56.40471703422453,
	"Wand of Inferno": 55.93377362689625,
	"Violet Crystal Shard": 54.45740827783684,
	"Dream Essence Egg": 50.696807424768885,
	"Terra Boots": 50.21653346402941,
	"Essence of a Bad Dream": 49.61877362824629,
	"Leather Boots": 47.523226288274834,
	"War Hammer": 46.89305629017644,
	"Sniper Arrow": 46.232044695501756,
	"Tribal Mask": 45.65523859062878,
	"Minotaur Horn": 45.58710135266731,
	"Blue Gem": 43.86407333353408,
	"Cat's Paw": 43.23143650242887,
	"Necrotic Rod": 42.75414522584334,
	"Battle Shield": 42.633431484665664,
	"Silver Goblet": 42.1859649122807,
	"Twin Hooks": 40.9899925317401,
	"Slightly Rusted Legs": 40.61392405063291,
	"Mystic Turban": 38.138620948871555,
	"Sword": 37.80670598620891,
	"Morning Star": 37.64573195827009,
	"Wand of Cosmic Energy": 36.625830021282816,
	"Slightly Rusted Armor": 35.17867094990848,
	"Steel Helmet": 35.06422566336872,
	"Sudden Death Rune": 34.06977834065499,
	"Crystal Ring": 32.497422202928604,
	"Red Gem": 32.26773162177594,
	"Energy Ring": 31.64427987476384,
	"Stone Skin Amulet": 31.622291054182053,
	"Knight Armor": 30.647309536494404,
	"Lyre": 30.477602320335162,
	"Rusted Armor": 29.971784561869427,
	"Dark Shield": 29.789647902003065,
	"Steel Shield": 29.585833114797666,
	"Grave Flower": 29.23077576203549,
	"Heaven Blossom": 28.9529921942758,
	"Ruby Necklace": 27.737436487393346,
	"Moonlight Crystals": 27.11126666659617,
	"Scythe Leg": 27.049700969272017,
	"Red Mushroom": 26.979276082327893,
	"Silver Amulet": 26.92915574926157,
	"Energy Vein": 26.51619718309859,
	"Suspicious Device": 25.88115089136216,
	"Doublet": 24.531720856463124,
	"Mana Potion": 24.322738199309494,
	"Piece of Dead Brain": 24.202688249747073,
	"Lightning Headband": 22.746184955717556,
	"Rainbow Quartz": 22.33782712133228,
	"Bone": 22.008814441786544,
	"Katana": 21.825463447976492,
	"Ice Rapier": 21.760628763536243,
	"Obsidian Lance": 21.250149294735472,
	"Stealth Ring": 21.021067671777942,
	"Belted Cape": 20.9122454832234,
	"Mercenary Sword": 20.78917825207232,
	"Glorious Axe": 20.542823156225218,
	"Elvish Talisman": 20.154986990459673,
	"Broken Crossbow": 19.89598156806939,
	"Spiked Squelcher": 19.520711233333433,
	"Spirit Cloak": 19.346153846153847,
	"Velvet Tapestry": 19.196518828451882,
	"Seeds": 19.191110048675245,
	"Hibiscus Dress": 18.199297071129706,
	"Titan Axe": 17.892914033374893,
	"Jewelled Backpack": 17.80117973629424,
	"Onyx Chip": 17.516088557678728,
	"Two Handed Sword": 17.147398963987616,
	"Skull": 16.986705463602966,
	"Mysterious Fetish": 16.700388089438864,
	"Magma Amulet": 16.534210864074005,
	"Green Gem": 16.47218309859155,
	"Skeleton Decoration": 16.40221930367267,
	"Piece of Warrior Armor": 16.108381868827554,
	"Noble Axe": 16.10107761681903,
	"Butcher's Axe": 15.98473282442748,
	"Dragon Necklace": 15.966637988720008,
	"Piercing Bolt": 15.84807210137562,
	"Rare Earth": 15.543722943722944,
	"Scimitar": 15.476762552227553,
	"Wand of Draconia": 15.4731777434836,
	"Spike Sword": 15.315399201879263,
	"Skull Staff": 15.16666821531426,
	"Knife": 14.708918841410954,
	"Haunted Blade": 14.62083304807763,
	"Bonelord Eye": 14.356466762317389,
	"Brass Armor": 14.143235259760225,
	"Underworld Rod": 14.079679098305677,
	"Minotaur Leather": 14.068863836533943,
	"Focus Cape": 13.606557377049182,
	"Oriental Shoes": 13.30479011982004,
	"Knight Legs": 12.775327948765273,
	"Wand of Dragonbreath": 12.747862278077612,
	"Red Crystal Fragment": 12.746140503035559,
	"Coral Brooch": 12.166137985725616,
	"Torch": 11.759516466791206,
	"Coal": 11.623088023088023,
	"Leaf Star": 11.551951431049437,
	"Assassin Dagger": 10.95225755073139,
	"Vile Axe": 10.898681471200556,
	"Magma Legs": 10.798719181528142,
	"Beetroot": 10.618425266574086,
	"Piece of Archer Armor": 10.443518330283933,
	"Magma Coat": 10.270315745868134,
	"Blue Robe": 10.193848249970113,
	"White Piece of Cloth": 10.152807338503324,
	"Crystal Mace": 10.044014084507042,
	"Northwind Rod": 9.935842768385244,
	"Carrot": 9.933758427880408,
	"Glob of Acid Slime": 9.747186147186147,
	"Clerical Mace": 9.564486840765987,
	"Worm": 9.561356992719043,
	"Crown Helmet": 9.4154633522208,
	"Miraculum": 9.204786354298626,
	"Honeycomb": 9.06892313969744,
	"Platinum Amulet": 8.550212436802836,
	"White Silk Flower": 7.991941360190441,
	"Combat Knife": 7.8569150340708,
	"Stonerefiner's Skull": 7.822510822510822,
	"Poisonous Slime": 7.6049062049062055,
	"Lion Figurine": 7.595703957613143,
	"Ring of Blue Plasma": 7.499314438628529,
	"Book (Orange)": 7.267267411308095,
	"Spear": 7.073538777124772,
	"Crown Armor": 6.856686201385189,
	"Vampire Shield": 6.817168881152288,
	"Green Crystal Fragment": 6.436445108289769,
	"Magma Boots": 6.400821202705645,
	"Strange Helmet": 6.212147982462095,
	"Warwolf Fur": 6.084054926307766,
	"Crystalline Armor": 6.026408450704225,
	"Sun Fruit": 6.0057841025248,
	"Warrior Helmet": 5.972694030773511,
	"Halberd": 5.953503765309801,
	"Boots of Haste": 5.894542087717651,
	"Half-Digested Stones": 5.736507936507936,
	"Spider Fangs": 5.592528278608921,
	"Orc Leather": 5.529408742992526,
	"Spellbook": 5.405873031486261,