{
	"Platinum Coin": 6856.042007021127,
	"Gold Coin": 3470.765675307649,
	"Great Mana Potion": 783.2127529109963,
	"Opal": 750.7555863502513,
	"Small Emerald": 510.830127272937,
	"Cobra Crest": 472.29801881018295,
	"Fish": 465.34046654388834,
	"Great Spirit Potion": 397.8961651165754,
	"Dark Mushroom": 396.70927438731377,
	"Knife": 392.32580787959273,
	"Protection Amulet": 366.0287293768966,
	"Meat": 297.22837695322426,
	"Skull": 285.1827172681983,
	"Scimitar": 284.8339742120748,
	"Green Mushroom": 274.29662809546846,
	"Dagger": 246.9005712885459,
	"Earth Arrow": 213.1454010746331,
	"Bone": 169.86381492691007,
	"Worm": 159.5820633863097,
	"Terra Amulet": 159.1923113887554,
	"Bone Sword": 150.57253174135855,
	"Terra Rod": 149.67573372980956,
	"Dragon Ham": 148.21577842104165,
	"Cheesy Figurine": 143.6087052030665,
	"Gold Ingot": 141.53723073558675,
	"Garlic Necklace": 141.49876026776184,
	"Torch": 138.3671323631784,
	"Green Crystal Shard": 138.01566680139348,
	"Heavy Machete": 134.13899955732626,
	"Bat Wing": 129.18481499279193,
	"Life Crystal": 126.05076405213423,
	"Cheese": 124.49461695686185,
	"Ham": 108.31961605764519,
	"Spear": 107.35767703947694,
	"Stone Skin Amulet": 103.2391190483664,
	"Rat Cheese": 101.15174209345184,
	"Brown Bread": 90.97342444950645,
	"Strong Health Potion": 88.92656746135683,
	"Machete": 86.3424805032538,
	"Terra Boots": 85.87331426034628,
	"Soft Cheese": 83.30343749517951,
	"Green Crystal Fragment": 77.51592754802218,
	"Mouldy Cheese": 76.91460640501344,
	"Red Gem": 76.56109813604684,
	"Leather Boots": 76.45000903274655,
	"Carlin Sword": 75.31474103585657,
	"Sabre": 73.59064242492,
	"Poison Arrow": 72.8636543136022,
	"Rare Earth": 64.56623376623376,
	"Strong Mana Potion": 64.50726984009403,
	"Terra Hood": 63.86228450151269,
	"Wyrm Scale": 62.15741702829901,
	"Snakebite Rod": 58.16020119133343,
	"Wand of Voodoo": 57.761122567777136,
	"Wand of Cosmic Energy": 54.15515450766285,
	"Cyan Crystal Fragment": 51.43841562669561,
	"Great Health Potion": 50.9128224847743,
	"Earflap": 50.44538750396305,
	"Sacred Tree Amulet": 49.27536231884058,
	"Coal": 48.40556761220399,
	"Bola": 48.24382439244587,
	"Cheese Cutter": 45.64048933587911,
	"Lump of Dirt": 44.27845513801698,
	"Glob of Acid Slime": 40.48831168831169,
	"Poisonous Slime": 39.371842005381836,
	"Glacier Amulet": 37.964199261052364,
	"Green Gem": 35.01225553799335,
	"Blue Ectoplasm": 34.49254682125111,
	"Soul Orb": 33.96547144754316,
	"Burst Arrow": 33.04186712898909,
	"Stonerefiner's Skull": 32.493506493506494,
	"Magic Light Wand": 31.968946963260123,
	"Giant Shimmering Pearl (Brown)": 31.420510037981554,
	"Girlish Hair Decoration": 30.621342020417714,
	"Dragon Necklace": 30.12498407440438,
	"Yellow Gem": 29.566601091318184,
	"Red Crystal Fragment": 29.345002356714016,
	"Mace": 28.981524857234845,
	"Plate Armor": 27.497850326845853,
	"Crossbow": 25.42412550658557,
	"Platinum Amulet": 24.989661200419285,
	"Scarab Coin": 24.357035269335572,
	"Half-Digested Stones": 23.828571428571426,
	"Swamp Grass": 23.330612998522895,
	"Orb": 23.293667983182573,
	"Silver Amulet": 21.80956457211468,
	"Gemmed Figurine": 20.588035811177427,
	"Violet Crystal Shard": 20.227034129650583,
	"Scarab Pincers": 19.04730604521462,
	"Medicine Pouch": 18.278212703101918,
	"Small Amethyst": 18.026131486768186,
	"Violet Gem": 17.73913043478261,
	"Bony Tail": 16.916264167184735,
	"Sword": 16.886915479070694,
	"Hailstorm Rod": 16.486034318668096,
	"Protective Charm": 16.37789181380112,
	"Emerald Bangle": 15.755708277983786,
	"Wood": 15.54907680945347,
	"Rotten Piece of Cloth": 15.457541078505589,
	"Chain Armor": 14.676004284295027,
	"Lancer Beetle Shell": 14.01355586327527,
	"Spider Silk": 13.684308852843214,
	"Piece of Scarab Shell": 12.972981405216522,
	"Orc Leather": 12.778856307715161,
	"Pelvis Bone": 11.897495264154914,
	"Hexagonal Ruby": 11.75882277997197,
	"Serpent Sword": 11.724380009000296,
	"Plate Shield": 11.551425213267564,
	"Viking Helmet": 10.35727039304386,
	"Glacial Rod": 10.07899095426169,
	"Scarab Amulet": 9.71350795073532,
	"Flask of Embalming Fluid": 9.438763830599008,
	"Broken Helmet": 9.151892153834446,
	"Elven Amulet": 8.959103070454836,
	"Bone Club": 8.931996813340975,
	"Voluminous Piece of Cloth": 8.59397206567018,
	"Heavy Old Tome": 8.584457215984731,
	"Ludicrous Piece of Cloth": 8.392550845381033,
	"Troll Green": 8.17341211225997,
	"White Mushroom": 8.134465090192478,
	"Ominous Piece of Cloth": 8.123989218328841,
	"Luminous Piece of Cloth": 8.090419014947317,
	"Gauze Bandage": 7.80880389164441,
	"Obvious Piece of Cloth": 7.754716981132075,
	"Hatchet": 7.36827809314486,
	"Dubious Piece of Cloth": 7.083312913501592,
	"Shockwave Amulet": 6.844121194816386,
	"Life Preserver": 6.787219980925769,
	"Ratana": 6.701064235490746,
	"Ancient Amulet": 6.596354944726621,
	"Piece of Crocodile Leather": 6.516760990771703,
	"Small Stone": 6.114241560543189,
	"Ghoul Snack": 5.395645010464444,
	"Frazzle Tongue": 5.363661658319421,
	"Tarantula Egg": 5.282366830036132,
	"Ring of Red Plasma": 5.256038647342995,
	"Focus Cape": 5.185855967711435,
	"Throwing Star": 5.167328961878876,
	"Carrion Worm Fang": 4.5949464946901575,
	"Frazzle Skin": 4.58124652198108,
	"Brown Crystal Splinter": 4.406232609905398,
	"Morning Star": 4.354652126464432,
	"Axe": 4.327771176988552,
	"Wand of Draconia": 4.197940223702708,
	"Orcish Gear": 4.119123952257715,
	"Shadow Herb": 4.082855321861058,
	"Onyx Chip": 4.0542593597395555,
	"Corncob": 3.9948743386243386,
	"Terra Mantle": 3.9712137486573575,
	"Small Diamond": 3.8972327169834395,
	"Strange Talisman": 3.8836322014498283,
	"Centipede Leg": 3.8668301344381497,
	"Bone Shield": 3.7980267909948187,
	"Broken Shamanic Staff": 3.768518518518518,
	"Spike Shield": 3.712493716291619,
	"Orc Tooth": 3.67758529321822,
	"Studded Armor": 3.5415325179306922,
	"Fishbone": 3.500278241513634,
	"Silencer Claws": 3.493506493506494,
	"Stone Wing": 3.3601182099634115,
	"Leather Harness": 3.297480174754059,
	"Hardened Bone": 3.285620535525032,
	"Brass Helmet": 3.2758708821386238,
	"Fish Tail": 3.129660545353367,
	"Lightning Pendant": 3.100895422040218,
	"Short Sword": 3.0732704178927537,
	"Silver Brooch": 3.0621423120946205,
	"Halberd": 3.0451528971494146,
	"Bolt": 3.0259814899225113,
	"Mind Stone": 2.990967534745809,
	"Cape": 2.9498410067833047,
	"Piece of Iron": 2.944351697273233,
	"Crystal Rubbish": 2.903171953255426,
	"Health Potion": 2.803540671270271,
	"Remains of a Fish": 2.789927657206455,
	"Potato": 2.7779341401632425,
	"Shamanic Hood": 2.77744708994709,
	"Spider Fangs": 2.773292171868318,
	"Hunting Spear": 2.7595366287689895,
	"Banana Skin": 2.6663884251530328,
	"Springsprout Rod": 2.6606241421665424,
	"Longsword": 2.5914327006920193,
	"Studded Shield": 2.555782776641672,
	"Battle Axe": 2.4941769003745433,
	"Swampling Moss": 2.393928158600685,
	"Dead Snake": 2.3585166735851666,
	"Warwolf Fur": 2.352968604550206,
	"Studded Helmet": 2.340879876265877,
	"Mana Potion": 2.266858375891586,
	"Wolf Tooth Chain": 2.2148468774577093,
	"Throwing Knife": 2.1566727935716394,
	"Wand of Starstorm": 2.0816445226137006,
	"Demonic Skeletal Hand": 2.0357804133513486,
	"Brass Legs": 1.992345169431328,
	"Combat Knife": 1.9700446144040789,
	"Silencer Resonating Chamber": 1.9675324675324675,
	"Battle Shield": 1.961213208747477,
	"Leather Armor": 1.9193244058727876,
	"Honeycomb": 1.8810738882189963,
	"Two Handed Sword": 1.8429069384298364,
	"Piece of Swampling Wood": 1.7919783647030598,
	"Vampire Teeth": 1.7191294257492995,
	"Book of Necromantic Rituals": 1.712096332785988,
	"Fish Fin": 1.7089593767390094,
	"Assassin Star": 1.694805194805195,
	"Black Pearl": 1.6867296018122964,
	"Strange Symbol": 1.6798318257102816,
	"Orcish Axe": 1.6367568608040477,
	"Rope": 1.6084953576579408,
	"Brown Mushroom": 1.577077855878092,
	"Scale Armor": 1.5229282972900084,
	"Skull Belt": 1.4740468871782808,
	"Carrot": 1.4285453242339137,
	"Crystal Ring": 1.424534880548275,
	"Studded Legs": 1.3968795709410045,