{
	"Platinum Coin": 9953.849792128909,
	"Gold Coin": 3736.724572546032,
	"Lost Soul (Item)": 1371.573965165097,
	"Great Mana Potion": 1003.7649206834474,
	"Dark Mushroom": 476.044193048191,
	"Rare Earth": 453.95642135642134,
	"Green Mushroom": 356.5333518224672,
	"Coal": 339.5547570148998,
	"Great Health Potion": 325.54534886194926,
	"Ham": 313.93835094849317,
	"Meat": 297.78546452783013,
	"Glob of Acid Slime": 284.6678210678211,
	"Stonerefiner's Skull": 228.45743145743145,
	"Wand of Cosmic Energy": 222.65178200996394,
	"Poisonous Slime": 222.1022607022607,
	"Terra Amulet": 191.72140381020094,
	"Death Toll": 180.11259146666123,
	"Poison Arrow": 178.93682720654235,
	"Half-Digested Stones": 167.53544973544973,
	"Garlic Necklace": 158.58866489691755,
	"Springsprout Rod": 154.34844589057016,
	"Bat Wing": 151.59442575684767,
	"Piece of Crocodile Leather": 123.80717574420233,
	"Ensouled Essence": 120.8213679771611,
	"Terra Rod": 119.65840333326115,
	"Rat Cheese": 118.44723424723425,
	"Hailstorm Rod": 113.93874051926552,
	"Bone": 95.58142701950891,
	"Flask of Demonic Blood": 89.84825812485387,
	"Necklace of the Deep": 67.75168499467897,
	"Wand of Starstorm": 64.22778194947286,
	"Rope Belt": 62.836518668703086,
	"Werehyaena Nose": 59.95454545454545,
	"Axe": 59.341092708914914,
	"Cursed Bone": 58.64632848527847,
	"Fairy Wings": 58.38856492079499,
	"Knife": 55.151515151515156,
	"Red Crystal Fragment": 54.92213228947923,
	"Silver Amulet": 53.87722612589685,
	"Banana": 53.81445230913,
	"Cultish Robe": 52.75639148126424,
	"Skull Staff": 51.49854087496237,
	"Terra Boots": 50.47344543270169,
	"Machete": 48.099424255556244,
	"Fish": 48.026844443694344,
	"Small Sapphire": 46.84128867740485,
	"Halberd": 44.74313188540717,
	"Red Gem": 44.14147427172986,
	"Dragon Ham": 43.12084786500008,
	"Ultimate Health Potion": 37.871600128313545,
	"Glacial Rod": 37.40049663001064,
	"Worm": 36.510841712997845,
	"Skull": 32.62849909635715,
	"Spider Silk": 32.424158476903365,
	"Tarantula Egg": 31.295531785497083,
	"Yellow Gem": 31.286142428999575,
	"Assassin Star": 31.17420349731677,
	"Frazzle Tongue": 30.803261151452283,
	"Rotten Piece of Cloth": 30.326223449258585,
	"Snake Skin": 29.789229702065747,
	"Brown Crystal Splinter": 29.68908038476794,
	"Battle Stone": 29.651968571551244,
	"Demonic Essence": 29.284311433247602,
	"Small Diamond": 28.40087388165778,
	"Small Stone": 28.026914306953657,
	"Frazzle Skin": 26.907028008298756,
	"White Mushroom": 26.40402415001616,
	"Remains of a Fish": 25.918049792531118,
	"Small Amethyst": 25.544746795733964,
	"Torch": 25.423303951933093,
	"Scythe": 24.882861819032033,
	"Combat Knife": 22.482758477978365,
	"Life Preserver": 21.21212121212121,
	"Double Axe": 20.793594010410967,
	"Plate Shield": 20.237234012949568,
	"Small Enchanted Amethyst": 19.768445709149933,
	"Cyclops Toe": 19.041303823464368,
	"Crab Pincers": 18.787043418332185,
	"Mercenary Sword": 18.758487353929745,
	"Short Sword": 18.747639350404015,
	"Morning Star": 16.986398496717744,
	"Fire Axe": 16.815761777997896,
	"Bolt": 16.55392309602793,
	"Orange": 16.493475784512864,
	"Ivory Comb": 16.308116139416825,
	"Spider Fangs": 15.573553054001298,
	"Big Bone": 15.2613062163412,
	"Life Ring": 14.200999637648405,
	"Wand of Voodoo": 13.999964420270938,
	"Haunted Blade": 13.816264476478882,
	"Green Crystal Fragment": 13.786655658502278,
	"Magic Light Wand": 13.665031803808075,
	"Strong Health Potion": 13.578351070695753,
	"Two Handed Sword": 13.444959690607483,
	"Pelvis Bone": 13.397179541149232,
	"Fish Fin": 13.248897821576763,
	"Mystical Hourglass": 13.0869768529343,
	"Piece of Iron": 12.916396524896266,
	"Ratana": 12.727272727272728,
	"Viking Helmet": 12.510871249750698,
	"Terramite Legs": 12.429887569574934,
	"Power Bolt": 12.300218894610678,
	"Green Crystal Splinter": 12.29639097336548,
	"Chicken Feather": 12.031213290820608,
	"Energy Ring": 11.861922665648494,
	"Strand of Medusa Hair": 11.523025032696236,
	"Small Enchanted Ruby": 11.239874738428249,
	"Warrior's Axe": 10.660558410202439,
	"Small Enchanted Emerald": 10.637172011661807,
	"Ghoul Snack": 10.58574163957786,
	"Terra Mantle": 10.451483130093417,
	"Golden Idol of Tukh": 10.328922777902369,
	"Heavy Old Tome": 10.10841284587491,
	"Strong Mana Potion": 9.952280464686197,
	"Brass Legs": 9.7876581338795,
	"Mace": 9.60239295181645,
	"Bone Sword": 9.324841749905186,
	"Steel Shield": 9.24345823602797,
	"Plate Armor": 9.17707151745513,
	"Book of Necromantic Rituals": 9.064039408866995,
	"Dark Armor": 8.66233546600999,
	"Hatchet": 8.419707049532878,
	"Battle Shield": 7.854042046064953,
	"Wyrm Scale": 7.788399242100117,
	"Pirate Voodoo Doll": 7.776643503276847,
	"Dark Shield": 7.510218888371991,
	"Iron Ore": 7.466409915331099,
	"Sniper Arrow": 7.428890144724329,
	"Lump of Earth": 7.424907076525375,
	"Crossbow": 7.2732518562971595,
	"Beetroot": 7.078950177716058,
	"Blank Rune": 6.956569165244258,
	"Slightly Rusted Armor": 6.8715324836245495,
	"Burst Arrow": 6.546906690376938,
	"Wand of Draconia": 6.518008163872083,
	"Sword Ring": 6.333333333333333,
	"Terramite Shell": 6.187475845893469,
	"Kongra's Shoulderpad": 6.177419128087613,
	"Silencer Claws": 6.16101476869243,
	"Small Emerald": 6.092886940622863,
	"Golden Mug": 5.898590691457865,
	"Arrow": 5.6839766230623905,
	"Wand of Inferno": 5.521890256613609,
	"Book (Orange)": 5.519653849076506,
	"Carniphila Seeds": 5.284819245688953,
	"Crystal Necklace": 5.065231108248383,
	"Twiceslicer": 4.949544976165418,
	"Doublet": 4.798770816812054,
	"Protection Amulet": 4.687704139675537,
	"Chain Armor": 4.658251749911573,
	"Battle Hammer": 4.631813232465715,
	"Soldier Helmet": 4.615014169920133,
	"Cheese": 4.605415574153227,
	"Lump of Dirt": 4.601792551929789,
	"Sword": 4.5265844697795865,
	"Banana Sash": 4.5032088501029,
	"Red Ectoplasm": 4.4595200717649695,
	"Centipede Leg": 4.375623573180012,
	"Clerical Mace": 4.31401362145803,
	"Leather Boots": 4.203554633360115,
	"Steel Helmet": 4.154461333525341,
	"Terramite Eggs": 4.144893544245881,
	"Mana Potion": 4.067052096960207,
	"Shovel": 3.939298354357027,
	"Longsword": 3.799555813748292,
	"Battle Axe": 3.785750418594225,
	"Health Potion": 3.750060060924425,
	"Warwolf Fur": 3.715743148629726,
	"Medusa Shield": 3.689807189380676,
	"Scroll": 3.60810629445712,
	"Orichalcum Pearl": 3.3451017068038347,
	"Black Shield": 3.2609504072837656,
	"Dragon Necklace": 3.1527269123922856,
	"Piece of Dead Brain": 3.1327070385893916,
	"Scarf": 3.116079203981655,
	"Dragon's Tail": 3.0947276677859046,
	"Scale Armor": 3.002311964509956,
	"Nightmare Blade": 2.9577312929963124,
	"Underworld Rod": 2.9211799753385823,
	"Prismatic Quartz": 2.804440457501682,
	"Magma Coat": 2.7584660237721463,
	"Brown Mushroom": 2.7104828600477053,
	"Knight Armor": 2.626296467299808,
	"Werehyaena Talisman": 2.5454545454545454,
	"Shadow Herb": 2.4153393746153657,
	"Small Flask of Eyedrops": 2.4145131386643675,
	"Crystalline Arrow": 2.329775994236573,
	"Wereboar Hooves": 2.317625736293611,
	"Onyx Chip": 2.302568495394079,
	"Wereboar Tusks": 2.2768463978251017,
	"Bonelord Eye": 2.222639751881791,
	"Stealth Ring": 2.105370783987729,
	"Spellbook": 2.0902045465475405,
	"Earth Arrow": 2.0794475658167215,
	"Pile of Grave Earth": 2.063944427127399,
	"Brown Piece of Cloth": 2.0547713407846104,
	"Leather Legs": 2.0041442488163934,
	"Perfect Behemoth Fang": 1.985015671289339,
	"Honeycomb": 1.9785915580684665,
	"Snakebite Rod": 1.9661968971526214,
	"Giant Sword": 1.9212571379502812,
	"Winged Tail": 1.875293958414401,
	"Time Ring": 1.8331250620377237,
	"Life Crystal": 1.8278855477519582,
	"Werebadger Claws": 1.7904846995756085,
	"Cherry": 1.7755688295107384,
	"Terra Legs": 1.7749185768320426,
	"Bow": 1.7620557093993652,
	"Music Sheet (Third Verse)": 1.7619047619047619,
	"Pick": 1.740249862209749,
	"Piercing Bolt": 1.73861425046178,
	"Ape Fur": 1.7336557245429742,
	"Wolf Paw": 1.7270111316232204,
	"Troll Green": 1.7102701366285633,
	"Drill Bolt": 1.703834510595358,
	"Tower Shield": 1.700221631955606,