{
	"Platinum Coin": 1747.9054787372563,
	"Gold Coin": 1537.498672342721,
	"Ham": 226.53808114907181,
	"Elven Astral Observer": 185.8101519931173,
	"Meat": 136.61279220258422,
	"Dream Essence Egg": 127.53987991210732,
	"Dragon Ham": 94.17687235454416,
	"Great Health Potion": 69.87114748256374,
	"Cowbell": 69.61257710504731,
	"Heaven Blossom": 68.93078924544666,
	"Great Spirit Potion": 66.2303202000987,
	"Belted Cape": 58.46420101098963,
	"Leaf Star": 56.917533439511345,
	"Plate Shield": 56.61724848050596,
	"Strong Health Potion": 56.39479284013771,
	"Cultish Robe": 54.52123416177416,
	"Seeds": 53.48508455510171,
	"Minotaur Horn": 52.09170463015669,
	"Elvish Talisman": 47.9846487424111,
	"Shimmering Beetles": 47.38548114543084,
	"Violet Crystal Shard": 46.96845319220489,
	"Two Handed Sword": 45.77406005547978,
	"Magma Amulet": 45.64027075079355,
	"Dragon Necklace": 44.67769484956958,
	"Minotaur Leather": 43.53377732970283,
	"Scimitar": 42.692617158068025,
	"Knife": 41.59409406146848,
	"Small Enchanted Ruby": 40.96810713398661,
	"Wand of Draconia": 40.69116332450011,
	"Dandelion Seeds": 39.87759360203192,
	"Ultimate Health Potion": 39.295339162111304,
	"Bronze Amulet": 35.94826182480719,
	"Mino Shield": 34.9197925185751,
	"Wand of Dragonbreath": 34.4494404603306,
	"Red Crystal Fragment": 31.537654047076384,
	"Green Crystal Splinter": 28.404394469798856,
	"Small Emerald": 27.206060580781266,
	"Essence of a Bad Dream": 27.01751389906329,
	"Goat Grass": 26.812544051389573,
	"Fresh Fruit": 26.72156982774538,
	"Small Enchanted Sapphire": 23.797834776608063,
	"Fairy Wings": 22.933841218925423,
	"Small Sapphire": 20.838728492187812,
	"Miraculum": 20.321070234113712,
	"Spider Fangs": 19.7612769731008,
	"Small Stone": 19.342934316489835,
	"Small Topaz": 19.20659045419306,
	"Ring of Blue Plasma": 18.815394661178964,
	"Small Amethyst": 18.265007914408095,
	"Halberd": 18.263847919295166,
	"Magma Boots": 17.889978670249743,
	"Small Ruby": 17.482289375377032,
	"Panpipes": 17.140107953785076,
	"Great Mana Potion": 16.605492001827564,
	"Wood Cape": 15.520981963814819,
	"Ring of Healing": 15.144199058970267,
	"Sun Fruit": 14.923590127030467,
	"Cookie": 14.642106929059656,
	"Rainbow Quartz": 14.284734419006188,
	"Silver Amulet": 13.098078071133827,
	"Wand of Cosmic Energy": 12.87361905348202,
	"Brown Crystal Splinter": 12.724782067247821,
	"Striped Fur": 12.639314044668208,
	"Energy Ring": 11.721328789441896,
	"Grapes": 11.68771021992238,
	"Worm": 11.644170781720744,
	"Hellspawn Tail": 11.448119233498934,
	"Wild Flowers": 11.1325639160105,
	"Banana": 10.576923076923077,
	"Royal Spear": 10.285272220844028,
	"Terra Boots": 9.832308827145317,
	"Cave Turnip": 9.775862068965518,
	"Green Mushroom": 9.764040676446237,
	"Sword Ring": 9.69473832808469,
	"Strong Mana Potion": 9.306020559304057,
	"Purple Robe": 9.099571645614207,
	"Life Ring": 8.96500356626094,
	"Mind Stone": 8.773869346733669,
	"Chain Armor": 8.560316902495686,
	"Yellow Gem": 8.511539207146166,
	"Onyx Chip": 8.346478813343182,
	"Opal": 8.22469792873293,
	"Steel Shield": 8.04762765710153,
	"Prismatic Quartz": 7.470729751403368,
	"Chain Helmet": 7.339500286744445,
	"Morning Star": 7.174682146533122,
	"Assassin Star": 6.96768510365174,
	"Snakebite Rod": 6.846083943303162,
	"Sabretooth": 6.834893882646691,
	"Terra Hood": 6.822402689917236,
	"Moonlight Rod": 6.819091608929946,
	"Book (Gemmed)": 6.73314793960148,
	"Holy Orchid": 6.6862876254180605,
	"Gold-Brocaded Cloth": 6.666684587428227,
	"Small Diamond": 6.614753408488351,
	"Gold Ingot": 6.568649352399876,
	"Colourful Snail Shell": 6.522992095421481,
	"Wand of Inferno": 6.3959534524944335,
	"Mutated Flesh": 6.383692205948144,
	"War Hammer": 6.2465753424657535,
	"Collar of Blue Plasma": 6.092367736339982,
	"Battle Shield": 6.008691081950285,
	"Rotten Feather": 5.919485602460162,
	"Knight Axe": 5.854186360820415,
	"Demonic Essence": 5.7794180269694815,
	"Dark Mushroom": 5.6658887428861116,
	"Elven Amulet": 5.619864026012415,
	"Lamp": 5.526041677255057,
	"Crossbow": 5.510540573844323,
	"Underworld Rod": 5.421251051638282,
	"Fire Axe": 5.411586945128729,
	"Dragon's Tail": 5.331611436836532,
	"Axe Ring": 5.163477784139647,
	"Battle Axe": 4.933590118660826,
	"Power Bolt": 4.850451609937717,
	"Power Ring": 4.8055571977534735,
	"Mino Lance": 4.551118506193381,
	"Red Mushroom": 4.506174591909155,
	"Beastslayer Axe": 4.505258734047188,
	"Burst Arrow": 4.308804917736395,
	"Carrot": 4.265430954587581,
	"Envenomed Arrow": 4.199065716556633,
	"Magma Coat": 4.064214046822743,
	"Red Piece of Cloth": 4.05345598546132,
	"Death Ring": 3.9339048182086906,
	"Bone": 3.8371877091331106,
	"Dark Shield": 3.8357511679370546,
	"Sacred Tree Amulet": 3.690954874876284,
	"Orb": 3.5554241797221398,
	"Kongra's Shoulderpad": 3.5256410256410255,
	"Crystal Ring": 3.525163384697641,
	"Taurus Mace": 3.5196273510698837,
	"Giant Shimmering Pearl (Green)": 3.3245454032240054,
	"Scale Armor": 3.2562429040732024,
	"Fishbone": 3.2214117601291554,
	"Platinum Amulet": 3.1932049330575154,
	"Crystal Crossbow": 3.191240242844753,
	"Tiger Eye": 3.1730769230769234,
	"Warrior's Shield": 3.106958446029014,
	"Small Enchanted Emerald": 3.055331530895536,
	"Obsidian Lance": 3.015373214959852,
	"Cheese": 2.9256498653454073,
	"Black Shield": 2.9042132330332002,
	"Sword": 2.895455133528564,
	"Wood Mushroom": 2.8604651162790695,
	"Sickle": 2.8384558642734206,
	"Dead Snake": 2.8302200083022,
	"Strange Talisman": 2.7587934025875427,
	"Collar of Red Plasma": 2.718179130948862,
	"Spider Silk": 2.4887969258054983,
	"Leaf Legs": 2.281875362448142,
	"Warrior Helmet": 2.278961055137309,
	"Golden Mug": 2.2772632207947416,
	"Sabre": 2.276912812547237,
	"Short Sword": 2.2619332219043957,
	"Piece of Crocodile Leather": 2.205363544503988,
	"Longsword": 2.2026710985697386,
	"Brown Flask": 2.1691952906906176,
	"Torch": 2.076512092974935,
	"White Mushroom": 2.0517644129391686,
	"Bloody Pincers": 2.0457339562330956,
	"Garlic Necklace": 2.03003251551877,
	"Wooden Spellbook": 1.9749279179723571,
	"Bullseye Potion": 1.9652996845425867,
	"Necklace of the Deep": 1.949748743718593,
	"Glob of Acid Slime": 1.913930875132377,
	"Glob of Mercury": 1.8858954041204437,
	"Steel Helmet": 1.885314617026042,
	"Warrior's Axe": 1.853946397836243,
	"Titan Axe": 1.8529163480614803,
	"Stone Skin Amulet": 1.8235885308897426,
	"Knight Legs": 1.7603974449964515,
	"Terra Amulet": 1.7569818801468264,
	"Broken Iks Spear": 1.7551020408163265,
	"Rusted Armor": 1.63860894251242,
	"Wand of Defiance": 1.5598721416277355,
	"Red Dragon Scale": 1.4541150513663212,
	"Red Gem": 1.3422451232498478,
	"Axe": 1.3421932025861842,
	"Magma Legs": 1.3244735796080298,
	"Spear": 1.3212388987986547,
	"Strange Symbol": 1.296009459060006,
	"Plate Legs": 1.2950578708294587,
	"Leather Legs": 1.2322909066693173,
	"Widow's Mandibles": 1.200590696529658,
	"Sling Herb": 1.196880512708938,
	"Health Potion": 1.1951745284486703,
	"Poison Arrow": 1.194794137322873,
	"Ancient Coin": 1.191860465116279,
	"Glob of Tar": 1.1286946943271525,
	"Broadsword": 1.0814587836718739,
	"Soul Orb": 1.078172086498518,
	"Orc Leather": 1.0679906494635545,
	"Emerald Bangle": 1.0594452789997757,
	"Broken Helmet": 1.0498595141847984,
	"Broken Iks Sandals": 1.0410958904109588,
	"Fish": 1.018189291663413,
	"Mace": 0.9806042992389377,
	"Magma Monocle": 0.9338120507672558,
	"Minotaur Trophy": 0.9246060956859709,
	"Small Enchanted Amethyst": 0.8443023691208296,
	"Honeycomb": 0.8114319275024653,
	"Book of Necromantic Rituals": 0.8056923918992884,
	"Carrion Worm Fang": 0.7991211295113317,
	"Magic Light Wand": 0.7970927726946603,
	"Star Herb": 0.7929559748427673,
	"Collar of Green Plasma": 0.7684303872302689,
	"Bolt": 0.7564953724806278,
	"Red Dragon Leather": 0.7534186757371699,
	"Goanna Meat": 0.7335616452922364,
	"Onyx Arrow": 0.7321346697320357,
	"Flask of Demonic Blood": 0.7266248924929353,
	"Fern": 0.7257341655371424,
	"Golden Sickle": 0.7151162790697674,
	"Voluminous Piece of Cloth": 0.7109368618802581,