{
	"Platinum Coin": 22843.59881572766,
	"Gold Coin": 18577.987584504204,
	"Great Health Potion": 4135.4739343756755,
	"Flask of Demonic Blood": 3248.40040345537,
	"Soul Orb": 2472.423371603229,
	"Great Mana Potion": 1811.8945340668283,
	"Demonic Essence": 1798.4639279419837,
	"Golden Lotus Brooch": 1488.9214147066675,
	"Meat": 1350.8814887278554,
	"Ham": 1326.4204438654394,
	"Peacock Feather Fan": 1273.9661352601645,
	"Axe": 1078.9060903854138,
	"Werehyaena Nose": 850.3506493506494,
	"Small Diamond": 813.2354107512508,
	"Assassin Star": 783.5058288743203,
	"Knife": 760.5585113895755,
	"Red Crystal Fragment": 663.0082897079363,
	"Halberd": 583.710187596313,
	"White Pearl": 526.0238285300161,
	"Small Ruby": 504.760527602623,
	"Small Emerald": 488.2425931044111,
	"Power Bolt": 458.3034450939891,
	"Yellow Gem": 457.38189202228284,
	"Red Gem": 451.34624544793814,
	"Dragon Ham": 450.35061816731127,
	"Small Sapphire": 447.32011502208616,
	"Small Topaz": 418.98865625076377,
	"Unholy Bone": 417.5604299568188,
	"Black Pearl": 407.8583017255577,
	"Pirate Coin": 402.6340200358882,
	"Ultimate Health Potion": 397.63059468883426,
	"Ice Rapier": 392.87151471677504,
	"Dark Armor": 384.0263385625229,
	"Small Amethyst": 363.20338401648723,
	"Blue Glass Plate": 349.6367638965327,
	"Combat Knife": 307.76815018067464,
	"Pirat's Tail": 297.83779473871067,
	"Life Preserver": 291.51580585253583,
	"Silver Brooch": 289.5945839974779,
	"Great Spirit Potion": 288.71402210089366,
	"Blank Rune": 274.4907402788907,
	"Small Enchanted Amethyst": 268.6873377543653,
	"Hellspawn Tail": 254.64726756564937,
	"Strong Health Potion": 236.44103247337395,
	"Brown Crystal Splinter": 233.73793830149765,
	"Fish": 221.99106122249466,
	"Crystal Sword": 216.20488925638153,
	"Cyan Crystal Fragment": 199.74401134904068,
	"Green Crystal Fragment": 193.5129392046347,
	"Strong Mana Potion": 192.90049603307037,
	"Green Glass Plate": 189.85373509102322,
	"Ratana": 174.92029819737334,
	"Morning Star": 172.15085166952449,
	"Wyrm Scale": 172.0936678687122,
	"Green Crystal Splinter": 170.83333333333331,
	"Blue Crystal Splinter": 163.70621468926552,
	"Mouldy Powder": 159.34850164580482,
	"Wand of Inferno": 148.2729643980462,
	"Tribal Mask": 145.21066640215577,
	"Wand of Starstorm": 139.08195538400096,
	"Lion's Mane": 136.61543695218305,
	"Battle Shield": 132.2277865837245,
	"Necrotic Rod": 124.2745228519006,
	"Small Enchanted Emerald": 122.36666666666666,
	"Shark Fins": 120.11161833328285,
	"Bone": 117.98139357654095,
	"Protection Amulet": 113.29492290574095,
	"Red Piece of Cloth": 113.015305868437,
	"Mystic Turban": 108.93535890437703,
	"Red Mushroom": 100.23349893541518,
	"Orichalcum Pearl": 98.49365280884061,
	"Sword Ring": 97.61904761904762,
	"Burst Arrow": 94.98309059644448,
	"Terra Boots": 93.91036764504136,
	"Sword": 90.86817549503455,
	"Focus Cape": 90.38682410217059,
	"Doublet": 87.24760443670979,
	"Hailstorm Rod": 86.90912379321813,
	"Knight Axe": 85.5381331581972,
	"Crowbar": 84.0883342911091,
	"Fire Sword": 83.51085310449268,
	"Guardian Shield": 83.02491910968014,
	"Wand of Voodoo": 80.0788929816551,
	"Plate Shield": 79.94732561182173,
	"Mind Stone": 79.34282584784948,
	"Grappling Hook": 76.68362068965517,
	"Blue Robe": 74.69921586667411,
	"Crossbow": 74.0802526556958,
	"Death Ring": 73.7117818233484,
	"Warrior Helmet": 73.32284787463962,
	"Knight Armor": 73.12647681796074,
	"Saw": 72.51353226925747,
	"Silver Amulet": 72.43431925400958,
	"Onyx Chip": 70.80938338203131,
	"Plate Legs": 68.38804425318241,
	"Steel Boots": 68.34929430827135,
	"Worm": 62.750208288830315,
	"Gold Ingot": 58.700796058731,
	"Rare Earth": 55.7979797979798,
	"Green Crystal Shard": 55.680118883332014,
	"Cheese": 55.227866299506275,
	"Blue Gem": 53.00800379161179,
	"Carrion Worm Fang": 52.84188468893681,
	"Rainbow Quartz": 50.700991600345084,
	"Black Shield": 48.86715118925747,
	"Rapier": 48.2873332114787,
	"Mysterious Fetish": 47.6372030466251,
	"Essence of a Bad Dream": 47.46757881275397,
	"Bloody Pincers": 47.402733964248156,
	"Knight Legs": 46.494724537806,
	"Ruby Necklace": 45.35548483364176,
	"Leather Helmet": 43.541992490687505,
	"Chain Armor": 43.005810060856966,
	"Coal": 42.92926032373483,
	"Slightly Rusted Armor": 41.720746045770426,
	"Northwind Rod": 41.672667757774136,
	"Oriental Shoes": 39.95023417259266,
	"Two Handed Sword": 38.146045955909464,
	"Rusted Armor": 38.04385967300056,
	"Magma Boots": 37.235163691579615,
	"Small Enchanted Sapphire": 36.844353931090225,
	"Underworld Rod": 36.71616447259672,
	"Twin Hooks": 36.68556067121585,
	"Talon": 36.41868216878776,
	"Springsprout Rod": 36.02586206896552,
	"Glob of Acid Slime": 34.98989898989899,
	"Werehyaena Talisman": 34.97902097902098,
	"Giant Shimmering Pearl (Brown)": 34.96367638965328,
	"Ankh": 34.693152327828884,
	"Violet Gem": 34.46851373143531,
	"Green Gem": 33.16520176672317,
	"Scorpion Tail": 32.582050222912244,
	"Glorious Axe": 32.512567119857096,
	"Glacier Amulet": 31.831763967357187,
	"Small Treasure Chest": 31.04492680464412,
	"Scythe Leg": 29.96790896088625,
	"Terra Amulet": 29.558066541117388,
	"Cat's Paw": 28.573213046495493,
	"Stonerefiner's Skull": 28.08080808080808,
	"Battle Hammer": 27.984768806562695,
	"Lightning Pendant": 27.911798821650848,
	"Dirty Cape": 27.553622529241682,
	"Emerald Bangle": 27.49477898645696,
	"Crystal Ring": 27.365664238153876,
	"Silver Goblet": 27.364912280701756,
	"Poisonous Slime": 27.2996632996633,
	"Skull": 27.224869261255865,
	"Undead Heart": 26.94218415417559,
	"Ivory Carving": 25.467870928119154,
	"Magma Coat": 24.16915512567619,
	"Serpent Sword": 24.01514102308429,
	"Assassin Dagger": 23.559633016076212,
	"Ring of Blue Plasma": 22.803817603393426,
	"Small Enchanted Ruby": 22.634996573493947,
	"Torch": 22.56527316492459,
	"Sudden Death Rune": 22.168753329781566,
	"Tortoise Egg": 22.023671267650325,
	"Scroll": 21.858663631876194,
	"Mouldy Cheese": 21.805567871481088,
	"Prismatic Quartz": 21.60012554927809,
	"Leather Boots": 20.799768405982157,
	"Zaoan Halberd": 20.7558886509636,
	"Half-Digested Stones": 20.59259259259259,
	"Stone Skin Amulet": 20.50950841472181,
	"Spellbook": 19.18607400845071,
	"War Hammer": 19.078055809008948,
	"Beetroot": 18.505258399199004,
	"Fur Armor": 18.173855005058115,
	"Spiked Squelcher": 17.50855092159066,
	"Wood Cape": 16.92470837751856,
	"Brass Legs": 16.707753647718896,
	"Lightning Boots": 16.696698718165855,
	"Steel Shield": 16.66426849770857,
	"Spellbook of Mind Control": 16.053060901743653,
	"Turtle Shell": 16.04036173250833,
	"Melon": 15.485258474116414,
	"Steel Helmet": 15.477064626646992,
	"Rat Cheese": 15.149428985262873,
	"Arrow": 14.152687790057648,
	"Mercenary Sword": 13.854382873180603,
	"Ultimate Mana Potion": 13.522174535050071,
	"Bony Tail": 13.234489024915115,
	"Berserk Potion": 12.607998422993393,
	"Bread": 12.406425754290487,
	"Skullcracker Armor": 12.261425046250416,
	"Werehyaena Trophy": 12.202380952380953,
	"Jewelled Backpack": 11.76796464399302,
	"Wand of Draconia": 11.622730884420267,
	"Moonlight Crystals": 11.433735110198796,
	"Brown Flask": 11.2682466537623,
	"Energy Ring": 11.213928334643208,
	"Dark Shield": 11.105471847739889,
	"Poison Arrow": 11.012144831461166,
	"Rotten Piece of Cloth": 10.893886093422987,
	"Skeleton Decoration": 10.738462262068866,
	"Plate Armor": 10.584792692841088,
	"Butcher's Axe": 10.564885496183205,
	"Skull Staff": 10.458515875802451,
	"Mace": 10.390213070214404,
	"Sabre": 10.218037261555407,
	"Violet Glass Plate": 9.72818311874106,
	"Ghastly Dragon Head": 9.571734475374733,
	"Piece of Iron": 9.055545759125375,
	"Elvish Talisman": 8.735474571668918,
	"Pelvis Bone": 8.698168806567038,
	"Lightning Headband": 8.521294096143302,
	"Titan Axe": 7.845497353387641,
	"Viking Helmet": 7.545406944230292,
	"Spirit Cloak": 7.480769230769231,
	"Terra Legs": 7.376699046971353,
	"Vile Axe": 7.203331020124914,
	"Health Potion": 7.114502805643542,
	"Bone Club": 6.600707761465258,
	"Terra Rod": 6.506790775279539,
	"Platinum Amulet": 5.895789507352129,