{
	"Gold Coin": 3882.019448942596,
	"Platinum Coin": 2732.0008673507746,
	"Meat": 551.5056789084289,
	"Great Spirit Potion": 462.28219451805813,
	"Great Health Potion": 394.41555691410997,
	"Dagger": 332.8542687708741,
	"Skull": 314.4412837672183,
	"Ham": 210.6493010433029,
	"White Mushroom": 171.14858106454028,
	"Spear": 140.38230304267205,
	"Cheese": 132.63254438149417,
	"Axe": 118.13522261310204,
	"Great Mana Potion": 110.15798644306065,
	"Brown Bread": 107.21867881548975,
	"Protection Amulet": 106.73250918803186,
	"Werehyaena Nose": 103.64502164502164,
	"Fish": 102.95542120267369,
	"Knife": 96.81818181818183,
	"Life Crystal": 95.78528264421965,
	"Bone": 89.40821075147822,
	"Dragon Ham": 88.11896781805898,
	"Arrow": 87.02182500274674,
	"Leather Boots": 86.42277614535547,
	"Sabre": 84.25899772209567,
	"Small Stone": 82.4436637187683,
	"Halberd": 74.7388129697128,
	"Red Crystal Fragment": 72.15128167987685,
	"Strong Health Potion": 64.4517337949575,
	"Stampor Talons": 63.466412599292894,
	"Worm": 59.66373547249686,
	"Strong Mana Potion": 57.2936152437335,
	"Small Topaz": 53.86600237361096,
	"Bolt": 52.57642838740363,
	"Leather Helmet": 50.34405858487863,
	"Wand of Voodoo": 50.08198846411568,
	"Wand of Cosmic Energy": 49.48716595048089,
	"Girlish Hair Decoration": 48.667858738250104,
	"Red Gem": 46.783747351970945,
	"Piece of Crocodile Leather": 46.52995345993129,
	"Small Axe": 45.27556811918432,
	"Short Sword": 43.550355344407286,
	"Yellow Gem": 42.08787929366991,
	"Grapes": 41.031352085189425,
	"Fairy Wings": 40.261875764718994,
	"Combat Knife": 39.279334226757605,
	"Life Preserver": 37.46988774897171,
	"Crystal Sword": 35.341627931711244,
	"Ice Rapier": 35.25589353434682,
	"Poison Arrow": 34.913240846803276,
	"Chain Armor": 34.43663641498212,
	"Small Enchanted Amethyst": 34.25874125874126,
	"Plum": 32.872219885702975,
	"Stampor Horn": 32.34032783874375,
	"Pirate Coin": 32.025695802415854,
	"Stone Skin Amulet": 30.838228213400875,
	"Lion's Mane": 30.67673341903176,
	"Two Handed Sword": 29.40177027164513,
	"Glacier Amulet": 28.527137214931837,
	"Small Amethyst": 28.34646560195485,
	"Longsword": 27.865919859319305,
	"Protective Charm": 25.96738140271173,
	"Blue Ectoplasm": 25.918460950439545,
	"Hand Axe": 25.866580310880828,
	"Studded Helmet": 24.66836545360085,
	"Hatchet": 24.41320333001267,
	"Green Crystal Fragment": 24.328807115214882,
	"Rare Earth": 24.311976911976913,
	"Dragon Necklace": 23.78995797970744,
	"Blank Rune": 23.673786062793937,
	"Scroll": 23.465181058495823,
	"Elven Scouting Glass": 23.223452547622077,
	"Bone Club": 23.139760876964466,
	"Elvish Talisman": 22.80318177323915,
	"Ratana": 22.58607126859006,
	"Leather Armor": 22.263105864492644,
	"Pirat's Tail": 22.195072987212846,
	"Platinum Amulet": 21.723959951745115,
	"Studded Armor": 21.318627105797823,
	"Frazzle Tongue": 20.96495720954357,
	"Orb": 20.802223403332643,
	"Plate Shield": 20.369224683393302,
	"Hailstorm Rod": 20.27103880482283,
	"Spider Fangs": 20.264134172431667,
	"Poisonous Slime": 20.055159650522647,
	"Hollow Stampor Hoof": 19.783277469121632,
	"Sword Ring": 19.436285066790536,
	"Hunting Spear": 19.27999516390563,
	"Rope Belt": 18.96839364420409,
	"Rope": 18.69852522862931,
	"Coal": 18.525474444076345,
	"Soul Orb": 18.419633887355257,
	"Dark Armor": 18.347541633624108,
	"Green Crystal Splinter": 18.333333333333332,
	"Frazzle Skin": 18.31314834024896,
	"Torch": 17.921686534909394,
	"Remains of a Fish": 17.640041493775932,
	"Mouldy Cheese": 17.223079414934574,
	"Melon": 16.793871866295266,
	"Brown Crystal Splinter": 16.559206100022426,
	"Soldier Helmet": 16.44838383638201,
	"Crossbow": 16.392820765631065,
	"Red Apple": 16.259561891515993,
	"Glob of Acid Slime": 15.245598845598845,
	"Terra Rod": 15.217044471276322,
	"Lump of Dirt": 15.196346221784003,
	"Small Enchanted Emerald": 14.107513035326171,
	"Shovel": 14.02008864765212,
	"Swampling Moss": 13.964580925170662,
	"Knight Armor": 13.625986687131624,
	"Elven Amulet": 13.528547309543749,
	"Silver Brooch": 13.495065747072715,
	"Crab Pincers": 13.19090282563749,
	"Knight Axe": 13.126180116574995,
	"Terra Boots": 13.018277716525159,
	"Steel Shield": 12.978548402635989,
	"Essence of a Bad Dream": 12.908069760567543,
	"Crowbar": 12.903702487480503,
	"Small Diamond": 12.869827601721086,
	"Silver Amulet": 12.380007279153562,
	"Mace": 12.375729086366066,
	"Stonerefiner's Skull": 12.235209235209235,
	"Cultish Robe": 11.971949937102448,
	"Wand of Starstorm": 11.876095059248689,
	"Scale Armor": 11.528320550410154,
	"Burst Arrow": 11.389857861559229,
	"Lancer Beetle Shell": 11.063333576269951,
	"Hexagonal Ruby": 11.02556796415285,
	"Shark Fins": 10.856908299811181,
	"Bread": 10.713091922005571,
	"Twin Hooks": 10.495395307556073,
	"Piece of Swampling Wood": 10.453207127434515,
	"Mind Stone": 10.356599323582852,
	"War Hammer": 10.310793395018477,
	"Purple Robe": 10.236759949374209,
	"Doublet": 9.881131754843095,
	"Rapier": 9.657466642295741,
	"Big Bone": 9.464114367219917,
	"Rat Cheese": 9.321992338670537,
	"Bow": 9.269865512706293,
	"Small Sapphire": 9.223023320719427,
	"Fish Fin": 9.017310684647303,
	"Half-Digested Stones": 8.972486772486771,
	"Piece of Iron": 8.791007520746888,
	"Dragon's Tail": 8.589818426014412,
	"Emerald Bangle": 8.558552130653185,
	"Springsprout Rod": 8.502792861163318,
	"Honeycomb": 8.450426032682682,
	"Pelvis Bone": 8.409920486806204,
	"Wyrm Scale": 8.387506876107818,
	"Pick": 8.324392102869226,
	"Copper Shield": 8.278022275219433,
	"Energy Ring": 8.146003185525036,
	"Battle Shield": 8.036899053369792,
	"Slime Heart": 7.962278308321964,
	"Leather Legs": 7.961497799523025,
	"Royal Spear": 7.95340699205696,
	"Rotten Piece of Cloth": 7.9495925546600175,
	"Garlic Necklace": 7.8730318472161525,
	"Wooden Shield": 7.787220722172156,
	"Snakebite Rod": 7.624019125298833,
	"Glacial Rod": 7.573576251751815,
	"Studded Club": 7.552085433355561,
	"Serpent Sword": 7.5248825381511235,
	"Cookie": 7.460051148676111,
	"Marsh Stalker Feather": 7.432839607979955,
	"Assassin Star": 7.414718703824864,
	"Small Enchanted Sapphire": 7.345258541904336,
	"Ankh": 7.284699684164591,
	"Steel Helmet": 7.272311734246074,
	"Broken Halberd": 7.019164974810136,
	"Black Pearl": 6.906595021578481,
	"Poisoned Fang": 6.832401091405184,
	"Small Emerald": 6.815521450922334,
	"Viking Helmet": 6.567050843265026,
	"Small Enchanted Ruby": 6.560029992529914,
	"Letter": 6.5260492218425,
	"Sword": 6.410365018716323,
	"Heavy Old Tome": 6.282678422425876,
	"Focus Cape": 6.184030639538529,
	"Minotaur Leather": 6.125088571269751,
	"Wand of Inferno": 6.03447279395449,
	"Iron Ore": 6.01193213452397,
	"Elven Astral Observer": 6.008356545961003,
	"Underworld Rod": 5.986093362741308,
	"High Guard Shoulderplates": 5.66882533679981,
	"Life Ring": 5.620909874127303,
	"Green Tunic": 5.618384401114206,
	"Mouldy Powder": 5.5005302226935315,
	"Ring of Blue Plasma": 5.39252016638199,
	"Morning Star": 5.372898410112944,
	"Piercing Bolt": 5.327612517093086,
	"Ivory Carving": 5.261615422737233,
	"Marsh Stalker Beak": 5.2507215579307935,
	"Black Shield": 5.24175160335023,
	"Health Potion": 5.213577974828395,
	"Swampling Club": 5.19530653638961,
	"Axe Ring": 5.194132298129143,
	"Minotaur Horn": 5.118038577751341,
	"Tainted Glooth Capsule": 5.05853310065285,
	"Battle Hammer": 5.055185815615236,
	"Shockwave Amulet": 4.927812277967839,
	"Magma Boots": 4.912866737363026,
	"Spiked Iron Ball": 4.879319309855826,
	"Glooth Bag": 4.672485404370187,
	"Bunch of Ripe Rice": 4.6057271770506425,
	"Green Ectoplasm": 4.54715637399532,
	"Power Ring": 4.510468078813381,
	"Small Ruby": 4.500468502463171,
	"Werehyaena Talisman": 4.468531468531468,
	"Dwarven Shield": 4.222973106878852,
	"Heaven Blossom": 4.211908486311687,
	"Carrot": 4.135048329246793,
	"Silencer Claws": 4.068594658570473,
	"Grappling Hook": 4.007586206896551,
	"Sling Herb": 3.895321420719929,
	"Coral Brooch": 3.7929587961744375,
	"Magma Amulet": 3.77771208986107,
	"Cherry": 3.6715152067849166,
	"Death Ring": 3.650014779781259,