{
	"Platinum Coin": 5706.758936320069,
	"Gold Coin": 3754.794726908159,
	"Ham": 1211.3712762420962,
	"Great Spirit Potion": 928.3287184974907,
	"Meat": 679.6934272468903,
	"Great Health Potion": 510.49320653394454,
	"Lion's Mane": 494.9402173962528,
	"Great Mana Potion": 402.11991678519377,
	"Small Diamond": 384.87011862720686,
	"Crystal Sword": 337.6964930469634,
	"Dark Armor": 313.5399997635604,
	"Pirate Coin": 298.72177819341863,
	"Soul Orb": 271.8772007634037,
	"Red Crystal Fragment": 268.0990741362852,
	"Red Gem": 250.00648890836067,
	"Pirat's Tail": 220.75896609722548,
	"Ice Rapier": 208.8450362609917,
	"Brown Crystal Splinter": 190.06196957866666,
	"Axe": 188.99245400136365,
	"Small Sapphire": 183.77686561857277,
	"Rapier": 179.23798208736977,
	"Cheese": 166.19672910635882,
	"Leather Helmet": 161.8102819420458,
	"Cyan Crystal Fragment": 160.73976654242188,
	"Small Enchanted Ruby": 156.7846122327669,
	"Yellow Gem": 148.911229109589,
	"Small Enchanted Sapphire": 136.1362171604245,
	"Terra Boots": 134.52864176843195,
	"Ankh": 128.51177257949075,
	"Plate Shield": 127.3877134180815,
	"Black Pearl": 118.13545849363788,
	"Mouldy Powder": 116.54200803711612,
	"Wand of Inferno": 98.0995329039829,
	"Ivory Carving": 92.27444911392794,
	"Shark Fins": 88.31859300743153,
	"Onyx Chip": 86.18573443015674,
	"Mace": 84.10162654928926,
	"Serpent Sword": 83.89011769351694,
	"Chain Armor": 83.30662269946113,
	"Golden Idol of Tukh": 82.53061224489795,
	"Halberd": 81.11493113419182,
	"Werehyaena Nose": 80.76406926406926,
	"Silver Brooch": 78.75837672628047,
	"Knight Axe": 75.55588633230593,
	"Knife": 73.56147234908218,
	"Leather Boots": 68.18753933463744,
	"War Hammer": 64.45177219587703,
	"Crowbar": 62.61390690419506,
	"Fire Sword": 60.29076224129228,
	"Twin Hooks": 59.00104871723195,
	"Grappling Hook": 58.41827586206897,
	"Worm": 56.43941332178373,
	"Fish": 54.03982972012744,
	"Small Emerald": 53.12769136915593,
	"Green Crystal Shard": 52.088156372882636,
	"Steel Helmet": 49.949692686019226,
	"Brass Helmet": 49.82734290125927,
	"White Pearl": 49.487786289491,
	"Wand of Draconia": 47.87755102040816,
	"Dark Shield": 47.08192455201699,
	"Wand of Starstorm": 44.70713093603314,
	"Doublet": 41.076688267628334,
	"Knight Armor": 40.25439785285535,
	"Sword": 38.4809528761038,
	"Combat Knife": 38.28613463353237,
	"Moonlight Crystals": 37.97110484745797,
	"Red Ectoplasm": 35.63265306122449,
	"Small Enchanted Emerald": 33.54110109159943,
	"Rainbow Quartz": 32.18873362298166,
	"Vampire Teeth": 31.972187874743266,
	"Lightning Headband": 31.630232133065256,
	"Ultimate Health Potion": 31.604180140338997,
	"Springsprout Rod": 29.83206497441942,
	"Glorious Axe": 29.502733457953063,
	"Essence of a Bad Dream": 28.777248083952355,
	"Magma Boots": 28.22127960410039,
	"Wand of Voodoo": 28.11549509006727,
	"Green Crystal Fragment": 27.43185286177911,
	"Small Amethyst": 27.348693342700646,
	"Life Preserver": 26.98135198135198,
	"Focus Cape": 26.720474071219932,
	"Spirit Cloak": 26.423076923076923,
	"Small Enchanted Amethyst": 25.36546280419204,
	"Acorn": 25.353421520620532,
	"Bolt": 25.210519210437113,
	"Strong Mana Potion": 24.958611131557298,
	"Bloody Pincers": 24.92851661587443,
	"Tainted Glooth Capsule": 23.60626031262171,
	"Prismatic Quartz": 23.32742928785665,
	"Titan Axe": 22.42819810422113,
	"Small Treasure Chest": 22.412922766279657,
	"Magma Coat": 22.040816326530614,
	"Spiked Squelcher": 21.780677378860567,
	"Glooth Bag": 21.77335936205557,
	"Blue Glass Plate": 20.566868464501926,
	"Strong Health Potion": 17.87460697415029,
	"Minotaur Horn": 17.751752928602734,
	"Ring of Blue Plasma": 17.64139835016055,
	"Green Crystal Splinter": 17.603986772000734,
	"Coral Brooch": 17.283376467168274,
	"Blood Preservation": 16.42024657029641,
	"Ratana": 16.18881118881119,
	"Beetroot": 15.93096267394898,
	"Terra Hood": 15.226863521815886,
	"Magma Legs": 14.532809358435388,
	"Torch": 13.686713107669334,
	"Hexagonal Ruby": 13.534292811374016,
	"Crown Helmet": 13.392981173460063,
	"Wood Cape": 12.827854365500176,
	"Lightning Boots": 12.32532816665205,
	"Noble Axe": 11.985725614591594,
	"Sword Ring": 11.318230216464572,
	"White Silk Flower": 11.096981256951256,
	"Black Shield": 11.03819369335041,
	"Mino Shield": 10.841160560609787,
	"Lion Figurine": 10.589838121297344,
	"Wand of Cosmic Energy": 10.496748931426092,
	"Leather Legs": 10.365351900987896,
	"Bone": 10.171073377163637,
	"Small Ruby": 9.953013924667802,
	"Beastslayer Axe": 9.951126981999941,
	"Two Handed Sword": 9.722119495246343,
	"Dirty Cape": 9.115579302587177,
	"White Mushroom": 9.06542749769562,
	"Glooth Capsule": 9.039087385493037,
	"Morning Star": 7.830727485833014,
	"Moonlight Rod": 7.608153018529587,
	"Small Topaz": 7.573073066234037,
	"Hailstorm Rod": 7.5661339504760825,
	"Glooth Steak": 7.503010329128679,
	"Green Glass Plate": 7.443188951663528,
	"Glooth Sandwich": 7.381210417045779,
	"Protection Amulet": 7.336104911990375,
	"Brass Legs": 7.243515597616544,
	"Minotaur Leather": 7.179994215250335,
	"Blue Crystal Splinter": 6.765635590625393,
	"Dragon Ham": 6.5044825737594065,
	"Tooth File": 6.417772292502314,
	"Warrior's Shield": 6.363289894270961,
	"Spear": 6.290519944427247,
	"Sickle": 5.813375952790755,
	"Terra Rod": 5.667784597631532,
	"Obsidian Lance": 5.52532579296779,
	"Hydra Head": 5.485078238425553,
	"Grave Flower": 5.214775107556189,
	"Glob of Glooth": 5.171109004858985,
	"Brown Mushroom": 4.9458822654111065,
	"Hatchet": 4.923052736011699,
	"Cookie": 4.886613046639631,
	"Fox Paw": 4.807237534188933,
	"Boggy Dreads": 4.73812053174079,
	"Piercing Bolt": 4.693314770263125,
	"Vampire's Cape Chain": 4.6899105214439984,
	"Emerald Bangle": 4.66730697916462,
	"Werebadger Claws": 4.625418807236989,
	"Assassin Star": 4.422814627144052,
	"Werebadger Skull": 4.324212642394461,
	"Mana Potion": 4.235444123724768,
	"Short Sword": 4.217930572137066,
	"Troll Green": 4.082211997777162,
	"Arrow": 4.050734444653984,
	"Warwolf Fur": 3.9139161165566447,
	"Glooth Axe": 3.869034882296028,
	"Dagger": 3.854335926246039,
	"Glooth Club": 3.852017420395337,
	"Warrior's Axe": 3.7970248340299975,
	"Glooth Blade": 3.7730254094380173,
	"Skull": 3.7136280022412835,
	"Wereboar Hooves": 3.7082011780697774,
	"Roll": 3.652352025548578,
	"Wereboar Tusks": 3.642954236520163,
	"Ultimate Mana Potion": 3.5793991416309012,
	"Glooth Spear": 3.4849192308294614,
	"Honeycomb": 3.3860232807808512,
	"Rusted Armor": 3.2962714397985167,
	"Guardian Shield": 3.2568873278633355,
	"Werehyaena Talisman": 3.237762237762238,
	"Wand of Defiance": 3.194738136218343,
	"Glooth Amulet": 3.1921530917761056,
	"Rotten Piece of Cloth": 2.9442935387629694,
	"Broken Crossbow": 2.907874229179373,
	"Piece of Warrior Armor": 2.8835992234320926,
	"Brass Armor": 2.8571756860437376,
	"Green Gem": 2.846669525552817,
	"Fir Cone": 2.8391586940198916,
	"Small Stone": 2.837829350807204,
	"Spider Fangs": 2.789047721609682,
	"Heavily Rusted Armor": 2.6875368395984176,
	"Cucumber": 2.6665591224391028,
	"Nail": 2.605861324738212,
	"Bread": 2.588602832935327,
	"Violet Glass Plate": 2.575107296137339,
	"Flask of Demonic Blood": 2.5431871237252732,
	"Giant Shimmering Pearl (Green)": 2.505750317979124,
	"Warrior Helmet": 2.449914921579296,
	"Brass Shield": 2.3709260571413067,
	"Werefox Tail": 2.36734693877551,
	"Battle Shield": 2.3018602904523005,
	"Dowser": 2.276355691006664,
	"Werebear Fur": 2.257160647571607,
	"Terra Legs": 2.216155643120609,
	"Onyx Arrow": 2.194263446660842,
	"Hand Axe": 2.139341228719467,
	"Talon": 2.1261849444859386,
	"Werebear Skull": 2.1170610211706102,
	"Banana": 2.1153846153846154,
	"Violet Gem": 2.074126217726715,
	"Giant Shimmering Pearl (Brown)": 2.0566868464501926,
	"Badger Fur": 2.021106491845219,
	"Rubber Cap": 2.020439718671364,
	"Pelvis Bone": 1.9775064319520248,
	"Life Crystal": 1.967104427302778,
	"Terra Mantle": 1.9445176839294085,
	"Venison": 1.9250949882395514,
	"Shovel": 1.9107311820940325,
	"Health Potion": 1.8963510301108386,
	"Blue Robe": 1.8814395395927632,