{
	"Gold Coin": 2425.834515591669,
	"Platinum Coin": 1896.507559643393,
	"Opal": 610.8700399689487,
	"Small Emerald": 433.43740192550075,
	"Cobra Crest": 381.53189172705606,
	"Knife": 321.7636122177955,
	"Meat": 307.6239761554951,
	"Bone": 257.64907767276327,
	"Scimitar": 233.23498925232516,
	"Protection Amulet": 193.1792828685259,
	"Earth Arrow": 169.8244766505636,
	"Worm": 127.42060499876602,
	"Bone Sword": 123.70438527848773,
	"Terra Rod": 116.57677699403148,
	"Gold Ingot": 114.53920843687261,
	"Green Crystal Shard": 112.76246383227155,
	"Cheesy Figurine": 111.06661805194165,
	"Heavy Machete": 110.0132802124834,
	"Machete": 70.44887118193891,
	"Skull": 64.65689369636614,
	"Green Crystal Fragment": 62.6331361117296,
	"Carlin Sword": 61.76892430278885,
	"Red Gem": 60.51276090270868,
	"Magic Light Wand": 56.623273453000145,
	"Plate Shield": 55.02636820002496,
	"Rotten Piece of Cloth": 53.438927728547895,
	"Terra Boots": 53.194941643930164,
	"Stone Skin Amulet": 51.708534621578096,
	"Terra Hood": 50.923554536906906,
	"Plate Armor": 49.950148872424876,
	"Snakebite Rod": 45.32718393922952,
	"Mace": 44.241626492774984,
	"Scarab Coin": 42.91571350176121,
	"Ham": 41.52752484294983,
	"Cyan Crystal Fragment": 40.09332609875204,
	"Sacred Tree Amulet": 39.371980676328505,
	"Strong Health Potion": 38.59157190408049,
	"Torch": 35.96352300261495,
	"Scarab Pincers": 33.86983368190419,
	"Bony Tail": 30.747797809765192,
	"Small Amethyst": 30.3523043776327,
	"Soul Orb": 27.856573705179283,
	"Green Gem": 27.695211808094868,
	"Cultish Robe": 27.248628959296745,
	"Beetroot": 25.448313079629038,
	"Chain Armor": 24.734202946188987,
	"Giant Shimmering Pearl (Brown)": 24.49050461204558,
	"Great Health Potion": 24.27513662506561,
	"Yellow Gem": 23.6231884057971,
	"Rare Earth": 23.514862914862913,
	"Red Crystal Fragment": 22.981241725881308,
	"Cheese": 21.60418508220508,
	"Fish": 21.497634307156183,
	"Piece of Scarab Shell": 21.269655559715464,
	"Brass Helmet": 19.930879941800104,
	"Ghoul Snack": 18.653515607605645,
	"Great Mana Potion": 18.421673189220773,
	"Sword": 18.190828283342558,
	"Pelvis Bone": 17.932790845133717,
	"Coal": 17.61326717418999,
	"Scarab Amulet": 17.272516017660923,
	"Flask of Embalming Fluid": 16.336322014498283,
	"Viking Helmet": 16.304732165375814,
	"Poison Arrow": 16.129720853858785,
	"Gemmed Figurine": 16.047205642973413,
	"Violet Crystal Shard": 15.500419853309504,
	"Bone Club": 15.335478934532066,
	"Glob of Acid Slime": 14.745743145743145,
	"Violet Gem": 14.173913043478262,
	"Gauze Bandage": 13.515237504769171,
	"Rat Cheese": 13.318743982182289,
	"Orc Leather": 13.290231911479157,
	"Book of Necromantic Rituals": 12.505551017203974,
	"Emerald Bangle": 12.24525230602279,
	"Stonerefiner's Skull": 11.834054834054834,
	"Ancient Amulet": 11.729608604720646,
	"Poisonous Slime": 11.504858104858105,
	"Ice Rapier": 11.392824891224036,
	"Heavy Old Tome": 11.30622379793271,
	"Small Topaz": 11.245714285714286,
	"Orcish Axe": 10.631015919409702,
	"Pirate Coin": 10.501849885996071,
	"Red Mushroom": 10.221732893857245,
	"Axe": 9.99345599082213,
	"Brown Mushroom": 9.905782143258495,
	"Serpent Sword": 9.134563212154097,
	"Hatchet": 8.984636000519078,
	"Bug Meat": 8.878039059386209,
	"Small Ruby": 8.793828201848864,
	"Half-Digested Stones": 8.678306878306877,
	"Lump of Dirt": 7.903078513096811,
	"Orcish Gear": 7.51494619370267,
	"Crystal Sword": 7.354404400295542,
	"Pirat's Tail": 7.319971301769949,
	"Small Stone": 7.25809175344779,
	"Strong Mana Potion": 7.054341325550855,
	"Soft Cheese": 7.049052003005674,
	"Bone Shield": 6.778952007336636,
	"Strange Talisman": 6.721671117893934,
	"Damselfly Wing": 6.5009828699803425,
	"Badger Fur": 6.36648544931244,
	"Insectoid Eggs": 6.284153949689882,
	"Shadow Herb": 6.266173143314898,
	"Rope": 6.057236519367722,
	"Green Mushroom": 6.01402842714675,
	"Stone Wing": 5.760202645651562,
	"White Mushroom": 5.656740178954379,
	"Arrow": 5.585724012802336,
	"Damselfly Eye": 5.492839090143218,
	"Halberd": 5.34475886807493,
	"Springsprout Rod": 5.33451275059612,
	"Morning Star": 5.332027112618615,
	"Silver Brooch": 5.29986169400992,
	"Minotaur Horn": 5.208852425314227,
	"Black Pearl": 4.853452389494418,
	"Potato": 4.762172811708416,
	"Health Potion": 4.6215806755050295,
	"Skull Belt": 4.550589917769038,
	"Thick Fur": 4.285844938682187,
	"Knight Axe": 4.262375831212545,
	"Earflap": 4.250479327482237,
	"Orc Tooth": 4.238020520855629,
	"Bola": 4.2210879750275385,
	"Ring of Red Plasma": 4.199677938808374,
	"Cheese Cutter": 4.190322832192848,
	"Crowbar": 4.1901321730564,
	"Mammoth Tusk": 4.171773020162128,
	"Voluminous Piece of Cloth": 4.161071632769746,
	"Ludicrous Piece of Cloth": 4.063546516376705,
	"Warrior Helmet": 4.021451555237754,
	"Ominous Piece of Cloth": 3.933513027852651,
	"Luminous Piece of Cloth": 3.9172588417871435,
	"Hardened Bone": 3.916466567228358,
	"Cape": 3.8757461113798057,
	"Obvious Piece of Cloth": 3.7547169811320753,
	"Scale Armor": 3.6854432916239928,
	"Pile of Grave Earth": 3.636950616734203,
	"Brown Piece of Cloth": 3.62078639177094,
	"Shark Fins": 3.5254905180198666,
	"Dubious Piece of Cloth": 3.4296332598219386,
	"Marsh Stalker Feather": 3.1978495987820734,
	"Silky Fur": 3.1962353959324967,
	"Acorn": 3.178205948193156,
	"Onyx Chip": 3.1600651112316873,
	"Sword Ring": 3.148373257061137,
	"Winter Wolf Fur": 3.1,
	"Combat Knife": 3.021221946845291,
	"Scorpion Tail": 2.8838150042018604,
	"Battle Axe": 2.8248306098047027,
	"Horoscope": 2.7846070377152508,
	"Longsword": 2.763646167020838,
	"Shamanic Hood": 2.6703513620213184,
	"Knight Armor": 2.6441178885149004,
	"Frazzle Tongue": 2.6093489148580966,
	"Minotaur Leather": 2.491764440425445,
	"Mana Potion": 2.4343623171669466,
	"Scarab Shield": 2.4181522424725292,
	"Berserk Potion": 2.4143558143236583,
	"Carrot": 2.3776578114700886,
	"Marsh Stalker Beak": 2.2590313679469696,
	"Frazzle Skin": 2.2287145242070117,
	"Swampling Moss": 2.194434145383961,
	"Brown Crystal Splinter": 2.1435726210350583,
	"Green Piece of Cloth": 2.032767469403869,
	"Crystal Ring": 2.019505913773369,
	"Incantation Notes": 1.9129675650464413,
	"Tarantula Egg": 1.8936786749186134,
	"Half-Digested Piece of Meat": 1.8265493184128445,
	"Mysterious Fetish": 1.798400979297991,
	"Focus Cape": 1.7844183564567768,
	"Small Diamond": 1.7752547599596593,
	"Wand of Inferno": 1.7144827586206897,
	"Fishbone": 1.7028380634390652,
	"Grappling Hook": 1.6955172413793103,
	"Broken Shamanic Staff": 1.665219107777339,
	"Mouldy Powder": 1.6542948038176033,
	"Piece of Swampling Wood": 1.6426468343111382,
	"Plate Legs": 1.6138720057204148,
	"Brass Shield": 1.6010664421525294,
	"Fish Tail": 1.5225375626043407,
	"Silencer Claws": 1.4972170686456403,
	"Dragon Ham": 1.4851926394479587,
	"Magma Boots": 1.4775539059738425,
	"Brass Legs": 1.4738921726227183,
	"Piece of Iron": 1.4323873121869783,
	"Crystal Rubbish": 1.4123539232053424,
	"Mammoth Whopper": 1.3665350239035543,
	"Remains of a Fish": 1.357262103505843,
	"Daramian Waraxe": 1.3503967068353087,
	"Carrion Worm Fang": 1.2985718354559141,
	"Banana Skin": 1.2971619365609348,
	"Daramian Mace": 1.2845376263571697,
	"Might Ring": 1.281929061297363,
	"Yellow Piece of Cloth": 1.278018885921404,
	"Throwing Star": 1.170246989283022,
	"Two Handed Sword": 1.1284586379373112,
	"Battle Shield": 1.1132634996848374,
	"Necromantic Robe": 1.1067323481116584,
	"Sling Herb": 1.0811746047003412,
	"Wand of Starstorm": 1.0355172413793103,
	"Iron Helmet": 1.0264548454285665,
	"Pieces of Magic Chalk": 0.9917751947678224,
	"Goat Grass": 0.9646753496419475,
	"Demonic Skeletal Hand": 0.9580143121653405,
	"Strawberry": 0.94230227976358,
	"Spider Fangs": 0.9406202909086117,
	"Ring of Blue Plasma": 0.9049133969600566,
	"White Piece of Cloth": 0.8745287913274273,
	"Silencer Resonating Chamber": 0.8432282003710575,
	"Fish Fin": 0.8313856427378965,
	"Swampling Club": 0.8164053128612244,
	"Ghostly Tissue": 0.7935715079267626,
	"Dark Rosary": 0.782428990243668,
	"Honeycomb": 0.7660880382693509,