{
	"Gold Coin": 7225.1810820182545,
	"Platinum Coin": 7058.942094023272,
	"Ham": 1414.4324975607908,
	"Great Mana Potion": 710.7839606294448,
	"Great Health Potion": 674.9933181700067,
	"Opal": 644.6578516850473,
	"Small Emerald": 578.0912374602374,
	"Cowbell": 478.21581845243816,
	"Meat": 456.0931637870342,
	"Cobra Crest": 384.26037084528906,
	"Cultish Robe": 363.84718733576085,
	"Plate Shield": 358.2254995601438,
	"Minotaur Horn": 351.14608478153394,
	"Knife": 339.67295530736965,
	"Minotaur Leather": 293.2006518401206,
	"Fairy Wings": 285.18068829372885,
	"Skull": 277.8767403929118,
	"Bronze Amulet": 259.46067719472404,
	"Scimitar": 246.19167421815305,
	"Protection Amulet": 237.55873735137226,
	"Great Spirit Potion": 232.87941113935452,
	"Mino Shield": 214.8672996431804,
	"Pirate Coin": 210.33675491052858,
	"Fish": 199.08708538350135,
	"Earth Arrow": 181.07786000028545,
	"Ice Rapier": 167.17352242660252,
	"Bone": 162.27408070707344,
	"Pirat's Tail": 153.75482919044308,
	"Frazzle Tongue": 150.5026257780083,
	"Gold Ingot": 143.48518078146853,
	"Green Crystal Shard": 133.11002925262926,
	"Frazzle Skin": 131.46589730290455,
	"Bone Sword": 130.09783089862773,
	"Remains of a Fish": 126.63381742738589,
	"Dagger": 118.4,
	"Cheesy Figurine": 116.74106280193237,
	"Heavy Machete": 116.06532569399205,
	"Red Gem": 113.1285965140293,
	"Cyan Crystal Fragment": 107.84712795109228,
	"Small Amethyst": 106.97037509969553,
	"Small Topaz": 105.24182502643869,
	"Dark Mushroom": 103.24896185060514,
	"Crystal Sword": 97.42248045409583,
	"Small Ruby": 97.12817270560285,
	"Terra Rod": 93.70633038322516,
	"Terra Boots": 92.20966958263081,
	"Small Diamond": 90.26665872018322,
	"Ring of Healing": 89.39496413538077,
	"Red Crystal Fragment": 86.37767395069497,
	"Machete": 75.34091033414974,
	"Tainted Glooth Capsule": 74.27308252830125,
	"Green Mushroom": 70.7416850084979,
	"Snakebite Rod": 69.87479053934771,
	"Glooth Bag": 68.7385114604182,
	"Mouldy Powder": 68.58793613559997,
	"Big Bone": 68.4543196916859,
	"Stone Skin Amulet": 66.35795846628642,
	"Shark Fins": 66.21660418504153,
	"Carlin Sword": 65.64205188033336,
	"Fish Fin": 64.93437831579871,
	"Piece of Iron": 63.10862940871369,
	"Assassin Star": 62.072332988557584,
	"Yellow Gem": 61.10266267299854,
	"Green Crystal Fragment": 60.09108175512097,
	"Knight Axe": 57.152041707523274,
	"Crowbar": 55.56823999305962,
	"Spear": 53.622283072907386,
	"Purple Robe": 51.52227371330059,
	"Wand of Inferno": 46.37365049194573,
	"Sacred Tree Amulet": 45.0434491297065,
	"Worm": 44.72900360237063,
	"Brown Bread": 43.71450265755505,
	"Terra Amulet": 43.1127335178248,
	"Terra Hood": 41.99753521725054,
	"Strong Mana Potion": 40.902579680070794,
	"Grappling Hook": 40.615344827586206,
	"Moonlight Rod": 39.249422632794456,
	"Garlic Necklace": 38.98691812585629,
	"Poison Arrow": 37.618737022267396,
	"Ultimate Health Potion": 36.44391963117555,
	"Iron Ore": 35.63109940925681,
	"Knight Armor": 35.06623489883499,
	"Sabre": 35.01094327783262,
	"Bat Wing": 33.49235944257568,
	"Small Sapphire": 33.33088298022587,
	"Fire Sword": 33.064866229177184,
	"Mino Lance": 32.84803105934554,
	"Life Crystal": 32.059879918680906,
	"Soul Orb": 31.486882292047177,
	"Torch": 31.066094651387065,
	"Wand of Voodoo": 30.106654596899872,
	"Silencer Claws": 30.068851952863685,
	"Glooth Capsule": 28.443386838323487,
	"Onyx Chip": 28.30608216513963,
	"Wand of Cosmic Energy": 27.125173147152044,
	"Green Gem": 27.042309177834024,
	"Chain Armor": 26.926353312385658,
	"Springsprout Rod": 26.048330178466244,
	"Wand of Starstorm": 25.863813563936795,
	"Silver Amulet": 25.280437444717176,
	"Red Piece of Cloth": 24.711308153584923,
	"Glooth Steak": 24.555567496572728,
	"Lost Soul (Item)": 24.336189390804357,
	"Focus Cape": 23.635566334602217,
	"Brown Crystal Splinter": 23.460730252736088,
	"Spider Fangs": 23.019183273376367,
	"Glooth Sandwich": 22.896970879369047,
	"Two Handed Sword": 21.626978703482287,
	"Magma Boots": 19.651466949452104,
	"Taurus Mace": 19.60082424283611,
	"Dragon Ham": 18.93624579207347,
	"Thorn": 18.213869311754983,
	"Girlish Hair Decoration": 18.11865436788419,
	"Rotten Piece of Cloth": 17.665761232577815,
	"Giant Shimmering Pearl (Brown)": 17.425935973955507,
	"Essence of a Bad Dream": 16.267331123283,
	"Piece of Scarab Shell": 15.33627646740713,
	"Violet Gem": 15.131112920665856,
	"Ring of Blue Plasma": 14.951446497308497,
	"Emerald Bangle": 14.111638637383091,
	"Small Treasure Chest": 12.291771832407875,
	"Bloody Pincers": 12.287788248209473,
	"Haunted Blade": 12.092912529315868,
	"Scarab Coin": 12.005441586013955,
	"Gemmed Figurine": 11.781110040770837,
	"Violet Crystal Shard": 11.434734744698634,
	"Small Enchanted Ruby": 11.277939747327503,
	"Battle Stone": 11.231806277102743,
	"Terra Legs": 11.01181533746706,
	"Stealth Ring": 10.944912425327523,
	"Golden Idol of Tukh": 10.631232712865366,
	"Sword Ring": 10.607743767935563,
	"Leather Boots": 10.566996032136595,
	"Mind Stone": 9.999115816318492,
	"Spider Silk": 9.95757951950947,
	"Plate Armor": 9.890588268789944,
	"Platinum Amulet": 9.702681005998267,
	"Protective Charm": 9.673823478783387,
	"Orb": 9.661486179784129,
	"Glacier Amulet": 9.653013122690789,
	"Mouldy Cheese": 9.612259970457902,
	"Glooth Axe": 9.525731622122514,
	"Glooth Spear": 9.506105203342607,
	"Glooth Club": 9.476948956741435,
	"Glooth Blade": 9.442715905877485,
	"Warrior Helmet": 9.423126995841338,
	"Cheese": 9.393430552063503,
	"Glooth Amulet": 9.343278390381588,
	"Magic Light Wand": 8.97257111965568,
	"Wood Cape": 8.951330677848183,
	"Blue Ectoplasm": 8.77028920881641,
	"Corncob": 8.68685387756679,
	"Lightning Boots": 8.566182033214075,
	"Health Potion": 8.426801097206274,
	"Energy Ring": 8.379263356320866,
	"Serpent Sword": 8.303958783816102,
	"Elven Amulet": 8.195523052952987,
	"Broken Shamanic Staff": 8.148148148148147,
	"Hunting Spear": 8.02689438286481,
	"Double Axe": 8.02022821902381,
	"Energy Drink": 7.957358327011681,
	"Energy Bar": 7.8773630379364965,
	"Blank Rune": 7.7246659540863,
	"Terra Mantle": 7.693544822378628,
	"Dragon Necklace": 7.659765575232513,
	"Strong Health Potion": 7.461470459984975,
	"Shadow Sceptre": 7.307569598106315,
	"Heavy Old Tome": 7.28608447875335,
	"Glorious Axe": 7.22770544949313,
	"Short Sword": 6.995496320972026,
	"Giant Shimmering Pearl (Green)": 6.954968630933778,
	"Mace": 6.71967221669102,
	"Orc Leather": 6.489080356362218,
	"Rubber Cap": 6.315718666194201,
	"Underworld Rod": 6.268341708542714,
	"Wand of Draconia": 6.17749235945756,
	"Ghoul Snack": 6.166451440530792,
	"Minotaur Trophy": 6.122654814460174,
	"Power Ring": 6.035636033664702,
	"Shamanic Hood": 6.005291005291006,
	"Hailstorm Rod": 5.990537834763477,
	"Life Ring": 5.924145081720012,
	"Scarab Pincers": 5.728513096305149,
	"Hexagonal Ruby": 5.727264264476693,
	"Diamond Sceptre": 5.713756839839169,
	"Silver Brooch": 5.658497632490175,
	"Axe Ring": 5.427135678391959,
	"Slime Heart": 5.243451568894952,
	"Scorpion Tail": 4.806358340336434,
	"Blue Crystal Splinter": 4.767623521762759,
	"Small Stone": 4.76200361023561,
	"Lump of Dirt": 4.701831520450002,
	"Cyclops Toe": 4.667451567896491,
	"Brass Legs": 4.6367288373945295,
	"Red Ectoplasm": 4.590042610450774,
	"Ring of Red Plasma": 4.560697873102851,
	"Poisoned Fang": 4.499386084583901,
	"Red Apple": 4.4619262865090406,
	"Nightmare Blade": 4.415521265560166,
	"Beastslayer Axe": 4.284991417942281,
	"Magma Amulet": 4.281407035175879,
	"Twin Hooks": 4.261674636280395,
	"Lump of Earth": 4.23914839766325,
	"Death Ring": 4.2021699071692815,
	"Royal Spear": 3.847298834963611,
	"Compass": 3.8256110909660057,
	"Boots of Haste": 3.7954931760148742,
	"Sai": 3.7906833506224067,
	"Steel Shield": 3.6868692079059437,
	"Deepling Scales": 3.580070761556754,
	"Viking Helmet": 3.489674704260264,
	"Halberd": 3.1914860689685947,
	"Sword": 3.187226612719572,
	"Glacial Rod": 3.18382997313623,
	"Death Toll": 3.175828568583023,
	"Necklace of the Deep": 3.1753547208669577,
	"Dark Armor": 3.1106435962388908,