{
	"Gold Coin": 3626.835702635086,
	"Platinum Coin": 2977.5331545005142,
	"Ham": 950.6198512538167,
	"Great Spirit Potion": 697.7804013554825,
	"Meat": 456.7026917210896,
	"Lion's Mane": 389.448864131255,
	"Dragon Ham": 251.3414490821984,
	"Dark Armor": 241.40529746896044,
	"Soul Orb": 210.25024889015654,
	"Crystal Sword": 176.34291964943554,
	"Fish": 145.2745289527409,
	"Fairy Wings": 144.5645733542827,
	"Rapier": 138.42368853957228,
	"Leather Helmet": 121.16846527440914,
	"Small Enchanted Sapphire": 105.06782704430252,
	"Ankh": 99.03125571193566,
	"Skull": 93.39538831322942,
	"Black Pearl": 87.06052182067961,
	"Bone": 78.36409819979717,
	"Great Health Potion": 78.26543369131204,
	"Frazzle Tongue": 77.88657287344398,
	"Great Mana Potion": 73.5729320136561,
	"Ivory Carving": 72.26032859293709,
	"Leather Boots": 71.188934112776,
	"Frazzle Skin": 68.03488070539419,
	"Remains of a Fish": 65.53423236514523,
	"Serpent Sword": 64.60731943924047,
	"Axe": 61.484587185325786,
	"Silver Brooch": 61.02988065771445,
	"Terra Boots": 56.6570088778003,
	"Small Enchanted Ruby": 54.197114149449504,
	"War Hammer": 51.182850062686754,
	"Small Diamond": 50.84178758553199,
	"Twin Hooks": 46.0504854368932,
	"Steel Helmet": 41.602141229938326,
	"White Pearl": 36.82501654140758,
	"Big Bone": 35.15997795643153,
	"Fish Fin": 33.5000648340249,
	"Piece of Iron": 32.659329616182575,
	"Strong Health Potion": 32.32152683230195,
	"Dark Shield": 31.175257731958762,
	"Moonlight Crystals": 28.823633456627977,
	"Assassin Star": 27.34705920162535,
	"Torch": 27.311275066544038,
	"Doublet": 26.628865979381445,
	"Spear": 26.257710941399505,
	"Glorious Axe": 25.81112984579194,
	"Rainbow Quartz": 24.472002240567612,
	"Lightning Headband": 24.46752016881775,
	"Broken Halberd": 21.8042146026017,
	"Green Crystal Shard": 21.42135922330097,
	"Orc Leather": 21.026494487858,
	"Spirit Cloak": 21,
	"Chain Armor": 19.485301067801274,
	"Iron Ore": 18.845033634052157,
	"Onyx Chip": 18.835051546391753,
	"White Mushroom": 17.973380500297615,
	"Spiked Squelcher": 16.938692790091743,
	"Steel Shield": 16.691375881395768,
	"Strong Mana Potion": 16.6659536734372,
	"Cyan Crystal Fragment": 16.636893203883496,
	"Green Mushroom": 16.562918809760816,
	"Royal Spear": 16.342688639098366,
	"Worm": 15.509787235445,
	"Dragon's Tail": 15.131762574593504,
	"Mouldy Cheese": 14.87370753323486,
	"Titan Axe": 14.797334458120062,
	"Silencer Claws": 14.569443729738074,
	"Broken Helmet": 13.658620108577132,
	"Dagger": 13.600000000000001,
	"Coral Brooch": 13.272178555255309,
	"High Guard Shoulderplates": 13.119281493736704,
	"Book (Gemmed)": 12.374434051159477,
	"Bunch of Ripe Rice": 12.151506072813195,
	"Crossbow": 11.863656047181623,
	"Plate Shield": 11.51167462263739,
	"Spiked Iron Ball": 11.292138974237767,
	"Magma Legs": 11.223542314019376,
	"Yellow Gem": 10.674277782973,
	"Orcish Gear": 10.400787979450731,
	"Crown Helmet": 10.343264485468836,
	"Cheese": 9.557422057397364,
	"Noble Axe": 9.525773195876289,
	"Power Bolt": 9.084417225886547,
	"Burst Arrow": 8.988146181541408,
	"Hunting Spear": 8.85501653935826,
	"Bolt": 8.73803759562903,
	"White Silk Flower": 8.71698760286195,
	"Lion Figurine": 8.294721747470732,
	"Dragon Priest's Wandtip": 8.272189128816084,
	"Small Sapphire": 7.76900068798461,
	"Small Amethyst": 7.335850691219519,
	"Sabre": 7.284750065290282,
	"Green Crystal Fragment": 7.231067961165049,
	"Halberd": 7.184441838531345,
	"Combat Knife": 7.083950969238425,
	"Small Emerald": 7.0683996039408825,
	"Energy Ring": 6.89830157891108,
	"Gloom Wolf Fur": 6.762120525600362,
	"Wolf Tooth Chain": 6.645837261299366,
	"Battle Axe": 6.24882034379764,
	"Heavy Old Tome": 6.131057886343326,
	"Beetroot": 6.113770814108053,
	"Longsword": 6.051963941700701,
	"Mace": 5.9318543075388,
	"Orc Tooth": 5.832422678506898,
	"Studded Armor": 5.802706550450454,
	"Haunted Blade": 5.785210724026141,
	"Corncob": 5.62427553741812,
	"Stealth Ring": 5.536565026954097,
	"Broken Shamanic Staff": 5.296296296296296,
	"Purple Robe": 5.23967995130623,
	"Brown Bread": 5.021260440394837,
	"Brown Mushroom": 4.936942472228442,
	"High Guard Flag": 4.870337981564642,
	"Swamp Grass": 4.524538404726735,
	"Fir Cone": 4.332346248274752,
	"Small Stone": 4.290199686929659,
	"Banana": 4.230769230769231,
	"Throwing Knife": 4.206310028438053,
	"Golden Mug": 4.185240513893039,
	"Studded Shield": 3.968189047943649,
	"Lizard Leather": 3.9109177194256084,
	"Shamanic Hood": 3.903439153439154,
	"Lizard Scale": 3.8520609002842603,
	"Snakebite Rod": 3.8120095626494166,
	"Piece of Crocodile Leather": 3.7608945353174774,
	"Blank Rune": 3.6944570261464973,
	"Hatchet": 3.6531375257127774,
	"Medicine Pouch": 3.544719350073855,
	"Shadow Sceptre": 3.5407811454741935,
	"Dowser": 3.4972492753125124,
	"Studded Helmet": 3.3578617997261606,
	"Slime Heart": 3.301432469304229,
	"Minotaur Horn": 3.191955822594888,
	"Minotaur Leather": 3.1875991921691753,
	"Arrow": 3.1580450798232946,
	"Terra Legs": 3.1344619976328927,
	"Wood": 3.015454209748892,
	"Wolf Paw": 2.968995114983276,
	"Poisoned Fang": 2.8329467939972712,
	"Diamond Sceptre": 2.825290229580485,
	"Legionnaire Flags": 2.814553725844048,
	"Honeycomb": 2.7586737343055137,
	"Red Lantern": 2.7082821937607275,
	"Red Dragon Scale": 2.6724276619705365,
	"Wooden Trash": 2.6300974692949866,
	"Sword": 2.5678565595542544,
	"Broadsword": 2.542946730165187,
	"Plate Legs": 2.542340343301871,
	"Brass Helmet": 2.5269633347698743,
	"Sulphurous Stone": 2.5169179627211204,
	"Wand of Inferno": 2.4974784026687282,
	"Skull Belt": 2.481816284770219,
	"Shaggy Tail": 2.47675644589284,
	"Nightmare Blade": 2.28507520746888,
	"Pelvis Bone": 2.199536939591665,
	"Leather Legs": 2.191149476900323,
	"Zaoan Shoes": 2.1135258592847435,
	"Small Ruby": 2.059051362288075,
	"Tower Shield": 2.034264888862487,
	"Soldier Helmet": 2.0116728432985194,
	"Sai": 1.9617155082987552,
	"Lump of Dirt": 1.900740401884043,
	"Boots of Haste": 1.8775137649186981,
	"Studded Legs": 1.8625060945880059,
	"Troll Green": 1.8408328601560775,
	"Viking Helmet": 1.8045186138232774,
	"Shovel": 1.8015114388353364,
	"Swampling Club": 1.7519075230973091,
	"Girlish Hair Decoration": 1.6735383447228551,
	"Taurus Mace": 1.6492848316256463,
	"Health Potion": 1.6315588182954515,
	"Copper Shield": 1.626168819922069,
	"Sword Ring": 1.5853946450609002,
	"Kongra's Shoulderpad": 1.4102564102564101,
	"Zaoan Halberd": 1.4011015865854575,
	"Red Dragon Leather": 1.3846613500034475,
	"Viper Star": 1.3567530695770804,
	"Power Ring": 1.2925917131663303,
	"Short Sword": 1.287188193809586,
	"Cluster of Solace": 1.2718814834024896,
	"Wild Flowers": 1.24705257886733,
	"Badger Fur": 1.2126638951071314,
	"Small Topaz": 1.2010068953332744,
	"Zaoan Legs": 1.1877192153155283,
	"Double Axe": 1.1791224289501923,
	"Rotten Piece of Cloth": 1.1777174155051877,
	"Green Dragon Scale": 1.1609714940034954,
	"Green Dragon Leather": 1.138793467124691,
	"Rope": 1.1122496978705578,
	"Scimitar": 1.0957791336741811,
	"Throwing Star": 1.0748198468698393,
	"Drakinata": 1.0470524099556358,
	"Piercing Bolt": 1.0439611330598089,
	"Brass Legs": 1.0242528303911573,
	"Pick": 1.0151697686425885,
	"Plate Armor": 0.9988270664588714,
	"Life Crystal": 0.983942559703095,
	"Hand Axe": 0.9724278312361213,
	"Rorc Feather": 0.9625519732806216,
	"Acorn": 0.9343518487410453,
	"Wereboar Hooves": 0.9270502945174444,
	"Wereboar Tusks": 0.9107385591300408,
	"Battle Shield": 0.9038934353106974,
	"Protective Charm": 0.895178435839028,
	"Hatched Rorc Egg": 0.8772680798854884,
	"Blue Piece of Cloth": 0.8600383997225476,
	"Carrot": 0.8595142384901215,
	"Lamp": 0.8582795781992352,
	"Dandelion Seeds": 0.8457888569353591,
	"Green Piece of Cloth": 0.8422030428946576,
	"Poisonous Slime": 0.8360845839017735,
	"Cyclops Toe": 0.8337468982630273,
	"Red Piece of Cloth": 0.8327780258794995,
	"Terra Rod": 0.8296909903201787,
	"Centipede Leg": 0.8140695019869789,
	"Cherry": 0.8125484474032192,
	"Colourful Snail Shell": 0.8093509766908155,
	"Swampling Moss": 0.797976052866895,