{
	"Platinum Coin": 5171.158754001937,
	"Gold Coin": 3791.069341076593,
	"Great Spirit Potion": 607.5527934428287,
	"Opal": 581.2439260670683,
	"Fish": 446.31053541057776,
	"Small Emerald": 410.2535232226197,
	"Protection Amulet": 380.7812910348708,
	"Cobra Crest": 367.874009380289,
	"Knife": 305.680073721843,
	"Great Mana Potion": 295.79799260324666,
	"Meat": 273.34871111476434,
	"Worm": 262.64751179047016,
	"Cheese": 262.15882629323744,
	"Scimitar": 219.99974538549915,
	"Bone": 193.10525566057453,
	"Life Crystal": 192.27360010553056,
	"Earth Arrow": 165.44170373985355,
	"Ham": 159.98787456901945,
	"Torch": 140.67581771984845,
	"Dark Mushroom": 136.9638721394627,
	"Bone Sword": 132.65037441821318,
	"Terra Rod": 120.64002451892854,
	"Gold Ingot": 109.57942589487097,
	"Stone Skin Amulet": 109.08504910212466,
	"Spear": 108.23174106609669,
	"Cheesy Figurine": 107.86280113756463,
	"Green Crystal Shard": 107.77834928481272,
	"Heavy Machete": 103.66017411834144,
	"Green Mushroom": 97.71010312797657,
	"Wand of Voodoo": 88.90422630266141,
	"Wand of Cosmic Energy": 82.52044846477258,
	"Leather Boots": 79.50438745812012,
	"Soul Orb": 74.59234107099068,
	"Mouldy Cheese": 68.90472673559823,
	"Great Health Potion": 68.36871748092443,
	"Machete": 66.61750944827513,
	"Red Gem": 64.49153628417838,
	"Green Crystal Fragment": 60.87483866079089,
	"Terra Boots": 60.662211787736986,
	"Piece of Crocodile Leather": 60.10057074961278,
	"Flask of Demonic Blood": 58.779960846091406,
	"Carlin Sword": 58.201859229747676,
	"Glacier Amulet": 57.918078736144736,
	"Garlic Necklace": 56.756513576260325,
	"Terra Amulet": 54.92916866890918,
	"Blue Ectoplasm": 52.62173525289845,
	"Terra Hood": 51.59424817283322,
	"Cyan Crystal Fragment": 47.25178273905959,
	"Snakebite Rod": 46.82563780649838,
	"Dragon Necklace": 45.95859345139508,
	"Bat Wing": 44.575108121095624,
	"Plate Shield": 44.38835451761579,
	"Golden Lotus Brooch": 41.71308014238038,
	"Demonic Essence": 40.30122920136227,
	"Mace": 38.53802480180433,
	"Sacred Tree Amulet": 38.309178743961354,
	"Platinum Amulet": 38.10697912717298,
	"Poison Arrow": 37.63536698656125,
	"Skull": 35.664182129136634,
	"Peacock Feather Fan": 35.617625603829055,
	"Orb": 35.53675627468468,
	"Rotten Piece of Cloth": 34.59544908046489,
	"Magic Light Wand": 33.420282609353784,
	"Rope": 32.78791674081968,
	"Rare Earth": 31.087445887445888,
	"Arrow": 27.791699487067024,
	"Damselfly Wing": 27.776926808097826,
	"Green Gem": 27.696863686148667,
	"Yellow Gem": 26.63635800756932,
	"Plate Armor": 26.62360383988116,
	"Red Crystal Fragment": 26.284270636291254,
	"Hailstorm Rod": 25.43876362375716,
	"Giant Shimmering Pearl (Brown)": 25.297883884970158,
	"Beetroot": 25.044371602174607,
	"Damselfly Eye": 23.46940338515739,
	"Coal": 23.26625273296143,
	"Scarab Coin": 23.257605914838145,
	"Insectoid Eggs": 22.692778151657908,
	"Small Amethyst": 22.59709604213779,
	"Chain Armor": 21.484986455853512,
	"Swamp Grass": 20.96061669128508,
	"Hand Axe": 20.615470022205773,
	"Small Diamond": 20.41531568301267,
	"Glob of Acid Slime": 19.494372294372294,
	"Brass Helmet": 19.375606429290755,
	"Assassin Star": 18.48004980180358,
	"Scarab Pincers": 18.25963549447266,
	"Hexagonal Ruby": 17.939227927124474,
	"Bony Tail": 17.11527903973985,
	"Gemmed Figurine": 16.576234400434075,
	"Medicine Pouch": 16.421454948301328,
	"Pelvis Bone": 16.296569143338242,
	"Stonerefiner's Skull": 15.645021645021645,
	"Violet Crystal Shard": 15.55615843733044,
	"Viking Helmet": 15.552660124243637,
	"Small Ruby": 15.47964256768457,
	"Glacial Rod": 15.376481080392406,
	"Poisonous Slime": 15.308436414025987,
	"Leather Helmet": 15.112439134220331,
	"Sword": 14.545217668643156,
	"Flask of Embalming Fluid": 14.400165331298487,
	"Wood": 13.96955317577548,
	"Violet Gem": 13.8689412114051,
	"Elven Amulet": 13.667983182571028,
	"Health Potion": 13.65703283013111,
	"Swampling Moss": 13.166604872303767,
	"Small Topaz": 12.891759197836429,
	"Emerald Bangle": 12.704725487612864,
	"Pirate Coin": 12.642405314385282,
	"Rat Cheese": 12.521758390193094,
	"Ghoul Snack": 12.0759674043728,
	"Piece of Scarab Shell": 12.017606805607555,
	"Longsword": 11.964598824730718,
	"Gauze Bandage": 11.91343157827801,
	"Silver Brooch": 11.820110260691806,
	"Half-Digested Stones": 11.473015873015871,
	"White Pearl": 11.008667637970035,
	"Heavy Old Tome": 10.990837448777901,
	"Sniper Arrow": 10.972472699414173,
	"Mana Potion": 10.457320582295175,
	"Book of Necromantic Rituals": 10.272577996715928,
	"Hellspawn Tail": 10.127182398864441,
	"Small Sapphire": 10.109865836929789,
	"Shockwave Amulet": 9.909287807363995,
	"Piece of Swampling Wood": 9.855881005866829,
	"Marsh Stalker Feather": 9.852833898950172,
	"Voluminous Piece of Cloth": 9.534917912276402,
	"White Mushroom": 9.452644411145858,
	"Serpent Sword": 9.435702658708628,
	"Black Pearl": 9.429994094273123,
	"Pirat's Tail": 9.32901733022858,
	"Scarab Amulet": 9.311821531719948,
	"Ludicrous Piece of Cloth": 9.311443273707424,
	"Ice Rapier": 9.267727111899564,
	"Axe": 9.082042363135013,
	"Ominous Piece of Cloth": 9.013477088948788,
	"Luminous Piece of Cloth": 8.976231315853957,
	"Silver Amulet": 8.94183066943676,
	"Hatchet": 8.737248298603802,
	"Obvious Piece of Cloth": 8.60377358490566,
	"Bone Club": 8.536253646406198,
	"Morning Star": 8.515331471464542,
	"Steel Shield": 7.998845197938285,
	"Dubious Piece of Cloth": 7.858858123009066,
	"Small Stone": 7.510355176788778,
	"Battle Shield": 7.501650264025446,
	"Cookie": 7.47749721633562,
	"Troll Green": 7.343131462333825,
	"Marsh Stalker Beak": 6.960258809350122,
	"Wooden Shield": 6.877460460105151,
	"Ancient Amulet": 6.323573349268001,
	"Badger Fur": 6.265430124720179,
	"Honeycomb": 6.0566719846408,
	"Strange Talisman": 5.9250286150324305,
	"Studded Club": 5.919993792481304,
	"Stone Wing": 5.8802068674359695,
	"Piece of Dead Brain": 5.4064460182107235,
	"Ultimate Health Potion": 5.28467494542276,
	"Crystal Sword": 5.183774208274728,
	"Onyx Chip": 5.066615621053288,
	"Swampling Club": 4.898431877167346,
	"Potato": 4.861384745285674,
	"Mouldy Powder": 4.780095156371532,
	"Thick Fur": 4.668509665350239,
	"Strong Health Potion": 4.608052149502065,
	"Mind Stone": 4.578579081877247,
	"Mammoth Tusk": 4.544252754105176,
	"Spider Silk": 4.348590024699839,
	"Soft Cheese": 4.25186951059374,
	"Winter Wolf Fur": 4.1000000000000005,
	"Ring of Red Plasma": 4.086312399355878,
	"Minotaur Horn": 4.03099067941314,
	"Red Mushroom": 3.9862313697657914,
	"Bone Shield": 3.953795023394932,
	"Shark Fins": 3.9286620605297986,
	"Lump of Dirt": 3.901519772288299,
	"Tribal Mask": 3.8765064722511537,
	"Mystic Turban": 3.7808976060725272,
	"Necrotic Rod": 3.7702777511950427,
	"Wand of Inferno": 3.708787136486402,
	"Bonelord Eye": 3.664260892773846,
	"Throwing Star": 3.557552950528331,
	"Springsprout Rod": 3.5529468359718837,
	"Demonic Skeletal Hand": 3.4728018815993593,
	"Red Piece of Cloth": 3.446135405843629,
	"Acorn": 3.127758234729773,
	"Crowbar": 3.11666401322124,
	"Scale Armor": 3.048950771096486,
	"Spellbook": 2.979003987225173,
	"Knight Axe": 2.9546014284541497,
	"Battle Hammer": 2.901508571830951,
	"Crab Pincers": 2.7980702963473467,
	"Small Flask of Eyedrops": 2.688771674650458,
	"Silky Fur": 2.6151016875811335,
	"Crystal Ring": 2.6090910499406066,
	"Bola": 2.5828301934776032,
	"Strange Symbol": 2.5627468467320678,
	"Earflap": 2.555484548773631,
	"Cheese Cutter": 2.5502173474681156,
	"Fire Sword": 2.53116745845492,
	"Two Handed Sword": 2.5301507001774164,
	"Clerical Mace": 2.5219128418888768,
	"Brown Piece of Cloth": 2.4074371955969744,
	"Focus Cape": 2.4008607869552288,
	"Pile of Grave Earth": 2.3544997105579553,
	"Bolt": 2.3151467563402046,
	"Grappling Hook": 2.3120689655172413,
	"Leather Legs": 2.244070876874148,
	"Vampire Teeth": 2.1098406588741403,
	"Minotaur Leather": 2.0008863801972874,
	"Carrot": 1.9968228481080703,
	"Knight Armor": 1.892447335620582,
	"Half-Digested Piece of Meat": 1.8759155162077863,
	"Bow": 1.7695379768550796,