{
	"Gold Coin": 4830.87284346596,
	"Platinum Coin": 4082.664080292706,
	"Ham": 1185.9818767613162,
	"Great Spirit Potion": 919.1807558548312,
	"Lion's Mane": 503.85456509019053,
	"Meat": 493.2683776453843,
	"Dark Armor": 299.2933730391186,
	"Soul Orb": 251.99718215621917,
	"Crystal Sword": 238.9320594030973,
	"Small Enchanted Sapphire": 238.50986374058732,
	"Small Enchanted Ruby": 198.26894007207466,
	"Dragon Ham": 187.20950469460766,
	"Rapier": 167.2811186254798,
	"Leather Helmet": 144.64232257194683,
	"Tunnel Tyrant Shell": 132.52605633802818,
	"Fish": 128.85194286160524,
	"Cave Devourer Eyes": 127.76518218623481,
	"Cave Devourer Maw": 125.25506072874494,
	"Ankh": 119.67647596417474,
	"Black Pearl": 108.86065801550775,
	"Cave Devourer Legs": 100.15384615384615,
	"Crystalline Arrow": 99.65182186234819,
	"Slime Heart": 97.58932096481101,
	"Tunnel Tyrant Head": 96.65211267605633,
	"Axe": 94.99907633654976,
	"Elven Astral Observer": 93.94895325494696,
	"Terra Boots": 89.65922963452005,
	"Ivory Carving": 88.40225496529825,
	"Leather Boots": 86.58976216846497,
	"Green Crystal Shard": 85.61804960496836,
	"Skull": 80.86646803241753,
	"Serpent Sword": 78.04553893307512,
	"Silver Brooch": 75.90455252116558,
	"Dagger": 75.2,
	"Dream Essence Egg": 74.85915446617103,
	"Twin Hooks": 74.51575802837938,
	"Small Diamond": 73.23010602702848,
	"War Hammer": 68.75556922652252,
	"Lump of Dirt": 68.64122917164809,
	"Cyan Crystal Fragment": 65.82756967100349,
	"Flash Arrow": 64.85053090117071,
	"Glob of Glooth": 63.056096522790085,
	"Strong Health Potion": 53.32570702781942,
	"Bolt": 52.732859431801174,
	"White Pearl": 51.905664967700666,
	"Steel Helmet": 50.10610344713692,
	"Violet Crystal Shard": 47.82394317236149,
	"Blue Crystal Shard": 42.67206477732793,
	"Heaven Blossom": 42.65672159583694,
	"Sabre": 42.157609172610194,
	"Dark Shield": 39.96455757569634,
	"Chain Armor": 39.65170011505448,
	"Compass": 37.739640726424525,
	"Violet Gem": 35.951580525550845,
	"Moonlight Crystals": 34.98124151408385,
	"Doublet": 32.99345757335448,
	"Strong Mana Potion": 32.54792883425879,
	"Thorn": 32.10580353258506,
	"Rainbow Quartz": 30.042823156225218,
	"Lightning Headband": 29.87848763046976,
	"Elvish Talisman": 29.69453599306158,
	"Belted Cape": 29.539718956122744,
	"Small Sapphire": 29.327442505266756,
	"Torch": 28.48416417397453,
	"Glorious Axe": 27.88014716621452,
	"Bloody Pincers": 27.79686634259952,
	"Brown Bread": 27.76461655277145,
	"Seeds": 27.112210108544417,
	"Two Handed Sword": 26.525867433598243,
	"Spirit Cloak": 26.01923076923077,
	"Small Amethyst": 25.29236150166714,
	"Small Emerald": 24.155103326275892,
	"Magma Amulet": 23.894863597529984,
	"Steel Shield": 23.376746941558046,
	"Onyx Chip": 23.336835844567805,
	"Wand of Draconia": 22.90477444651083,
	"Dragon Necklace": 22.58504054787517,
	"Scimitar": 22.329867911814944,
	"Yellow Gem": 21.785963598858597,
	"Shrimp": 21.705124653249445,
	"Spiked Squelcher": 20.97477526431855,
	"Great Health Potion": 20.915350122551214,
	"Knife": 20.77717235445942,
	"Ultimate Health Potion": 20.657844302133803,
	"Orc Leather": 20.529760700238608,
	"Hydra Head": 20.315104586761308,
	"Energy Vein": 19.567605633802817,
	"Red Crystal Fragment": 18.895290344702392,
	"Titan Axe": 18.87989964742443,
	"Suspicious Device": 18.729306608884073,
	"Throwing Knife": 18.653455491763697,
	"Dragon's Tail": 18.529150400673384,
	"Wand of Dragonbreath": 18.479967734912186,
	"Small Topaz": 18.384403397272088,
	"Worn Leather Boots": 18,
	"Poisoned Fang": 17.830900409276943,
	"Obsidian Lance": 17.691541039329636,
	"Leaf Star": 17.275414994251598,
	"Coral Brooch": 16.39560553456659,
	"High Guard Shoulderplates": 16.35861025762231,
	"Mana Potion": 15.567573112354301,
	"Plate Shield": 15.494794229344723,
	"Blue Gem": 15.416901408450704,
	"White Mushroom": 15.313870940230768,
	"Crystal Ring": 15.154243416930575,
	"Scale Armor": 14.962661082626077,
	"Miraculum": 14.722408026755852,
	"Magma Legs": 14.52931406643957,
	"Stealth Ring": 14.474311652621493,
	"Spiked Iron Ball": 14.080321437012525,
	"Crossbow": 13.795495605450917,
	"Bone": 13.151438303699914,
	"Longsword": 12.609094131448092,
	"Bunch of Ripe Rice": 12.551018230613785,
	"Quara Tentacle": 12.538334986457683,
	"Crown Helmet": 12.49954304514714,
	"Green Gem": 12.441249674626352,
	"Combat Knife": 12.052504464602332,
	"Spear": 12.044660595471123,
	"Noble Axe": 11.802613688708014,
	"Worm": 11.723211895165631,
	"Green Crystal Fragment": 11.700821508588499,
	"Broken Halberd": 11.350139108203624,
	"Energy Ring": 11.343648664014596,
	"Ring of Blue Plasma": 10.888061859217007,
	"Halberd": 10.834828591562937,
	"Quara Bone": 10.797112060891925,
	"White Silk Flower": 10.69291140902844,
	"Fairy Wings": 10.477839628044961,
	"Burst Arrow": 10.42441448745354,
	"Brass Legs": 10.224312693299574,
	"Lion Figurine": 10.149557119791456,
	"Small Ruby": 10.021321995227813,
	"Cucumber": 9.876144897922604,
	"Quara Pincers": 9.614775399084271,
	"Quara Eye": 9.500609984984985,
	"Girlish Hair Decoration": 9.253682611996963,
	"Magma Boots": 9.078292284680877,
	"Glooth Spear": 9.048608372003569,
	"Sun Fruit": 8.968318833536118,
	"Battle Shield": 8.917657204125751,
	"Essence of a Bad Dream": 8.676295033361168,
	"Broken Crossbow": 8.570576675476046,
	"Viper Star": 8.53956343792633,
	"Great Mana Potion": 8.452397152929251,
	"Corncob": 7.774272975091382,
	"Plate Armor": 7.654718334599564,
	"Double Axe": 7.6289617451409635,
	"Broken Helmet": 7.482010237382177,
	"Crystal Mace": 7.411971830985916,
	"Broken Shamanic Staff": 7.231481481481481,
	"Wand of Cosmic Energy": 7.12205707939888,
	"Piercing Bolt": 7.056830713914799,
	"Spider Fangs": 6.940840234449014,
	"Mace": 6.68946397422256,
	"Warwolf Fur": 6.654190874272508,
	"Orcish Gear": 6.590598323612345,
	"Wand of Inferno": 6.505109855868394,
	"Fish Fin": 6.273760953522216,
	"Orc Tooth": 6.176179805565767,
	"Wolf Tooth Chain": 6.117150350487765,
	"Hatchet": 6.1063884952898935,
	"Banana": 6.086519928817852,
	"High Guard Flag": 6.072890569605295,
	"Brass Armor": 6.014265797461122,
	"Lizard Leather": 5.904992324042395,
	"Lizard Scale": 5.3487219867395766,
	"Shamanic Hood": 5.329695767195767,
	"Poisonous Slime": 5.311726736076775,
	"Frazzle Tongue": 5.270519968879668,
	"Wood Cape": 5.242324371205551,
	"Protective Charm": 4.949810174639332,
	"Glooth Axe": 4.920166245725343,
	"Holy Orchid": 4.844147157190635,
	"Orcish Axe": 4.745747597834712,
	"Health Potion": 4.714999831684192,
	"Glooth Club": 4.684952889789164,
	"Frazzle Skin": 4.603864107883817,
	"Minotaur Horn": 4.564587377801536,
	"Piece of Archer Armor": 4.498746357660771,
	"Crystalline Armor": 4.447183098591549,
	"Remains of a Fish": 4.4346473029045645,
	"Piece of Crocodile Leather": 4.363576193165125,
	"Heavy Old Tome": 4.334412659489401,
	"Glooth Blade": 4.250858702541573,
	"Silver Amulet": 4.241911252967939,
	"Life Ring": 4.138804859464058,
	"Sword Ring": 4.004225412338609,
	"Dragon Priest's Wandtip": 3.9865971705137753,
	"Cheese": 3.9764915053338603,
	"Fire Axe": 3.8992098811767586,
	"Treasure Map (Pirate)": 3.844261673498359,
	"Ring of Healing": 3.838393224935614,
	"Battle Axe": 3.8208818158425357,
	"Tortoise Egg": 3.791916997010742,
	"Glooth Steak": 3.7807639836289217,
	"Collar of Blue Plasma": 3.770164787510841,
	"Hunting Spear": 3.7657279629349216,
	"Brown Mushroom": 3.714887232146518,
	"Turtle Shell": 3.6136030817839866,
	"Red Lantern": 3.2110495395530227,
	"Studded Armor": 3.210291799572399,
	"Sword": 3.189451841592221,
	"Rotten Piece of Cloth": 3.0915082157011176,
	"Plate Legs": 2.9685187324417743,
	"Studded Helmet": 2.950301563704273,
	"Magma Coat": 2.9484356629674386,
	"Glooth Amulet": 2.9295183137549574,
	"Mind Stone": 2.893866984994789,
	"Throwing Star": 2.846089073836953,
	"Assassin Star": 2.8298043337291134,
	"Broadsword": 2.758202178132362,
	"Light Shovel": 2.7149888641425393,
	"Studded Legs": 2.7006338371526084,
	"Zaogun Shoulderplates": 2.6988287785833798,
	"Knight Armor": 2.6409497378668023,