{
	"Platinum Coin": 2839.030976527551,
	"Gold Coin": 2015.7902996154685,
	"Ham": 429.1239618578223,
	"Great Spirit Potion": 418.8519661205508,
	"Meat": 268.80999101082404,
	"Lion's Mane": 166.10433072540198,
	"Ultimate Health Potion": 133.54497347504275,
	"Ice Flower (Item)": 128.22668338823541,
	"Fairy Wings": 120.21544376165964,
	"Dream Essence Egg": 114.55029392742006,
	"Ice Rapier": 111.7603040634112,
	"Dragon Ham": 108.95335124175138,
	"Dark Armor": 103.01149881046788,
	"Soul Orb": 89.93119235282809,
	"Small Enchanted Ruby": 83.64525778520033,
	"Crystal Sword": 75.36644713507064,
	"Great Health Potion": 72.57369833680136,
	"Bone": 72.08394707129648,
	"Skull": 67.06402042840409,
	"Small Enchanted Sapphire": 65.56352287721165,
	"Frazzle Tongue": 65.47157028008299,
	"Leather Helmet": 62.9555264884315,
	"Rapier": 59.20946810455127,
	"Frazzle Skin": 57.19022302904564,
	"Great Mana Potion": 55.50495980290456,
	"Remains of a Fish": 55.08817427385892,
	"Elven Astral Observer": 49.81240251183549,
	"Miraculum": 45.339698067986234,
	"Ankh": 42.35971486017181,
	"Terra Boots": 41.28968805275706,
	"Black Pearl": 37.257888832440834,
	"Fish": 36.22409880705394,
	"Leather Boots": 36.020121603138946,
	"Northwind Rod": 35.63282510350197,
	"Life Crystal": 34.54362925928398,
	"Glacier Amulet": 33.98533989711363,
	"Essence of a Bad Dream": 31.605457202557723,
	"Ivory Carving": 30.873373642960047,
	"Big Bone": 29.55553034232365,
	"Tiger Eye": 29.531837200456447,
	"Piece of Iron": 28.795043921822167,
	"Fish Fin": 28.160204875518673,
	"Serpent Sword": 27.766038500693636,
	"Silver Brooch": 26.104394434904382,
	"Elvish Talisman": 25.907744059006554,
	"Glacier Mask": 25.485895117540686,
	"Assassin Star": 25.448469774603993,
	"Axe": 24.153317521189344,
	"Spear": 23.45841003619566,
	"Moonlight Rod": 23.26464737793852,
	"War Hammer": 21.93234819901046,
	"Halberd": 21.872499368198714,
	"Small Diamond": 20.837090207004923,
	"Dark Shield": 19.573705071300754,
	"Twin Hooks": 19.48289768483943,
	"Hand Axe": 19.44855662472243,
	"Glacier Robe": 18.953951577790356,
	"Steel Helmet": 18.16640381912778,
	"Cyan Crystal Fragment": 16.11852283761464,
	"White Pearl": 15.720160848108208,
	"Iron Ore": 15.339614973290011,
	"Spider Fangs": 14.658384443769377,
	"Lancer Beetle Shell": 13.866044748925004,
	"Wand of Cosmic Energy": 13.289267189590614,
	"Elven Amulet": 12.590867082803491,
	"Glorious Axe": 12.35664671959162,
	"Moonlight Crystals": 12.223149934388386,
	"Silencer Claws": 11.818298770133278,
	"Hailstorm Rod": 11.456962025316455,
	"Doublet": 11.363600317208565,
	"Terra Hood": 10.660318919787287,
	"Lightning Headband": 10.448729665509049,
	"Rainbow Quartz": 10.347343378271214,
	"Silver Amulet": 9.600006725873094,
	"Knight Axe": 9.529868681941633,
	"Energy Ring": 9.384946582199314,
	"Titan Axe": 9.187405369263878,
	"Ring of Blue Plasma": 9.088153079550048,
	"Green Crystal Shard": 9.062882748319643,
	"Steel Shield": 9.055862559539387,
	"Green Mushroom": 9.005515705213867,
	"Spirit Cloak": 8.961538461538462,
	"Mino Shield": 8.652569461519548,
	"Worm": 8.540908870250657,
	"Beetroot": 8.482771026543013,
	"Rope": 8.216136195410808,
	"Morning Star": 8.096991636134764,
	"Onyx Chip": 8.03766851704996,
	"Hellspawn Tail": 7.925621007806955,
	"Cheese": 7.880291207212386,
	"Poisonous Slime": 7.700313388237009,
	"Spiked Squelcher": 7.565836209218617,
	"Earth Arrow": 7.4535053633086905,
	"Lump of Earth": 7.3826187667096015,
	"Glacier Kilt": 7.335167522621668,
	"Wooden Shield": 7.116394367032344,
	"Sword Ring": 7.068519065917825,
	"Beastslayer Axe": 6.98057536267519,
	"Knight Legs": 6.962558785665318,
	"Glacier Shoes": 6.898875030569822,
	"Studded Club": 6.879119650442522,
	"Magma Amulet": 6.815894820624172,
	"Mind Stone": 6.426772849048995,
	"Royal Spear": 6.383673094160097,
	"Book (Gemmed)": 6.36919399692032,
	"Heaven Blossom": 6.318515184861754,
	"Power Bolt": 5.676736886293522,
	"Coral Brooch": 5.635606661379858,
	"Two Handed Sword": 5.430515600757469,
	"Crossbow": 5.347929982717799,
	"Belted Cape": 5.3452824777745915,
	"Small Sapphire": 5.2117509769119295,
	"Dragon's Tail": 5.134144346583327,
	"Lump of Dirt": 5.124664405363137,
	"Warrior's Shield": 5.078682075239734,
	"Magma Legs": 4.927857985156151,
	"Seeds": 4.903584435109846,
	"Obsidian Lance": 4.829860297378339,
	"Black Shield": 4.7461114380983584,
	"Yellow Gem": 4.695224685020965,
	"Haunted Blade": 4.692790613904183,
	"Sickle": 4.6397836242930905,
	"Battle Shield": 4.6316343715745285,
	"Demonic Essence": 4.552713762034852,
	"Tower Shield": 4.428838105397931,
	"Crown Helmet": 4.4242368853957235,
	"Plate Shield": 4.3725431336891365,
	"Brown Crystal Splinter": 4.159379018923388,
	"Burst Arrow": 4.149219550412824,
	"Axe Ring": 4.121254655477954,
	"Green Crystal Splinter": 4.096132647437075,
	"Dragon Necklace": 4.081158589045025,
	"Noble Axe": 4.065939998040958,
	"Stealth Ring": 4.032964458001821,
	"Blue Crystal Splinter": 4.021725151570825,
	"Crystalline Arrow": 4.006843652397575,
	"Underworld Rod": 3.945610404966007,
	"Life Ring": 3.932024135335035,
	"Dirty Cape": 3.901957326750132,
	"Scimitar": 3.8958990536277605,
	"Wyvern Talisman": 3.844504021447721,
	"Wand of Draconia": 3.777443020564677,
	"Knife": 3.7596788069974187,
	"Small Stone": 3.738967603667183,
	"White Silk Flower": 3.723411061800734,
	"Wood Cape": 3.7173940958512643,
	"Sabre": 3.66208107680787,
	"Blank Rune": 3.614014958814552,
	"Torch": 3.580369044918739,
	"Lion Figurine": 3.5438741886242955,
	"Power Ring": 3.5174697014484186,
	"Heavy Old Tome": 3.400204915572074,
	"Brown Flask": 3.3441760731480357,
	"Bloody Pincers": 3.343988197688714,
	"Mouldy Cheese": 3.22906013048845,
	"Red Crystal Fragment": 3.1805166117478816,
	"Wand of Dragonbreath": 3.1782926167235592,
	"Red Mushroom": 3.1196593328601843,
	"Green Crystal Fragment": 3.059297983569828,
	"Pelvis Bone": 3.056205617441634,
	"Combat Knife": 3.037647757886671,
	"Warrior's Axe": 3.030489304155397,
	"Crystalline Spikes": 2.9428164615101964,
	"Collar of Green Plasma": 2.9075315003802116,
	"Death Ring": 2.8794561040496602,
	"Shadow Sceptre": 2.872176195131992,
	"Crown Shield": 2.8359011983370017,
	"Strong Health Potion": 2.7299883945717554,
	"Arrow": 2.684078713454614,
	"Violet Crystal Shard": 2.6823070251517778,
	"Orb": 2.6024238841265146,
	"Small Topaz": 2.564494675915948,
	"Wand of Defiance": 2.5497910007376445,
	"Terra Legs": 2.5425822055266813,
	"Spellbook of Mind Control": 2.5359501100513575,
	"Leaf Star": 2.5077189939288815,
	"Sacred Tree Amulet": 2.400945906000591,
	"Viking Helmet": 2.373412948398861,
	"Dead Snake": 2.3585166735851666,
	"Platinum Amulet": 2.3377239853094496,
	"Poison Arrow": 2.2475813039860912,
	"Diamond Sceptre": 2.2443781196933053,
	"Blue Gem": 2.2168910269858313,
	"Widow's Mandibles": 2.201082943637706,
	"Golden Mug": 2.154167911562593,
	"Badger Fur": 2.12216181643748,
	"Bunch of Troll Hair": 2.1109839849792054,
	"Short Sword": 2.102357711245541,
	"Longsword": 2.0925174987731485,
	"Mace": 2.0497307905539492,
	"Bolt": 2.035874725048786,
	"Collar of Red Plasma": 1.989595033993497,
	"Nightmare Blade": 1.9208376556016598,
	"Heavily Rusted Armor": 1.894714624351911,
	"Spider Silk": 1.8216967188885604,
	"Sword": 1.7565512890473793,
	"Piece of Crocodile Leather": 1.6548606335537508,
	"Sai": 1.6490210062240664,
	"Magma Boots": 1.6346429595640952,
	"Chain Armor": 1.6190637704029902,
	"Battle Hammer": 1.6185840612496696,
	"Hatchet": 1.5544797586473023,
	"Boots of Haste": 1.5143738318306286,
	"Garlic Necklace": 1.4859000886786875,
	"Battle Axe": 1.4758459544366467,
	"Rotten Piece of Cloth": 1.4721467693814847,
	"Silky Fur": 1.4528342708784074,
	"White Mushroom": 1.448280633797626,
	"Necklace of the Deep": 1.4271356783919598,
	"Ring of Healing": 1.4271356783919598,
	"Sun Fruit": 1.3821003793450308,
	"Red Dragon Scale": 1.3755142377789524,
	"Wand of Inferno": 1.357577211394712,
	"Stone Skin Amulet": 1.3347916050842445,
	"Small Amethyst": 1.2855225410232483,
	"Small Emerald": 1.234357178333415,