{
	"Platinum Coin": 20462.345548742673,
	"Gold Coin": 17600.677224434272,
	"Great Health Potion": 2812.043603541025,
	"Ham": 2276.3303302594345,
	"Meat": 1825.9682152651255,
	"Great Spirit Potion": 1746.216663140793,
	"Soul Orb": 1330.9761605904303,
	"Flask of Demonic Blood": 998.0322766441284,
	"Lion's Mane": 948.1653762525575,
	"Axe": 829.4007027732681,
	"Golden Lotus Brooch": 753.1782203775948,
	"Werehyaena Nose": 719.3571428571429,
	"Bone": 696.5838174142117,
	"Fish": 680.8579338887394,
	"Demonic Essence": 668.2241202143101,
	"Great Mana Potion": 657.4820998029445,
	"Knife": 655.5968122271557,
	"Peacock Feather Fan": 644.5290791269263,
	"Small Enchanted Sapphire": 634.777248952365,
	"Dark Armor": 580.5726412175492,
	"Crystal Sword": 507.1611848497316,
	"Small Enchanted Ruby": 506.34253350111,
	"Halberd": 504.6312134505496,
	"Tunnel Tyrant Shell": 466.51690140845074,
	"Red Crystal Fragment": 463.53846153846155,
	"Cave Devourer Eyes": 453.735001840265,
	"Cave Devourer Maw": 444.82075818917923,
	"Small Diamond": 388.43337343150944,
	"Cave Devourer Legs": 355.67832167832165,
	"Carnisylvan Bark": 355.1216979734785,
	"Crystalline Arrow": 353.89547294810455,
	"Black Pearl": 344.5005026163842,
	"Tunnel Tyrant Head": 340.2338028169014,
	"Rapier": 332.7045922218347,
	"Carnisylvan Finger": 326.68365092203805,
	"Yellow Gem": 324.51965865318476,
	"White Pearl": 311.7502595835089,
	"Red Gem": 302.13792760140484,
	"Small Amethyst": 296.1672113155604,
	"Leather Helmet": 286.22767720526497,
	"Assassin Star": 284.1046683494369,
	"Silver Brooch": 281.99151822878935,
	"Combat Knife": 281.6113354646677,
	"Slime Heart": 272.77585572322414,
	"Small Sapphire": 255.43492579706094,
	"Small Ruby": 252.37554248396168,
	"Life Preserver": 251.9230769230769,
	"Ankh": 237.13215134344725,
	"Green Crystal Shard": 236.57229025445685,
	"Lump of Dirt": 232.1335968063472,
	"Small Enchanted Amethyst": 231.76923076923077,
	"Flash Arrow": 228.45521372175335,
	"Small Emerald": 215.02835781510612,
	"Small Topaz": 201.25099270997546,
	"Terra Boots": 197.6891129760131,
	"Cyan Crystal Fragment": 181.36271087114216,
	"Green Crystal Fragment": 180.00373412994773,
	"Ivory Carving": 173.3901612438217,
	"War Hammer": 164.70940114301652,
	"Dragon Ham": 156.45419722315697,
	"Serpent Sword": 153.395823341294,
	"Bloody Pincers": 152.8496319663512,
	"Blue Crystal Shard": 151.54214206845785,
	"Ratana": 151.15384615384616,
	"Plate Shield": 144.82205942755706,
	"Leather Boots": 139.25419155629658,
	"Ultimate Health Potion": 139.1087880036314,
	"Wand of Starstorm": 138.52133725657683,
	"Green Crystal Splinter": 136.75,
	"Chain Armor": 132.5071014469189,
	"Violet Gem": 126.30791736535443,
	"Small Stone": 123.54640101298078,
	"Carrion Worm Fang": 123.26443422712292,
	"Doublet": 122.64322533136965,
	"Twin Hooks": 119.55414488424196,
	"Lightning Headband": 105.8560678947743,
	"Violet Crystal Shard": 105.18807508281193,
	"Hailstorm Rod": 99.46474259974153,
	"Small Enchanted Emerald": 97.67857142857142,
	"Hellspawn Tail": 95.84130589070261,
	"Steel Helmet": 92.29637945973124,
	"Underworld Rod": 91.77909393776176,
	"Terra Hood": 88.83127962085308,
	"Brown Crystal Splinter": 87.91071428571428,
	"Diamond Sceptre": 84.93913648419496,
	"Knight Axe": 81.675555458933,
	"Ancient Stone": 81.55629513023757,
	"Sword Ring": 78.18060463440621,
	"Green Mushroom": 75.31588619330525,
	"Dark Shield": 74.96907216494846,
	"Tribal Mask": 73.66979307068088,
	"Lizard Essence": 70.47448389760528,
	"Mushroom Pie": 69.6467889908257,
	"Blue Gem": 69.12497334716086,
	"Energy Vein": 68.88169014084507,
	"Moonlight Crystals": 68.63861372145917,
	"Worm": 68.54273161864337,
	"Necrotic Rod": 67.13729477203468,
	"Crystal Ring": 66.56371498480377,
	"Suspicious Device": 66.22764700088644,
	"Snake Skin": 60.62632175546044,
	"Strong Mana Potion": 60.528536639015,
	"Spiked Iron Ball": 58.619928822613616,
	"Wooden Trash": 58.37064220183487,
	"Rainbow Quartz": 58.30927835051546,
	"Tortoise Egg": 57.35338780599146,
	"Red Piece of Cloth": 56.90983606557377,
	"Energy Ring": 54.98267875566231,
	"Dragonbone Staff": 54.844712886204135,
	"Mystic Turban": 54.762867601241446,
	"Mana Potion": 54.41670179299733,
	"Glorious Axe": 53.623711340206185,
	"Brass Legs": 53.41099755750093,
	"Epee": 51.544075829383885,
	"Spirit Cloak": 50.5,
	"Obsidian Lance": 50.23230028873976,
	"Stealth Ring": 49.99209246106588,
	"Morning Star": 49.87610797801653,
	"Battle Shield": 49.72733806939116,
	"Protection Amulet": 49.2358993430293,
	"Strand of Medusa Hair": 49.02168276621619,
	"Thorn": 48.77612459758114,
	"Guardian Halberd": 47.41334443538315,
	"Emerald Bangle": 46.44908958923839,
	"Onyx Chip": 45.29381443298969,
	"Spiked Squelcher": 44.92407541870164,
	"Battle Hammer": 44.2640873415201,
	"Turtle Shell": 43.06600360553056,
	"Green Gem": 42.842811561265165,
	"Terra Rod": 42.52779789188931,
	"Titan Axe": 41.73361774419303,
	"Skull": 40.305403637227286,
	"Black Shield": 39.102984535236644,
	"Wand of Voodoo": 39.07142857142857,
	"Red Mushroom": 37.72476933995742,
	"Silver Amulet": 36.70612867619764,
	"Spellbook of Warding": 36.5200787957348,
	"Strong Health Potion": 35.96288730162064,
	"Hydra Head": 35.34828198096467,
	"Spellbook": 35.050826917016245,
	"Dagger": 32,
	"Collar of Blue Plasma": 31.838532110091744,
	"Coral Brooch": 31.75773195876289,
	"Werehyaena Talisman": 30.23076923076923,
	"Springsprout Rod": 28.94180841539839,
	"Magma Legs": 26.874977152257358,
	"Noble Axe": 26.16913922188507,
	"Crystal Mace": 26.091549295774648,
	"Life Ring": 25.245271702407805,
	"Fire Mushroom": 25.205504587155964,
	"Power Bolt": 25.08642091296024,
	"Crown Helmet": 24.76713580698227,
	"Wand of Inferno": 24.337465357191046,
	"Mysterious Fetish": 23.96899017170059,
	"Northwind Rod": 21.549153943153637,
	"White Silk Flower": 20.92621074192509,
	"Sacred Tree Amulet": 20.890395253430814,
	"High Guard Shoulderplates": 20.812687307965017,
	"Terra Amulet": 20.64070853314366,
	"Oriental Shoes": 20.185439928534386,
	"Human Teeth": 20.117894102514985,
	"Focus Cape": 20.08531039601922,
	"Lion Figurine": 19.90399896737625,
	"Ruby Necklace": 17.811475409836067,
	"Cucumber": 17.18449212238533,
	"Blue Robe": 16.656299837643555,
	"Medusa Shield": 16.46131803002886,
	"Crystalline Armor": 15.654929577464788,
	"Bunch of Ripe Rice": 15.429272332631292,
	"Broken Halberd": 15.382425370328596,
	"Giant Shimmering Pearl (Green)": 15.336530201196275,
	"Knight Legs": 14.86153860434354,
	"Spear": 14.527740674318274,
	"Knight Armor": 13.861951561637396,
	"Rusted Armor": 13.718097941802696,
	"Warrior Helmet": 13.487965245419701,
	"Wand of Cosmic Energy": 12.371098010674878,
	"Magma Coat": 12.163934426229508,
	"Golden Mug": 12.127764806922778,
	"Assassin Dagger": 11.986026055487628,
	"Brown Bread": 11.814730447987852,
	"Dragon's Tail": 10.060365928551821,
	"Werehyaena Trophy": 9.767857142857142,
	"Tower Shield": 9.69857925563894,
	"Zaoan Halberd": 9.525237815887449,
	"Ectoplasmic Sushi": 9.372254335260116,
	"Sabre": 9.339952764928658,
	"Death Ring": 9.324544137753652,
	"Torch": 9.316954129312577,
	"Spellbook of Mind Control": 8.602562731752977,
	"Mercenary Sword": 8.215524387974352,
	"Health Potion": 7.9763305010077135,
	"High Guard Flag": 7.726400378161191,
	"Lizard Leather": 7.575932265377927,
	"Tortoise Shield": 7.54840552118039,
	"Dragon Priest's Wandtip": 7.375204765450484,
	"Gemmed Figurine": 7.296330275229359,
	"Gold Ingot": 7.082963155870226,
	"Lizard Scale": 6.90035235483211,
	"Iron Ore": 6.857150361745027,
	"Lightning Pendant": 6.626463381432072,
	"Rotten Piece of Cloth": 6.477445785278532,
	"Butterfly Ring": 6.431512981199642,
	"Skullcracker Armor": 6.262063457578824,
	"Beetroot": 6.059122161816437,
	"Girlish Hair Decoration": 5.261103067514465,
	"Ring of Healing": 5.203183533093412,
	"Plate Armor": 5.091442668825462,
	"Life Crystal": 5.067937105594703,
	"Banana": 4.868739427270905,
	"Mace": 4.733741174900546,
	"Coal": 4.610167877973235,
	"Berserk Potion": 4.54180269694819,
	"Arrow": 4.51090355511928,