{
	"Gold Coin": 5141.882697525733,
	"Platinum Coin": 4922.026093149139,
	"Envenomed Arrow": 2090.7952743213123,
	"Meat": 951.0174664649129,
	"Skull": 488.56869195397525,
	"White Mushroom": 440.11229241794905,
	"Dagger": 421.0325591954415,
	"Goanna Meat": 341.3118866490553,
	"Blue Crystal Shard": 308.14001080765104,
	"Terra Rod": 281.7824871094813,
	"Fish": 252.47228677297522,
	"Earth Arrow": 230.73228462216994,
	"Small Enchanted Emerald": 229.5601390644939,
	"Emerald Bangle": 188.19245953096856,
	"Small Sapphire": 178.1713864874551,
	"Leather Boots": 176.10564545062763,
	"Ham": 173.77561912524536,
	"Snakebite Rod": 168.7025180819716,
	"Goanna Claw": 156.29408890232799,
	"Brown Bread": 155.36370539104024,
	"Bolt": 149.398551572949,
	"Scroll": 146.8849274775426,
	"Blue Goanna Scale": 139.40275917492633,
	"Red Goanna Scale": 128.84739782416935,
	"Yellow Gem": 127.1329995376081,
	"Terra Amulet": 122.72664758765944,
	"Sabre": 122.42559358273824,
	"Green Crystal Splinter": 121.42715833281787,
	"Worm": 119.55565995490558,
	"Terra Hood": 116.94216854224712,
	"Spear": 110.3972131734125,
	"Arrow": 108.07674452255692,
	"Onyx Chip": 104.40491051290168,
	"Serpent Sword": 103.0935117699431,
	"Winter Wolf Fur": 102.60000000000001,
	"Green Crystal Shard": 95.29711059959911,
	"Scared Frog": 83.77172524461179,
	"Strong Mana Potion": 82.22148294647945,
	"Plate Shield": 82.0923418806045,
	"Leaf Star": 79.20091079560676,
	"Rainbow Quartz": 70.10760292922768,
	"Piece of Crocodile Leather": 69.97230366698301,
	"Silver Brooch": 69.95090186899567,
	"Blank Rune": 69.75115857757353,
	"Violet Gem": 68.80068636428621,
	"Torch": 66.32964896429759,
	"Strong Health Potion": 65.45917589925754,
	"Great Health Potion": 64.90819640763628,
	"Green Gem": 64.37346031502958,
	"Chicken Feather": 60.91995301225038,
	"Red Gem": 60.030535896571834,
	"Grapes": 59.04507120925541,
	"Sword": 57.25234431511945,
	"Girlish Hair Decoration": 57.13486138788476,
	"Small Emerald": 54.81860559205629,
	"Springsprout Rod": 50.81676935440664,
	"Mace": 50.331024226133145,
	"Sacred Tree Amulet": 49.877227483811595,
	"Vampire Teeth": 49.52750167822041,
	"Melon": 48.636797742647325,
	"Hatchet": 48.23652662076054,
	"Cyan Crystal Fragment": 47.81778948492361,
	"Striped Fur": 45.21045122168718,
	"Elvish Talisman": 45.065759583865585,
	"Blue Gem": 44.70254836699878,
	"Small Amethyst": 44.44707930561615,
	"Dragon Ham": 41.627376614790435,
	"Crossbow": 41.54835512661546,
	"Lizard Heart": 40.989649008072114,
	"Manticore Tail": 40.97494398044408,
	"Mouldy Cheese": 40.79540237196684,
	"Opal": 40.42648341689637,
	"Battle Shield": 40.21708919333087,
	"Chain Armor": 38.68006068545733,
	"Ice Flower (Item)": 37.811399502430646,
	"Axe": 37.79874526019559,
	"Scale Armor": 36.992337404593265,
	"Ultimate Health Potion": 36.66339726052343,
	"Dragon Necklace": 35.776348883127966,
	"Red Rose": 35.629445711984964,
	"Small Tortoise": 35.014789775591915,
	"Soldier Helmet": 34.31677203273945,
	"Scroll of Heroic Deeds": 33.51453349937133,
	"Magma Amulet": 33.37471612414838,
	"Dream Essence Egg": 32.707788144670516,
	"Silver Amulet": 32.257531448884095,
	"Ice Rapier": 32.08114597274238,
	"Manticore Ear": 32.07129761662253,
	"Bread": 31.02622725463951,
	"Sniper Arrow": 30.762077913327907,
	"Protective Charm": 30.534568439038864,
	"Green Tunic": 30.204957365633017,
	"Sphinx Feather": 29.58213474640424,
	"Wand of Inferno": 29.15000747284831,
	"Shovel": 29.109772290374362,
	"Cyclops Toe": 28.94537069963293,
	"Bow": 28.793257583927634,
	"Honeycomb": 28.474783366469175,
	"Cheese": 27.96406714429638,
	"Wand of Draconia": 27.498801723208988,
	"Green Crystal Fragment": 27.49057160398794,
	"Wood Cape": 27.31280990032926,
	"Fur Armor": 26.300961851326722,
	"Small Ruby": 26.202663098026324,
	"Elven Astral Observer": 26.079667478250038,
	"Halberd": 25.291434280931092,
	"Blood Preservation": 25.207504400575438,
	"Short Sword": 24.83419053913384,
	"Sabretooth": 24.65043695380774,
	"Bone": 23.728895028108283,
	"Two Handed Sword": 23.45897082470065,
	"Shrimp": 23.364940004936066,
	"Sphinx Tiara": 23.134746404239213,
	"Chain Helmet": 22.719555436901015,
	"Longsword": 22.436499039360143,
	"Pear": 22.06239460370995,
	"Flaming Arrow": 21.98655530657975,
	"Frosty Heart": 21.803184438995295,
	"Poison Arrow": 21.52945820157699,
	"Wedding Ring": 21.063807044360146,
	"Studded Armor": 21.054173221534256,
	"Throwing Star": 20.958031532324473,
	"Magma Boots": 20.54577963138045,
	"Leather Legs": 20.165017536511407,
	"Pick": 19.34881541654162,
	"Battle Hammer": 19.23550929393292,
	"White Pearl": 19.21155189725326,
	"Copper Shield": 19.19064978316335,
	"Morning Star": 19.0003081538305,
	"Brass Armor": 18.942503384517153,
	"Gemmed Figurine": 18.611290796824463,
	"Fire Axe": 18.20439061317184,
	"Coral Brooch": 18.134078212290504,
	"Mana Potion": 18.10356133918838,
	"Great Spirit Potion": 18.049752095439366,
	"Moonlight Rod": 17.10515801977801,
	"Wyrm Scale": 16.775013752215635,
	"Blue Crystal Splinter": 16.481114385212965,
	"Quara Tentacle": 15.547946555483213,
	"Magma Monocle": 15.50922524233248,
	"Letter": 15.121333562805793,
	"Red Crystal Fragment": 15.03420090956114,
	"Flash Arrow": 14.734466718351978,
	"Stone Herb": 14.665418137290212,
	"Bone Sword": 13.977305978840004,
	"Small Diamond": 13.947252622934666,
	"Battle Axe": 13.911013548174122,
	"Health Potion": 13.519003754735836,
	"Steel Shield": 13.486904614157645,
	"Life Crystal": 13.476680048931879,
	"Elven Scouting Glass": 13.429213864494507,
	"Life Ring": 13.060696224325794,
	"Great Mana Potion": 12.96582196299418,
	"Magic Light Wand": 12.410284229174799,
	"Obsidian Lance": 12.317814277196291,
	"Black Pearl": 12.21801804742753,
	"Magma Coat": 11.992666530861682,
	"Prismatic Quartz": 11.992666530861682,
	"Book of Necromantic Rituals": 11.88366204129751,
	"Plum": 11.825981544246803,
	"Red Piece of Cloth": 11.598111818374452,
	"Mutated Rat Tail": 11.582510984657494,
	"Swamp Grass": 11.511410635155096,
	"Lamassu Horn": 11.391570605187319,
	"Piercing Bolt": 11.115162805446007,
	"War Crystal": 11.106672932330827,
	"Sling Herb": 10.841164400637108,
	"Magma Legs": 10.820240990107774,
	"Incantation Notes": 10.632304203732774,
	"Lancet": 10.632304203732774,
	"Quara Pincers": 10.396686196172721,
	"Blood Tincture in a Vial": 10.352171637885924,
	"Tooth File": 10.21495423223285,
	"Mantassin Tail": 10.200755539379012,
	"Hand Axe": 10.113249444855661,
	"Epee": 9.948308270676693,
	"Crystal Sword": 9.912642097442209,
	"Quara Bone": 9.676726757460262,
	"Studded Helmet": 9.63374790474821,
	"War Hammer": 9.279293904694914,
	"Burst Arrow": 9.266325112036467,
	"Ice Cube": 9.103084033231646,
	"Violet Crystal Shard": 9.089337175792508,
	"Medicine Pouch": 9.018537666174298,
	"Small Notebook": 9.007442512964694,
	"Double Axe": 8.987719666775734,
	"Dwarven Shield": 8.810519431617749,
	"Plate Armor": 8.722451664531757,
	"Knife": 8.585141343600455,
	"Rope": 8.068960833314472,
	"Elven Amulet": 7.879705680699902,
	"Leather Helmet": 7.790329345320291,
	"Nail": 7.736791215844489,
	"Wood": 7.671971935007385,
	"Wand of Dragonbreath": 7.631696883275616,
	"Vampire's Cape Chain": 7.4647742466316975,
	"Lump of Dirt": 7.402883670495747,
	"Geomancer's Robe": 7.246928450975669,
	"Horoscope": 7.194313622885051,
	"Rusted Armor": 7.118130022466808,
	"Glacier Mask": 7.114868246725271,
	"Werehyaena Nose": 6.787878787878788,
	"Red Apple": 6.730702364394993,
	"Lamassu Hoof": 6.727305475504323,
	"Bunch of Ripe Rice": 6.451991788581971,
	"Hunting Spear": 6.2442865704454515,
	"Wooden Spellbook": 6.1804178944548624,
	"Small Flask of Eyedrops": 6.097101391617948,
	"Geomancer's Staff": 5.917610214406167,
	"Wooden Shield": 5.832989739449308,
	"Steel Helmet": 5.682390374365294,
	"Spellbook": 5.6755469904729985,
	"Northwind Rod": 5.644975502303126,
	"Iron Ore": 5.597171598945025,
	"Pieces of Magic Chalk": 5.411651840223269,
	"Small Enchanted Sapphire": 5.339240506329114,
	"Grave Flower": 5.2471392763362985,
	"Heavy Old Tome": 5.207281611469758,