{
	"Gold Coin": 7549.953814444283,
	"Platinum Coin": 3944.8166063326994,
	"Great Mana Potion": 852.0754529480554,
	"Fairy Wings": 809.0438170313021,
	"Great Health Potion": 754.366582358399,
	"Pirate Coin": 437.57601018434957,
	"Skull": 434.7600371933862,
	"Frazzle Tongue": 421.87584284232366,
	"Bone": 397.3863203774289,
	"Frazzle Skin": 368.513744813278,
	"Remains of a Fish": 354.9688796680498,
	"Pirat's Tail": 323.6838809463323,
	"Ice Rapier": 294.7781666922783,
	"Ham": 250.69970380208798,
	"Fish": 240.81314054286705,
	"Cyan Crystal Fragment": 211.0676426047451,
	"Dragon Ham": 195.47887265156214,
	"Big Bone": 190.44547458506224,
	"Small Diamond": 186.2797391719977,
	"Fish Fin": 181.4544865145228,
	"Piece of Iron": 177.06830473166968,
	"Mouldy Powder": 173.02959450945167,
	"Crystal Sword": 161.40428935469814,
	"Assassin Star": 160.47809655925934,
	"Red Crystal Fragment": 155.61140982438107,
	"Strong Health Potion": 144.1131723689598,
	"Strong Mana Potion": 132.30580210821057,
	"Shark Fins": 130.97596292933264,
	"Elven Astral Observer": 111.19720362061075,
	"Iron Ore": 98.78410269709543,
	"Knight Axe": 95.99505485724734,
	"Crowbar": 91.84960183892949,
	"Fire Sword": 90.84351337708227,
	"Terra Boots": 90.57192251812384,
	"Wand of Inferno": 90.27592891960057,
	"Silencer Claws": 87.45541089898626,
	"Red Gem": 84.51531218870869,
	"Grappling Hook": 82.92620689655172,
	"Dream Essence Egg": 76.68925351129963,
	"Small Emerald": 75.71205370976914,
	"Onyx Chip": 69.94481132401651,
	"Brown Mushroom": 65.07533243533659,
	"Knight Armor": 58.00326881391411,
	"Yellow Gem": 56.62859028362844,
	"Meat": 54.49603455869013,
	"Magma Boots": 50.90967587258001,
	"Wand of Starstorm": 50.66628640940966,
	"Heaven Blossom": 41.078779535169744,
	"Focus Cape": 39.18836273860827,
	"Springsprout Rod": 38.95862068965518,
	"Torch": 37.87881148420887,
	"Green Crystal Shard": 37.14790509843513,
	"Steel Shield": 35.794366355462685,
	"Ring of Blue Plasma": 35.26596610669246,
	"Belted Cape": 34.79122454832234,
	"Haunted Blade": 34.72665054289096,
	"Small Treasure Chest": 33.770822816759214,
	"Seeds": 31.848671165545127,
	"Wand of Voodoo": 31.16689655172414,
	"Elvish Talisman": 30.92858423171711,
	"Knife": 30.88586599300047,
	"Stealth Ring": 29.745893985857478,
	"Two Handed Sword": 29.0303450013213,
	"Great Spirit Potion": 28.138769313585687,
	"Violet Crystal Shard": 28.09741933199993,
	"Magma Amulet": 26.938627283845204,
	"Dragon Necklace": 26.56333046553867,
	"Might Ring": 25.761930765689076,
	"Scimitar": 25.74678074519812,
	"Dragon's Tail": 25.742234953529515,
	"Wand of Draconia": 24.879045756511125,
	"Small Enchanted Ruby": 23.62090199479618,
	"Crossbow": 23.615362760544464,
	"Worm": 23.44498883737428,
	"Wood Cape": 23.261138953295337,
	"Shadow Sceptre": 21.25410384397674,
	"Glorious Axe": 21.021818556064428,
	"Ultimate Health Potion": 20.924338137028897,
	"Wand of Dragonbreath": 20.818777309190146,
	"Terra Legs": 18.815108320897444,
	"Burst Arrow": 18.671487976857712,
	"Lightning Boots": 17.52032205056863,
	"Green Crystal Splinter": 17.392787251887057,
	"Diamond Sceptre": 16.60839808573046,
	"Leaf Star": 16.15628794449263,
	"Longsword": 14.277170568037278,
	"Rotten Piece of Cloth": 13.396535601371511,
	"Miraculum": 13.37458193979933,
	"Nightmare Blade": 12.377204356846473,
	"Essence of a Bad Dream": 11.676998902727526,
	"Arrow": 11.319511931601467,
	"Boots of Haste": 11.056904578498667,
	"Sai": 10.625713174273859,
	"Small Sapphire": 9.686675540710153,
	"Small Enchanted Sapphire": 9.423813993275434,
	"Piece of Crocodile Leather": 9.281007197983525,
	"Plate Shield": 9.126327666635145,
	"Wand of Cosmic Energy": 9.071187250850025,
	"Sun Fruit": 9.052483459462481,
	"Brown Crystal Splinter": 8.73972602739726,
	"Spider Fangs": 8.420546785060512,
	"Brass Helmet": 8.22786036027182,
	"Viking Helmet": 8.04339240498121,
	"Banana": 8.038461538461538,
	"Broken Halberd": 7.915228588615685,
	"Halberd": 7.31071549902677,
	"Orc Leather": 7.282339817759089,
	"Steel Helmet": 7.067283105612522,
	"Chain Armor": 7.025897860095428,
	"Cluster of Solace": 6.889198651452282,
	"Poison Arrow": 6.346092186002128,
	"Talon": 6.330153223474993,
	"Bunch of Ripe Rice": 5.948123742737179,
	"Pelvis Bone": 5.898758156177647,
	"Silver Amulet": 5.536927850009081,
	"Grapes": 5.351915489372534,
	"Plum": 5.011009128918137,
	"Lightning Pendant": 4.9749390561077655,
	"High Guard Shoulderplates": 4.939976364925549,
	"Broken Helmet": 4.799489473876065,
	"War Hammer": 4.7859912121995345,
	"Gold-Brocaded Cloth": 4.765478161759962,
	"Broadsword": 4.736400986689655,
	"Heavy Old Tome": 4.72577040599717,
	"Ghoul Snack": 4.676225675735851,
	"Plate Legs": 4.669996017217852,
	"Holy Orchid": 4.542983406323603,
	"Sword Ring": 4.497043276090897,
	"Rotten Feather": 4.259714844842046,
	"Spiked Iron Ball": 4.251978255731506,
	"Studded Helmet": 4.101253192224098,
	"Opal": 4.0819283456269755,
	"Axe": 3.9540696938016557,
	"Mace": 3.9133351854758134,
	"Corncob": 3.8974834133553093,
	"Mind Stone": 3.83805910660325,
	"Throwing Star": 3.8118057409837256,
	"Morning Star": 3.7769443857256904,
	"Shockwave Amulet": 3.709828359727174,
	"Collar of Blue Plasma": 3.578924544666088,
	"Health Potion": 3.55172004407091,
	"Fire Axe": 3.5377926421404684,
	"Energy Ring": 3.40864438485568,
	"Studded Armor": 3.264017163458215,
	"Epee": 3.247823712697954,
	"Small Amethyst": 3.219536600729769,
	"Obsidian Lance": 3.207698269464877,
	"Mastermind Potion": 3.185763386977611,
	"Giant Shimmering Pearl (Green)": 3.165536557766925,
	"Lightning Legs": 3.1650766117374967,
	"Hatchet": 3.1625622675927874,
	"Small Stone": 3.1481160615850152,
	"Demonic Skeletal Hand": 3.1135465145373566,
	"Elven Scouting Glass": 3.029145984472445,
	"Broken Shamanic Staff": 2.9537037037037037,
	"Terra Hood": 2.872879272190804,
	"Leather Boots": 2.7733109027485714,
	"Gold Ingot": 2.7115384615384617,
	"Tiger Eye": 2.7115384615384617,
	"Kongra's Shoulderpad": 2.6794871794871793,
	"Magma Coat": 2.6749163879598665,
	"Scale Armor": 2.6358658342358616,
	"Life Ring": 2.6279848599799305,
	"Small Ruby": 2.602105530188762,
	"Elven Amulet": 2.519240325980071,
	"Spear": 2.4626368252816335,
	"Royal Spear": 2.456016285357304,
	"Brass Shield": 2.4311844087163967,
	"Green Dragon Scale": 2.425601157114446,
	"Green Dragon Leather": 2.3792649223855156,
	"Double Axe": 2.354937702259714,
	"Mino Shield": 2.3412835013523483,
	"Crystal Ring": 2.3389888553930196,
	"Underworld Rod": 2.278451078924032,
	"Axe Ring": 2.223992627987928,
	"Battle Shield": 2.2153322236609547,
	"Shamanic Hood": 2.1769179894179898,
	"Scroll": 2.1331982780450747,
	"Half-Digested Piece of Meat": 2.122746505182495,
	"Leather Legs": 2.0852793986938307,
	"Orc Tooth": 2.056063848802313,
	"Sabre": 2.0407273526504075,
	"Power Ring": 2.0312148980195093,
	"Beastslayer Axe": 1.9130310349426134,
	"Short Sword": 1.8932800922099033,
	"Broken Ring of Ending": 1.8824965468504065,
	"Yielocks": 1.8824965468504065,
	"Crystal Crossbow": 1.8746747614917607,
	"Battle Axe": 1.8587034085045084,
	"High Guard Flag": 1.8338926967619948,
	"Iron Helmet": 1.8173964065764237,
	"Yielowax": 1.765271487156425,
	"Small Axe": 1.7593125714423596,
	"Winter Wolf Fur": 1.7000000000000002,
	"Dark Shield": 1.696582247356774,
	"Death Ring": 1.6627845107892403,
	"Mana Potion": 1.6530489271100504,
	"Orcish Gear": 1.6476495809030862,
	"Hellspawn Tail": 1.6144783534421574,
	"Vampire Teeth": 1.5628449324993632,
	"Blank Rune": 1.5610048949580564,
	"Brown Flask": 1.5365133309058543,
	"Lizard Leather": 1.5335177180089388,
	"Melon": 1.5267156242086604,
	"Orb": 1.502808158439255,
	"Black Pearl": 1.4748707124763496,
	"Lizard Scale": 1.4561922468774873,
	"Frosty Heart": 1.425044734574856,
	"Sacred Tree Amulet": 1.3864617203665386,
	"Warrior's Shield": 1.374231620358987,
	"Platinum Amulet": 1.3574471652613072,
	"Hunting Spear": 1.352680383501113,
	"Sword": 1.3511586475583717,
	"Black Shield": 1.300200877480755,
	"Chain Helmet": 1.290450531928342,
	"Sickle": 1.2554708630440128,