{
	"Gold Coin": 3692.800669819624,
	"Skull": 1693.6889495521689,
	"Dagger": 1657.729612932736,
	"Platinum Coin": 1371.2839310855475,
	"Dragon Ham": 641.8867005608898,
	"Brown Bread": 607.2771450265756,
	"Sabre": 478.9471917492349,
	"Meat": 357.2975397104058,
	"Ham": 259.1753505551508,
	"Spear": 225.17938624006098,
	"Girlish Hair Decoration": 223.39308988164828,
	"Elven Astral Observer": 125.22885572025753,
	"Protective Charm": 119.38760031174657,
	"Dream Essence Egg": 82.21948126597518,
	"Fairy Wings": 77.7110547187026,
	"Steel Shield": 67.6995804961845,
	"Fish": 59.791285101662055,
	"Worm": 56.85187950313708,
	"Bone": 54.413552365115194,
	"Green Mushroom": 50.23839286977081,
	"Crossbow": 46.45667605980333,
	"Dragon's Tail": 45.70455795211235,
	"Chain Armor": 45.64542119873623,
	"Heaven Blossom": 43.823458810186985,
	"Frazzle Tongue": 41.69566908713693,
	"Great Health Potion": 40.78983452276854,
	"Royal Spear": 40.286277222382665,
	"Belted Cape": 39.10496128477201,
	"Great Spirit Potion": 38.40889330312217,
	"Great Mana Potion": 37.79960635039359,
	"Book (Gemmed)": 37.66923306750017,
	"Lump of Dirt": 36.81434041543831,
	"Frazzle Skin": 36.42168049792531,
	"Burst Arrow": 36.22587838245043,
	"Seeds": 35.82894635248481,
	"Small Stone": 35.32142645901301,
	"Remains of a Fish": 35.08298755186722,
	"Small Sapphire": 32.5020039779626,
	"Torch": 31.77592385321319,
	"Elvish Talisman": 31.742307113900708,
	"Two Handed Sword": 31.087239323683143,
	"Dragon Necklace": 29.856897046171493,
	"Magma Amulet": 29.7508977765067,
	"Scimitar": 28.948199086507707,
	"Knife": 28.307361510681098,
	"Power Bolt": 27.20433984891682,
	"Wand of Draconia": 26.48313842240601,
	"Red Apple": 26.393428372739915,
	"Beetroot": 25.852254557083466,
	"Energy Ring": 25.67974003866701,
	"Small Enchanted Ruby": 25.544232437120552,
	"Hand Axe": 25.03516787539633,
	"Leather Helmet": 24.40741894940686,
	"Wand of Dragonbreath": 22.73198722824289,
	"Chicken Feather": 22.72562510488337,
	"Ultimate Health Potion": 21.111927533003,
	"Short Sword": 20.559698096923675,
	"Longsword": 20.372844438844837,
	"Small Axe": 20.113430908403004,
	"Hunting Spear": 19.73890211166664,
	"Fish Fin": 19.379721954946195,
	"Red Crystal Fragment": 19.277970511708585,
	"Big Bone": 18.91458970299192,
	"Hydra Head": 18.791471742754208,
	"Violet Crystal Shard": 18.688204683434517,
	"Mace": 18.16976775769117,
	"Leather Boots": 17.518028248211998,
	"Piece of Iron": 17.483791493775932,
	"Leaf Star": 17.471812662619257,
	"Essence of a Bad Dream": 16.78097463117959,
	"Assassin Star": 15.828619114508147,
	"Wood": 15.685314091680816,
	"White Mushroom": 14.403522076800934,
	"Steel Helmet": 13.871752793985074,
	"Halberd": 13.664858675757609,
	"Wooden Shield": 13.480240913351604,
	"Golden Mug": 12.740364505527337,
	"Sword": 12.409607292077625,
	"Miraculum": 12.234113712374581,
	"Rotten Piece of Cloth": 12.071603508928174,
	"Magma Boots": 12.037884842671781,
	"Ring of Blue Plasma": 11.790839919714895,
	"Spider Fangs": 11.510236275961914,
	"Cheese": 10.973673855504634,
	"Leather Armor": 10.910151292226391,
	"Rope": 10.811170559693569,
	"Bone Club": 10.260291585906717,
	"Iron Ore": 9.95519491819269,
	"Orc Leather": 9.854013656439902,
	"Strong Health Potion": 9.624483370282295,
	"Sun Fruit": 9.555989597169203,
	"Broadsword": 9.141787739529383,
	"Cucumber": 9.135434030578407,
	"Plate Legs": 8.886961474618282,
	"Lion's Mane": 8.536096992145728,
	"Terra Boots": 8.391995782676398,
	"Wand of Inferno": 8.249341255332594,
	"Wand of Cosmic Energy": 8.17766924110183,
	"Red Dragon Scale": 8.135184206292662,
	"Studded Club": 7.97592849288667,
	"Bolt": 7.9432014110465925,
	"Silencer Claws": 7.9046981937940615,
	"Silver Amulet": 7.563334804920201,
	"Small Diamond": 7.467050282113697,
	"Small Ruby": 7.347850590892387,
	"Double Axe": 6.824799739556589,
	"Heavy Old Tome": 6.7510771065873785,
	"Plate Shield": 6.524914904731936,
	"Badger Fur": 6.467540773904701,
	"Broken Helmet": 6.353627434240104,
	"Small Amethyst": 6.1457068755549615,
	"Sword Ring": 6.0916040374394065,
	"Shrimp": 6.083503236442336,
	"Rorc Feather": 5.895630836343807,
	"Wolf Tooth Chain": 5.747766148738565,
	"Health Potion": 5.620778111760236,
	"Mouldy Cheese": 5.455020083668554,
	"Wood Cape": 5.381613183000867,
	"Hatched Rorc Egg": 5.3732669892986165,
	"Plate Armor": 5.360502396655499,
	"Small Emerald": 5.178191826972828,
	"Mind Stone": 5.173956279923362,
	"Crystal Necklace": 4.91753986332574,
	"Green Dragon Scale": 4.706080877478454,
	"Green Dragon Leather": 4.616180661380445,
	"Terra Hood": 4.535767095585094,
	"Yellow Gem": 4.5316354969053165,
	"Axe": 4.478074823049748,
	"Life Crystal": 4.322575626329375,
	"Holy Orchid": 4.249055147347505,
	"Red Dragon Leather": 4.215072050745788,
	"Ghoul Snack": 4.213741817696041,
	"Magic Light Wand": 4.195328188916355,
	"Corncob": 4.132416559344307,
	"Bread": 4.11904453607898,
	"Quara Eye": 4.052485956233756,
	"Mantassin Tail": 4.045902084606505,
	"Knight Axe": 3.96065304387918,
	"Demonic Skeletal Hand": 3.9518090376820294,
	"Throwing Star": 3.920465412286079,
	"Thick Fur": 3.9031802120141346,
	"Honeycomb": 3.8864506382774247,
	"Broken Shamanic Staff": 3.8703703703703702,
	"Collar of Blue Plasma": 3.8703382480485686,
	"Protection Amulet": 3.86542645966956,
	"Mammoth Tusk": 3.7992932862190814,
	"Silky Fur": 3.7773691042838595,
	"Ring of Healing": 3.677699583499742,
	"Scroll": 3.5971227610471805,
	"Mino Shield": 3.5628227194492257,
	"Elven Amulet": 3.4415138824668037,
	"Battle Shield": 3.4051901465004972,
	"Quara Tentacle": 3.3236762656758017,
	"Small Enchanted Sapphire": 3.3174327840416304,
	"Life Ring": 3.3011922849458144,
	"Fire Axe": 3.236120401337793,
	"Acorn": 3.2286536616565398,
	"Arrow": 3.218600659620489,
	"Carrion Worm Fang": 3.196484518045327,
	"Studded Armor": 3.1889338945632155,
	"Underworld Rod": 3.156912381197536,
	"Haunted Blade": 3.138784541758864,
	"Scarab Coin": 3.104935259010999,
	"Stealth Ring": 3.0437799172982345,
	"Power Ring": 3.030991000110119,
	"Axe Ring": 2.985846489036172,
	"Battle Axe": 2.900030285222532,
	"Leather Legs": 2.8897285286148975,
	"Orcish Gear": 2.8833867665804007,
	"Beastslayer Axe": 2.874354561101549,
	"Shamanic Hood": 2.852513227513228,
	"Orc Tooth": 2.755835779982387,
	"Small Topaz": 2.745956950628849,
	"Scarab Pincers": 2.721043720744946,
	"Stone Skin Amulet": 2.711314787098696,
	"Quara Pincers": 2.626506024096386,
	"Dark Shield": 2.581755593803787,
	"Mango": 2.5673174872665534,
	"Obsidian Lance": 2.5023793401934107,
	"Cookie": 2.501568676322684,
	"Soldier Helmet": 2.4850076299569945,
	"Shaggy Tail": 2.47675644589284,
	"Magma Coat": 2.4468227424749167,
	"Melon": 2.399124552327895,
	"Dragon Hammer": 2.35071281983661,
	"Scorpion Tail": 2.327289301636589,
	"Hatchet": 2.3213441666869397,
	"Serpent Sword": 2.2865924529276547,
	"Cyclops Toe": 2.2646939835527817,
	"Quara Bone": 2.2610640870616687,
	"Battle Hammer": 2.2566425156225587,
	"Death Ring": 2.2508424475317765,
	"Sickle": 2.22289713252367,
	"Winter Wolf Fur": 2.2,
	"Knight Armor": 2.13122045318155,
	"Shovel": 2.126350933369189,
	"Warrior's Shield": 2.091222030981067,
	"Studded Shield": 2.08498068620768,
	"Studded Helmet": 2.0579561114329428,
	"Throwing Knife": 2.056522554799305,
	"Orb": 2.0342890925214308,
	"Crystal Crossbow": 2.027320034692108,
	"Blank Rune": 1.9737365698368485,
	"Black Shield": 1.9608411298215151,
	"Black Pearl": 1.9255357759461866,
	"Orcish Axe": 1.9232154876582486,
	"Shadow Sceptre": 1.9210621108423815,
	"Carrot": 1.9092962358951482,
	"Glorious Axe": 1.9000668965162353,
	"Sacred Tree Amulet": 1.8767957434229974,
	"Warrior Helmet": 1.8601019347387484,
	"Platinum Amulet": 1.8242979603901863,
	"Hydra Egg": 1.7375562366689967,
	"Terra Legs": 1.700612360417846,
	"Mana Potion": 1.6853732390692184,
	"Viking Helmet": 1.6559663915623044,
	"Strange Helmet": 1.6185811177840779,
	"Scale Armor": 1.5725714213524462,
	"Bunch of Troll Hair": 1.5559819258804874,
	"Collar of Red Plasma": 1.5552468223470293,
	"Banana": 1.5326400460612128,