{
	"Platinum Coin": 15474.259453530496,
	"Gold Coin": 6355.939554209902,
	"Ham": 2621.0988617027697,
	"Great Health Potion": 2155.2596194969196,
	"Meat": 1564.5433355453013,
	"Great Mana Potion": 1491.412643471878,
	"Great Spirit Potion": 1123.3037240147705,
	"Lion's Mane": 618.5764689143182,
	"Axe": 592.2873734416414,
	"Werehyaena Nose": 523.7792207792207,
	"Knife": 476.286205907657,
	"Lost Soul (Item)": 470.97860750120776,
	"Red Crystal Fragment": 458.45769342884375,
	"Cowbell": 443.84010397519825,
	"Plate Shield": 422.40243584642695,
	"Crystal Sword": 413.6512821650796,
	"Dark Mushroom": 389.96775813444094,
	"Dark Armor": 382.86677240285485,
	"Pirate Coin": 361.08805780744905,
	"Halberd": 360.60207828514166,
	"Soul Orb": 348.7246004571908,
	"Minotaur Horn": 345.3448078607511,
	"Cultish Robe": 342.4457488502226,
	"Skull": 294.6707455693358,
	"Dagger": 288.83577833776025,
	"Red Gem": 284.2606866662479,
	"Minotaur Leather": 280.22966545485497,
	"Green Mushroom": 267.2969167268345,
	"Pirat's Tail": 267.0953099186487,
	"Yellow Gem": 256.0319508036189,
	"Cyan Crystal Fragment": 247.82460386770407,
	"Small Amethyst": 244.0714671280821,
	"Ice Rapier": 240.1548759292566,
	"Bronze Amulet": 231.91192632455744,
	"Rapier": 223.38640102357888,
	"Small Diamond": 220.19683248442107,
	"Combat Knife": 196.83195432844397,
	"Leather Helmet": 192.94169729003283,
	"Mino Shield": 190.65058236272878,
	"Terra Boots": 178.9730885236243,
	"Life Preserver": 178.68331085167586,
	"Small Enchanted Sapphire": 171.03902261057442,
	"Small Emerald": 169.56836528306346,
	"Small Enchanted Amethyst": 164.44418480782116,
	"Ankh": 159.81539023944433,
	"Terra Amulet": 157.0782149321361,
	"Black Pearl": 149.92483599380884,
	"Mouldy Powder": 145.61058207799118,
	"Poison Arrow": 139.46418189242493,
	"Green Crystal Fragment": 134.12556823093806,
	"Garlic Necklace": 133.18151405548397,
	"Spear": 129.04386879925823,
	"Bat Wing": 126.54839019702067,
	"Wand of Starstorm": 117.71891799908315,
	"Ivory Carving": 115.63507056383084,
	"Shark Fins": 107.72504054091408,
	"Green Crystal Splinter": 107.3433171177744,
	"Ratana": 107.21539385393143,
	"Brown Bread": 106.62794229309036,
	"Serpent Sword": 104.00032933919883,
	"Small Enchanted Ruby": 100.34618258708531,
	"Silver Brooch": 100.14771574441457,
	"Small Ruby": 99.56252466680573,
	"Small Topaz": 95.1732660959655,
	"Doublet": 87.87838450209584,
	"Onyx Chip": 85.63543402382108,
	"Leather Boots": 84.03355829779663,
	"Ring of Healing": 83.99514519371199,
	"Sabre": 83.84997554397195,
	"Springsprout Rod": 83.74907599759851,
	"Worm": 83.48528608463776,
	"Hailstorm Rod": 82.33563291710293,
	"War Hammer": 80.42290061054949,
	"Chain Armor": 78.08794706647691,
	"Wand of Cosmic Energy": 76.6721238303928,
	"Small Enchanted Emerald": 76.63838678328474,
	"Fire Sword": 76.33714939253467,
	"Knight Axe": 75.70560709301371,
	"Crowbar": 74.42246121008128,
	"Brown Crystal Splinter": 73.2242700111663,
	"Mace": 72.34659002515257,
	"Twin Hooks": 71.4074389916717,
	"White Pearl": 69.71158171274601,
	"Wand of Inferno": 69.55512458955603,
	"Grappling Hook": 66.20224137931034,
	"Green Crystal Shard": 64.42561421994097,
	"Steel Helmet": 63.42604431118919,
	"Sword Ring": 62.40027025885731,
	"Death Toll": 61.82497274770395,
	"Rotten Piece of Cloth": 61.53573496014606,
	"Wand of Voodoo": 59.33469421355029,
	"Bone": 55.230357300864505,
	"Elven Astral Observer": 53.088614855176374,
	"Dragon Ham": 52.81798208555328,
	"Dark Shield": 52.267373556472045,
	"Flask of Demonic Blood": 49.85347959631785,
	"Girlish Hair Decoration": 49.55372569892167,
	"Purple Robe": 48.49686106297758,
	"Magma Boots": 47.025911793342416,
	"Knight Armor": 47.01711165243863,
	"Lightning Headband": 46.23311691059868,
	"Torch": 46.08370116716783,
	"Moonlight Crystals": 45.9904594342051,
	"Silver Amulet": 45.35075993967761,
	"Moonlight Rod": 42.26893214560651,
	"Terra Rod": 41.92603392723158,
	"Brass Helmet": 41.627529990103,
	"Ensouled Essence": 41.524983979281544,
	"Protection Amulet": 41.510304876083865,
	"Lamassu Horn": 40.76875416629477,
	"Rainbow Quartz": 38.95260268713134,
	"Cheese": 37.851885944193,
	"Glorious Axe": 35.36796193497224,
	"Gold Ingot": 35.29174077768484,
	"Strong Mana Potion": 34.98657453681187,
	"Snakebite Rod": 34.788785046728975,
	"Dream Essence Egg": 33.935434374490995,
	"Spirit Cloak": 33.30769230769231,
	"Focus Cape": 31.988785275644275,
	"Bolt": 30.638476655146707,
	"Black Shield": 30.452337802728874,
	"Mino Lance": 29.287114069144017,
	"Demonic Skeletal Hand": 28.740429364960214,
	"Small Treasure Chest": 28.369510348308935,
	"Short Sword": 28.31200850421025,
	"Sword": 27.606973507293787,
	"Spider Silk": 27.48555686754998,
	"Spiked Squelcher": 27.106437983760546,
	"Protective Charm": 26.435779783572684,
	"Ring of Blue Plasma": 26.2655204827399,
	"Health Potion": 25.17741359913408,
	"Throwing Star": 24.65891020979182,
	"Magma Amulet": 24.403090993135997,
	"Lamassu Hoof": 24.007810183655998,
	"Titan Axe": 23.42540741608993,
	"Terramite Legs": 23.36219832353843,
	"Red Piece of Cloth": 23.340167469418034,
	"Demonic Essence": 23.324168620605274,
	"Necklace of the Deep": 23.059104200201674,
	"Ghoul Snack": 21.47980585118226,
	"Werehyaena Talisman": 21.44055944055944,
	"Coral Brooch": 21.29097229556422,
	"Battle Shield": 21.159537466938374,
	"Heaven Blossom": 21.089910461688213,
	"Magma Legs": 20.663536220724204,
	"Green Gem": 19.909030241624603,
	"Cursed Bone": 19.690433960033108,
	"Skull Staff": 18.71825553806175,
	"Taurus Mace": 18.697798483083826,
	"Cyclops Toe": 18.440781799578186,
	"Two Handed Sword": 18.319104432005137,
	"Wood Cape": 18.04711918468029,
	"Red Apple": 17.620827538247564,
	"Heavy Old Tome": 17.61938121475726,
	"Machete": 17.503497802265834,
	"Belted Cape": 16.733486930117824,
	"Crown Helmet": 16.691829647230854,
	"Small Sapphire": 16.603325761156597,
	"Sphinx Feather": 16.40712596245785,
	"Ultimate Health Potion": 15.955536412877459,
	"Seeds": 15.366884812696854,
	"Noble Axe": 15.109252094913902,
	"Lightning Boots": 14.81830720433321,
	"Elvish Talisman": 14.770978401156967,
	"White Silk Flower": 13.9234034954111,
	"Lion Figurine": 13.271948074274116,
	"Sphinx Tiara": 13.242413567510441,
	"Dragon Necklace": 12.967437913073658,
	"Mana Potion": 12.900368577400457,
	"Glacial Rod": 12.631703361333004,
	"Scimitar": 12.192325620406313,
	"Hunting Spear": 11.787726008344924,
	"Terramite Shell": 11.629472674209412,
	"Golden Lotus Brooch": 11.360581609403926,
	"Wand of Draconia": 10.782362712988393,
	"Violet Crystal Shard": 10.773175497723177,
	"Rare Earth": 10.761038961038961,
	"Viking Helmet": 10.633919083527033,
	"Steel Shield": 10.14692520972022,
	"Blue Gem": 9.942957842977846,
	"Peacock Feather Fan": 9.701519759030404,
	"Battle Hammer": 9.698243506980933,
	"Cookie": 9.605594622330804,
	"Scythe": 9.417816226326865,
	"Wand of Dragonbreath": 8.92697821083502,
	"Iron Helmet": 8.907871927774774,
	"Warrior Helmet": 8.752339310875893,
	"Pelvis Bone": 8.57611725072702,
	"Leaf Star": 8.386470078057243,
	"Coal": 8.070782601532597,
	"Terra Mantle": 7.883780880773362,
	"Terramite Eggs": 7.790402324124789,
	"Werehyaena Trophy": 7.607142857142857,
	"Assassin Star": 7.42049341575472,
	"Glob of Acid Slime": 6.748051948051947,
	"Crossbow": 6.657501154084588,
	"Fire Axe": 6.640366959180263,
	"Beetroot": 6.264417674631501,
	"Dragon's Tail": 6.220213342975954,
	"Ivory Comb": 5.934563239026806,
	"Minotaur Trophy": 5.8476081481661595,
	"Hellspawn Tail": 5.724059616749467,
	"Magic Light Wand": 5.450841440145303,
	"Stonerefiner's Skull": 5.415584415584416,
	"Mercenary Sword": 5.357271095152603,
	"Lightning Pendant": 5.330632580141915,
	"Poisonous Slime": 5.264935064935065,
	"Broken Crossbow": 5.203564410110456,
	"Wolf Tooth Chain": 5.088761525414302,
	"Burst Arrow": 5.02693907069246,
	"Longsword": 5.025745943188687,
	"Mystical Hourglass": 4.953238251110592,
	"Wand of Defiance": 4.702179054904132,
	"Morning Star": 4.613693983297947,
	"Magma Monocle": 4.566694578021551,
	"Hatchet": 4.502631025047358,