{
	"Gold Coin": 3691.4973517035014,
	"Platinum Coin": 1848.9445673268206,
	"Ham": 426.69725648191496,
	"Great Spirit Potion": 342.90332579092876,
	"Meat": 244.62094325806012,
	"Lion's Mane": 182.9485818082267,
	"Dark Armor": 149.39379569651618,
	"Soul Orb": 99.88920351157817,
	"Dragon Ham": 94.57719845264461,
	"Torch": 90.25614837516599,
	"Crystal Sword": 85.99484813406067,
	"Cheese": 82.33107422506376,
	"Axe": 76.23172875097862,
	"Leather Helmet": 67.73604722429377,
	"Rapier": 65.34371742016216,
	"Bone": 61.23537124680038,
	"Great Health Potion": 60.19948185672341,
	"Small Enchanted Sapphire": 49.80612936363432,
	"Worm": 46.92607092071633,
	"Ankh": 46.636812282946444,
	"Blue Glass Plate": 45.2063841496973,
	"Longsword": 44.10226549182925,
	"Black Pearl": 43.13350576638106,
	"Morning Star": 42.32961865480053,
	"Small Flask of Eyedrops": 42.12695517989856,
	"Ivory Carving": 34.247515919495356,
	"Brown Crystal Splinter": 33.193651723705216,
	"Knife": 32.67772123214843,
	"Steel Shield": 32.23943836437173,
	"Blue Crystal Splinter": 31.838545283036456,
	"Serpent Sword": 31.13379635769741,
	"Silver Brooch": 29.927721318832024,
	"Skull": 29.832218899349716,
	"Sniper Arrow": 28.766382136507715,
	"Two Handed Sword": 27.446020482565377,
	"Bone Sword": 27.25180832852111,
	"Elder Bonelord Tentacle": 26.645443196004994,
	"Tainted Glooth Capsule": 26.576391947075024,
	"Small Enchanted Ruby": 26.37176849331663,
	"Small Diamond": 26.111288391659656,
	"Leather Boots": 25.968357001951244,
	"Green Glass Plate": 25.893910860012554,
	"Terra Boots": 25.652427310968747,
	"Spellbook": 25.616823229481355,
	"Rope Belt": 24.436358132057144,
	"Glooth Bag": 24.41302743345385,
	"War Hammer": 24.31829862220896,
	"Dagger": 23.325224182160778,
	"Lump of Earth": 21.785533158438064,
	"Sword": 21.45296077965089,
	"Strong Mana Potion": 20.825402606038942,
	"Twin Hooks": 20.748020911127707,
	"Cultish Robe": 20.617948091540974,
	"Great Mana Potion": 20.407036707492864,
	"Strong Health Potion": 20.323265138005095,
	"Banana": 19.55891294215535,
	"Magma Clump": 18.319338108174858,
	"Steel Helmet": 18.2230080218441,
	"Crystalline Arrow": 17.690828133443308,
	"Earth Arrow": 17.525809908320436,
	"White Pearl": 17.406987334194415,
	"Leather Legs": 17.309664251037166,
	"Rainbow Quartz": 17.305570614499498,
	"Ice Rapier": 16.154345585434882,
	"Dark Shield": 14.939886309659986,
	"Spear": 14.8543018496497,
	"Combat Knife": 14.559518036829965,
	"Plate Shield": 14.328792103202147,
	"Bolt": 14.217809172096958,
	"Moonlight Crystals": 14.094195871486,
	"Glorious Axe": 13.936379791472469,
	"Short Sword": 13.686662225273984,
	"Brass Helmet": 13.504581059016513,
	"Fiery Heart": 13.503334156581872,
	"Doublet": 13.325011213312804,
	"Red Crystal Fragment": 13.299398798287413,
	"Small Stone": 13.175981381901272,
	"Viking Helmet": 12.49590390709237,
	"Bonelord Eye": 12.366784959227525,
	"Compass": 12.016549768482339,
	"Beetroot": 11.980896559460824,
	"Blazing Bone": 11.910348234131884,
	"Halberd": 11.610845518049578,
	"Ultimate Health Potion": 11.576175626333615,
	"Lightning Headband": 11.519996451816048,
	"Pelvis Bone": 11.511288884332005,
	"Green Crystal Shard": 11.48407287739271,
	"Guardian Shield": 11.350580432162065,
	"Green Crystal Splinter": 11.149116830461779,
	"Mace": 11.011866273891613,
	"Werehyaena Nose": 10.90909090909091,
	"Rotten Piece of Cloth": 10.746671416484839,
	"White Mushroom": 10.31083411497085,
	"Glooth Capsule": 10.174905665213561,
	"Small Ruby": 10.153849344057218,
	"Spirit Cloak": 10.01923076923077,
	"Sabre": 9.954218297350305,
	"Onyx Chip": 9.909576695934344,
	"Yellow Gem": 9.785673643612885,
	"Chain Armor": 9.684659507772501,
	"Piece of Dead Brain": 8.993900852724382,
	"Green Mushroom": 8.940004087246813,
	"Blank Rune": 8.938415079476489,
	"Brown Bread": 8.618759194220335,
	"Crystalline Spikes": 8.60034564506488,
	"Spiked Squelcher": 8.525460018406035,
	"Glooth Steak": 8.449358381317072,
	"Green Crystal Fragment": 8.354633634449431,
	"Drill Bolt": 8.20938446014127,
	"Glooth Sandwich": 8.19248019276451,
	"Wyvern Talisman": 8.049430294906166,
	"Cyan Crystal Fragment": 7.7901742500420355,
	"Small Sapphire": 7.5971005439976,
	"Rusted Armor": 7.409430205118747,
	"Titan Axe": 7.213003076307289,
	"Warrior Helmet": 6.988668830892629,
	"Power Bolt": 6.858412548780363,
	"Hatchet": 6.584862888247756,
	"Coral Brooch": 6.300753370340999,
	"Royal Spear": 6.242098760857564,
	"Small Emerald": 6.235537700019692,
	"Book (Gemmed)": 6.187217025579739,
	"Small Topaz": 6.165241758050173,
	"Red Gem": 6.050636167747204,
	"Arrow": 5.926335605814645,
	"Honeycomb": 5.815735060244939,
	"Blue Robe": 5.661121917597608,
	"Raspberry": 5.600270331155666,
	"Magma Legs": 5.446056780674603,
	"Scale Armor": 5.247204190020162,
	"Life Preserver": 5.244755244755244,
	"Fish": 5.14932671674397,
	"Cultish Mask": 5.1489146895507325,
	"Small Enchanted Amethyst": 5.108065153519699,
	"Green Gem": 5.030430789684696,
	"Talon": 4.961707470182047,
	"Crown Helmet": 4.870955949552185,
	"Terra Amulet": 4.731010731986129,
	"Clerical Mace": 4.6884898333672576,
	"Heavy Old Tome": 4.647371896915921,
	"Sword Ring": 4.612249938256359,
	"Noble Axe": 4.56106413347478,
	"Giant Shimmering Pearl (Brown)": 4.5206384149697305,
	"Heavily Rusted Armor": 4.463576237839353,
	"Vampire Teeth": 4.454108057623185,
	"Mana Potion": 4.377266728789976,
	"Glacier Amulet": 4.341494036409291,
	"Wand of Inferno": 4.170426563861893,
	"White Silk Flower": 4.137182702653497,
	"Violet Gem": 3.955245029305504,
	"Girlish Hair Decoration": 3.937613353989712,
	"Lion Figurine": 3.9316395902495618,
	"Throwing Star": 3.923276022488394,
	"Terra Rod": 3.849103094826178,
	"Energy Ring": 3.7752906700835647,
	"Ghoul Snack": 3.751257959656232,
	"Small Amethyst": 3.6295227465739335,
	"Poison Arrow": 3.49378552509682,
	"Demonic Skeletal Hand": 3.4728018815993593,
	"Health Potion": 3.4338484945904852,
	"Piece of Crocodile Leather": 3.4056990091447243,
	"Glooth Axe": 3.34143300880823,
	"Glooth Club": 3.336705766297782,
	"Glooth Spear": 3.3344561969350845,
	"Glooth Blade": 3.323138811477591,
	"Pirate Voodoo Doll": 3.2839010372400455,
	"Glooth Amulet": 3.275398755268893,
	"Studded Helmet": 3.271029675663518,
	"Cookie": 3.222244264540154,
	"Ratana": 3.146853146853147,
	"Fox Paw": 3.02747738270566,
	"Plum": 3.006605477350882,
	"Prismatic Quartz": 2.94601381042059,
	"Blood Preservation": 2.8876687515919963,
	"Studded Armor": 2.8601629585065886,
	"Grapes": 2.8543549276653515,
	"Battle Shield": 2.831020718561498,
	"Book (Orange)": 2.8201551532879936,
	"Shrimp": 2.811751902622094,
	"Flask of Embalming Fluid": 2.7832252320997073,
	"Shadow Herb": 2.7665828674339914,
	"Quara Tentacle": 2.707323097739367,
	"Half-Digested Piece of Meat": 2.6657746809268543,
	"Lightning Pendant": 2.6359070935342124,
	"Giant Shimmering Pearl (Green)": 2.612075768979587,
	"Terra Mantle": 2.6086932428807064,
	"Assassin Star": 2.6074689256474337,
	"Haunted Blade": 2.5829166064460183,
	"Werebadger Claws": 2.5365199910654455,
	"Werebadger Skull": 2.3713424167969626,
	"Fur Armor": 2.3686130549329176,
	"Gauze Bandage": 2.302596019331044,
	"Iron Helmet": 2.2673406018413997,
	"Rubber Cap": 2.2636418125062505,
	"Throwing Knife": 2.2518923625075056,
	"Crab Pincers": 2.1984838042729153,
	"Magma Amulet": 2.1899367053212977,
	"Ultimate Mana Potion": 2.1874105865522173,
	"Terra Hood": 2.1642802083331034,
	"Golden Mug": 2.1519025754536334,
	"Protective Charm": 2.1007825873909494,
	"Terra Legs": 2.097060266979601,
	"Troll Green": 2.0558485755842315,
	"Blue Gem": 1.9548706659328563,
	"Badger Fur": 1.920051167252958,
	"Cape": 1.8837607830835776,
	"Broken Crossbow": 1.836552144744867,
	"Dirty Cape": 1.8231158605174356,
	"Flask of Demonic Blood": 1.8165622312323382,
	"Piercing Bolt": 1.8078522916487794,
	"Worn Leather Boots": 1.7802197802197801,
	"Plate Armor": 1.7788231884010457,
	"Brown Mushroom": 1.763774050156485,
	"Coal": 1.7445273812039976,
	"Cyclops Toe": 1.677093474314413,
	"Elven Scouting Glass": 1.6155445250519707,