{
	"Platinum Coin": 4892.812023920677,
	"Gold Coin": 4552.789405879514,
	"Great Health Potion": 977.6147887365798,
	"Great Mana Potion": 970.9367031347804,
	"Dragon Ham": 566.1649443170127,
	"Meat": 535.2186138642397,
	"Ham": 379.4439444285679,
	"Pirate Coin": 301.5011462233133,
	"Ice Rapier": 269.9049209803802,
	"Great Spirit Potion": 266.02528524681253,
	"Dark Mushroom": 263.31116933098264,
	"Dagger": 250.19390211964975,
	"Skull": 244.20782066106628,
	"Crystal Sword": 227.97291642757642,
	"Pirat's Tail": 217.04191523219225,
	"Axe": 207.69729314940938,
	"Strong Health Potion": 207.00490471641638,
	"Green Mushroom": 190.12991099242456,
	"Werehyaena Nose": 176.16883116883116,
	"Red Crystal Fragment": 165.60949450199016,
	"Knife": 157.3488854678596,
	"Strong Mana Potion": 154.39268774469892,
	"Banana": 151.11789117297008,
	"Wyrm Scale": 148.12936250840414,
	"Lion's Mane": 142.00881972859696,
	"Poison Arrow": 128.60814718798738,
	"Halberd": 126.81029888031902,
	"Spear": 125.1765651435223,
	"Small Stone": 124.32995465744048,
	"Terra Amulet": 108.89147754418666,
	"Red Gem": 106.94377389344876,
	"Terra Boots": 103.80224941589518,
	"Worm": 98.40278027830013,
	"Burst Arrow": 98.18199205171166,
	"Chain Armor": 97.76416915009352,
	"Shark Fins": 97.30343691553627,
	"Knight Axe": 95.12847877842542,
	"Crowbar": 93.51613168048601,
	"Garlic Necklace": 89.6326465884268,
	"Brown Bread": 88.61047835990888,
	"Small Diamond": 87.33194334138264,
	"Dark Armor": 87.09555908009516,
	"Crossbow": 86.50281314090657,
	"Plate Shield": 86.37002425631586,
	"Yellow Gem": 85.85340048257527,
	"Bat Wing": 85.58279236381111,
	"Mouldy Powder": 80.73879212005033,
	"Cyan Crystal Fragment": 79.50274945816474,
	"Soul Orb": 78.9300856043355,
	"Sabre": 71.73369481671955,
	"Combat Knife": 68.09615980911308,
	"Life Preserver": 61.46056428571892,
	"Wand of Inferno": 59.4335379739788,
	"Knight Armor": 59.2054165011325,
	"Wand of Starstorm": 56.913429553007106,
	"Orange": 56.25506526057636,
	"Grappling Hook": 55.56672413793103,
	"Small Enchanted Amethyst": 55.522791704609894,
	"Mace": 54.473437670088806,
	"Arrow": 53.74075818645102,
	"Dead Snake": 53.30247682302477,
	"Bolt": 53.01075133862657,
	"Focus Cape": 51.99025967079351,
	"Leather Helmet": 51.42572824679109,
	"Rapier": 50.12685066715409,
	"Short Sword": 48.78704376153165,
	"Small Amethyst": 48.76625978677131,
	"Bone": 43.44219359702938,
	"Green Crystal Fragment": 42.8298791441065,
	"Fish": 42.57091214125076,
	"White Mushroom": 39.66387989233442,
	"Small Enchanted Sapphire": 38.04175334392695,
	"Girlish Hair Decoration": 38.01460124001635,
	"Ratana": 37.36937177441985,
	"Green Crystal Splinter": 36.847622478386164,
	"Steel Shield": 36.66141488235142,
	"Ankh": 36.09967219614377,
	"Sword": 35.981729531142214,
	"Scroll": 35.55741169504562,
	"Scale Armor": 33.65204298026701,
	"Magma Boots": 33.53210250121769,
	"Black Pearl": 33.21350317986583,
	"Brass Helmet": 32.741647320204194,
	"Fire Sword": 31.726259268618282,
	"Leather Boots": 31.642004980182435,
	"Silver Amulet": 31.492467252115386,
	"Onyx Chip": 31.41219882508689,
	"Wand of Voodoo": 31.264236533923484,
	"Cheese": 30.48137918058582,
	"Health Potion": 30.417506222428354,
	"Small Emerald": 29.619619113616526,
	"Melon": 28.112442070043784,
	"Springsprout Rod": 27.921010888449224,
	"Steel Helmet": 27.47514289788078,
	"Piece of Crocodile Leather": 26.444251129829624,
	"Ivory Carving": 26.120766898523847,
	"Brown Crystal Splinter": 25.791601255886967,
	"Small Enchanted Emerald": 25.727210884353738,
	"Doublet": 24.82213662626034,
	"Serpent Sword": 24.64226826580224,
	"Dragon's Tail": 24.288452101144202,
	"Silver Brooch": 24.258996764528632,
	"Hunting Spear": 23.74584597645523,
	"Grapes": 23.54842815323915,
	"Small Axe": 23.503684168175013,
	"Longsword": 22.090870395522934,
	"Green Crystal Shard": 21.468364582074887,
	"Blank Rune": 21.430783853085305,
	"Small Enchanted Ruby": 21.04921850264791,
	"Sword Ring": 20.584384105400954,
	"Protective Charm": 20.291355527323763,
	"Elvish Talisman": 20.256208518218926,
	"Ring of Blue Plasma": 19.964928002246907,
	"Spider Silk": 19.76676901916545,
	"Studded Helmet": 19.122917235111807,
	"Kongra's Shoulderpad": 18.7194519032958,
	"War Hammer": 18.68612058544998,
	"Plum": 18.440513594418743,
	"Bread": 18.3295596582224,
	"Twin Hooks": 18.054081538140892,
	"Protection Amulet": 16.74580679617504,
	"Torch": 15.74461235579795,
	"Hailstorm Rod": 15.475346591909766,
	"Minotaur Horn": 15.443602905295851,
	"Wood Cape": 14.758748674443266,
	"Rotten Piece of Cloth": 14.721467693814846,
	"Cobra Tongue": 14.483539390454284,
	"Studded Armor": 14.297384195351167,
	"White Pearl": 14.28180588468984,
	"Banana Sash": 14.15372719288442,
	"Lightning Boots": 14.137327677624603,
	"Cape": 13.953894132664757,
	"Elven Scouting Glass": 13.328242331678759,
	"Boggy Dreads": 12.733698929053375,
	"Soft Cheese": 12.476467144555226,
	"Rat Cheese": 12.338390193396256,
	"Bone Club": 12.08068936668327,
	"Red Apple": 11.991166055034036,
	"Lizard Leather": 11.794288669234618,
	"Small Treasure Chest": 11.71125694093892,
	"Striped Fur": 11.619307051202377,
	"Glob of Tar": 11.475062725659384,
	"Lizard Scale": 11.429246713677673,
	"Dark Shield": 11.248215701823948,
	"Wand of Draconia": 10.822667582169709,
	"Moonlight Crystals": 10.442101574405964,
	"Rainbow Quartz": 10.26662373990726,
	"Black Shield": 10.256061755155699,
	"Hatchet": 9.998638324489212,
	"Lightning Headband": 9.762325673597813,
	"Morning Star": 9.402442809540936,
	"Elven Astral Observer": 9.051550121188004,
	"Sling Herb": 8.836448322694114,
	"Glorious Axe": 8.56958660346822,
	"Green Tunic": 8.46405961726296,
	"Lightning Pendant": 8.106970211977641,
	"Leather Armor": 8.034338501330758,
	"Spirit Cloak": 7.581848051607787,
	"Earflap": 7.561273676192158,
	"Crab Pincers": 7.394900068917988,
	"Mutated Flesh": 7.381144113127541,
	"Cheese Cutter": 7.360516798409487,
	"Bola": 7.312989763431263,
	"Plate Legs": 7.305056979305947,
	"Werehyaena Talisman": 7.2377622377622375,
	"Shadow Herb": 7.091137438125171,
	"Royal Spear": 7.022040403576107,
	"Book (Gemmed)": 7.006113396612351,
	"Small Sapphire": 6.882983066132155,
	"Scarab Coin": 6.75204689932192,
	"Piercing Bolt": 6.503668812004653,
	"Little Bowl of Myrrh": 6.415824429685244,
	"Shovel": 6.406606208476123,
	"Plate Armor": 6.342808295267911,
	"Spiked Squelcher": 6.33800319902593,
	"Soldier Helmet": 6.153352226560177,
	"Book of Necromantic Rituals": 5.94702744500639,
	"Lamassu Horn": 5.9016570605187315,
	"Sabretooth": 5.826466916354557,
	"Terra Mantle": 5.730612244897959,
	"Minotaur Leather": 5.710352100183037,
	"Broken Crossbow": 5.662702446296673,
	"Titan Axe": 5.652239795878102,
	"Small Ruby": 5.622129759806484,
	"Coconut": 5.531283916692201,
	"Heavy Old Tome": 5.500170409696592,
	"Bow": 5.320096729031437,
	"Centipede Leg": 5.291451762915363,
	"Mouldy Cheese": 5.220644245872412,
	"Broken Helmet": 5.148081993705877,
	"Ghoul Snack": 5.1387095337756605,
	"Power Bolt": 5.047091540070327,
	"Obsidian Lance": 5.012736963121277,
	"Green Bandage": 5.007796708056598,
	"Coral Brooch": 4.983304394116392,
	"Flask of Embalming Fluid": 4.961401500699479,
	"Broadsword": 4.892424516362322,
	"Ape Fur": 4.844206041077216,
	"Violet Crystal Shard": 4.708933717579251,
	"Studded Legs": 4.656265236470015,
	"Single Human Eye": 4.542881894311291,
	"Blue Crystal Shard": 4.507564841498559,
	"Broken Flask": 4.449898931562229,
	"Leather Legs": 4.429928550033319,
	"Magma Legs": 4.390442609998078,
	"Assassin Star": 4.218710928901025,
	"Energy Ring": 4.170393102836204,
	"Gauze Bandage": 4.1046276866336004,
	"Life Crystal": 4.000723249551262,
	"Strange Talisman": 3.9088499064599525,
	"Piece of Warrior Armor": 3.828226555246054,
	"Copper Shield": 3.794763447765857,
	"Life Ring": 3.777513882934498,
	"Crown Helmet": 3.7455675379272533,
	"Fishbone": 3.724757347649336,
	"Cookie": 3.6563704707535565,
	"Pick": 3.5530941902490594,
	"Lamassu Hoof": 3.4852305475504326,
	"Noble Axe": 3.441388133619182,
	"Elven Amulet": 3.429471794842185,