{
	"Platinum Coin": 14320.117561825347,
	"Gold Coin": 4588.952119000465,
	"Ham": 2256.209711424758,
	"Great Spirit Potion": 1872.3698304989587,
	"Lion's Mane": 1026.4316150595741,
	"Meat": 924.711778026823,
	"Bone": 753.6148842762993,
	"Great Health Potion": 752.6812739960955,
	"Strong Mana Potion": 711.1260288532843,
	"Dark Armor": 628.458564631245,
	"Soul Orb": 625.4602839433512,
	"Hydrophytes": 464.92272855929804,
	"Crystal Sword": 458.49864945081066,
	"Two-Headed Turtle Heads": 361.9920747240306,
	"Rapier": 360.99474649292256,
	"Black Pearl": 334.2335885357712,
	"Leather Helmet": 310.92364405879016,
	"Glacier Shoes": 286.582009828819,
	"Small Enchanted Sapphire": 273.30366476653876,
	"Ankh": 257.03710473405226,
	"Silver Brooch": 252.552980618466,
	"Carnisylvan Bark": 251.99188305372977,
	"Terra Boots": 235.26107220526563,
	"Carnisylvan Finger": 230.60498215581595,
	"Small Diamond": 216.2881222498112,
	"Halberd": 203.04724903989307,
	"Giant Shimmering Pearl (Green)": 200.398271539036,
	"White Pearl": 199.2693354936282,
	"Ivory Carving": 187.83383393021325,
	"Lightning Headband": 184.80219924574797,
	"Small Tropical Fish": 167.69600905745827,
	"Serpent Sword": 166.31805867308336,
	"Orichalcum Pearl": 165.51358344113842,
	"War Hammer": 162.9898669610984,
	"Axe": 158.57368739938627,
	"Combat Knife": 157.95809710785875,
	"Coral Brooch": 152.34750650544666,
	"Leather Boots": 150.70554532742844,
	"Spike Sword": 149.33581398652845,
	"Small Enchanted Ruby": 141.31370752062412,
	"Staff": 131.07019133334694,
	"Twin Hooks": 129.04256908140403,
	"Twigs": 122.12381659058144,
	"Flotsam": 115.39327296248383,
	"Remains of a Fish": 108.39974126778785,
	"Steel Helmet": 99.63081993510636,
	"Knight Legs": 97.29908759935896,
	"Gemmed Figurine": 96.8149531157085,
	"Emerald Bangle": 91.87985644037194,
	"Small Emerald": 90.04413764479996,
	"Coral Branch": 81.59120310478654,
	"Dark Shield": 81.16415543219667,
	"Glob of Glooth": 78.26214987806422,
	"Moonlight Crystals": 76.37138871706988,
	"Doublet": 69.32771609833466,
	"Rainbow Quartz": 63.12767644726408,
	"Dragon Ham": 62.56394067832105,
	"Terra Hood": 62.266350710900475,
	"Terra Amulet": 61.29578262100198,
	"Diamond Sceptre": 61.1530594949425,
	"Green Crystal Shard": 60.0268857356236,
	"Knight Axe": 58.987347275968524,
	"Glorious Axe": 58.054916732751785,
	"Spellbook of Enlightenment": 57.85785161606451,
	"Gold Nugget": 57.82621001981319,
	"Great Mana Potion": 56.76395726028671,
	"Spirit Cloak": 54.67307692307693,
	"Underworld Rod": 52.73539070552697,
	"Torch": 52.42038020871107,
	"Mushroom Pie": 52.018348623853214,
	"Wand of Starstorm": 50.590392923133116,
	"Onyx Chip": 49.447636144395084,
	"Cyan Crystal Fragment": 47.226375380190866,
	"Spiked Squelcher": 44.07724255690645,
	"Cape": 43.87189979939655,
	"Wooden Trash": 43.59633027522936,
	"Strong Health Potion": 40.90433457496128,
	"Dragonbone Staff": 38.4988827778695,
	"Titan Axe": 38.32751784298176,
	"Epee": 36.20283387463725,
	"Guardian Halberd": 33.68807339449541,
	"Beetroot": 33.361744404956745,
	"Terra Rod": 32.13363671838286,
	"Clay Lump": 30.09404823029485,
	"Magma Legs": 29.152612094306946,
	"Yellow Gem": 28.95625455982889,
	"Crown Helmet": 26.846097605556572,
	"Shrimp": 26.561043768180994,
	"Slime Heart": 26.41145975443383,
	"Small Sapphire": 26.02359722887204,
	"Noble Axe": 24.80137492733772,
	"Collar of Blue Plasma": 23.779816513761467,
	"Hailstorm Rod": 23.417036863243165,
	"Fish": 22.994932038321636,
	"Small Topaz": 22.886443994177217,
	"White Silk Flower": 22.66645629591019,
	"Poisoned Fang": 22.66357435197817,
	"Lion Figurine": 21.56183715274149,
	"Springsprout Rod": 21.34551732526276,
	"Spellbook": 21.26542224234987,
	"White Gem": 20.817435607132747,
	"Green Crystal Fragment": 20.376615164896947,
	"Spellbook of Warding": 20.030866075916965,
	"Fire Mushroom": 18.825688073394495,
	"Mercenary Sword": 18.64941785252264,
	"Brass Helmet": 18.557472030088295,
	"Scale Armor": 15.482737200179082,
	"Plate Shield": 14.789348143670903,
	"Quara Tentacle": 14.509846621735782,
	"Human Teeth": 14.09467599365867,
	"Quara Bone": 13.117986616036918,
	"Quara Eye": 12.507132132132133,
	"Sacred Tree Amulet": 12.385321100917432,
	"Small Ruby": 11.598860969686518,
	"Glooth Spear": 11.502343565433739,
	"Quara Pincers": 11.299839128820691,
	"Knife": 11.091651530031283,
	"Small Amethyst": 11.027721154386764,
	"Viper Star": 10.854024556616643,
	"Mace": 10.763402303169137,
	"Worm": 9.335361832187974,
	"Longsword": 8.835799577902772,
	"Viking Helmet": 8.544441073190718,
	"Fox Paw": 8.15181990321902,
	"Double Axe": 7.715366951640009,
	"Short Sword": 7.287891906637724,
	"Chain Armor": 7.266797205004021,
	"Rotten Piece of Cloth": 7.213519169969275,
	"Violet Gem": 6.99353169469599,
	"Banana": 6.746860447275147,
	"Brown Mushroom": 6.735338352840957,
	"Poisonous Slime": 6.688676671214188,
	"Wyrm Scale": 6.590183974084714,
	"Plate Armor": 6.590000407756236,
	"Werebadger Claws": 6.565110565110564,
	"Candlestick": 6.552247018270678,
	"Glooth Axe": 6.334490702042567,
	"Troll Green": 6.1888740035669505,
	"Werebadger Skull": 6.137592137592138,
	"Spear": 6.131820700052693,
	"Glooth Club": 6.029731403825635,
	"Badger Fur": 5.558042852574352,
	"Glooth Blade": 5.480855627873705,
	"Mana Potion": 5.310354120603469,
	"Wereboar Hooves": 5.098776619845944,
	"Burst Arrow": 5.0906278312944995,
	"Sword": 5.045982747534465,
	"Wereboar Tusks": 5.0090620752152235,
	"Fish Fin": 4.956047117171159,
	"Brass Armor": 4.928166612025901,
	"Frosty Heart": 4.863627073577043,
	"Glooth Steak": 4.805457025920873,
	"Crossbow": 4.707895105354551,
	"Pelvis Bone": 4.599031782782572,
	"Butterfly Ring": 4.44762757385855,
	"Two Handed Sword": 4.21838362571006,
	"Skull": 4.17368998234072,
	"Heavy Old Tome": 4.121545343630253,
	"Silky Fur": 4.067935958459541,
	"Cyclops Toe": 4.064516129032258,
	"Warwolf Fur": 4.062545842501834,
	"Werefox Tail": 3.9183673469387754,
	"Glooth Amulet": 3.681951600890004,
	"Werebear Fur": 3.160024906600249,
	"Steel Shield": 3.1408545263247154,
	"Green Mushroom": 3.0357513794243465,
	"Lump of Dirt": 3.001169055606384,
	"Werebear Skull": 2.963885429638854,
	"Ice Cube": 2.9260487654326157,
	"Talon": 2.8915956988503466,
	"Health Potion": 2.8870599884324517,
	"Life Ring": 2.838045729184394,
	"Acorn": 2.774624240486089,
	"Cheese": 2.772727272727273,
	"Ghoul Snack": 2.5179676715500734,
	"Demonic Skeletal Hand": 2.5147875694340187,
	"Hatchet": 2.4657265137164104,
	"Poison Arrow": 2.389588274645746,
	"Werewolf Fangs": 2.35845340520369,
	"Ring of Healing": 2.2528197083161543,
	"Wooden Shield": 2.232501898614897,
	"Gold Ring": 2.223813786929275,
	"Battle Shield": 2.1723404197472775,
	"Throwing Star": 2.1682914519340066,
	"Dragon's Tail": 2.113543818000709,
	"Wolf Paw": 1.9628087605786768,
	"Wyvern Talisman": 1.9222520107238605,
	"Book (Gemmed)": 1.8975900845491855,
	"Power Bolt": 1.8869371394710255,
	"Book of Necromantic Rituals": 1.6878217996974763,
	"Obsidian Lance": 1.6746598457076687,
	"Royal Spear": 1.622390584787614,
	"Werewolf Fur": 1.5714729967865657,
	"Kongra's Shoulderpad": 1.5025941662710443,
	"Ultimate Health Potion": 1.4826466421175204,
	"Dead Snake": 1.4151100041511,
	"Honeycomb": 1.4088192593847029,
	"Green Crystal Splinter": 1.4064858820240422,
	"Assassin Star": 1.3714285714285714,
	"Moonlight Rod": 1.3714285714285714,
	"Hand Axe": 1.36139896373057,
	"Carrot": 1.344872349632194,
	"Morning Star": 1.311606667567493,
	"Rusted Armor": 1.2762516844614906,
	"Northwind Rod": 1.2329933420743442,
	"Winter Wolf Fur": 1.2000000000000002,
	"Shadow Herb": 1.1765375894339796,
	"Turtle Shell": 1.1565242003962637,
	"Minotaur Horn": 1.093836666775425,
	"Life Crystal": 1.0912588212546317,
	"Flask of Embalming Fluid": 1.0890881342998855,
	"Energy Ring": 1.0594540451330254,
	"Leather Legs": 1.0381080335102193,
	"Brown Piece of Cloth": 1.0280278583458786,
	"Vampire Teeth": 1.015849206124586,
	"Wolf Tooth Chain": 1.013025071653804,
	"Small Stone": 1.003589981200683,
	"Boggy Dreads": 0.9871084441126647,