{
	"Gold Coin": 10864.56632783051,
	"Platinum Coin": 10416.633961178322,
	"Ham": 2607.8492278646686,
	"Great Spirit Potion": 1851.0886161589187,
	"Meat": 1310.8490566781365,
	"Lion's Mane": 1023.0186206493358,
	"Great Mana Potion": 811.1074937165172,
	"Great Health Potion": 802.5602713208455,
	"Fairy Wings": 779.8731106751936,
	"Dark Armor": 639.9534099920697,
	"Crystal Sword": 610.4481840842934,
	"Soul Orb": 549.9045878267227,
	"Bone": 549.2895868288749,
	"Skull": 425.7138889763407,
	"Frazzle Tongue": 405.71291493775936,
	"Pirate Coin": 391.5540289860856,
	"Rapier": 366.4088832023396,
	"Frazzle Skin": 354.39522821576764,
	"Remains of a Fish": 341.3692946058091,
	"Leather Helmet": 317.5972671292801,
	"Pirat's Tail": 290.06232983527747,
	"Small Enchanted Sapphire": 279.51556756600087,
	"Ice Rapier": 263.24338426791417,
	"Small Diamond": 262.9961419028407,
	"Ankh": 262.13672089197587,
	"Fish": 238.5006110826941,
	"Cyan Crystal Fragment": 234.93013701109004,
	"Black Pearl": 231.2191927603224,
	"Terra Boots": 227.95100586497188,
	"Ivory Carving": 191.41810300030542,
	"Big Bone": 183.48683755550704,
	"Fish Fin": 174.50259336099586,
	"Piece of Iron": 170.1231846473029,
	"Serpent Sword": 169.77194342005478,
	"Axe": 163.44799037796042,
	"Silver Brooch": 161.31899653770463,
	"Assassin Star": 156.05826613051437,
	"Mouldy Powder": 155.90794654198982,
	"War Hammer": 146.68373121907467,
	"Small Enchanted Ruby": 144.02559892519906,
	"Leather Boots": 140.00964227162586,
	"Red Crystal Fragment": 138.91681228076988,
	"Shark Fins": 117.82757999285636,
	"Twin Hooks": 116.26482449589244,
	"Onyx Chip": 110.44031250776028,
	"Dragon Ham": 106.29585383614109,
	"Knight Axe": 105.39791921257958,
	"Steel Helmet": 104.0232249808064,
	"Carnisylvan Bark": 98.86269348521361,
	"White Pearl": 97.31392125692473,
	"Iron Ore": 94.99948132780082,
	"Orc Leather": 94.08829626399728,
	"Carnisylvan Finger": 91.47445523204601,
	"Green Crystal Shard": 88.03812024539323,
	"Red Gem": 85.06805679597198,
	"Worm": 84.81532818289423,
	"Silencer Claws": 84.70426593938146,
	"Fire Sword": 83.26435782321333,
	"Dark Shield": 82.64869151467089,
	"Crowbar": 81.7075773745998,
	"Yellow Gem": 79.8498079922164,
	"Glorious Axe": 79.47729316650434,
	"Moonlight Crystals": 78.92612672834198,
	"Lightning Headband": 77.68652534303834,
	"Wand of Inferno": 75.96548291940442,
	"Grappling Hook": 74.44862068965517,
	"Doublet": 71.77432876401949,
	"Wand of Starstorm": 66.09705181660892,
	"Small Emerald": 64.6925887373315,
	"Rainbow Quartz": 64.2823156225218,
	"Broken Helmet": 61.787869136991496,
	"Shaggy Tail": 60.756951954744466,
	"Spirit Cloak": 55.67307692307693,
	"Chain Armor": 53.455453727929964,
	"Knight Armor": 51.58583336796742,
	"Beetroot": 50.05259092969867,
	"Spear": 45.723826549755096,
	"Spiked Squelcher": 44.924537708678365,
	"Springsprout Rod": 43.587458347818036,
	"Warwolf Fur": 42.93333466731344,
	"Diamond Sceptre": 39.36026996061416,
	"Titan Axe": 39.02854877081681,
	"Wolf Tooth Chain": 37.8294674461928,
	"Compound Eye": 37.34703486039614,
	"Orc Tooth": 36.936505203262556,
	"Piece of Crocodile Leather": 35.259001506439496,
	"Coral Brooch": 35.0109040444092,
	"Focus Cape": 34.890024520187296,
	"Magma Boots": 34.83625413003703,
	"Orcish Axe": 33.90221471152548,
	"Haunted Blade": 33.634230432769,
	"Banana": 32.1372126786243,
	"Small Treasure Chest": 30.868248359414437,
	"Magma Legs": 29.708828367757267,
	"Wand of Voodoo": 29.06258441888536,
	"Stealth Ring": 28.856117062406884,
	"Arrow": 28.798425176355934,
	"Crown Helmet": 27.378724182050817,
	"Combat Knife": 25.83935778022191,
	"Noble Axe": 25.253766851704995,
	"Studded Helmet": 25.18174038046894,
	"Terra Hood": 25.106161137440758,
	"Halberd": 25.042041140534266,
	"Bow": 24.42925155370179,
	"White Silk Flower": 23.095198661937623,
	"Green Crystal Fragment": 22.769280557630076,
	"Lion Figurine": 21.97303056806917,
	"Ring of Blue Plasma": 21.28808766348533,
	"Broken Crossbow": 21.244106017311935,
	"Shadow Sceptre": 20.58549889363454,
	"Underworld Rod": 20.469933896805593,
	"Knife": 20.13860479086881,
	"Studded Legs": 19.928815212091664,
	"Swarmer Antenna": 19.84573796497135,
	"Werehyaena Nose": 18.595238095238095,
	"Terra Legs": 18.223228528791232,
	"Mushroom Pie": 18.206422018348626,
	"Heavy Old Tome": 16.44017913926308,
	"Torch": 16.236544291175687,
	"Wood Cape": 15.799752562743018,
	"Epee": 15.633819420388138,
	"Dragonbone Staff": 15.551637615375736,
	"Plate Shield": 15.509610485959342,
	"Wooden Trash": 15.258715596330276,
	"Emerald Bangle": 15.2127814498008,
	"Lightning Boots": 15.134499823259102,
	"Orcish Gear": 14.725868129321332,
	"Fox Paw": 13.424363559856932,
	"Grapes": 13.022994357473166,
	"Small Stone": 12.886611246750421,
	"Poison Arrow": 12.721031377551933,
	"Scroll": 12.189704445971856,
	"Nightmare Blade": 11.903008298755186,
	"Guardian Halberd": 11.790825688073395,
	"Werebadger Claws": 11.638150547241455,
	"Terra Rod": 11.159825279106116,
	"Werebadger Skull": 10.880276971186063,
	"Hailstorm Rod": 10.841955493029799,
	"Hunting Spear": 10.778406902173456,
	"Boots of Haste": 10.6874111483013,
	"Dung Ball": 10.613391931968414,
	"Dead Snake": 10.377473363774733,
	"Brown Mushroom": 10.309079526549489,
	"Troll Green": 10.268895269835609,
	"Sai": 10.218620331950207,
	"Crawler Head Plating": 9.709079878665317,
	"Green Mushroom": 9.592573201183697,
	"Plum": 9.420697162366098,
	"Melon": 9.154484568193046,
	"Short Sword": 9.096354919036372,
	"Orange": 8.920564742117156,
	"Dagger": 8.8,
	"Elvish Talisman": 8.699963707380897,
	"Obsidian Lance": 8.406792145079883,
	"Spellbook": 8.35311627277982,
	"Collar of Blue Plasma": 8.322935779816515,
	"Spellbook of Warding": 8.282900626678604,
	"Battle Axe": 8.202518444126849,
	"Health Potion": 7.875272786718332,
	"Small Enchanted Amethyst": 7.785146876055967,
	"Steel Shield": 7.745627013416599,
	"Strong Mana Potion": 7.620437833989077,
	"Longsword": 7.616017932467517,
	"Badger Fur": 7.579149344419571,
	"Skull Belt": 7.506671437460709,
	"Royal Spear": 7.449329022592927,
	"Elven Scouting Glass": 7.370921895549616,
	"Mana Potion": 7.3643113844747905,
	"Leather Armor": 7.2993582205417304,
	"Crossbow": 7.215496271096349,
	"Book (Gemmed)": 7.188090367952932,
	"Blank Rune": 7.177223890315813,
	"Life Preserver": 7.131020813092195,
	"Corncob": 7.008628390054214,
	"Sword": 6.910569174760235,
	"Mace": 6.860399627430802,
	"Strong Health Potion": 6.8308739569385954,
	"Wereboar Hooves": 6.798368826461259,
	"Wereboar Tusks": 6.678749433620299,
	"Cluster of Solace": 6.625259336099584,
	"Fire Mushroom": 6.588990825688073,
	"Werefox Tail": 6.530612244897958,
	"Broken Shamanic Staff": 6.518518518518518,
	"Machete": 6.33861530960507,
	"Crab Pincers": 5.995864920744314,
	"Throwing Star": 5.933243256768254,
	"Human Teeth": 5.6808991812068586,
	"Bread": 5.565242556886011,
	"Dragon's Tail": 5.452029547862705,
	"Small Topaz": 5.42948432760364,
	"Green Crystal Splinter": 5.3818956972577325,
	"Small Sapphire": 5.34741366339814,
	"Power Bolt": 5.280229062750333,
	"Shamanic Hood": 4.804232804232805,
	"Giant Shimmering Pearl (Green)": 4.738073394495413,
	"Kongra's Shoulderpad": 4.68490098983133,
	"Studded Armor": 4.56332795464523,
	"Werebear Fur": 4.363843918638439,
	"Sacred Tree Amulet": 4.3348623853211015,
	"Ratana": 4.316129255877126,
	"Small Amethyst": 4.229681138645865,
	"Scale Armor": 4.186915165561825,
	"Burst Arrow": 4.120792478172517,
	"Werebear Skull": 4.0929846409298465,
	"Energy Ring": 4.007101652455701,
	"Acorn": 3.7835785097537578,
	"Battle Shield": 3.7820621595107657,
	"Plate Armor": 3.675879715745834,
	"Leather Legs": 3.5070914430093496,
	"Brown Crystal Splinter": 3.3474337306529085,
	"Small Enchanted Emerald": 3.270408163265306,
	"Brown Bread": 3.249050873196659,
	"Cobra Tongue": 3.201624496837263,
	"Elven Astral Observer": 3.1212241797200013,
	"Werewolf Fangs": 3.095470094329843,
	"Rotten Piece of Cloth": 3.0915082157011176,
	"Cleaver": 3.060023639957488,
	"Green Tunic": 2.918641247332055,
	"Waspoid Wing": 2.904407588322163,