{
	"Platinum Coin": 2571.5493897922765,
	"Gold Coin": 2334.847063141188,
	"Meat": 871.1482291003106,
	"Book Page": 458.5462603878116,
	"Skull": 380.5265945674879,
	"Dagger": 364.8,
	"Glowing Rune": 305.007756232687,
	"Ham": 303.50141846350505,
	"Opal": 281.5827479940651,
	"Great Spirit Potion": 214.20496369809752,
	"Silken Bookmark": 212.30526315789473,
	"Small Emerald": 206.63828695108296,
	"Bone": 162.54308336878307,
	"Cobra Crest": 160.69908779033935,
	"Knife": 142.66912947837136,
	"Brown Bread": 134.6879271070615,
	"Sabre": 126.36592070953955,
	"Worm": 125.68576751507754,
	"Great Mana Potion": 118.47957462007695,
	"Lion's Mane": 117.52573886383718,
	"Scimitar": 103.02933467286354,
	"Pirate Coin": 99.92706555331857,
	"Great Health Potion": 91.4069935979638,
	"Dragon Ham": 88.59272581362363,
	"Crystal Sword": 88.40234794588449,
	"Protection Amulet": 86.13340297358302,
	"Soul Orb": 80.50806716986483,
	"Earth Arrow": 75.84798711755234,
	"Dark Armor": 74.79735466937485,
	"Pirat's Tail": 73.95253751072433,
	"Red Gem": 71.05669834687636,
	"Green Crystal Shard": 66.4888759710786,
	"Ice Rapier": 64.5409551956412,
	"Cyan Crystal Fragment": 64.41337219031342,
	"Red Crystal Fragment": 59.071315595947986,
	"Big Bone": 58.559833795013844,
	"Bone Sword": 54.96315267717071,
	"Small Diamond": 52.795511645560076,
	"Gold Ingot": 50.6799463685462,
	"Cheesy Figurine": 49.86896333974963,
	"Girlish Hair Decoration": 49.341526290944465,
	"Heavy Machete": 49.33589382364066,
	"Terra Boots": 45.90958193679528,
	"Torch": 44.43534256868675,
	"Spear": 43.9732389236571,
	"Rapier": 41.38914275269603,
	"Mouldy Powder": 39.92883747670741,
	"Leather Helmet": 37.75549625526432,
	"Axe": 37.20929692614659,
	"Terra Rod": 33.37562249267026,
	"Short Sword": 33.31608353806028,
	"Green Crystal Fragment": 33.147214261684844,
	"Rotten Piece of Cloth": 32.24001424945451,
	"Small Enchanted Sapphire": 31.51433859455483,
	"Machete": 31.104618562785895,
	"Studded Armor": 30.50671918946904,
	"Ankh": 29.61067446536282,
	"Shark Fins": 29.02617264057806,
	"Onyx Chip": 28.603856669011364,
	"Black Pearl": 27.3278503063252,
	"Carlin Sword": 27.272244355909695,
	"Protective Charm": 26.37044500978432,
	"Yellow Gem": 26.150688375938024,
	"Terra Hood": 25.825869283416807,
	"Cyclops Toe": 25.59661516672344,
	"Heavy Old Tome": 24.483256015583873,
	"Lamassu Horn": 24.2928674351585,
	"Studded Shield": 24.145421495114746,
	"Violet Crystal Shard": 23.686052529940376,
	"Stone Skin Amulet": 23.40831180389446,
	"Green Gem": 23.365493731643024,
	"Silver Brooch": 22.477867969440094,
	"Serpent Sword": 22.201327516017283,
	"Honeycomb": 22.007993830653007,
	"Ivory Carving": 21.977332212773256,
	"Pelvis Bone": 21.452332748571923,
	"Wand of Inferno": 20.987608314635732,
	"Fire Sword": 20.90247566369821,
	"Sacred Tree Amulet": 20.90010302245611,
	"Snakebite Rod": 20.765917359445126,
	"Knight Axe": 20.3569233844861,
	"Crowbar": 19.950742960348084,
	"Grappling Hook": 19.806724137931035,
	"Viking Helmet": 18.83876230283339,
	"White Pearl": 18.78595709687107,
	"Blue Crystal Shard": 18.6216303958195,
	"Leather Boots": 18.09243794299509,
	"Magma Boots": 18.078771380046113,
	"Sphinx Feather": 17.51074430073977,
	"Crossbow": 17.140910273196848,
	"Wand of Starstorm": 16.875648198119247,
	"Small Enchanted Ruby": 16.874915334993158,
	"War Hammer": 16.297052483452035,
	"Strong Mana Potion": 16.2406409333871,
	"Plate Shield": 16.173547684182104,
	"Hunting Spear": 14.697533309356123,
	"Lightning Headband": 14.61612519352396,
	"Steel Helmet": 14.436011669633109,
	"Lamassu Hoof": 14.346181556195967,
	"Terra Amulet": 14.346181556195967,
	"Mace": 14.221235293774829,
	"Magma Amulet": 14.164010020423628,
	"Sphinx Tiara": 14.133158874742085,
	"Steel Shield": 13.921275309742484,
	"Strong Health Potion": 13.797836074113455,
	"Rainbow Quartz": 13.753713716985057,
	"Twin Hooks": 13.410306198655713,
	"Blue Gem": 12.958802241335855,
	"Bolt": 12.834496182063184,
	"Knight Armor": 12.589606764633446,
	"Ruby Necklace": 12.230991629202428,
	"Blank Rune": 11.96212192114554,
	"Cheese": 11.738018888129838,
	"Hatchet": 11.66477351542822,
	"Ghoul Snack": 11.253773878968696,
	"Royal Spear": 11.22930428475045,
	"Flask of Embalming Fluid": 11.011891135698843,
	"Purple Robe": 10.396709323583181,
	"Studded Helmet": 10.196546239491026,
	"Slime Heart": 9.710095497953615,
	"Violet Gem": 9.678321541849117,
	"Dark Shield": 9.671476774116108,
	"Chain Armor": 9.46564305421714,
	"Moonlight Crystals": 9.330622890488485,
	"Rat Cheese": 9.31652431212355,
	"Battle Shield": 9.30883981931069,
	"Springsprout Rod": 9.305172413793104,
	"Dragon's Tail": 9.19775266119277,
	"Gauze Bandage": 9.110271206918478,
	"Scroll": 8.727724384827113,
	"Soft Cheese": 8.584965694468787,
	"Focus Cape": 8.52085483842749,
	"Wolf Paw": 8.445352859607102,
	"Poisoned Fang": 8.33219645293315,
	"Doublet": 8.242268041237114,
	"Small Treasure Chest": 7.698132256436144,
	"Wand of Voodoo": 7.518326790116493,
	"Burst Arrow": 7.073121773658565,
	"Giant Shimmering Pearl (Brown)": 6.9972870320130225,
	"Minotaur Leather": 6.9300631082691115,
	"Beetroot": 6.92830331719261,
	"Glorious Axe": 6.902061855670103,
	"Bony Tail": 6.866013103151451,
	"Spirit Cloak": 6.5,
	"Sword": 6.499730143524993,
	"Voluminous Piece of Cloth": 6.398431756922323,
	"Ludicrous Piece of Cloth": 6.248468512619455,
	"Plate Armor": 6.151588278789685,
	"Arrow": 6.147833850680137,
	"Halberd": 6.088527395303032,
	"Ominous Piece of Cloth": 6.048517520215634,
	"Luminous Piece of Cloth": 6.023523646165155,
	"Magma Legs": 5.94296314868261,
	"Ring of Blue Plasma": 5.881937080240368,
	"Minotaur Horn": 5.862864735374839,
	"Obvious Piece of Cloth": 5.773584905660377,
	"Red Apple": 5.743860824226468,
	"Lightning Pendant": 5.73518553682462,
	"Magic Light Wand": 5.643260663145698,
	"Green Crystal Splinter": 5.547190201729107,
	"Spiked Squelcher": 5.347205483231184,
	"Piece of Crocodile Leather": 5.313073625427927,
	"Dubious Piece of Cloth": 5.27370742465082,
	"Small Amethyst": 5.234163382975327,
	"Bola": 5.216583204618808,
	"Earflap": 5.137120792963828,
	"Wand of Defiance": 5.018469125861809,
	"Longsword": 4.9737641256936005,
	"Magma Monocle": 4.778924060188214,
	"Cheese Cutter": 4.743495943927883,
	"Gemmed Figurine": 4.584915897992404,
	"Strange Talisman": 4.58206836264768,
	"Titan Axe": 4.556701030927835,
	"Green Mushroom": 4.546401533251116,
	"Small Ruby": 4.534041918015412,
	"Wood Cape": 4.365500176740897,
	"Lightning Boots": 4.197067625162173,
	"Lump of Dirt": 4.101597709328725,
	"Coral Brooch": 4.087628865979382,
	"Grapes": 4.010289372502499,
	"Viper Star": 3.9904502046384716,
	"Emerald Bangle": 3.784660692525889,
	"Red Rose": 3.6647429875184536,
	"Elven Amulet": 3.5097610321543122,
	"Bone Club": 3.4244273348955097,
	"Taurus Mace": 3.310786106032907,
	"Crown Helmet": 3.2027367585219464,
	"Compass": 3.1581079444010216,
	"Small Sapphire": 3.1430813903382617,
	"Combat Knife": 2.9885978885993114,
	"Noble Axe": 2.9486816688203112,
	"Hand Axe": 2.917283493708364,
	"Scale Armor": 2.7103546834551318,
	"White Silk Flower": 2.66107140367109,
	"Book (Gemmed)": 2.6386660844384178,
	"Red Piece of Cloth": 2.5760862206822717,
	"Half-Digested Piece of Meat": 2.5489610037431465,
	"Lion Figurine": 2.52342435371509,
	"Battle Hammer": 2.5205651372642555,
	"Morning Star": 2.495608546802598,
	"Bow": 2.4799860545706705,
	"Poisonous Slime": 2.459072305593452,
	"White Mushroom": 2.44647426300977,
	"Small Stone": 2.41936391781593,
	"Brown Mushroom": 2.3750646477900883,
	"Warwolf Fur": 2.328532373141295,
	"Pile of Grave Earth": 2.1941933472859243,
	"Brown Piece of Cloth": 2.1844413768535422,
	"Wolf Tooth Chain": 2.1317021748473715,
	"Bone Shield": 2.1127017581000764,
	"Blue Piece of Cloth": 2.11169381598447,
	"Brass Shield": 2.09219111765944,
	"Green Piece of Cloth": 2.0833621980953536,
	"Sniper Arrow": 2.073949805395249,
	"Two Handed Sword": 2.059982880405008,
	"Werebadger Claws": 1.939691757873576,
	"Stone Wing": 1.9200675485505208,
	"Power Bolt": 1.9008526579485647,