{
	"Platinum Coin": 2398.2598607024565,
	"Gold Coin": 1552.2273458586149,
	"Ham": 633.0177094988419,
	"Meat": 292.3271335292069,
	"Diremaw Brainpan": 287.25432415118513,
	"Great Mana Potion": 221.14148366923843,
	"Dark Mushroom": 174.8173255588302,
	"Great Health Potion": 172.36543397177948,
	"Elven Astral Observer": 168.8098652136507,
	"Green Mushroom": 153.11540383908186,
	"Poisonous Slime": 145.98401207816744,
	"Deepworm Jaws": 141.4191329720717,
	"Green Crystal Shard": 138.7899684836168,
	"Wood Mushroom": 134.52980408503544,
	"Violet Crystal Shard": 126.28859333106722,
	"Bone": 122.25544509797894,
	"Dream Essence Egg": 116.73456381570061,
	"Diremaw Legs": 115.08392056374119,
	"Onyx Chip": 113.44102154322567,
	"Blue Crystal Shard": 112.04740550928892,
	"Worm": 95.76466225178991,
	"Pirate Coin": 88.12900584037615,
	"Deepworm Spike Roots": 78.91413088786994,
	"Small Emerald": 75.87667809934112,
	"Skull": 72.7454632990179,
	"Red Crystal Fragment": 69.56091103536045,
	"Dagger": 65.61788916888013,
	"Pirat's Tail": 65.546841505298,
	"Heaven Blossom": 62.80321085842549,
	"Deepworm Spikes": 59.87453105460609,
	"Terra Amulet": 57.26972088666695,
	"Ice Rapier": 55.25312191650609,
	"Knife": 54.901366030244674,
	"Life Ring": 54.43991151496708,
	"Belted Cape": 53.089489034808544,
	"Seeds": 50.35306871134818,
	"Cyan Crystal Fragment": 48.65098638638642,
	"Giant Shimmering Pearl (Green)": 47.895155389308336,
	"Banana": 46.19866556352384,
	"Torch": 45.889255337510846,
	"Great Spirit Potion": 44.58933564660427,
	"Strong Mana Potion": 43.94599392753374,
	"Elvish Talisman": 43.90644073984557,
	"Two Handed Sword": 43.25081205658029,
	"Small Diamond": 42.5818539697921,
	"Magma Amulet": 40.80380107218651,
	"Dragon Necklace": 40.618996990150706,
	"Scimitar": 38.80556874684527,
	"Mouldy Powder": 38.16341458061553,
	"Small Enchanted Emerald": 37.70889387144992,
	"Wand of Draconia": 37.3731966746427,
	"Small Enchanted Ruby": 36.603382480485685,
	"Spear": 36.600001663919336,
	"Gold Ingot": 36.11051036373884,
	"Bolt": 34.721192716432036,
	"Poison Arrow": 33.99805864387363,
	"White Mushroom": 32.21304886816422,
	"Wand of Dragonbreath": 31.493890318523427,
	"Terra Boots": 31.210793035092784,
	"Crystal Sword": 30.90891923135179,
	"Halberd": 30.51988737471054,
	"Small Stone": 29.60639570361257,
	"Suspicious Device": 28.972495880330236,
	"Ultimate Health Potion": 28.906652269983034,
	"Rotten Piece of Cloth": 27.087500556619318,
	"Shark Fins": 26.181811645406835,
	"Small Enchanted Amethyst": 25.672035065115516,
	"Hydrophytes": 25.60147183696575,
	"Red Gem": 25.248773805572476,
	"Leaf Star": 25.036079791847357,
	"Brown Bread": 24.273277037804238,
	"Magma Boots": 24.173570053614277,
	"Yellow Gem": 23.930263684402068,
	"Axe": 23.082954522911105,
	"Garlic Necklace": 22.004463121873947,
	"Ring of Blue Plasma": 21.427674612430266,
	"Wand of Inferno": 21.422162909185683,
	"Fire Sword": 20.775870772337203,
	"Knight Axe": 20.427313044635515,
	"Two-Headed Turtle Heads": 19.933484290970846,
	"Bat Wing": 19.626717924074963,
	"Miraculum": 19.561360133454627,
	"Sabre": 19.03371298405467,
	"Silver Amulet": 18.81354882439189,
	"Lancer Beetle Shell": 18.733911522483783,
	"Pelvis Bone": 18.49610608292991,
	"Viking Helmet": 17.815076665404696,
	"Essence of a Bad Dream": 17.800267794954756,
	"Cheese": 17.60373797045342,
	"Dragon Ham": 17.53846779655879,
	"Orange": 17.420729019100474,
	"Crowbar": 16.522453000574668,
	"Glacier Shoes": 15.891431335451475,
	"Grappling Hook": 15.567931034482758,
	"Hatchet": 15.111650545384611,
	"Sacred Tree Amulet": 15.042254920237852,
	"Springsprout Rod": 14.72443455562819,
	"Werehyaena Nose": 14.482683982683984,
	"Mace": 14.427523078735263,
	"Combat Knife": 14.290019209602352,
	"Spider Fangs": 14.0954437945749,
	"Carniphila Seeds": 13.812595755777945,
	"Sun Fruit": 13.706944704508846,
	"Hand Axe": 13.225018504811251,
	"Wood Cape": 11.321467964217709,
	"Crystalline Arrow": 10.827140373801157,
	"Wand of Starstorm": 10.720940121131905,
	"Girlish Hair Decoration": 10.598787018585462,
	"Knight Armor": 10.45051263431354,
	"Leather Boots": 9.936474283133927,
	"Ghoul Snack": 9.455225542147215,
	"Heavy Old Tome": 9.369447771279532,
	"Orichalcum Pearl": 9.276843467011643,
	"Small Tropical Fish": 9.234361732238892,
	"Leather Helmet": 8.739305843248568,
	"Lump of Dirt": 8.697844042599074,
	"Chain Armor": 8.651134609097525,
	"Wand of Cosmic Energy": 8.62727871710139,
	"Twigs": 8.517454394320678,
	"Spike Sword": 8.484830027259772,
	"Sword Ring": 8.051245020621314,
	"Spider Silk": 8.007081707158566,
	"Small Treasure Chest": 7.723372034326099,
	"Silver Brooch": 7.592516075156141,
	"Staff": 7.579080142740751,
	"Flask of Embalming Fluid": 7.502607147399211,
	"Lump of Earth": 7.395977796595222,
	"Black Pearl": 7.268932845790653,
	"Remains of a Fish": 7.206730924978458,
	"Focus Cape": 7.048586612083541,
	"Wooden Shield": 6.828858323386985,
	"Brass Shield": 6.808851844166223,
	"Strong Health Potion": 6.736766196037596,
	"Drill Bolt": 6.660443995963673,
	"Green Crystal Splinter": 6.579625117081969,
	"Wand of Voodoo": 6.541510673234812,
	"Coral Brooch": 6.495895839230116,
	"Flotsam": 6.467658473479949,
	"Holy Orchid": 6.345150501672241,
	"Gauze Bandage": 6.206997965153249,
	"Mind Stone": 6.158209729526378,
	"Kongra's Shoulderpad": 5.896627349538176,
	"Earth Arrow": 5.841936636106811,
	"Brown Crystal Splinter": 5.804699142499688,
	"Protective Charm": 5.656584326286298,
	"White Pearl": 5.61836998706339,
	"Brass Helmet": 5.603573815136032,
	"Rope": 5.586972612879349,
	"Collar of Blue Plasma": 5.545967042497831,
	"Energy Ring": 5.497842151936151,
	"Shadow Herb": 5.494014289349215,
	"Sword": 5.470083932834866,
	"Fish": 5.420737014913473,
	"Knight Legs": 5.415514833703916,
	"Life Preserver": 5.303030303030303,
	"Fire Axe": 5.101003344481605,
	"Crystalline Spikes": 5.059231174954075,
	"Gemmed Figurine": 5.03113501273705,
	"Lightning Headband": 4.917305691104305,
	"Blank Rune": 4.857306576088346,
	"Soul Orb": 4.834411384217335,
	"Giant Shimmering Pearl (Brown)": 4.759899958315965,
	"Small Enchanted Sapphire": 4.753686036426713,
	"Coral Branch": 4.573091849935317,
	"Soldier Helmet": 4.378346776590895,
	"Voluminous Piece of Cloth": 4.265621171281548,
	"Banana Sash": 4.233189810062838,
	"Arrow": 4.232421152835017,
	"Piercing Bolt": 4.222031140858638,
	"Green Crystal Fragment": 4.218359171941412,
	"Ludicrous Piece of Cloth": 4.165645675079637,
	"Terra Hood": 4.059503319400049,
	"Ominous Piece of Cloth": 4.032345013477089,
	"Blue Crystal Splinter": 4.020415699279567,
	"Luminous Piece of Cloth": 4.015682430776771,
	"Elven Amulet": 3.8817617499261012,
	"Magic Light Wand": 3.871118034702523,
	"Strange Talisman": 3.8633420485735455,
	"Cape": 3.8606604349318565,
	"Magma Coat": 3.8568561872909704,
	"Obvious Piece of Cloth": 3.849056603773585,
	"Corncob": 3.838777310609319,
	"Shovel": 3.738541304078583,
	"Underworld Rod": 3.7233224948270767,
	"Scale Armor": 3.669766585289763,
	"Leather Legs": 3.662952202315069,
	"Axe Ring": 3.6226613493007536,
	"Power Ring": 3.6178567137062507,
	"Broken Crossbow": 3.520058277427662,
	"Dubious Piece of Cloth": 3.5158049497672135,
	"Studded Club": 3.472982975573649,
	"Lightning Boots": 3.457935666313185,
	"Small Amethyst": 3.4365086253643886,
	"Mino Shield": 3.3083353823457093,
	"Rapier": 3.2721692779841707,
	"Spellbook of Enlightenment": 3.2399182642628133,
	"Emerald Bangle": 3.2279193089495113,
	"Gold Nugget": 3.1842626662892726,
	"Ratana": 3.181818181818182,
	"Red Apple": 3.1762865090403336,
	"Piece of Crocodile Leather": 3.1598888278213497,
	"Plate Shield": 3.10876742237791,
	"Health Potion": 3.016026320593732,
	"Wyvern Talisman": 3.003518766756032,
	"Black Shield": 2.964938286937981,
	"Crystal Crossbow": 2.9050303555941026,
	"Death Ring": 2.717233224948271,
	"Beastslayer Axe": 2.669043521022867,
	"Winter Wolf Fur": 2.6,
	"Demonic Skeletal Hand": 2.5147875694340187,
	"Dark Shield": 2.4845429957306036,
	"Obsidian Lance": 2.4613867364231363,
	"Orb": 2.45580845403488,