{
	"Gold Coin": 1346.1921925912243,
	"Platinum Coin": 906.6886909960515,
	"Great Health Potion": 138.2185120745179,
	"Meat": 102.96240695977563,
	"Axe": 94.450248012025,
	"Fish": 93.43577040771542,
	"Skull": 75.18574865397535,
	"Dagger": 74.4,
	"Strong Health Potion": 73.98292363600383,
	"Strong Mana Potion": 73.19405266310208,
	"Blue Glass Plate": 69.84589983489268,
	"Dragon Ham": 68.26824474436475,
	"Compound Eye": 64.33289661240067,
	"Spear": 52.4361436406853,
	"Dark Armor": 48.19836785938481,
	"Werehyaena Nose": 44.01948051948052,
	"Knife": 39.696969696969695,
	"Ham": 38.462193917088456,
	"Brown Mushroom": 36.95980972942974,
	"Green Glass Plate": 36.58694287507847,
	"Swarmer Antenna": 34.959030722911066,
	"Blue Crystal Splinter": 31.548022598870055,
	"Halberd": 31.495853809568736,
	"Brown Crystal Splinter": 29.397957582279616,
	"Great Mana Potion": 28.98720989240386,
	"Torch": 28.569369667794486,
	"Red Crystal Fragment": 28.23109370796843,
	"Brown Bread": 27.469248291571756,
	"Ice Rapier": 24.573734626202306,
	"Flaming Arrow": 22.437803595012646,
	"Sabre": 21.587015945330297,
	"Worm": 21.052451981645767,
	"Small Diamond": 19.015070181287157,
	"Crawler Head Plating": 18.51917087967644,
	"Sword": 18.47538403958199,
	"Dung Ball": 18.173616321863722,
	"Red Gem": 17.18848824704376,
	"Yellow Gem": 16.574248400944953,
	"Leather Boots": 16.05649865651584,
	"Grapes": 16.028018865447212,
	"Guardian Shield": 15.993094789704958,
	"Combat Knife": 15.878787878787879,
	"Life Preserver": 15.268065268065268,
	"Bone": 15.180131992800868,
	"Small Enchanted Amethyst": 15.084552518483324,
	"Mouldy Cheese": 14.772525849335302,
	"Might Ring": 14.681100296596103,
	"Small Emerald": 13.867108071682717,
	"Girlish Hair Decoration": 12.764418595809797,
	"Diremaw Brainpan": 12.120435618193467,
	"Green Mushroom": 11.716919821521627,
	"Coal": 11.635465699950734,
	"Small Amethyst": 11.516537443404328,
	"Small Topaz": 10.730147581429577,
	"Talon": 10.618072671580837,
	"Green Crystal Fragment": 10.363836449673359,
	"Cookie": 9.913330277636824,
	"Warrior Helmet": 9.86439101610944,
	"Ratana": 9.160839160839162,
	"Green Crystal Shard": 8.599129538861636,
	"Green Crystal Splinter": 8.583333333333332,
	"Blue Robe": 8.150215876352272,
	"Rainbow Quartz": 8.106089139987445,
	"Small Enchanted Emerald": 7.649209908178518,
	"Giant Shimmering Pearl (Brown)": 7.222188983072428,
	"Terra Amulet": 7.178038191786859,
	"Rotten Piece of Cloth": 7.066304493031126,
	"Deepworm Jaws": 7.059191329720717,
	"Health Potion": 7.043947189998428,
	"Protective Charm": 6.8095309227888645,
	"Wood Mushroom": 6.715298040850354,
	"Poisonous Slime": 6.706931906325378,
	"Green Gem": 6.687194809590158,
	"Lightning Pendant": 6.545894177457136,
	"Chain Armor": 6.504886401504504,
	"Crystalline Arrow": 6.29921348719072,
	"Two Handed Sword": 6.212514348221439,
	"Glacier Amulet": 6.134337727558067,
	"Longsword": 6.080408212368221,
	"Violet Gem": 5.9295906335294815,
	"Dirty Fur": 5.227306826706677,
	"Sword Ring": 5.0934993625072496,
	"Arrow": 5.065163310599457,
	"Glorious Axe": 4.9080902586681345,
	"Diremaw Legs": 4.855861627162075,
	"Blue Crystal Shard": 4.7277386290839205,
	"Onyx Chip": 4.711239356305659,
	"Royal Spear": 4.692835122753575,
	"Doublet": 4.597863519069314,
	"Book (Gemmed)": 4.549424283514513,
	"Red Apple": 4.537552155771905,
	"Swamp Grass": 4.493759231905465,
	"Wand of Starstorm": 4.484799713876966,
	"Elvish Talisman": 4.467678167529359,
	"Dark Mushroom": 4.425242496605334,
	"Violet Crystal Shard": 4.1832158872517615,
	"Prismatic Quartz": 4.162586315128688,
	"Wolf Tooth Chain": 4.136370292025617,
	"Deepling Warts": 4.124253438306903,
	"Hunting Spear": 3.9726429067247975,
	"Deepworm Spike Roots": 3.9391413088786993,
	"Vortex Bolt": 3.899488066081645,
	"Protection Amulet": 3.7974851791386084,
	"Hailstorm Rod": 3.6785714285714284,
	"Fur Armor": 3.5866813428728674,
	"Epee": 3.5396079978774786,
	"Medicine Pouch": 3.520605612998523,
	"Morning Star": 3.5115876008649125,
	"Cheese": 3.420259239969829,
	"Bow": 3.3913844044676793,
	"Deeptags": 3.384653085472568,
	"Deepling Filet": 3.3144654801625815,
	"Witch Broom": 3.2894275524390983,
	"Power Bolt": 3.2773321688768355,
	"Life Ring": 3.2524351026968334,
	"Mace": 3.0480898045686278,
	"Waspoid Wing": 3.042712711575599,
	"Blue Gem": 3.020363236103467,
	"Wood": 2.994940915805022,
	"Deepworm Spikes": 2.9887453105460606,
	"Star Herb": 2.965272320618993,
	"Orc Leather": 2.8763330150853137,
	"Steel Shield": 2.8116673280271387,
	"Wand of Voodoo": 2.761393827917433,
	"Pelvis Bone": 2.599452746790149,
	"Shockwave Amulet": 2.552308297340907,
	"Black Shield": 2.546979694369618,
	"Energy Ring": 2.5361402863643674,
	"Viking Helmet": 2.5050742171429903,
	"Small Sapphire": 2.480981820689021,
	"Deepling Ridge": 2.473628133238401,
	"Ghoul Snack": 2.466580576212317,
	"Banana": 2.4452847252386487,
	"Short Sword": 2.2525793391667754,
	"Blank Rune": 2.2444933181944147,
	"Heavy Old Tome": 2.2014930032695705,
	"Waspoid Claw": 2.155515165284562,
	"Wand of Cosmic Energy": 2.0140367364853806,
	"War Hammer": 1.941297174975158,
	"Small Enchanted Sapphire": 1.9017830395390103,
	"Lump of Dirt": 1.900740401884043,
	"Dragon's Tail": 1.8636341544437884,
	"Werehyaena Talisman": 1.832167832167832,
	"Mastermind Potion": 1.8154893835726447,
	"Lightning Legs": 1.8037004914715236,
	"Ultimate Mana Potion": 1.7896995708154506,
	"Crossbow": 1.7156460125181876,
	"Flask of Embalming Fluid": 1.6953333379134157,
	"Giant Shimmering Pearl (Green)": 1.667439231821119,
	"Cape": 1.6437163755062563,
	"Swampling Moss": 1.59595210573379,
	"Troll Green": 1.574298375184638,
	"Grave Flower": 1.5674354070347476,
	"Burst Arrow": 1.5619380679362558,
	"Golden Mug": 1.5386913654018524,
	"Small Ruby": 1.5171508835485992,
	"Gold Ingot": 1.5118513773222293,
	"Lump of Earth": 1.4914443422263108,
	"Cyclops Toe": 1.4590570719602978,
	"Gauze Bandage": 1.3951155404808486,
	"Hatchet": 1.3936715077527537,
	"Suspicious Device": 1.3008236135118225,
	"Eye of a Deepling": 1.2997440007608383,
	"Sickle": 1.2886417215740795,
	"Violet Glass Plate": 1.2875536480686696,
	"Black Pearl": 1.2871412256462536,
	"Plate Shield": 1.284845566079228,
	"Warwolf Fur": 1.228817212098257,
	"Scroll": 1.2189704445971856,
	"Piece of Swampling Wood": 1.1946522431353732,
	"Heavy Trident": 1.1570093477798475,
	"Broken Ring of Ending": 1.0727891812020174,
	"Yielocks": 1.0727891812020174,
	"Orcish Gear": 1.0297809880644289,
	"Yielowax": 1.0059854592956645,
	"Springsprout Rod": 0.9958602316182468,
	"Magic Light Wand": 0.9915016294599641,
	"Red Dragon Scale": 0.9825101698421089,
	"Broken Helmet": 0.952725891662046,
	"Glob of Tar": 0.9405789119392938,
	"Poison Arrow": 0.9332541360240746,
	"Assassin Star": 0.8976175302416165,
	"Terra Rod": 0.8802053783995949,
	"Terra Mantle": 0.8763339610797238,
	"Crystal Sword": 0.8755364806866953,
	"Melon": 0.8724089281192345,
	"Orange": 0.8546093326522645,
	"Garlic Necklace": 0.8288399927461766,
	"Orc Tooth": 0.8253092587110678,
	"Soul Orb": 0.822214031207765,
	"White Mushroom": 0.8183027632985104,
	"Brass Shield": 0.777779035116714,
	"Plate Armor": 0.7691782583173867,
	"Warrior's Axe": 0.7461428348435297,
	"Heaven Blossom": 0.7428822993677122,
	"Flask of Demonic Blood": 0.7266248924929353,
	"Steel Helmet": 0.7209093297750888,
	"Warrior's Shield": 0.7163550475717821,
	"Strange Talisman": 0.6923335129564242,
	"Coat": 0.6642688750528924,
	"Buckle": 0.6572504708097928,
	"Half-Digested Piece of Meat": 0.6521888767346151,
	"Orcish Axe": 0.6513104862469654,
	"Sacred Tree Amulet": 0.637765735723218,
	"Werehyaena Trophy": 0.613095238095238,
	"Small Stone": 0.6104875804967801,
	"Swampling Club": 0.5937493184445268,
	"Battle Axe": 0.573602688400479,
	"Throwing Star": 0.5678399682012876,
	"Bread": 0.5565242556886011,
	"Onyx Arrow": 0.5480307210313944,
	"Vampire Teeth": 0.5469957263747771,
	"Silver Brooch": 0.5466757890941722,
	"Mana Potion": 0.5334520600856527,
	"Scale Armor": 0.5288246472822834,
	"Red Dragon Leather": 0.5090666727953851,