{
	"Platinum Coin": 3242.4859346793764,
	"Gold Coin": 1584.4407258173696,
	"Skull": 310.91373032598796,
	"Dagger": 308,
	"Great Mana Potion": 300.90632266595134,
	"Bone": 246.20501899591937,
	"Meat": 189.23955188537354,
	"Dark Mushroom": 137.66703209240308,
	"Spear": 130.47554696999603,
	"Brown Bread": 113.71678056188307,
	"Blue Glass Plate": 109.55421023665382,
	"Carnisylvan Bark": 101.88292392378743,
	"Carnisylvan Finger": 96.71045371440579,
	"Green Mushroom": 94.1659018828515,
	"Torch": 93.36268224184941,
	"Sabre": 91.46376315384938,
	"Axe": 91.16009621038707,
	"Dark Armor": 81.53295206971677,
	"Great Health Potion": 77.54616410960658,
	"Terra Amulet": 68.79008365859987,
	"Green Glass Plate": 61.85185185185185,
	"Blue Crystal Splinter": 53.365150068936266,
	"Morning Star": 52.89032162762829,
	"Girlish Hair Decoration": 51.49529713609238,
	"Poison Arrow": 49.882204302703165,
	"Garlic Necklace": 47.96509255814133,
	"Ham": 46.13731740985374,
	"Worm": 45.65051637457463,
	"Bat Wing": 44.77039884670831,
	"Sword": 42.37325880806941,
	"Brown Crystal Splinter": 41.014471852681574,
	"Ice Rapier": 38.89951417526091,
	"Leather Legs": 34.73680950713141,
	"Striped Fur": 34.22078103125971,
	"Chain Armor": 30.9534647062666,
	"Ultimate Mana Potion": 29.72889842632332,
	"Guardian Shield": 27.87466844588544,
	"Protective Charm": 27.476450302717325,
	"Terra Boots": 27.01382422479742,
	"Wand of Starstorm": 27.012091937897505,
	"Terra Rod": 26.17142421272566,
	"Terra Hood": 25.011103295682698,
	"Underworld Rod": 24.52293469501664,
	"Short Sword": 22.814053759277755,
	"Diamond Sceptre": 22.221990061866723,
	"Knight Axe": 22.112325990127076,
	"Knife": 22.054180316155247,
	"Leather Helmet": 21.602826615514925,
	"Violet Glass Plate": 21.387696709585125,
	"Bolt": 20.20314434545289,
	"Rotten Piece of Cloth": 20.16841074052634,
	"Mushroom Pie": 19.940366972477065,
	"Strong Health Potion": 18.86578272081631,
	"Sabretooth": 18.375780274656677,
	"Small Ruby": 17.48817470713346,
	"Red Apple": 17.09144645340751,
	"Warrior Helmet": 16.827854415131196,
	"Wooden Trash": 16.711926605504587,
	"Banana": 16.653008782063537,
	"Rainbow Quartz": 15.65811035319612,
	"Cookie": 15.510568587495623,
	"Great Spirit Potion": 15.486046252403497,
	"Crystal Sword": 14.811500348040884,
	"Hunting Spear": 13.860648307058586,
	"Green Gem": 13.658763499767378,
	"Blue Robe": 13.633217703882444,
	"Plate Shield": 13.59761835827032,
	"Dragonbone Staff": 13.412322274881516,
	"Silver Amulet": 13.403894545268669,
	"Lightning Headband": 13.396691485012884,
	"Emerald Bangle": 13.367867361837007,
	"Two Handed Sword": 13.162350463028416,
	"Guardian Halberd": 12.913761467889909,
	"Epee": 12.808267088901738,
	"Talon": 11.851851851851853,
	"Throwing Star": 11.821154864693273,
	"Green Crystal Fragment": 11.760329815240999,
	"Hailstorm Rod": 11.745650344499845,
	"Brown Mushroom": 11.630281949806058,
	"Pelvis Bone": 11.484135705792404,
	"Onyx Chip": 11.467119359706103,
	"Mace": 11.43803727375746,
	"Giant Shimmering Pearl (Brown)": 10.955421023665384,
	"Health Potion": 10.899276037309532,
	"Beetroot": 10.885018979856465,
	"Violet Gem": 10.549858769940853,
	"Raspberry": 10.4145378088158,
	"Glacier Amulet": 10.37037037037037,
	"Fish": 10.31910458489185,
	"Springsprout Rod": 10.312931806254438,
	"Life Ring": 10.084303533262965,
	"Demonic Skeletal Hand": 10.059150277736075,
	"Spellbook": 10.023276633840645,
	"Spellbook of Warding": 10.023276633840645,
	"Soul Orb": 9.741964231491249,
	"War Hammer": 9.717392715704733,
	"Flask of Demonic Blood": 9.67429575985168,
	"Spider Silk": 9.488903843597367,
	"Wereboar Hooves": 9.425011327594019,
	"Glorious Axe": 9.350981098298877,
	"Wereboar Tusks": 9.259175351155413,
	"Plate Armor": 9.137528518733905,
	"Collar of Blue Plasma": 9.11559633027523,
	"Combat Knife": 8.967816491420102,
	"Viking Helmet": 8.625229083234887,
	"Red Gem": 8.117839227232801,
	"Blue Gem": 8.045496939724888,
	"Lightning Pendant": 7.9108718492856855,
	"Small Stone": 7.8678704075330375,
	"Lamassu Horn": 7.799262555601345,
	"Small Enchanted Ruby": 7.458415087059862,
	"Prismatic Quartz": 7.2560873479471555,
	"Mana Potion": 7.227702746964963,
	"Fire Mushroom": 7.2165137614678905,
	"Tarantula Egg": 7.076378206274819,
	"Ghoul Snack": 7.040032061272655,
	"Golden Lotus Brooch": 7.006495815675091,
	"Demonic Essence": 6.654663073259747,
	"Werewolf Fangs": 6.485746864310148,
	"Terra Legs": 6.416309012875536,
	"Battle Shield": 6.351210499122321,
	"Knight Legs": 6.129677401822255,
	"Fur Armor": 6.112564632470738,
	"Human Teeth": 6.066966451345847,
	"Heavy Old Tome": 6.052405673280696,
	"Iron Helmet": 5.9919022173713135,
	"Peacock Feather Fan": 5.982972324375803,
	"Blue Crystal Shard": 5.943354375194227,
	"Small Emerald": 5.874076024762448,
	"Wand of Voodoo": 5.795578197756135,
	"Wolf Tooth Chain": 5.697685140864541,
	"Sacred Tree Amulet": 5.687773655360504,
	"Cheese": 5.508238748608168,
	"Flask of Embalming Fluid": 5.445440671499427,
	"Violet Crystal Shard": 5.36599423631124,
	"Red Crystal Fragment": 5.3306916426512965,
	"Plate Legs": 5.321326868761769,
	"Werebadger Claws": 5.222247040428858,
	"Opal": 5.132603546221084,
	"Machete": 5.126508127163623,
	"Hatchet": 4.985055777731004,
	"Witch Broom": 4.98398114005924,
	"Green Crystal Shard": 4.970925806385101,
	"Werebadger Skull": 4.882175563993746,
	"Leather Boots": 4.799812172339225,
	"Dead Snake": 4.717033347170333,
	"Lamassu Hoof": 4.603977287910488,
	"Gauze Bandage": 4.50507916825639,
	"Star Herb": 4.492836849422717,
	"Giant Shimmering Pearl (Green)": 4.4828102824675735,
	"Steel Helmet": 4.420482320656963,
	"Werewolf Fur": 4.321550741163056,
	"Black Pearl": 4.25867762329864,
	"Minotaur Horn": 4.252937300852453,
	"Troll Green": 4.183985136937499,
	"Sphinx Feather": 4.120175129585828,
	"Brass Shield": 4.111809036510726,
	"White Mushroom": 4.03881346710093,
	"Small Diamond": 3.8990606643564405,
	"Terra Mantle": 3.88599275967697,
	"Heavy Machete": 3.8497854077253217,
	"White Pearl": 3.7728012482370756,
	"Werebear Fur": 3.761934412619344,
	"Rusted Armor": 3.7617858157325483,
	"Kongra's Shoulderpad": 3.747668891164695,
	"Assassin Star": 3.7199538022358634,
	"Scale Armor": 3.6621104319793463,
	"Chicken Feather": 3.6284611511998657,
	"Magma Amulet": 3.5796013635462387,
	"Wand of Dragonbreath": 3.5421990697066503,
	"Werebear Skull": 3.5284350352843505,
	"Ultimate Health Potion": 3.519739536426942,
	"Battle Hammer": 3.5099212933105184,
	"Spider Fangs": 3.4619000581369352,
	"Cape": 3.4587901603423727,
	"Blank Rune": 3.3714395093255423,
	"Broken Crossbow": 3.3670122653655894,
	"Sphinx Tiara": 3.325449146998138,
	"Studded Armor": 3.220631674619405,
	"Wolf Paw": 3.18024318226268,
	"Orc Leather": 3.158086523029466,
	"Protection Amulet": 3.1540738835517717,
	"Brass Legs": 3.1054207002770102,
	"Silver Brooch": 3.0923246729802036,
	"Magic Light Wand": 3.024005184683308,
	"Tiger Eye": 2.994277539341917,
	"Halberd": 2.9040876258268513,
	"Brass Armor": 2.755555499175526,
	"Piercing Bolt": 2.7203095801454755,
	"Brass Helmet": 2.7165758534808098,
	"Carrot": 2.6853603854647243,
	"Small Amethyst": 2.5982236267898786,
	"Studded Shield": 2.555782776641672,
	"Strange Talisman": 2.5475418050352587,
	"Piece of Crocodile Leather": 2.506704373427812,
	"Small Topaz": 2.498419936288403,
	"Moonlight Crystals": 2.4074520862924063,
	"Serpent Sword": 2.379690863316852,
	"Cobra Tongue": 2.3376940770557795,
	"Stone Wing": 2.2800802139037435,
	"Butterfly Ring": 2.257731805581405,
	"Magma Boots": 2.2419845555077584,
	"Lump of Earth": 2.2371665133394663,
	"Green Crystal Splinter": 2.1638559387172314,
	"Gemmed Figurine": 2.0889908256880734,
	"Scimitar": 2.0811267859455604,
	"Wand of Decay": 1.96869830488348,
	"Sickle": 1.9524874569304236,
	"Potato": 1.8850267379679146,
	"Small Sapphire": 1.8755587460727898,
	"Piece of Archer Armor": 1.7673646405095886,
	"Hellspawn Tail": 1.76124911284599,
	"Sulphurous Stone": 1.711504214650362,
	"Piece of Warrior Armor": 1.6903857516670888,