{
	"Gold Coin": 3087.559959873316,
	"Platinum Coin": 2551.7394014982183,
	"Ham": 732.0521682697811,
	"Great Spirit Potion": 670.1039757480976,
	"Meat": 355.1660244279556,
	"Great Mana Potion": 355.1443626476919,
	"Lion's Mane": 323.23630375080495,
	"Pirate Coin": 278.2511405844739,
	"Great Health Potion": 249.22665025617783,
	"Crystal Sword": 247.09452167620537,
	"Pirat's Tail": 206.20875784878032,
	"Dark Armor": 205.51674930105804,
	"Banana": 185.2956562571822,
	"Ice Rapier": 184.25385973264073,
	"Soul Orb": 177.04624136361284,
	"Cyan Crystal Fragment": 154.14925240117185,
	"Small Diamond": 147.0307299291844,
	"Rapier": 116.89105392275899,
	"Mouldy Powder": 113.53333872210173,
	"Leather Helmet": 100.4547614695668,
	"Red Crystal Fragment": 95.34508838677007,
	"Small Enchanted Sapphire": 88.40760372875161,
	"Terra Boots": 87.68119531766774,
	"Shark Fins": 83.51138135578364,
	"Ankh": 83.40339974410529,
	"Black Pearl": 81.58366604849884,
	"Rope Belt": 78.71955234871103,
	"Plate Shield": 74.09443303911421,
	"Small Stone": 67.14066664192168,
	"Bone": 65.16538286853435,
	"Red Gem": 60.758802025838875,
	"Fire Sword": 60.57392552918001,
	"Ivory Carving": 60.31827637499201,
	"Onyx Chip": 59.52480028043853,
	"Axe": 59.22153214657146,
	"Small Emerald": 58.15631736382473,
	"Knight Axe": 57.6873819883425,
	"Crowbar": 56.70962975125195,
	"Serpent Sword": 54.473725664282746,
	"Mace": 53.37703751379407,
	"Wand of Inferno": 53.18750104106847,
	"Silver Brooch": 51.67832399875573,
	"Grappling Hook": 51.01965517241379,
	"Dragon Ham": 47.5070452231299,
	"Small Enchanted Ruby": 47.161393729350806,
	"Orange": 45.69401760788231,
	"Yellow Gem": 44.76103727026338,
	"Leather Boots": 44.45411679119833,
	"Green Crystal Shard": 42.06713713059729,
	"War Hammer": 42.05427731111847,
	"Twin Hooks": 40.79983498659975,
	"Cultish Robe": 37.28223206191868,
	"Chain Armor": 36.742008407835044,
	"Knight Armor": 36.17793772312996,
	"Steel Helmet": 33.058164855131345,
	"Bug Meat": 32.91916729758147,
	"Strong Health Potion": 32.29402828026293,
	"Bone Toothpick": 31.633189179559963,
	"Wand of Starstorm": 31.159655172413792,
	"White Pearl": 30.951928349479072,
	"Wand of Voodoo": 30.8299474898079,
	"Brass Helmet": 29.528173055194916,
	"Protection Amulet": 28.445563021953735,
	"Torch": 28.2287480381392,
	"Worm": 27.986795626693755,
	"Beetle Carapace": 27.870497419035214,
	"Rotten Piece of Cloth": 27.381929910495614,
	"Dark Shield": 25.779540047581285,
	"Life Crystal": 25.4985854305944,
	"Springsprout Rod": 25.414370261801974,
	"Magma Boots": 25.192294096854013,
	"Focus Cape": 24.22358152195939,
	"Moonlight Crystals": 23.908259910554534,
	"Small Treasure Chest": 22.513881877839477,
	"Doublet": 22.020023790642348,
	"Scarf": 21.952535059331176,
	"Kongra's Shoulderpad": 21.620966948306645,
	"Sword": 20.578307588758822,
	"Lightning Headband": 20.57283860354597,
	"Rainbow Quartz": 20.050753370341,
	"Dark Mushroom": 19.57974712477923,
	"Glorious Axe": 18.44960880721914,
	"Spirit Cloak": 17.365384615384617,
	"Spiked Squelcher": 16.40320978213548,
	"Ring of Blue Plasma": 15.521472206226903,
	"Green Mushroom": 13.97919329890677,
	"Banana Sash": 13.886918365802522,
	"Red Mushroom": 13.385845314721138,
	"Orcish Axe": 13.317535567965775,
	"Morning Star": 13.16866158585845,
	"Pelvis Bone": 12.87521217811073,
	"Titan Axe": 12.173671689135608,
	"Viking Helmet": 11.916959972648987,
	"Wood Cape": 11.451042771297278,
	"Coral Brooch": 11.29988713019598,
	"Wand of Cosmic Energy": 11.230969341632296,
	"Garlic Necklace": 11.102790906993604,
	"Lightning Boots": 10.968893601979499,
	"Mysterious Fetish": 10.47224527891585,
	"Brown Crystal Splinter": 9.745998648092483,
	"Poison Arrow": 9.73053253061542,
	"Magic Light Wand": 9.707751324182004,
	"Ghoul Snack": 9.557999732822728,
	"Magma Legs": 9.452385304331933,
	"Plate Legs": 9.149814509826442,
	"Dragon Necklace": 8.882658538251016,
	"Crown Helmet": 8.711021751050996,
	"Reinvigorating Seeds": 8.24037812288994,
	"Minotaur Horn": 8.235031751820937,
	"Book (Orange)": 7.981802423235878,
	"Glob of Tar": 7.900862860290068,
	"Noble Axe": 7.878374024451759,
	"Chicken Feather": 7.829837221010237,
	"Music Sheet (First Verse)": 7.783171521035599,
	"Stone Skin Amulet": 7.779393674585032,
	"Terra Amulet": 7.761076405574243,
	"Pirate Voodoo Doll": 7.759589398141509,
	"Ultimate Health Potion": 7.742208286270692,
	"Glacier Amulet": 7.601477895273283,
	"Small Sapphire": 7.459100177049008,
	"Piece of Crocodile Leather": 7.424135378246213,
	"White Silk Flower": 7.262044221053957,
	"Small Ruby": 6.948545513107582,
	"Lion Figurine": 6.922943967695865,
	"Blue Ectoplasm": 6.906357497770417,
	"Hatchet": 6.807549287869221,
	"Heavy Old Tome": 6.596553900043342,
	"Arrow": 6.508305697385678,
	"Bat Wing": 6.29812590100913,
	"Zaoan Halberd": 6.1545477340986965,
	"Ape Fur": 5.980536150502562,
	"Small Topaz": 5.969353811400444,
	"Green Crystal Fragment": 5.840477968633309,
	"Combat Knife": 5.664824495892457,
	"Bone Shoulderplate": 5.303858716848674,
	"Health Potion": 5.145034795848139,
	"Platinum Amulet": 5.128663574951845,
	"Onion": 5.089302405092388,
	"Orb": 4.792322136188124,
	"Steel Shield": 4.768964537541648,
	"Plate Armor": 4.631660093566236,
	"Dragon's Tail": 4.54820259873788,
	"Coconut": 4.35022685262981,
	"Two Handed Sword": 4.225083592637076,
	"Demonic Skeletal Hand": 4.191312615723365,
	"Scarab Coin": 4.041159883066952,
	"Melon": 3.9568494475676577,
	"Small Amethyst": 3.902049401773921,
	"Dwarven Ring": 3.7580171947742946,
	"Leather Armor": 3.7503380217324045,
	"Minotaur Leather": 3.743795936941146,
	"Throwing Star": 3.536951925822585,
	"Hailstorm Rod": 3.451062714644697,
	"Scarab Pincers": 3.365501444079275,
	"Wand of Vortex": 3.352750809061489,
	"Undead Heart": 3.318964714644819,
	"Crossbow": 3.2294513176812942,
	"Warmaster's Wristguards": 3.076455245709828,
	"Grapes": 3.032752110644436,
	"Hexagonal Ruby": 2.969542953414052,
	"Mana Potion": 2.887856273190404,
	"Bunch of Ripe Rice": 2.813028011831089,
	"Demonic Essence": 2.7711877040920543,
	"Terra Rod": 2.7653689029403306,
	"Unholy Bone": 2.7054708968273795,
	"Longsword": 2.675179175170115,
	"Silver Amulet": 2.569047644662216,
	"Burst Arrow": 2.553365877177123,
	"Cheese": 2.5444780180309614,
	"Scroll": 2.4379408891943712,
	"Plum": 2.4052843818807057,
	"Blank Rune": 2.31452949777481,
	"Golden Idol of Tukh": 2.2673245122224714,
	"Pair of Iron Fists": 2.246763109727171,
	"Elven Amulet": 2.161019268630077,
	"Life Ring": 2.1051698042035674,
	"Battle Shield": 2.1014255948677443,
	"Glacial Rod": 2.0180914766212257,
	"Assassin Star": 2.0129902573070195,
	"Scale Armor": 2.010106679033068,
	"Broken Slicer": 1.994766736868977,
	"Strong Mana Potion": 1.9549162078581046,
	"Vampire Teeth": 1.953556165624204,
	"High Guard Shoulderplates": 1.9435972583313637,
	"Elvish Talisman": 1.914883847887299,
	"Brown Piece of Cloth": 1.8839566750432404,
	"Pile of Grave Earth": 1.8635614730373602,
	"Earth Arrow": 1.813014818102114,
	"Studded Helmet": 1.8050023502634769,
	"Lump of Earth": 1.7957721324428761,
	"Elven Scouting Glass": 1.7165160578677188,
	"Scarab Amulet": 1.7162965176111278,
	"War Drum": 1.712446830963611,
	"Book of Necromantic Rituals": 1.712096332785988,
	"Skull": 1.7034878005586678,
	"Spiked Iron Ball": 1.6729094776648545,
	"Slightly Rusted Armor": 1.6721441206591563,
	"Berserk Potion": 1.5917926398590807,
	"Cleaver": 1.530011819978744,
	"Wand of Decay": 1.5134940255459415,
	"Power Bolt": 1.4963414700723094,
	"Battle Hammer": 1.4655995744740367,
	"Beetroot": 1.4651190492942678,
	"Broken Draken Mail": 1.4178313868147296,
	"Carrot": 1.415327564894932,
	"Obsidian Lance": 1.3940701088792453,
	"Wand of Draconia": 1.315317335725499,
	"Shockwave Amulet": 1.3005478404892343,
	"Zaoan Shoes": 1.290769525894469,
	"Blood Preservation": 1.2665213822771912,
	"Iron Helmet": 1.2660018971596074,
	"Emerald Bangle": 1.2552313556532688,
	"Brass Shield": 1.2474566757875534,
	"Hardened Bone": 1.2255808143892082,
	"Eye of Corruption": 1.2045523772602664,