{
	"Platinum Coin": 2905.8142829896915,
	"Gold Coin": 2141.9117188989826,
	"Opal": 548.5790930885415,
	"Knife": 408.66736442411184,
	"Great Health Potion": 406.9319984392406,
	"Small Emerald": 361.9865745904192,
	"Cobra Crest": 336.57702013511295,
	"Scimitar": 206.99291370465153,
	"Meat": 197.20324086854666,
	"Protection Amulet": 182.09709426884973,
	"Earth Arrow": 156.69694041867956,
	"Werehyaena Nose": 134.33549783549785,
	"Axe": 127.12008445690458,
	"Bone Sword": 109.36151689538144,
	"Red Crystal Fragment": 106.21171212778653,
	"Red Gem": 104.42909297688067,
	"Gold Ingot": 103.92617643164944,
	"Cheesy Figurine": 101.96199677938809,
	"Green Crystal Shard": 100.62596136774376,
	"Heavy Machete": 97.5895565082438,
	"Halberd": 94.40225704922916,
	"Banana": 91.77382351926946,
	"Terra Rod": 90.65437015123398,
	"Green Crystal Fragment": 83.3167629944631,
	"Great Mana Potion": 69.98194637337521,
	"Yellow Gem": 69.8677013012617,
	"Compass": 66.00448700055195,
	"Machete": 62.46672568983326,
	"Lancer Beetle Shell": 61.06960134101013,
	"Torch": 54.95981345743883,
	"Carlin Sword": 54.77025232403719,
	"Ham": 51.25158561752468,
	"Combat Knife": 49.355312075474274,
	"Stone Skin Amulet": 47.79257529199946,
	"Life Preserver": 46.21212121212121,
	"Small Enchanted Amethyst": 42.515151515151516,
	"Small Stone": 41.21553063153395,
	"Terra Boots": 40.170758895089435,
	"Terra Hood": 38.33962645479977,
	"Sacred Tree Amulet": 36.422162357822046,
	"Dark Mushroom": 36.33492192848062,
	"Snakebite Rod": 35.242023960458766,
	"Small Amethyst": 34.29021869793692,
	"Poisonous Slime": 33.914146199256614,
	"Cyan Crystal Fragment": 31.171459576776993,
	"Orange": 28.974047343753462,
	"Fish": 27.95857773929084,
	"Ratana": 27.72727272727273,
	"Green Crystal Splinter": 26.90670028818444,
	"Cheese": 26.106379935169986,
	"Soul Orb": 24.956267926915366,
	"Sabre": 24.418582039448292,
	"Green Gem": 24.041264672040256,
	"Fairy Wings": 23.523163452552048,
	"Brown Crystal Splinter": 22.79353485968678,
	"Worn Leather Boots": 22.252747252747252,
	"Bone": 22.06806698740909,
	"Throwing Knife": 21.414714953180102,
	"Frazzle Tongue": 19.228302537712693,
	"Small Enchanted Emerald": 19.107142857142858,
	"Giant Shimmering Pearl (Brown)": 19.040694519804667,
	"Skull": 18.849039560780703,
	"Lump of Dirt": 18.562386259289546,
	"Worm": 18.408261233207366,
	"Carniphila Seeds": 18.25664830328911,
	"Plate Shield": 16.87713412239658,
	"Frazzle Skin": 16.664078934000187,
	"Sword Ring": 15.738684184303114,
	"Remains of a Fish": 13.990020250440454,
	"Wand of Starstorm": 13.415159025715868,
	"Violet Crystal Shard": 13.406848922465436,
	"Spear": 13.358464425268062,
	"Violet Gem": 13.17192081192833,
	"Gemmed Figurine": 12.476261530113945,
	"Kongra's Shoulderpad": 11.606060180043395,
	"Doublet": 11.464285714285714,
	"Hailstorm Rod": 11.464285714285714,
	"Arrow": 10.82975039718711,
	"Chain Armor": 10.24880274195987,
	"Piece of Crocodile Leather": 10.078996240608657,
	"Battle Shield": 10.013055361106646,
	"Emerald Bangle": 9.520347259902334,
	"Piece of Iron": 8.945970455311642,
	"Short Sword": 8.590417051357145,
	"Scale Armor": 8.354050996613955,
	"Fish Fin": 7.885659455811645,
	"Leather Legs": 7.842344824177104,
	"Black Shield": 7.650169873367126,
	"Wand of Voodoo": 7.642857142857142,
	"Banana Sash": 7.496190804771032,
	"Big Bone": 7.26527120898824,
	"Serpent Sword": 7.101871947911015,
	"Steel Shield": 6.722703349045411,
	"Treasure Map (Pirate)": 6.698871934454534,
	"Leather Helmet": 6.580951306232793,
	"Assassin Star": 6.4098399382341436,
	"Silencer Claws": 6.306126713350067,
	"Mace": 6.20865943132123,
	"Corncob": 5.682707231974803,
	"Werehyaena Talisman": 5.545454545454546,
	"Shadow Herb": 4.673144917556735,
	"Fishbone": 4.647637622876743,
	"Light Shovel": 4.551024498886415,
	"Orc Leather": 4.5265953938962635,
	"Dragon Ham": 4.4555779183438755,
	"Iron Ore": 4.162453717814615,
	"Sword": 4.105655118272899,
	"Fish Tail": 3.975514746800223,
	"Ring of Red Plasma": 3.8750402576489535,
	"Plate Armor": 3.785060624716743,
	"Crystal Rubbish": 3.6878130217028384,
	"Rotten Piece of Cloth": 3.6803669234537115,
	"Beetle Necklace": 3.6358137162014432,
	"Banana Skin": 3.387033945464663,
	"Hook": 3.379155542620391,
	"Peg Leg": 3.3557889187147536,
	"Pirate Bag": 3.209332538269772,
	"Eye Patch": 3.193840674708543,
	"Ape Fur": 2.9494649289259582,
	"Strong Health Potion": 2.890949701698521,
	"Cyclops Toe": 2.7999735497384055,
	"Coconut": 2.6770626785414215,
	"Onyx Chip": 2.6549906101597913,
	"Brass Helmet": 2.602651042524087,
	"Pirate Shirt": 2.544642857142857,
	"Pirate Knee Breeches": 2.3870824053452115,
	"Sling Herb": 2.350910556630469,
	"Seeds": 2.334455904611932,
	"Silencer Resonating Chamber": 2.154916512059369,
	"Haunted Blade": 2.1295406525025515,
	"Warwolf Fur": 2.1136213981658307,
	"Roll": 2.0758867799790126,
	"Hardened Bone": 1.9616026711185308,
	"Bow": 1.9605038068968836,
	"Werehyaena Trophy": 1.9107142857142856,
	"Shrimp": 1.869942138363594,
	"Bunch of Ripe Rice": 1.821661206461939,
	"Bandana": 1.8046784272521152,
	"Heavy Old Tome": 1.788511702742421,
	"Quara Tentacle": 1.734091964700418,
	"Obsidian Lance": 1.6812752789967358,
	"Dagger": 1.6536675066403324,
	"Raspberry": 1.572005706991064,
	"Mantassin Tail": 1.5172132817274393,
	"Magic Light Wand": 1.4499568954164312,
	"Melon": 1.3612502100487314,
	"Pelvis Bone": 1.356563436848075,
	"Stealth Ring": 1.3520369757069892,
	"Wolf Tooth Chain": 1.3243573262030772,
	"Ghoul Snack": 1.2846773834439151,
	"Royal Spear": 1.2464102507705879,
	"Pirate Backpack": 1.2457159324073943,
	"Wooden Shield": 1.2433492805395345,
	"Glorious Axe": 1.2421031383548933,
	"Orcish Gear": 1.2357371856773147,
	"Brown Mushroom": 1.2022713725250291,
	"Viking Helmet": 1.1836902324999943,
	"Longsword": 1.1739943623326845,
	"Wooden Trash": 1.1689322085755496,
	"Two Handed Sword": 1.165968087189067,
	"Throwing Star": 1.1304441569642087,
	"Health Potion": 1.121006091230403,
	"Broken Shamanic Staff": 1.1203703703703702,
	"Rapier": 1.0907230926613902,
	"Hunting Spear": 0.9965064303550559,
	"Brass Armor": 0.9891912762694361,
	"Quara Bone": 0.9830713422007255,
	"Orc Tooth": 0.9540244832989597,
	"Glob of Tar": 0.9405789119392938,
	"Hydra Head": 0.9141797064042588,
	"Orcish Axe": 0.8426332288401255,
	"Shadow Sceptre": 0.8373800299721597,
	"Shamanic Hood": 0.8257275132275133,
	"Diamond Sceptre": 0.7981005157310559,
	"Sai": 0.7965564942839264,
	"Battle Axe": 0.7909307757369807,
	"Terra Legs": 0.7326596455397979,
	"Small Sapphire": 0.7294769436393413,
	"Poison Arrow": 0.7121088007121452,
	"Hunter's Quiver": 0.7104283054003725,
	"Rum Flask": 0.7045902908769532,
	"Cookie": 0.7038719873567759,
	"Lamassu Horn": 0.6862391930835734,
	"Nightmare Blade": 0.6519392769646044,
	"High Guard Shoulderplates": 0.6478657527771212,
	"Brown Bread": 0.6438161418285363,
	"Hatchet": 0.643233003578194,
	"Dirty Cape": 0.6077052868391452,
	"Crab Pincers": 0.5995864920744314,
	"Small Diamond": 0.5970856846232915,
	"Silky Fur": 0.581133708351363,
	"Twigs": 0.5743821676627363,
	"Honeycomb": 0.5676283585912011,
	"Spiked Iron Ball": 0.5576364925549515,
	"Cluster of Solace": 0.555358847996489,
	"Die": 0.549996238048864,
	"Blue Crystal Shard": 0.524135446685879,
	"Bone Shield": 0.5064964003025184,
	"Wand of Decay": 0.5004235323688352,
	"Dark Shield": 0.4882066433535663,
	"Flask of Embalming Fluid": 0.4840391707999491,
	"Carrot on a Stick": 0.48161163086351344,
	"Dead Snake": 0.47170333471703335,
	"Quara Eye": 0.4675945334115872,
	"Minotaur Horn": 0.46589339510805133,
	"Titan Axe": 0.46227581941867657,
	"Brass Shield": 0.4603338044622358,
	"White Mushroom": 0.4519794406719325,
	"Cucumber": 0.44442652040651714,
	"Boots of Haste": 0.4209867262048977,
	"Voluminous Piece of Cloth": 0.41819815404721067,
	"Striped Fur": 0.411004102015338,
	"Ludicrous Piece of Cloth": 0.4083966348117291,
	"Lamassu Hoof": 0.40525936599423634,
	"Terra Amulet": 0.40525936599423634,
	"Gauze Bandage": 0.40045148162279026,
	"Carrion Worm Fang": 0.39956056475566587,