{
	"Platinum Coin": 10393.646184513045,
	"Gold Coin": 7558.765093096296,
	"Great Mana Potion": 1230.0404356041263,
	"Lost Soul (Item)": 1110.2599108659708,
	"Great Health Potion": 535.0933980219004,
	"Fairy Wings": 500.23531823458825,
	"Skull": 439.7024270919086,
	"Dark Mushroom": 415.4841613422617,
	"Green Mushroom": 334.6963757476253,
	"Bone": 313.92762989489074,
	"Cheese": 274.7507520383607,
	"Frazzle Tongue": 266.454065093361,
	"Ham": 237.52488480133655,
	"Remains of a Fish": 235.1443116488542,
	"Frazzle Skin": 232.75090767634853,
	"Terra Amulet": 182.8455454018283,
	"Dragon Ham": 180.86723387553027,
	"Meat": 167.1514113546422,
	"Wand of Cosmic Energy": 166.59489150599694,
	"Dagger": 165.60000000000002,
	"Poison Arrow": 160.06704807082477,
	"Fish": 156.97727666635973,
	"Death Toll": 145.43036742377623,
	"Pirate Coin": 144.26941787986036,
	"Garlic Necklace": 141.06738444200752,
	"Bat Wing": 134.55530994714078,
	"Springsprout Rod": 128.11818693349318,
	"Ice Rapier": 123.65972393446907,
	"Worm": 122.43818595674776,
	"Big Bone": 121.87975144659683,
	"Assassin Star": 117.08002334787307,
	"Fish Fin": 114.73637225784071,
	"Piece of Iron": 111.72928552904564,
	"Pirat's Tail": 106.6674328596052,
	"Ensouled Essence": 97.86414892360413,
	"Plate Shield": 91.14846844272978,
	"Terra Rod": 90.90806879044172,
	"Terra Boots": 86.4503623328412,
	"Hailstorm Rod": 81.72974527257992,
	"Dark Armor": 78.3221071195494,
	"Strong Mana Potion": 75.36088826845244,
	"Blue Glass Plate": 74.52944413869014,
	"Axe": 74.30200564864089,
	"Cyan Crystal Fragment": 70.57710735180632,
	"Torch": 70.00021153094836,
	"Crystal Sword": 68.37737359747167,
	"Iron Ore": 62.76110501470977,
	"Small Diamond": 61.84187297959288,
	"Brown Bread": 61.14123006833713,
	"Wand of Starstorm": 60.486385196794856,
	"Tarantula Egg": 60.298715701355846,
	"Flask of Demonic Blood": 58.34767360299275,
	"Mouldy Powder": 56.96556282563462,
	"Rope Belt": 55.43104516277414,
	"Hydrophytes": 52.45457118596094,
	"Great Spirit Potion": 51.6528198455533,
	"Silencer Claws": 51.6517779035661,
	"Mace": 50.81287776865531,
	"Necklace of the Deep": 50.69102518623626,
	"Sabre": 49.31974937923127,
	"Spear": 48.56612947078799,
	"Chain Armor": 48.40730801958354,
	"Silver Amulet": 47.966706683952744,
	"Skull Staff": 46.69786733581002,
	"Red Crystal Fragment": 45.421923188707645,
	"Cultish Robe": 44.96987350634718,
	"Machete": 44.13413657304228,
	"Cursed Bone": 43.878503015253635,
	"Shark Fins": 43.21748601286145,
	"Sword": 42.852348272639254,
	"Two-Headed Turtle Heads": 40.84149448061138,
	"Green Glass Plate": 38.68361581920904,
	"Battle Stone": 34.89347816753252,
	"Small Emerald": 34.15853998785157,
	"Blue Crystal Splinter": 34.120957909593635,
	"Glacier Shoes": 30.978986521098978,
	"Knight Axe": 30.950660865281996,
	"Crowbar": 30.726189317595153,
	"Fire Sword": 30.15771476877951,
	"Small Sapphire": 30.150211766848972,
	"Haunted Blade": 29.999371413778604,
	"Snake Skin": 29.93892432368417,
	"Lion's Mane": 29.77473240532004,
	"Spider Fangs": 29.55703007686725,
	"Spider Silk": 28.958968850698174,
	"Wand of Inferno": 28.87628280325032,
	"Glacial Rod": 27.982617949627524,
	"Red Gem": 27.839740388030886,
	"Brass Helmet": 27.644266970244196,
	"Grappling Hook": 27.128275862068964,
	"Brown Crystal Splinter": 26.124358357784345,
	"Ultimate Health Potion": 26.07227693124889,
	"Rotten Piece of Cloth": 25.615353787237833,
	"Double Axe": 25.51764248838772,
	"Soul Orb": 24.930851912814195,
	"Girlish Hair Decoration": 24.648652741563993,
	"Onyx Chip": 23.718268876120796,
	"Knight Armor": 21.089074089707516,
	"Giant Shimmering Pearl (Green)": 20.88104269429564,
	"Two Handed Sword": 20.541181865632105,
	"Steel Shield": 20.44088324891726,
	"Halberd": 20.414165226318545,
	"Morning Star": 19.973872391929472,
	"Power Bolt": 19.797165078827984,
	"Combat Knife": 19.45102053898912,
	"Glorious Axe": 19.28646149182528,
	"Mercenary Sword": 19.283528023070016,
	"Leather Helmet": 19.136659086232765,
	"Demonic Essence": 19.01730184708908,
	"Small Tropical Fish": 18.920181149165018,
	"Orichalcum Pearl": 18.88900527234182,
	"Wand of Voodoo": 18.724011463111243,
	"Brass Legs": 18.288734661753658,
	"Yellow Gem": 18.05797895655867,
	"Black Pearl": 17.959038867150888,
	"Energy Ring": 17.779468116695455,
	"Compass": 17.59787054668851,
	"Stealth Ring": 17.59779281651625,
	"Guardian Shield": 16.92817864111048,
	"Green Crystal Shard": 16.916399445934527,
	"Scythe": 16.15898994622399,
	"Silver Brooch": 15.418567322720785,
	"Fire Axe": 15.240822138302482,
	"Spike Sword": 15.08899819126171,
	"Ivory Comb": 14.78072184733486,
	"Life Ring": 14.707580035037452,
	"Leather Legs": 14.4972591424495,
	"Small Amethyst": 14.462283608017199,
	"Coral Brooch": 14.276854930503445,
	"Crossbow": 13.7251681001455,
	"Lancer Beetle Shell": 13.571022520224473,
	"Dragon's Tail": 13.427762137217933,
	"Magma Boots": 13.371862849063273,
	"Staff": 13.184993531694694,
	"Protective Charm": 13.163094887335083,
	"Focus Cape": 13.158741495739573,
	"Gemmed Figurine": 13.15485543984822,
	"White Pearl": 13.050934806351316,
	"Steel Helmet": 12.709810914513184,
	"Shadow Sceptre": 12.552822518396543,
	"Twigs": 12.243208279430789,
	"Terra Legs": 12.139409071378273,
	"Lightning Headband": 11.95441538414499,
	"Flotsam": 11.654592496765849,
	"Warrior Helmet": 11.550498908471939,
	"Blank Rune": 11.46234924975852,
	"Knight Legs": 11.323607271090655,
	"Small Treasure Chest": 11.080262493690055,
	"Lump of Earth": 11.038701106398468,
	"Pelvis Bone": 10.897705746158703,
	"Burst Arrow": 10.851804978002772,
	"Rapier": 10.807165052092854,
	"Royal Spear": 10.487462940405875,
	"Emerald Bangle": 10.473389659589976,
	"Book (Gemmed)": 10.463675852083382,
	"Cookie": 10.356987067593483,
	"Rainbow Quartz": 10.346989430861527,
	"Viking Helmet": 10.238913401487688,
	"Plate Armor": 10.232652647368033,
	"Terra Mantle": 10.181035143316333,
	"Knife": 10.131730460723476,
	"Chicken Feather": 10.121496895452257,
	"Short Sword": 10.101611831647626,
	"Diamond Sceptre": 9.809036175577626,
	"Warrior's Axe": 9.662106110320066,
	"Golden Mug": 9.467221991135682,
	"Strand of Medusa Hair": 9.277011678865613,
	"Nightmare Blade": 9.151241438937596,
	"Ring of Blue Plasma": 9.062152302178728,
	"Minotaur Horn": 9.039025557328966,
	"Ghoul Snack": 8.941354588769649,
	"Magic Light Wand": 8.689365200780792,
	"Blue Robe": 8.646854671663231,
	"Mystical Hourglass": 8.49871405190554,
	"Small Enchanted Sapphire": 8.259469621585655,
	"Book of Necromantic Rituals": 8.258347016967706,
	"Coral Branch": 8.240620957309185,
	"Poisonous Slime": 8.078908956342802,
	"Ankh": 7.731676110400292,
	"Small Stone": 7.7062411149614585,
	"Giant Shimmering Pearl (Brown)": 7.452944413869015,
	"Talon": 7.412429378531074,
	"Dark Shield": 7.123976484143187,
	"Green Gem": 7.050082553659879,
	"Violet Gem": 6.950697772439537,
	"Pirate Voodoo Doll": 6.766526194584326,
	"Spellbook of Enlightenment": 6.731009177682824,
	"Sai": 6.711132002074689,
	"Boots of Haste": 6.676074149063867,
	"Gold Nugget": 6.524200396263798,
	"Glacier Amulet": 6.4858757062146895,
	"Crystal Necklace": 6.417390084587896,
	"Cape": 6.342172234657896,
	"Serpent Sword": 6.244361580210437,
	"Centipede Leg": 6.105521264902342,
	"Wood Cape": 6.095360856157288,
	"Heavy Old Tome": 5.952520073945205,
	"Hatchet": 5.84269978250193,
	"Lightning Boots": 5.822198656769176,
	"Longsword": 5.6343766116459415,
	"Ivory Carving": 5.471742216294089,
	"Red Apple": 5.3694367176634215,
	"Beetroot": 5.203240102791662,
	"White Mushroom": 5.125533929779271,
	"Book (Orange)": 5.08084965898889,
	"Raspberry": 4.814267477660134,
	"Small Enchanted Ruby": 4.73815425522665,
	"Leather Boots": 4.6054627637292755,
	"Slightly Rusted Armor": 4.518028479260191,
	"Twiceslicer": 4.485977836934316,
	"Prismatic Quartz": 4.461474771089032,
	"Cluster of Solace": 4.351173495850622,
	"Lightning Pendant": 3.937853107344633,
	"Fur Armor": 3.8840580246873486,
	"War Hammer": 3.8804977644750815,
	"Clay Lump": 3.824329933792658,
	"Minotaur Leather": 3.705220127156444,