{
	"Skull": 3817.7612887415803,
	"Dagger": 3811.9779802335484,
	"Gold Coin": 3471.2948400357222,
	"Platinum Coin": 1737.0742339664585,
	"Brown Bread": 1405.9529233105543,
	"Sabre": 1138.3100052360971,
	"Girlish Hair Decoration": 496.8626419465997,
	"Meat": 318.83002082630696,
	"Spear": 285.7485595338243,
	"Protective Charm": 265.63025874331913,
	"Elven Astral Observer": 199.8279323200459,
	"Dream Essence Egg": 136.38918035712388,
	"Torch": 96.6724368584869,
	"Bone": 83.24950996179282,
	"Ham": 82.20672664746769,
	"Heaven Blossom": 72.61778392994822,
	"Great Spirit Potion": 68.34390101093763,
	"Chain Armor": 64.0137159026454,
	"Belted Cape": 62.8893723320582,
	"Seeds": 57.52480059858884,
	"Magma Amulet": 53.130184110576636,
	"Elvish Talisman": 50.653785748020304,
	"Two Handed Sword": 49.65096035419724,
	"Dragon Necklace": 48.09659083121008,
	"Scimitar": 46.744847597341305,
	"Knife": 44.19271580154861,
	"Wand of Draconia": 43.99929356977773,
	"Poison Arrow": 43.835324348140894,
	"Small Enchanted Ruby": 42.39995606772388,
	"Cheese": 41.166407007650584,
	"Compass": 40.430694119038556,
	"Ultimate Health Potion": 37.913505800518095,
	"Red Crystal Fragment": 37.73579473138011,
	"Wand of Dragonbreath": 37.17738425794934,
	"Violet Crystal Shard": 36.54147581425226,
	"Red Apple": 35.544158553546595,
	"Plate Shield": 33.35815975021821,
	"Worm": 30.39171365517239,
	"Essence of a Bad Dream": 29.950659377391446,
	"Leaf Star": 29.698411392120892,
	"Book of Necromantic Rituals": 29.407772304324027,
	"Fish": 26.149558699936197,
	"Piece of Crocodile Leather": 25.843245422333496,
	"White Mushroom": 25.77582208688623,
	"Hunting Spear": 24.169157285111005,
	"Miraculum": 22.39464882943144,
	"Dragon Ham": 22.28265250179142,
	"Hand Axe": 22.171354552183566,
	"Magma Boots": 21.701881578011353,
	"Rotten Piece of Cloth": 21.346128156031526,
	"Spider Fangs": 20.63403892069485,
	"Ring of Blue Plasma": 19.718322032077637,
	"Worn Leather Boots": 18.89010989010989,
	"Mace": 18.747040197949534,
	"Leather Helmet": 17.345579421634238,
	"Throwing Knife": 17.25866672228882,
	"Small Stone": 16.911331790742228,
	"Hatchet": 16.084650556188244,
	"Halberd": 16.081276249218632,
	"Sun Fruit": 16.00191651606302,
	"Pelvis Bone": 15.853511447793139,
	"Wand of Cosmic Energy": 13.91562807601699,
	"Viking Helmet": 13.727158768411563,
	"Silver Amulet": 13.355605916954001,
	"Leather Boots": 13.130744525496546,
	"Bolt": 13.060718821319226,
	"Heavy Old Tome": 12.085142097435902,
	"Terra Boots": 11.817678878780429,
	"Crystal Necklace": 11.791935123335978,
	"Crab Pincers": 11.791867677463818,
	"Short Sword": 11.751742834126075,
	"Terra Hood": 11.223884126755802,
	"Brown Flask": 11.026742727677307,
	"Axe": 10.973838849991536,
	"Small Axe": 10.418567753269276,
	"Sword Ring": 9.893851541209136,
	"Rope": 9.386929419257381,
	"Wood Cape": 9.000690851451983,
	"Mind Stone": 8.954773869346734,
	"Energy Ring": 8.922107934575138,
	"Battle Shield": 8.78559902382554,
	"Plate Armor": 8.523626956053047,
	"Red Gem": 8.245315665542654,
	"Studded Armor": 7.952207768709848,
	"Sword": 7.830373957488208,
	"Morning Star": 7.680783525085219,
	"Ghoul Snack": 7.451128823974707,
	"Yellow Gem": 7.450196292187999,
	"Holy Orchid": 7.368561872909699,
	"Lamassu Horn": 7.178659513349504,
	"Knight Axe": 7.02372164481353,
	"Brass Helmet": 6.911881746749135,
	"Steel Shield": 6.8514781547998655,
	"Small Ruby": 6.771721278378208,
	"Elven Amulet": 6.736391256928085,
	"Wand of Inferno": 6.5256858856515265,
	"Wooden Shield": 6.469667740483161,
	"Green Mushroom": 6.421613824729463,
	"Collar of Blue Plasma": 6.41110147441457,
	"Mino Shield": 6.362183427587903,
	"Broken Helmet": 6.295075130413428,
	"Studded Club": 6.277957403610672,
	"Scale Armor": 6.189466137502883,
	"Fire Axe": 5.923745819397993,
	"Life Ring": 5.722031493431275,
	"Small Enchanted Sapphire": 5.602988455902144,
	"Strong Mana Potion": 5.533861862612578,
	"Arrow": 5.5254794382571415,
	"Small Diamond": 5.503494909952436,
	"Underworld Rod": 5.501625775938517,
	"Small Pitchfork": 5.431325301204819,
	"Studded Helmet": 5.401147251896167,
	"Blue Crystal Shard": 5.346181556195965,
	"Axe Ring": 5.297241145966694,
	"Bone Club": 5.24221294304544,
	"Battle Axe": 5.197584046585091,
	"Protection Amulet": 5.155573196907848,
	"Sphinx Feather": 5.150218911982285,
	"Beastslayer Axe": 5.132776001967052,
	"Power Ring": 4.904640851315401,
	"Dark Shield": 4.753227393296819,
	"Magma Coat": 4.478929765886288,
	"Sacred Tree Amulet": 4.336428921971599,
	"Terra Amulet": 4.273180416862141,
	"Lamassu Hoof": 4.239051450002373,
	"Sphinx Tiara": 4.156811433747673,
	"Treasure Map (Pirate)": 4.1074862936254855,
	"Death Ring": 4.0150162577593855,
	"Orc Leather": 3.986677781310884,
	"Green Gem": 3.878561428624123,
	"Blue Gem": 3.7900960837169193,
	"Studded Shield": 3.766416723471938,
	"Warrior's Shield": 3.734325055323334,
	"Orb": 3.628731894767957,
	"Ice Cube": 3.574410173228186,
	"Leather Legs": 3.570852253184559,
	"Black Shield": 3.519522674866594,
	"Strong Health Potion": 3.5160020764375197,
	"Small Emerald": 3.5119960907173438,
	"Sickle": 3.411605606097861,
	"Copper Shield": 3.410690408186925,
	"Blank Rune": 3.362907757976172,
	"Crystal Crossbow": 3.3581960104076325,
	"Wand of Defiance": 3.3508666552076236,
	"Leather Armor": 3.31138810764274,
	"Platinum Amulet": 3.2917838392170173,
	"Obsidian Lance": 3.242562085074994,
	"Pick": 3.147026282792024,
	"Opal": 3.1415706051873196,
	"Spider Silk": 3.0354337817220167,
	"Necromantic Robe": 2.9922763485981876,
	"Light Shovel": 2.988440979955457,
	"Soldier Helmet": 2.9583424166154697,
	"Studded Legs": 2.886884446611409,
	"Beetroot": 2.8275903421810042,
	"Collar of Red Plasma": 2.7742240614838902,
	"Shovel": 2.767089804717946,
	"Double Axe": 2.5521483260043487,
	"Letter": 2.4671649497209454,
	"Bloody Pincers": 2.4588148512417014,
	"Magma Monocle": 2.416937137513551,
	"Cyclops Toe": 2.3552857143432933,
	"Longsword": 2.285236896677773,
	"Health Potion": 2.2764621274902543,
	"White Pearl": 2.258064516129032,
	"Warrior's Axe": 2.228300958937792,
	"Honeycomb": 2.224660459087516,
	"Clerical Mace": 2.220232705049955,
	"Titan Axe": 2.2117803756002066,
	"Crossbow": 2.208640906599755,
	"Magma Legs": 2.205723909180771,
	"Pirate Shirt": 2.1601190476190477,
	"Lightning Headband": 2.138291983292235,
	"Bullseye Potion": 2.113564668769716,
	"Minotaur Horn": 2.108501465481458,
	"Garlic Necklace": 2.0718888560449304,
	"Flask of Embalming Fluid": 2.0571664758997836,
	"Peg Leg": 2.0491201081427093,
	"Hook": 2.041080745150524,
	"Onyx Chip": 2.020893371757925,
	"Strange Talisman": 1.9935801615073145,
	"Necklace of the Deep": 1.9899497487437185,
	"Ring of Healing": 1.9899497487437185,
	"Eye Patch": 1.8957074663220241,
	"Dead Snake": 1.8868133388681334,
	"Rainbow Quartz": 1.8614804946864107,
	"Stone Skin Amulet": 1.8611882944132425,
	"Frosty Heart": 1.8525581549473127,
	"Mouldy Cheese": 1.831635853011046,
	"Steel Helmet": 1.8281067470989891,
	"Green Crystal Fragment": 1.8015995663326845,
	"Pirate Bag": 1.7464621584682458,
	"Gauze Bandage": 1.7019187968968585,
	"Lightning Pendant": 1.6732927381611393,
	"Plum": 1.6035229212538038,
	"Green Crystal Splinter": 1.598342939481268,
	"Sniper Arrow": 1.5888236525633215,
	"Pirate Knee Breeches": 1.5674832962138083,
	"Mystic Turban": 1.5422817383582599,
	"Brass Shield": 1.5421314810917,
	"Throwing Star": 1.5373289027529748,
	"Chicken Feather": 1.5277731162946804,
	"Bunch of Troll Hair": 1.457702321526111,
	"Pile of Grave Earth": 1.4527764171527808,
	"Brown Piece of Cloth": 1.4463196330765462,
	"Piercing Bolt": 1.4458366778592902,
	"Fairy Wings": 1.4289540799558282,
	"Small Sapphire": 1.417537789705127,
	"Wand of Starstorm": 1.405565900055357,
	"Shimmering Beetles": 1.4009097243219792,
	"Royal Spear": 1.3945436741335793,
	"Dragon's Tail": 1.3822696317724341,
	"Book (Gemmed)": 1.3648272850543541,
	"Strange Symbol": 1.322731303576707,
	"Burst Arrow": 1.3225600169509006,
	"Great Health Potion": 1.3136122487747546,
	"Small Amethyst": 1.2712132182256701,