{
	"Platinum Coin": 1803.3169497551276,
	"Gold Coin": 1570.8520019324967,
	"Bone": 229.32241722793512,
	"Meat": 210.32629518301673,
	"Great Health Potion": 124.12096259872062,
	"Ham": 114.43643124950565,
	"Soul Orb": 110.11630364035933,
	"White Mushroom": 106.96888552658297,
	"Belted Cape": 101.80986173287272,
	"Elven Astral Observer": 79.33467163751077,
	"Dream Essence Egg": 73.43213034102396,
	"Pelvis Bone": 69.95980706685803,
	"Fish": 60.9161499983445,
	"Scimitar": 55.39162308024738,
	"Knight Axe": 54.53543478719885,
	"Knife": 51.62316649625071,
	"Throwing Star": 50.361753482989556,
	"Heaven Blossom": 48.426712922810054,
	"Red Crystal Fragment": 44.15832822857975,
	"Unholy Bone": 43.758341277407055,
	"Ultimate Health Potion": 43.344984597679684,
	"Axe": 37.41242748617322,
	"Orc Leather": 37.37937235338037,
	"Two Handed Sword": 36.98219904156032,
	"Werehyaena Nose": 36.413419913419915,
	"Cheese": 36.2684844294386,
	"Piece of Crocodile Leather": 36.06034244976767,
	"Plate Legs": 34.56336914992927,
	"Halberd": 34.509539853845915,
	"Elvish Talisman": 33.71118820468344,
	"Plate Armor": 29.674527522226953,
	"Small Enchanted Ruby": 28.289899478196578,
	"Poison Arrow": 25.816899778071434,
	"Spear": 24.14207550788162,
	"Dragon Ham": 23.619719944310795,
	"Seeds": 22.849479838711098,
	"Mammoth Whopper": 22.0279698857611,
	"Hunting Spear": 21.488696779574443,
	"Bone Toothpick": 21.43819510645059,
	"Bone Sword": 20.720926439340513,
	"Violet Crystal Shard": 20.66695576756288,
	"Magma Amulet": 19.958570127121348,
	"Wand of Draconia": 19.511233538554894,
	"Leaf Star": 19.410658186373713,
	"Dragon Necklace": 19.13921494254531,
	"Chain Armor": 19.09597074412151,
	"Yellow Gem": 17.88331148575419,
	"Torch": 17.453417768321643,
	"Great Mana Potion": 16.727015458349868,
	"Flask of Warrior's Sweat": 16.32783952983263,
	"Worm": 16.09387487576359,
	"Broken Gladiator Shield": 15.846429027724543,
	"Wand of Dragonbreath": 15.681753504576164,
	"Broken Helmet": 15.40974661711692,
	"Red Gem": 13.990353048908567,
	"Combat Knife": 13.63736304245428,
	"Skull Helmet": 13.464393297545618,
	"Tarantula Egg": 13.455085321790147,
	"Sniper Arrow": 13.243532302355833,
	"Brown Mushroom": 13.140493656855128,
	"Miraculum": 12.752508361204013,
	"Great Spirit Potion": 12.631197406697368,
	"Life Preserver": 12.412587412587412,
	"Warwolf Fur": 12.335649749879682,
	"Steel Helmet": 12.054234761517794,
	"Ring of Blue Plasma": 11.930168058803277,
	"Small Enchanted Amethyst": 11.498480330095813,
	"Wolf Tooth Chain": 10.99432581299089,
	"Spider Fangs": 10.905927067685138,
	"Small Amethyst": 10.645894761153466,
	"Corncob": 10.610591162518908,
	"Mace": 10.374076081423633,
	"Plate Shield": 10.313806731201486,
	"Sword": 10.236816307234387,
	"Protection Amulet": 10.157610612448718,
	"Orcish Gear": 10.091853683031403,
	"Strong Health Potion": 10.035129597621403,
	"Orc Tooth": 10.02480336046713,
	"Broken Shamanic Staff": 9.981481481481481,
	"Steel Shield": 9.345789334992437,
	"Sun Fruit": 8.702526231983512,
	"Heavy Old Tome": 8.633845508095861,
	"Crab Pincers": 8.39421088904204,
	"Orcish Axe": 8.365609949638989,
	"Sword Ring": 8.029076151962968,
	"Frosty Heart": 7.998725489641727,
	"Green Crystal Fragment": 7.944055944055944,
	"Magma Boots": 7.658408999269036,
	"Green Crystal Splinter": 7.618944822095657,
	"Ratana": 7.447552447552448,
	"Shamanic Hood": 7.356481481481482,
	"Studded Helmet": 7.059598229691824,
	"Piece of Dead Brain": 6.97279953750542,
	"Bolt": 6.307921664294911,
	"Wood Cape": 5.951431049436253,
	"Studded Legs": 5.8668941979522184,
	"Battle Axe": 5.621306346324694,
	"Short Sword": 5.614037198477277,
	"Small Enchanted Emerald": 5.325253611446641,
	"Brass Legs": 5.27591895667411,
	"Studded Armor": 5.254714837536924,
	"Dark Helmet": 5.112529831164403,
	"Brown Crystal Splinter": 4.973258575890396,
	"Throwing Knife": 4.907361699844396,
	"Small Diamond": 4.828273491162008,
	"Spider Silk": 4.75611043382786,
	"Collar of Blue Plasma": 4.280138768430182,
	"Holy Orchid": 4.195986622073579,
	"Studded Shield": 4.16996137241536,
	"Mouldy Cheese": 4.1484490398818314,
	"Bonelord Eye": 4.084752131810955,
	"Leather Boots": 4.043223781388479,
	"Sabre": 3.887549785485697,
	"Wand of Inferno": 3.8037880827846484,
	"Wand of Starstorm": 3.708333333333333,
	"Small Enchanted Sapphire": 3.6686903729401563,
	"Essence of a Bad Dream": 3.5528340148797906,
	"Shrimp": 3.5435531839646046,
	"Fire Axe": 3.3732441471571906,
	"Stealth Ring": 3.2325598858707134,
	"Ice Cube": 3.213671281966728,
	"Doublet": 3.1785714285714284,
	"Hailstorm Rod": 3.1785714285714284,
	"Rotten Piece of Cloth": 3.0915082157011176,
	"Skull Belt": 3.0431531873509226,
	"Longsword": 3.0027541961596578,
	"Cherry": 2.919155533263417,
	"Clerical Mace": 2.7238732573853217,
	"Leather Legs": 2.662761883307051,
	"Silver Amulet": 2.6192137156370086,
	"Quara Tentacle": 2.6011379470506273,
	"Viking Helmet": 2.5582147605704644,
	"Magma Coat": 2.5505016722408027,
	"Arrow": 2.473812849162011,
	"Beetroot": 2.423648864726575,
	"Quara Eye": 2.3379726670579357,
	"Black Shield": 2.286492910417179,
	"Mantassin Tail": 2.275819922591159,
	"Crystal Crossbow": 2.2419774501300958,
	"Royal Spear": 2.2280996406180984,
	"Wand of Cosmic Energy": 2.1211847868958795,
	"Wand of Voodoo": 2.119047619047619,
	"Vampire Teeth": 2.1098406588741403,
	"Energy Ring": 2.0997986545119613,
	"Battle Shield": 2.0386065343462514,
	"Haunted Blade": 2.002485908368261,
	"Small Emerald": 1.9779413815685036,
	"Skull": 1.9410345813053729,
	"Centipede Leg": 1.9334150672190749,
	"Black Pearl": 1.9199198639656943,
	"Dead Snake": 1.8868133388681334,
	"Machete": 1.8660409556313993,
	"Leather Helmet": 1.804460464068484,
	"Mind Stone": 1.7917928731884414,
	"Knight Legs": 1.7752163286874958,
	"Quara Pincers": 1.751004016064257,
	"Strong Mana Potion": 1.712209312263182,
	"Time Ring": 1.6842596120266267,
	"Cyclops Toe": 1.6674937965260546,
	"Small Ruby": 1.6296605650920353,
	"Hatchet": 1.608082508945485,
	"Dagger": 1.6,
	"Ruthless Axe": 1.594296155068319,
	"Rapier": 1.558175846659129,
	"Wooden Shield": 1.5500996069563344,
	"Small Sapphire": 1.531685096334225,
	"Werehyaena Talisman": 1.4895104895104896,
	"Wyvern Talisman": 1.4416890080428955,
	"Brass Armor": 1.3761086550373345,
	"Blood Preservation": 1.3678430928593666,
	"Spellbook": 1.3163751987281398,
	"Winter Wolf Fur": 1.3,
	"Swamp Grass": 1.2619460856720828,
	"Obsidian Lance": 1.2431130465393043,
	"Platinum Amulet": 1.235849230371604,
	"Honeycomb": 1.19823789127939,
	"Life Ring": 1.1834150396020524,
	"Health Potion": 1.1373867353357325,
	"Elven Amulet": 1.129766479456104,
	"Wolf Paw": 1.1276253213895573,
	"Knight Armor": 1.1207865962971026,
	"Poison Spider Shell": 1.0858652265790092,
	"Underworld Rod": 1.0836535619272836,
	"Ghoul Snack": 1.0791290020928885,
	"Broken Crossbow": 1.0713220844345057,
	"Cookie": 1.0537672650490106,
	"Scale Armor": 1.0457945829639739,
	"Axe Ring": 1.037540644398463,
	"Wild Flowers": 1.030487470779277,
	"Green Mushroom": 1.0029817601896927,
	"Medicine Pouch": 0.9886632200886263,
	"Power Ring": 0.9660656222287911,
	"Wand of Decay": 0.9560185185185185,
	"Assassin Star": 0.9388912102093714,
	"Power Bolt": 0.8920161350517599,
	"Raspberry": 0.8842532101824735,
	"Crossbow": 0.8690284796202287,
	"Piercing Bolt": 0.8533577285356102,
	"Wood": 0.8410450516986706,
	"Bullseye Potion": 0.8391167192429022,
	"Lamp": 0.8327861253814361,
	"Magma Legs": 0.822742474916388,
	"Twigs": 0.8205459538039089,
	"Burst Arrow": 0.7924383035587128,
	"Death Ring": 0.7908365356192728,
	"Dragon's Tail": 0.7898683610128195,
	"Quara Bone": 0.7864570737605804,
	"White Pearl": 0.7855212320263454,
	"Fish Fin": 0.7812041435805767,
	"Bear Paw": 0.7514752006804529,
	"Brass Helmet": 0.7339169109327031,
	"Flask of Demonic Blood": 0.7266248924929353,
	"Demonic Skeletal Hand": 0.7185107341240053,
	"Orb": 0.7147502216967189,
	"Book (Gemmed)": 0.7121061479300299,
	"Sacred Tree Amulet": 0.6927144179376136,
	"Relic Sword": 0.6533552275948029,
	"Badger Fur": 0.6063319475535657,