{
	"Gold Coin": 2917.7677705293363,
	"Platinum Coin": 2814.7068140912706,
	"Ham": 973.7389894956315,
	"Great Spirit Potion": 819.0424453480407,
	"Lion's Mane": 459.36951258173394,
	"Meat": 422.3280161499988,
	"Dark Armor": 278.3078905630452,
	"Soul Orb": 235.8039755896685,
	"Crystal Sword": 202.1533025781153,
	"Strong Health Potion": 191.40641873649486,
	"Strong Mana Potion": 188.8134973009647,
	"Rapier": 156.47395357338695,
	"Leather Helmet": 135.44646718881458,
	"Cheese": 126.09430336554003,
	"Small Enchanted Sapphire": 118.67560158514206,
	"Ankh": 112.51478032270525,
	"Worm": 107.05669807184456,
	"Small Diamond": 101.75391432857127,
	"Black Pearl": 99.49309164825165,
	"Brown Mushroom": 88.80488101712011,
	"Ivory Carving": 82.47809403369885,
	"Axe": 75.55389047786376,
	"Serpent Sword": 72.4616901218963,
	"Leather Boots": 70.76966791859647,
	"Silver Brooch": 70.46028103231593,
	"Terra Boots": 70.30886183349608,
	"Small Enchanted Ruby": 62.413106125093286,
	"War Hammer": 61.14530549673593,
	"Twin Hooks": 60.59940253920836,
	"Steel Helmet": 44.74328858056629,
	"White Pearl": 41.71619454457611,
	"Dark Shield": 35.942902458366376,
	"Might Ring": 35.79427970106105,
	"Bone": 33.22066882268554,
	"Moonlight Crystals": 32.672265982432286,
	"Doublet": 30.701229183187944,
	"Green Crystal Shard": 28.189096340552652,
	"Rainbow Quartz": 27.955590800951626,
	"Lightning Headband": 27.694297740710653,
	"Glorious Axe": 25.70915939730373,
	"Spirit Cloak": 24.211538461538463,
	"Cyan Crystal Fragment": 21.893054518297234,
	"Onyx Chip": 21.791271684884077,
	"Spiked Squelcher": 19.566856487242873,
	"Fish": 19.383736964735743,
	"Titan Axe": 17.048722245590323,
	"Coral Brooch": 15.248159215661952,
	"Dragon Ham": 12.987783528022872,
	"Yellow Gem": 12.745421356956891,
	"Magma Legs": 12.687077316761105,
	"Crown Helmet": 11.750564155742492,
	"Rotten Piece of Cloth": 11.62995947811373,
	"Torch": 11.39979168852264,
	"Noble Axe": 10.982553528945282,
	"White Silk Flower": 9.970743293417486,
	"Green Crystal Fragment": 9.552904700477518,
	"Lion Figurine": 9.469024512638264,
	"Combat Knife": 9.360389740822828,
	"Talon": 8.777681410812374,
	"Arrow": 8.432180654910795,
	"Lightning Pendant": 6.865332519567848,
	"Hunting Spear": 6.852134023479104,
	"Pelvis Bone": 6.498631866975374,
	"Viking Helmet": 5.866506177848792,
	"Glob of Tar": 5.831589254023621,
	"Shockwave Amulet": 5.144218517447774,
	"Hatchet": 4.968504980873537,
	"Wand of Cosmic Energy": 4.790433972567537,
	"Great Health Potion": 4.72082218436225,
	"Small Emerald": 4.638379583144051,
	"Epee": 4.503581638880859,
	"Mastermind Potion": 4.417525938774855,
	"Lightning Legs": 4.388840705406187,
	"Ghoul Snack": 4.059580531682771,
	"Poison Arrow": 4.027297118568463,
	"Mace": 3.9844770937434206,
	"White Mushroom": 3.9598635977989183,
	"Cookie": 3.9122198369490757,
	"Plate Armor": 3.545307697936008,
	"Vampire Teeth": 3.438258851498599,
	"Heavy Old Tome": 2.9819036682750886,
	"Broken Ring of Ending": 2.610356236548778,
	"Yielocks": 2.610356236548778,
	"Plate Legs": 2.606804215330636,
	"Bread": 2.588602832935327,
	"Small Amethyst": 2.4816290470010784,
	"Yielowax": 2.447806580792993,
	"Ice Rapier": 2.319004552549505,
	"Great Mana Potion": 2.271723229417592,
	"Small Sapphire": 2.230213270202814,
	"Blood Preservation": 2.2290776328078565,
	"Life Ring": 2.1624778742669615,
	"Brass Shield": 2.026659039881417,
	"Cobra Tongue": 1.9311385853939047,
	"Orange": 1.8093575418994414,
	"Pirate Coin": 1.786618811430213,
	"Small Topaz": 1.7625063817440028,
	"Frosty Heart": 1.710053681489827,
	"Two Handed Sword": 1.7003455363720348,
	"Glob of Glooth": 1.690029168480416,
	"Skull": 1.633141576943965,
	"Magic Light Wand": 1.489846984732557,
	"Small Ruby": 1.4693635972675838,
	"Energy Ring": 1.3408171478546604,
	"Sword": 1.3225285904721813,
	"Pirat's Tail": 1.285943404281248,
	"Shaggy Tail": 1.23837822294642,
	"Roll": 1.2197898555506765,
	"Beetroot": 1.2118244323632874,
	"Leather Legs": 1.1435663386958317,
	"Envenomed Arrow": 1.1302558071155542,
	"Mantassin Tail": 1.1090510366826156,
	"Tarantula Egg": 1.0963402854791973,
	"Rainbow Trout": 0.9329329329329329,
	"Flask of Demonic Blood": 0.9328179708171611,
	"Assassin Star": 0.9261889588130451,
	"Green Perch": 0.916916916916917,
	"Hunter's Quiver": 0.9134078212290503,
	"Scarab Coin": 0.9113183681835213,
	"Necromantic Rust": 0.9084249084249083,
	"Scale Armor": 0.8920667675275082,
	"Egg": 0.8904165980569736,
	"Earth Arrow": 0.8886664114834155,
	"Green Mushroom": 0.8636133123820574,
	"Grave Flower": 0.858008094415985,
	"Bow": 0.8301449125461,
	"Dagger": 0.8,
	"Chain Armor": 0.7943443179281334,
	"Pile of Grave Earth": 0.791512668655653,
	"Boggy Dreads": 0.7896867552901318,
	"Brown Piece of Cloth": 0.787994834572739,
	"Scarab Pincers": 0.787670550741958,
	"Burst Arrow": 0.7814612374404364,
	"Knight Axe": 0.7749774238568262,
	"Crowbar": 0.7618422132829817,
	"Flask of Embalming Fluid": 0.7260587561999237,
	"Wand of Inferno": 0.7063052071137085,
	"Steel Shield": 0.6866030305551298,
	"Knight Armor": 0.6694018400564059,
	"Book of Prayers": 0.65746344335765,
	"Brass Armor": 0.656266817040716,
	"Katana": 0.6542049925519591,
	"Shark Fins": 0.6409982760036121,
	"Royal Spear": 0.6383673094160097,
	"Book (Gemmed)": 0.6369193996920319,
	"Grappling Hook": 0.616551724137931,
	"Ice Cube": 0.6115713433627146,
	"Pick": 0.609101861185553,
	"Copper Shield": 0.6057089469672756,
	"Gauze Bandage": 0.6006772224341854,
	"Lump of Earth": 0.598590710814292,
	"Power Bolt": 0.594885484876001,
	"Spider Silk": 0.593830503996301,
	"Shrimp": 0.5714276798466065,
	"Studded Armor": 0.5712302882469096,
	"Blank Rune": 0.5573859132622178,
	"Glooth Spear": 0.5537285438704358,
	"Onyx Arrow": 0.5480307210313944,
	"Spider Fangs": 0.53334764306753,
	"Gloom Wolf Fur": 0.494789306751246,
	"Deepling Scales": 0.4819326025172554,
	"Wyvern Talisman": 0.48056300268096513,
	"Demonic Skeletal Hand": 0.47900715608267025,
	"Letter": 0.47751579672018296,
	"Springsprout Rod": 0.4762710068464146,
	"Brass Helmet": 0.450768156424581,
	"Spike Sword": 0.44955141086236666,
	"Brass Legs": 0.43870672665127514,
	"Crossbow": 0.4341021523387315,
	"Wolf Tooth Chain": 0.4322609877661984,
	"Rusted Armor": 0.43076710411500946,
	"Throwing Star": 0.42971814793997587,
	"Scarab Amulet": 0.40168641901537033,
	"Health Potion": 0.40004277026509405,
	"Dragon's Tail": 0.39493418050640977,
	"Rope Belt": 0.38614282442997805,
	"Bolt": 0.3782476862403139,
	"Wand of Starstorm": 0.37655172413793103,
	"Emerald Bangle": 0.37571334138694973,
	"Chain Helmet": 0.36192985344969536,
	"Throwing Knife": 0.33340686815207,
	"Focus Cape": 0.33263642248543485,
	"Striped Fur": 0.31106679960119643,
	"Badger Fur": 0.30316597377678284,
	"Small Stone": 0.3031595354324743,
	"Plate Shield": 0.30301485762999103,
	"Terramite Legs": 0.29951536312228755,
	"Flask of Rust Remover": 0.2992367368377114,
	"Strange Talisman": 0.2987409385730637,
	"Metal Jaw": 0.29819174343227567,
	"Brown Bread": 0.2953682611996963,
	"Dragon Necklace": 0.2814245810055866,
	"Ancient Amulet": 0.2727815954586197,
	"Longsword": 0.2703614644670791,
	"Iron Helmet": 0.26636095429198653,
	"Poison Spider Shell": 0.2635595210143226,
	"Battle Shield": 0.25851175366491863,
	"Halberd": 0.25583707240009146,
	"Gearwheel Chain": 0.2549808755732592,
	"Heavy Trident": 0.25265022403276616,
	"Strange Helmet": 0.25102853615828047,
	"Mana Potion": 0.25095438406788795,
	"Knight Legs": 0.2477046040029064,
	"Scroll": 0.24495403840492,
	"Slightly Rusted Armor": 0.2350096167905789,
	"Sabre": 0.23211845102505696,
	"Time Ring": 0.23201891155909446,
	"Wand of Voodoo": 0.2317241379310345,
	"Bronze Gear Wheel": 0.2284134078767488,
	"Wolf Paw": 0.2235132262158236,
	"Sandcrawler Shell": 0.22229965156794423,
	"Goanna Meat": 0.21552484563363716,
	"Golden Mug": 0.21541679115625934,
	"Fish Fin": 0.20812580598412628,
	"Orcish Gear": 0.20595619761288578,
	"Plum": 0.20044036515672548,
	"Battle Hammer": 0.20014941373874612,
	"Small Enchanted Emerald": 0.1950974803329153,