{
	"Gold Coin": 2395.2611392059894,
	"Platinum Coin": 1521.7201678638708,
	"Meat": 392.34772229137906,
	"Ham": 327.7317088559626,
	"Ice Flower (Item)": 118.61572238151226,
	"Cultish Robe": 117.49223800439218,
	"Ultimate Health Potion": 108.64398525748523,
	"Great Spirit Potion": 99.5414893349525,
	"Ice Rapier": 96.51678745111914,
	"Dream Essence Egg": 94.40148289705719,
	"Cowbell": 89.7891450482196,
	"Orc Leather": 88.01558687668908,
	"Plate Shield": 84.5599060802337,
	"Strong Health Potion": 72.42913874170321,
	"Skull": 68.23424331916733,
	"Minotaur Horn": 68.0884863140257,
	"Minotaur Leather": 56.848597075042775,
	"Small Enchanted Ruby": 53.69584580201692,
	"Rare Earth": 51.81240981240981,
	"Great Health Potion": 50.75985669752151,
	"Halberd": 50.33965043879057,
	"Orcish Axe": 49.735383842091174,
	"Bronze Amulet": 45.57696365700945,
	"Mino Shield": 44.19148774117831,
	"Cheese": 42.682715733915174,
	"Small Ruby": 42.61360307782781,
	"Rat Cheese": 41.70560407939608,
	"Miraculum": 40.735184480791176,
	"Coal": 38.78817922199932,
	"Glob of Acid Slime": 38.42380620353086,
	"Broken Helmet": 35.43788319036939,
	"Small Topaz": 35.07414179905717,
	"Orc Tooth": 34.921240030515314,
	"Spear": 34.71313089762253,
	"Orcish Gear": 33.084837202625835,
	"Northwind Rod": 32.17459446966888,
	"Chain Armor": 31.809227748086702,
	"Glacier Amulet": 30.314937094048368,
	"Bug Meat": 29.431061084642604,
	"Moonlight Rod": 28.169541321951648,
	"Fish": 27.923546864366443,
	"Life Crystal": 27.748438508161893,
	"Tiger Eye": 27.737847090148346,
	"Wolf Tooth Chain": 27.55148326773152,
	"Soft Cheese": 27.091578772723363,
	"Warwolf Fur": 26.774486281316303,
	"Mutated Flesh": 26.73171111240785,
	"Elven Astral Observer": 26.645569620253163,
	"Stonerefiner's Skull": 26.075036075036074,
	"Poisonous Slime": 25.840286525996508,
	"Shaggy Tail": 25.834078812753248,
	"Essence of a Bad Dream": 24.84381078943656,
	"Small Emerald": 24.326824344932987,
	"Worm": 22.628681896765876,
	"Elvish Talisman": 22.049400831499142,
	"Glacier Mask": 20.696202531645568,
	"Small Amethyst": 20.546130498554465,
	"Great Mana Potion": 20.516517013941268,
	"Half-Digested Stones": 19.12169312169312,
	"Red Mushroom": 18.94428485720677,
	"Ring of Healing": 18.551748797754612,
	"Dragon Ham": 18.26286609407655,
	"Glacier Robe": 16.7418742266155,
	"Stone Herb": 16.425268313765038,
	"Small Enchanted Sapphire": 16.39240506329114,
	"Earflap": 16.33401074493439,
	"Bola": 15.95508312796851,
	"Beetroot": 15.56172120425907,
	"Shamanic Hood": 15.258806244347106,
	"Studded Legs": 15.179424670892248,
	"Cheese Cutter": 14.798836740620068,
	"Battle Axe": 14.436459764604404,
	"Green Piece of Cloth": 14.307106985118288,
	"Studded Helmet": 13.7091662603608,
	"Fishbone": 13.489661745540838,
	"Mutated Rat Tail": 12.972412302816394,
	"Heavy Old Tome": 12.92445353172721,
	"Scale Armor": 12.75122340569421,
	"Purple Robe": 12.726849674783177,
	"Spider Fangs": 12.417244157674242,
	"Terra Boots": 12.290386033931645,
	"Broken Shamanic Staff": 12.047206503779737,
	"Glob of Mercury": 11.503961965134707,
	"Black Pearl": 11.376467731674008,
	"Bow": 11.049814627569937,
	"Sword": 10.965923531531383,
	"Broken Crossbow": 10.718031681833502,
	"Elven Amulet": 10.691707197958493,
	"Wand of Cosmic Energy": 10.579135847594472,
	"Strong Mana Potion": 9.914299008155789,
	"Piece of Crocodile Leather": 9.816426555770088,
	"Hailstorm Rod": 9.30379746835443,
	"Snakebite Rod": 9.298357555901562,
	"Sword Ring": 9.220546687989254,
	"Skull Belt": 8.817160365571805,
	"Brown Mushroom": 8.657579448432411,
	"Obsidian Lance": 8.656871439470798,
	"Torch": 8.36792784063904,
	"Mysterious Fetish": 8.203818895798838,
	"Terra Hood": 8.119006638800098,
	"Silver Amulet": 8.060335669700779,
	"Glacier Kilt": 7.565419417950599,
	"Ring of Blue Plasma": 7.4687262214139185,
	"Cyan Crystal Fragment": 7.3734177215189876,
	"Strange Talisman": 7.3209685334314365,
	"Knight Axe": 7.242428871833321,
	"Glacier Shoes": 7.115431645879188,
	"Berserk Potion": 6.97840215717732,
	"Green Mushroom": 6.691577532962679,
	"Mino Lance": 5.769828064337216,
	"Warrior Helmet": 5.758034505212586,
	"Hunting Spear": 5.674353754963218,
	"Energy Ring": 5.647107780949116,
	"Short Sword": 5.496091487728167,
	"Knight Legs": 5.436234320744826,
	"Mind Stone": 5.35533260222613,
	"Beastslayer Axe": 5.3484453847109075,
	"Mouldy Cheese": 5.084880863932393,
	"Corncob": 4.966600529100529,
	"Red Piece of Cloth": 4.929458226579951,
	"Taurus Mace": 4.89766650851583,
	"Machete": 4.82801072647489,
	"Tower Shield": 4.8095086281225,
	"Dark Shield": 4.794688959921318,
	"Gold Ingot": 4.404557646416865,
	"White Mushroom": 4.266902516669747,
	"Battle Shield": 4.17494013650666,
	"Life Ring": 4.140459412620554,
	"Warrior's Shield": 3.8836980575362676,
	"Mace": 3.6878929565460097,
	"Black Shield": 3.632181733049135,
	"Sickle": 3.5480698303417753,
	"Underworld Rod": 3.401235978856703,
	"Wereboar Hooves": 3.3991844132306297,
	"Wereboar Tusks": 3.3393747168101493,
	"Heavily Rusted Armor": 3.1901807500000743,
	"Axe Ring": 3.1510775293173916,
	"Plate Armor": 3.1408584053886353,
	"Badger Fur": 3.1327150623600897,
	"Striped Fur": 3.082530765115035,
	"Leather Boots": 3.07558633092384,
	"Wood Cape": 3.037417461482025,
	"Power Ring": 2.9291629223729942,
	"Crown Shield": 2.9249205184641722,
	"Collar of Green Plasma": 2.886080077425957,
	"Small Sapphire": 2.843446020324476,
	"Health Potion": 2.7019153630030672,
	"Small Diamond": 2.676963688930285,
	"Cyclops Toe": 2.6575682382133996,
	"Spellbook of Mind Control": 2.6155539251650772,
	"Bloody Pincers": 2.5571674452913693,
	"Magma Amulet": 2.4765001477978124,
	"Throwing Star": 2.4544776772105816,
	"Plate Legs": 2.4367031929225336,
	"Death Ring": 2.3927874667454923,
	"Warrior's Axe": 2.3174329972953034,
	"Titan Axe": 2.2972241916808556,
	"Orb": 2.1625775938516107,
	"Brown Crystal Splinter": 2.145827756934964,
	"Life Preserver": 2.124539140638649,
	"Ratana": 2.0986351638001124,
	"Crossbow": 2.072950084234571,
	"Platinum Amulet": 2.0103402298552293,
	"Sacred Tree Amulet": 1.9951522317469703,
	"Stealth Ring": 1.9504035672283238,
	"Wand of Defiance": 1.9498401770346694,
	"Blue Gem": 1.9037897646022217,
	"Bolt": 1.8912384312015695,
	"Dead Snake": 1.8868133388681334,
	"Werebadger Claws": 1.7904846995756085,
	"Carrion Worm Fang": 1.6981324002115799,
	"Royal Spear": 1.6829667335931373,
	"Sabretooth": 1.6807116104868913,
	"Werebadger Skull": 1.673888764797856,
	"Cheesy Figurine": 1.65412979394657,
	"Collar of Red Plasma": 1.6533254507833284,
	"Copper Shield": 1.6328995492047291,
	"Red Gem": 1.6141211731094507,
	"Yellow Gem": 1.6084282792411666,
	"Bone Shoulderplate": 1.5670491663416537,
	"Acorn": 1.5638791173648865,
	"Chain Helmet": 1.5367351734599999,
	"Spider Silk": 1.533598665829338,
	"Centipede Leg": 1.424621628477213,
	"Steel Shield": 1.400503173006776,
	"Bone Toothpick": 1.375051208521098,
	"Stone Skin Amulet": 1.3683683750986602,
	"Book (Gemmed)": 1.3648272850543541,
	"Garlic Necklace": 1.2347620455217263,
	"Wand of Decay": 1.2332953517199348,
	"Minotaur Trophy": 1.2190307173459256,
	"Weaver's Wandtip": 1.2004191299173383,
	"Brass Legs": 1.1974313776516279,
	"Swampling Moss": 1.1969640793003424,
	"Spike Shield": 1.1968327516220099,
	"Necklace of the Deep": 1.185929648241206,
	"Slime Heart": 1.1652114597544339,
	"Zaoan Halberd": 1.154300263468513,
	"Mana Potion": 1.1231898192379581,
	"Leather Harness": 1.0845834065009405,
	"Beetle Carapace": 1.0517206063088897,
	"Leather Legs": 1.0355185101749642,
	"Lamp": 1.016722454771484,
	"Widow's Mandibles": 1.0004922471080482,
	"Poisoned Fang": 0.9998635743519781,
	"Spellbook of Enlightenment": 0.9842253115320896,
	"Power Bolt": 0.9831996506630507,
	"Soul Orb": 0.9624196412928931,
	"Warmaster's Wristguards": 0.9089526862324492,
	"Assassin Star": 0.8976175302416165,
	"Piece of Swampling Wood": 0.8959891823515299,
	"Brass Armor": 0.8888670025925154,
	"Silky Fur": 0.8717005625270445,
	"Knife": 0.8535651627789497,
	"Dragon's Tail": 0.8361593328357062,