{
	"Gold Coin": 1913.0015127114307,
	"Platinum Coin": 1866.235391553501,
	"Meat": 277.6640012518773,
	"Elven Astral Observer": 209.3719529681675,
	"Ham": 178.51006728523774,
	"Dream Essence Egg": 146.1450137330877,
	"Dragon Ham": 114.44168718019671,
	"Heaven Blossom": 79.98377746378945,
	"Great Spirit Potion": 69.42122820253469,
	"Belted Cape": 65.90789036950187,
	"Knife": 63.525808627849464,
	"Seeds": 60.27084081655572,
	"Elvish Talisman": 55.84553280323898,
	"Two Handed Sword": 53.33080385693793,
	"Magma Amulet": 51.27211076386136,
	"Dragon Necklace": 50.66919216396025,
	"Piece of Crocodile Leather": 48.282467785873784,
	"Scimitar": 48.03430875582147,
	"White Mushroom": 46.78892020141599,
	"Small Enchanted Ruby": 46.58065915004336,
	"Wand of Draconia": 46.193096000145786,
	"Bone": 45.8561639003935,
	"Great Health Potion": 44.931763067559714,
	"Worm": 44.4632937560388,
	"Red Crystal Fragment": 42.98145205473914,
	"Axe": 39.20321082854596,
	"Ultimate Health Potion": 39.17785637302429,
	"Wand of Dragonbreath": 39.114855366227694,
	"Plate Shield": 38.44263953287596,
	"Violet Crystal Shard": 34.078490893321764,
	"Bolt": 33.942350051894614,
	"Chain Armor": 32.75570021552351,
	"Mace": 32.40150148040119,
	"Leaf Star": 31.86036426712923,
	"Lion's Mane": 31.037669483794932,
	"Essence of a Bad Dream": 29.859462588692317,
	"Torch": 28.101173368172976,
	"Small Amethyst": 24.821124545884516,
	"Halberd": 24.071590802956273,
	"Magic Light Wand": 24.05502387341598,
	"Miraculum": 23.684975852788703,
	"Ring of Blue Plasma": 21.49549051312375,
	"Spider Fangs": 20.973728396847175,
	"Fish": 20.318569898580147,
	"Magma Boots": 20.138202763023944,
	"Terramite Legs": 19.01922555826526,
	"Scarab Coin": 18.712310837186156,
	"Fairy Wings": 17.953700052078073,
	"Sun Fruit": 17.129355855295614,
	"Scarab Pincers": 15.968230255950603,
	"Small Emerald": 14.99516522216917,
	"Brass Helmet": 14.793283855341812,
	"Small Sapphire": 14.67182832057033,
	"Hatchet": 14.628976006716186,
	"Spear": 14.43724436124267,
	"Wand of Cosmic Energy": 14.013710713295513,
	"Silver Amulet": 13.691522225952593,
	"Steel Shield": 13.58653494057656,
	"Crab Pincers": 13.390764989662301,
	"Sword": 13.209254923257719,
	"Yellow Gem": 12.626249785334483,
	"Energy Ring": 12.31145084743138,
	"Arrow": 12.037927649454998,
	"Terra Boots": 11.968881941218953,
	"Plate Armor": 11.675753736095634,
	"Broken Helmet": 11.656034702730288,
	"Studded Armor": 11.380275560786156,
	"Small Ruby": 11.214351936404697,
	"Leather Legs": 10.901829596168866,
	"Small Topaz": 10.740237810156435,
	"Skull": 10.544809550115279,
	"Sword Ring": 10.055217262784511,
	"Wood Cape": 9.813529921942758,
	"Crossbow": 9.747568451468258,
	"Green Mushroom": 9.639951817080362,
	"Terramite Shell": 9.467583523234586,
	"Frazzle Tongue": 9.369813278008298,
	"Mind Stone": 9.196288243667084,
	"Werehyaena Nose": 8.84848484848485,
	"Terra Hood": 8.581763005429073,
	"Great Mana Potion": 8.432714023815459,
	"Frazzle Skin": 8.184647302904564,
	"Scarab Amulet": 8.143279221857053,
	"Remains of a Fish": 7.883817427385892,
	"Cheese": 7.843075410366007,
	"Dragon's Tail": 7.799950065001593,
	"Holy Orchid": 7.777926421404683,
	"Leather Boots": 7.676540709061414,
	"Wand of Inferno": 7.568260807418287,
	"Heavy Old Tome": 7.4177415008318075,
	"Combat Knife": 7.2644754755414755,
	"Royal Spear": 7.204431063409253,
	"Hand Axe": 7.195965951147298,
	"Book (Gemmed)": 7.188090367952932,
	"Studded Helmet": 7.057705537720892,
	"Collar of Blue Plasma": 7.057675628794448,
	"Longsword": 6.987875298990256,
	"Burst Arrow": 6.9713749577602275,
	"Brass Shield": 6.86049099051727,
	"Knight Axe": 6.856645175671656,
	"Bread": 6.718609115780742,
	"Leather Helmet": 6.47539167705129,
	"Soldier Helmet": 6.390019619889415,
	"Terramite Eggs": 6.342186507460565,
	"Fire Axe": 6.252842809364549,
	"Mino Shield": 6.209491025325793,
	"Rotten Piece of Cloth": 6.183016431402235,
	"Minotaur Horn": 6.180168387290975,
	"Small Enchanted Sapphire": 6.049436253252385,
	"Shovel": 5.963296568161072,
	"Cookie": 5.866953399808273,
	"Elven Amulet": 5.851610996157257,
	"Pelvis Bone": 5.755637316031405,
	"Small Diamond": 5.737009373701425,
	"Strong Health Potion": 5.728236595869248,
	"Life Ring": 5.702488899624565,
	"Orc Leather": 5.672058082579243,
	"Underworld Rod": 5.612769731007981,
	"Lump of Dirt": 5.602182237131917,
	"Ancient Amulet": 5.530026889752016,
	"Axe Ring": 5.442076725582605,
	"Copper Shield": 5.336707836554538,
	"Power Ring": 5.216365126708233,
	"Power Bolt": 5.1781848268254,
	"Studded Shield": 5.111565553283344,
	"Beastslayer Axe": 5.009589377919843,
	"Red Gem": 4.854248581924366,
	"Viking Helmet": 4.802390371488224,
	"Pick": 4.771297912620166,
	"Magma Coat": 4.731261578943917,
	"Ankh": 4.710407203000578,
	"Throwing Star": 4.590289930286998,
	"Dark Shield": 4.499631177772314,
	"Beetroot": 4.443356251998721,
	"Assassin Star": 4.4148305184575385,
	"Banana": 4.282139664359006,
	"Life Preserver": 4.254079254079254,
	"Big Bone": 4.229771784232365,
	"Sabre": 4.196319018404908,
	"Steel Helmet": 4.163589593256048,
	"Death Ring": 4.097108364163541,
	"Sickle": 4.071672305185073,
	"Fish Fin": 4.030082987551867,
	"Small Enchanted Amethyst": 3.9397951727198666,
	"Piece of Iron": 3.9289419087136928,
	"Piercing Bolt": 3.8983436746741353,
	"Short Sword": 3.805218252741576,
	"Letter": 3.7405404076414333,
	"Orb": 3.7020396098137747,
	"Crystal Crossbow": 3.6968777103209023,
	"Warrior's Shield": 3.6447012539955743,
	"Obsidian Lance": 3.5311965979478313,
	"Black Shield": 3.433971846554318,
	"Sacred Tree Amulet": 3.415430091634644,
	"Rope": 3.388426751735709,
	"Platinum Amulet": 3.333228906658175,
	"Studded Legs": 3.2593856655290105,
	"Piece of Scarab Shell": 3.1175381671450557,
	"Collar of Red Plasma": 2.8302689920189184,
	"Dead Snake": 2.8302200083022,
	"Elder Bonelord Tentacle": 2.8047834943163155,
	"Battle Shield": 2.771609172125779,
	"Dark Rosary": 2.75,
	"Green Crystal Fragment": 2.722610722610723,
	"Orange": 2.694237129636547,
	"Brass Armor": 2.6903015792213902,
	"Spider Silk": 2.6310164271360623,
	"Plum": 2.6057247470374314,
	"Garlic Necklace": 2.590956101485556,
	"Small Flask of Eyedrops": 2.5846721945591633,
	"Ratana": 2.5524475524475525,
	"Wooden Shield": 2.5248733490616178,
	"Minotaur Leather": 2.4730767956872897,
	"Iron Ore": 2.46936173227331,
	"Health Potion": 2.431949557498046,
	"Golden Mug": 2.431132357334927,
	"Voluminous Piece of Cloth": 2.4046393857714614,
	"Bloody Pincers": 2.3998032948119006,
	"Morning Star": 2.3993256679257557,
	"Ludicrous Piece of Cloth": 2.3482806501674425,
	"Broken Crossbow": 2.295690180931084,
	"Studded Club": 2.294692295272978,
	"Ominous Piece of Cloth": 2.2731356693620848,
	"Springsprout Rod": 2.271219558759005,
	"Luminous Piece of Cloth": 2.2637425467614145,
	"Bullseye Potion": 2.2145110410094637,
	"Warrior's Axe": 2.174821735923285,
	"Obvious Piece of Cloth": 2.1698113207547167,
	"Titan Axe": 2.160514085951817,
	"Ghoul Snack": 2.158258004185777,
	"Ring of Healing": 2.037627328785432,
	"Battle Axe": 2.0335400455174075,
	"Necklace of the Deep": 2.030150753768844,
	"Dubious Piece of Cloth": 1.9819488687413214,
	"Strange Talisman": 1.9669647020929548,
	"Silencer Claws": 1.9374260278907012,
	"Flask of Embalming Fluid": 1.9361566831997965,
	"Wolf Tooth Chain": 1.934641033596095,
	"Plate Legs": 1.9292547082759053,
	"Cape": 1.92187833450749,
	"Stone Skin Amulet": 1.907057603030847,
	"Witch Broom": 1.893912833222511,
	"Mana Potion": 1.865092260695506,
	"Centipede Leg": 1.8316563794707026,
	"Wand of Defiance": 1.8298500122940744,
	"Viper Star": 1.8249714937286203,
	"Chain Helmet": 1.8140926109949698,
	"Rope Belt": 1.8063604686391161,
	"Egg": 1.7808331961139472,
	"Star Herb": 1.7072780027806322,
	"Tomato": 1.6946678443587002,
	"Dwarven Shield": 1.6405794803702016,
	"Roll": 1.6337112452423894,
	"Gauze Bandage": 1.601805926491161,
	"Broadsword": 1.5711444585065992,
	"Demonic Skeletal Hand": 1.5567732572686783,
	"Cyclops Toe": 1.5553002160926763,
	"Carrot": 1.5526606737955952,