{
	"Platinum Coin": 2644.875283391794,
	"Gold Coin": 968.3989432727333,
	"Ham": 716.4571877326391,
	"Great Health Potion": 654.3337819672186,
	"Small Amethyst": 564.6002759713549,
	"Small Emerald": 463.64739678139745,
	"Small Diamond": 448.88829792264653,
	"Assassin Star": 431.5849328175794,
	"Great Spirit Potion": 358.17533092864494,
	"Soul Orb": 341.59649681886305,
	"Flask of Demonic Blood": 303.7352674045003,
	"Small Ruby": 302.6583450247763,
	"Great Mana Potion": 271.8682676926088,
	"Onyx Arrow": 263.36564696633616,
	"Meat": 238.50198656434242,
	"Small Topaz": 194.37520019643017,
	"Plate Shield": 140.61453881040165,
	"Axe": 125.38019766784163,
	"Skull": 120.48971313367772,
	"Dagger": 119.2,
	"Knife": 112.70576426727847,
	"Werehyaena Nose": 102.28354978354979,
	"Red Gem": 101.35421221931963,
	"Elven Astral Observer": 96.80877327360577,
	"Dream Essence Egg": 93.72863712362884,
	"Mace": 92.3431381664367,
	"Red Crystal Fragment": 86.63750891785574,
	"Halberd": 84.70812101335142,
	"Chain Armor": 77.64127083170685,
	"Brass Helmet": 56.08930144539789,
	"Ultimate Health Potion": 52.25639521459253,
	"Green Gem": 46.64889981294634,
	"Brown Bread": 44.00987091875474,
	"Violet Gem": 43.3219639407365,
	"Giant Shimmering Pearl (Green)": 42.08774025229369,
	"Yellow Gem": 41.64150639278416,
	"Ice Rapier": 38.84597734403473,
	"Ice Flower (Item)": 38.13220534853132,
	"Swampling Moss": 37.903862511177515,
	"Crystalline Arrow": 37.544332838928284,
	"Combat Knife": 37.27272727272727,
	"Life Preserver": 35.83916083916084,
	"Sword": 35.229700540342456,
	"Sabre": 34.585649202733485,
	"Small Enchanted Ruby": 34.39348797207212,
	"Heaven Blossom": 33.89869904596704,
	"Titan Axe": 33.113649409462596,
	"Small Enchanted Amethyst": 32.97202797202797,
	"Elvish Talisman": 32.32172511574111,
	"Spear": 32.178104814315006,
	"Piece of Swampling Wood": 28.372990774465112,
	"Belted Cape": 27.77561582924178,
	"Seeds": 25.414536806320516,
	"Magma Amulet": 25.01745836847171,
	"Deepling Warts": 24.33148884931294,
	"Green Crystal Fragment": 24.18201970939723,
	"Vortex Bolt": 23.10637442249337,
	"Miraculum": 22.240088999594185,
	"Essence of a Bad Dream": 22.18392405668392,
	"Two Handed Sword": 21.752613617937268,
	"Spiked Squelcher": 21.592027106929354,
	"Ratana": 21.503496503496503,
	"Dragon Necklace": 21.215146841782484,
	"Green Crystal Splinter": 20.544908741594618,
	"Scimitar": 20.231335436382757,
	"Wand of Draconia": 20.07327448759351,
	"Deeptags": 19.88118556138348,
	"Knight Armor": 19.68588571695161,
	"White Mushroom": 19.68508783202567,
	"Deepling Filet": 19.458050931726056,
	"Small Enchanted Sapphire": 19.112673336408548,
	"Damaged Armor Plates": 18.62116944465212,
	"Falcon Crest": 18.486434382157764,
	"Violet Crystal Shard": 18.409232149685945,
	"Girlish Hair Decoration": 18.0967918193982,
	"Sword Ring": 17.267747702095914,
	"Minotaur Horn": 17.090751151072,
	"Wand of Dragonbreath": 16.71106083145584,
	"Compound Eye": 16.092755120841087,
	"Worm": 16.06248956407926,
	"Deepling Ridge": 14.526794675215875,
	"Swampling Club": 14.101546313057511,
	"Small Enchanted Emerald": 13.869047619047619,
	"Leaf Star": 13.525238508239376,
	"Ring of Blue Plasma": 12.71499589059292,
	"Spider Fangs": 12.630919302394325,
	"Brown Crystal Splinter": 12.482142857142856,
	"Golden Armor": 12.02119929447289,
	"Terra Boots": 11.755794967695136,
	"Wand of Starstorm": 11.675068412525153,
	"Hailstorm Rod": 11.298643761301989,
	"Magma Boots": 11.018509198343862,
	"Pirate Coin": 10.287369025960974,
	"Mastermind Shield": 9.901133841129,
	"Wand of Cosmic Energy": 9.732818179036464,
	"Protective Charm": 9.662735090392777,
	"Rope": 9.646899740463676,
	"Northwind Rod": 9.186971029076851,
	"War Axe": 9.164716713133371,
	"Life Crystal": 8.891579184625646,
	"Terra Hood": 8.844855160216234,
	"Glacier Amulet": 8.770552407181821,
	"Knight Axe": 8.656223454911837,
	"Black Shield": 8.42209654946316,
	"Silver Amulet": 8.327756429204848,
	"Doublet": 8.321428571428571,
	"Swarmer Antenna": 8.090954708796012,
	"Eye of a Deepling": 7.712248379723983,
	"Tiger Eye": 7.589958158995816,
	"Protection Amulet": 7.548918802569706,
	"Pirat's Tail": 7.432257372025828,
	"Sun Fruit": 7.431386571637719,
	"Minotaur Leather": 7.38928866677885,
	"Warrior's Shield": 7.337036881211065,
	"Life Ring": 7.124991626890778,
	"Bone": 6.9489349824697815,
	"Heavy Trident": 6.834925560383481,
	"Glacier Mask": 6.622784810126582,
	"Elven Amulet": 6.486572037053038,
	"Wand of Voodoo": 6.3007224958949095,
	"Warrior's Axe": 6.273182700112337,
	"Moonlight Rod": 6.045569620253165,
	"Wood Cape": 5.921845271062369,
	"Mind Stone": 5.61379099972707,
	"Mino Shield": 5.242439144332432,
	"Crawler Head Plating": 5.214135490394337,
	"Cyan Crystal Fragment": 5.198968683505965,
	"Wand of Inferno": 5.175370776150386,
	"Energy Ring": 5.119134371548143,
	"Lamassu Horn": 4.940922190201729,
	"Glacier Robe": 4.931881451619566,
	"Crystal Sword": 4.930793859289057,
	"Dung Ball": 4.652445778397113,
	"Closed Trap": 4.368162778382191,
	"Red Apple": 4.31067454798331,
	"Werehyaena Talisman": 4.300699300699301,
	"Beastslayer Axe": 4.229407425620851,
	"Dark Shield": 3.9770312084370754,
	"Blue Crystal Shard": 3.7737752161383282,
	"Crowbar": 3.76392574934042,
	"Holy Orchid": 3.6501672240802674,
	"Hunting Spear": 3.634122445406414,
	"Underworld Rod": 3.514202378020845,
	"Demonic Essence": 3.435276394373571,
	"Axe Ring": 3.2988471770617793,
	"Sickle": 3.201660510810722,
	"Mouldy Powder": 3.0866508608022234,
	"Shark Fins": 3.08604358597382,
	"Power Ring": 3.0747336968095524,
	"Cookie": 3.074398976217622,
	"Glacier Kilt": 3.015720278743023,
	"Collar of Blue Plasma": 2.996097137901127,
	"Fire Axe": 2.9746942193601114,
	"Fish": 2.94108256426348,
	"Lamassu Hoof": 2.9178674351585014,
	"Terra Amulet": 2.9178674351585014,
	"Fish Fin": 2.8277447669612967,
	"Glacier Shoes": 2.8152359990217657,
	"Sacred Tree Amulet": 2.7709522353247844,
	"Blue Gem": 2.7269440998186685,
	"Sphinx Feather": 2.722258567762065,
	"Obsidian Lance": 2.671871158101795,
	"Heavy Mace": 2.644099690717951,
	"Death Ring": 2.564526360632158,
	"Cheese": 2.4075284652131748,
	"Torch": 2.3840743718937722,
	"Demonbone Amulet": 2.3408499707893062,
	"Wand of Defiance": 2.325055546064098,
	"Onyx Chip": 2.3033428521967334,
	"Orb": 2.3009305693043056,
	"Bloody Pincers": 2.2679141209142237,
	"Magma Coat": 2.218729096989967,
	"Opal": 2.217579250720461,
	"Sphinx Tiara": 2.1971717578380554,
	"Honeycomb": 2.1856900588285315,
	"Knight Legs": 2.164089345129237,
	"Shovel": 2.1530229371268232,
	"Platinum Amulet": 2.045052328994714,
	"Grappling Hook": 2.0037931034482757,
	"Health Potion": 1.9824731373395863,
	"Necklace of the Deep": 1.9316222260456855,
	"Piece of Warrior Armor": 1.7401029796572973,
	"Collar of Red Plasma": 1.7373928465858706,
	"Brass Armor": 1.7341493322255412,
	"Tower Shield": 1.7136219124480312,
	"Spider Silk": 1.5907774164942359,
	"Crystal Crossbow": 1.5693842150910668,
	"Garlic Necklace": 1.5487101904764746,
	"Collar of Green Plasma": 1.4481193821740583,
	"Werehyaena Trophy": 1.3869047619047619,
	"Ring of Healing": 1.345794213194941,
	"Rainbow Quartz": 1.2708933717579252,
	"Magma Monocle": 1.2439453202251514,
	"Fire Sword": 1.2221100454316,
	"Stone Skin Amulet": 1.2196874156929787,
	"White Pearl": 1.214929389550332,
	"Piece of Crocodile Leather": 1.2020114149922556,
	"Focus Cape": 1.1963713980789754,
	"Crown Shield": 1.157251161653216,
	"Springsprout Rod": 1.1483067458776857,
	"Lightning Headband": 1.13024004831161,
	"Magma Legs": 1.1179132158273708,
	"Spellbook of Mind Control": 1.0348495964783566,
	"Rotten Piece of Cloth": 1.0305027385670393,
	"Plate Armor": 1.0241028941101535,
	"Wolf Tooth Chain": 1.0119083600314331,
	"Voluminous Piece of Cloth": 1.0036755697133055,
	"Witch Broom": 0.996796228011848,
	"Ludicrous Piece of Cloth": 0.98015192354815,
	"Shrimp": 0.9620412740621371,
	"Ominous Piece of Cloth": 0.9487870619946093,
	"Luminous Piece of Cloth": 0.9448664543004166,
	"Bullseye Potion": 0.9337539432176656,