{
	"Gold Coin": 2983.3815494391615,
	"Platinum Coin": 1829.1622786020314,
	"Ham": 1082.307922461516,
	"Small Amethyst": 723.0746109680838,
	"Great Health Potion": 598.1526020361258,
	"Small Diamond": 589.7862433625465,
	"Small Emerald": 571.7146177556989,
	"Assassin Star": 565.0316823490867,
	"Soul Orb": 437.417864602531,
	"Great Spirit Potion": 407.66838799973283,
	"Small Ruby": 396.76827567401466,
	"Meat": 389.49648483874245,
	"Flask of Demonic Blood": 386.5644428062416,
	"Onyx Arrow": 344.9424887118878,
	"Great Mana Potion": 280.7806241553016,
	"Small Topaz": 253.72748818339733,
	"Leather Armor": 212.7579850895629,
	"Cheese": 168.31735120864911,
	"Torch": 128.57264783158607,
	"Red Gem": 96.56485358719618,
	"Cleaver": 77.49059864715873,
	"Knife": 75.13436981060823,
	"Beetroot": 73.92129037416053,
	"Throwing Knife": 71.98047978161995,
	"Elven Astral Observer": 68.89589905362777,
	"Worm": 59.926517744267805,
	"Green Gem": 59.32740159306799,
	"Werehyaena Nose": 59.24891774891775,
	"Axe": 59.22719497662549,
	"Dream Essence Egg": 57.50930593009555,
	"Violet Gem": 56.6200574584598,
	"Red Crystal Fragment": 55.47126296657953,
	"Giant Shimmering Pearl (Green)": 54.71125836415435,
	"Poison Arrow": 52.817800509354754,
	"Skull": 45.802842934370034,
	"Halberd": 44.97598765436025,
	"Titan Axe": 40.384027289189405,
	"Dragon Ham": 39.21017503171111,
	"Heaven Blossom": 36.38164623495558,
	"Winter Wolf Fur": 35.2,
	"Poison Dagger": 34.248379541018906,
	"Fish": 32.40986607115471,
	"Thick Fur": 32.296902930783624,
	"Mammoth Tusk": 31.43728954479318,
	"Spiked Squelcher": 27.714461236024082,
	"Yellow Gem": 26.03870954192569,
	"Elvish Talisman": 25.339095291355967,
	"Damaged Armor Plates": 24.407231018163692,
	"Falcon Crest": 24.140805445976895,
	"Combat Knife": 23.312696328632306,
	"Knight Armor": 23.301605197310476,
	"Belted Cape": 21.736770027613126,
	"Seeds": 21.60239174542289,
	"Life Preserver": 21.445221445221446,
	"Small Enchanted Ruby": 21.216738941890718,
	"Two Handed Sword": 20.569147279908897,
	"Bone": 20.51547640118204,
	"Small Enchanted Amethyst": 19.7452290849839,
	"Centipede Leg": 19.33415067219075,
	"Hunting Spear": 18.751902635309133,
	"Badger Fur": 18.493124400383753,
	"Magma Amulet": 16.670703208934498,
	"Dragon Necklace": 16.539432176656153,
	"Wand of Draconia": 15.966778852747854,
	"Scimitar": 15.87599664789472,
	"Golden Armor": 15.58561721443281,
	"Violet Crystal Shard": 15.52220294882914,
	"Leaf Star": 14.511882046834346,
	"Piece of Crocodile Leather": 13.82313127241094,
	"Green Crystal Fragment": 13.724941724941726,
	"Wand of Dragonbreath": 13.237522790310859,
	"Ratana": 12.867132867132868,
	"Mastermind Shield": 12.864263335115979,
	"Spear": 11.843818135011569,
	"War Axe": 11.765573166236639,
	"Ultimate Health Potion": 11.73829345091786,
	"Mammoth Whopper": 10.372978419338395,
	"Green Crystal Splinter": 10.25,
	"Tribal Mask": 10.064352665619886,
	"Bone Shield": 9.621253418150758,
	"Acorn": 9.231931563799169,
	"Miraculum": 9.22742474916388,
	"Ring of Blue Plasma": 9.009428346774433,
	"Big Bone": 8.75,
	"Sword Ring": 7.650816831615811,
	"Rapier": 7.479244063963819,
	"Wooden Shield": 7.440478113390405,
	"Small Enchanted Emerald": 7.321428571428571,
	"Plate Armor": 7.008428612505223,
	"Sun Fruit": 6.754879692829009,
	"Magma Boots": 6.624605678233438,
	"Brown Crystal Splinter": 6.5892857142857135,
	"Plate Legs": 5.707028510039289,
	"Closed Trap": 5.642774199465567,
	"Spider Fangs": 5.504536629187468,
	"Wand of Starstorm": 5.125,
	"Cookie": 5.091645415035379,
	"Dagger": 4.975665946724263,
	"Leather Legs": 4.886407917066808,
	"Steel Helmet": 4.5842348903472345,
	"Short Sword": 4.538154541260916,
	"Wood Cape": 4.469904596704249,
	"Doublet": 4.392857142857142,
	"Hailstorm Rod": 4.392857142857142,
	"Tarantula Egg": 4.385361141916789,
	"Mace": 4.073244888035301,
	"Twigs": 3.938620578258763,
	"Plate Shield": 3.7906613661020954,
	"Protection Amulet": 3.6995360128452566,
	"Sword": 3.6000579976660845,
	"Crab Pincers": 3.5975189524465883,
	"Green Mushroom": 3.517777113833284,
	"Chain Armor": 3.4344156608608696,
	"Heavy Mace": 3.398943359135029,
	"Steel Shield": 3.3624530317592884,
	"Essence of a Bad Dream": 3.2485792839870102,
	"Collar of Blue Plasma": 3.2146574154379874,
	"Black Shield": 3.129408816385069,
	"Strong Health Potion": 3.1003380371176568,
	"Holy Orchid": 3.0361204013377927,
	"Demonbone Amulet": 3.006757586927141,
	"Wand of Voodoo": 2.9285714285714284,
	"Brass Helmet": 2.903426876663389,
	"Wand of Inferno": 2.8738977260120446,
	"Energy Ring": 2.8331862148354547,
	"Leather Helmet": 2.8221786512487697,
	"Small Enchanted Sapphire": 2.7554206418039895,
	"Royal Spear": 2.7511194691205594,
	"Book (Gemmed)": 2.6386660844384178,
	"Corncob": 2.629840871778601,
	"Werehyaena Talisman": 2.5734265734265733,
	"Orc Leather": 2.520139327303495,
	"Fire Axe": 2.4408026755852843,
	"Health Potion": 2.3322892766119767,
	"Silver Amulet": 2.2189761874660463,
	"Furry Club": 2.2104344211182707,
	"Crossbow": 2.1193274272283493,
	"Dragon's Tail": 2.0734044476586515,
	"Tusk Shield": 2.070089378507587,
	"Small Sapphire": 2.0493036303599133,
	"Brown Bread": 2.0376076643438963,
	"Power Bolt": 2.0369116391818087,
	"Magma Coat": 1.8454849498327761,
	"Spider Silk": 1.7891992297454227,
	"Rotten Piece of Cloth": 1.7665761232577815,
	"Orcish Gear": 1.750627679709529,
	"Wand of Cosmic Energy": 1.7495434548463693,
	"Crystal Crossbow": 1.6838681699913272,
	"Burst Arrow": 1.6756463568974869,
	"Strange Symbol": 1.6600619588358183,
	"Mind Stone": 1.492462311557789,
	"Fur Bag": 1.462260158013544,
	"Brass Legs": 1.4276376821907657,
	"Sabre": 1.3927107061503419,
	"Staff": 1.2593627209014695,
	"Viking Helmet": 1.1914854951593759,
	"Broken Helmet": 1.165603470273029,
	"Warwolf Fur": 1.1353100638176463,
	"Chain Helmet": 1.1123689299345019,
	"Longsword": 1.073142353825714,
	"Raspberry": 1.0316287452128858,
	"Arrow": 1.0107421074247611,
	"Frosty Ear of a Troll": 0.9769019544500082,
	"Battle Axe": 0.9751245702808142,
	"Life Ring": 0.9591515420396269,
	"Elven Amulet": 0.9559562518474727,
	"Dead Snake": 0.9434066694340667,
	"Underworld Rod": 0.9169376293230861,
	"Book (Grey)": 0.9149568687520155,
	"Bast Skirt": 0.9008290816326531,
	"Golden Mug": 0.8924409919330744,
	"Bronze Amulet": 0.8828125,
	"Axe Ring": 0.8779190067986994,
	"Power Ring": 0.87228424680236,
	"Ripper Lance": 0.8295539199618582,
	"Hydra Head": 0.8126041834704523,
	"Heavy Old Tome": 0.7899990121524253,
	"Orc Tooth": 0.7682222091042172,
	"Werehyaena Trophy": 0.7321428571428571,
	"Platinum Amulet": 0.7316038290210963,
	"Bullseye Potion": 0.7287066246056783,
	"Girlish Hair Decoration": 0.7109665727836372,
	"Death Ring": 0.6691693762932308,
	"Terra Boots": 0.6617900172117039,
	"Small Stone": 0.6515275220243624,
	"Studded Legs": 0.6216249044458937,
	"Ghoul Snack": 0.6166451440530792,
	"Scale Armor": 0.6152944298049045,
	"Mana Potion": 0.6126498795298188,
	"Terrorbird Beak": 0.6125635868922277,
	"Dirty Cape": 0.6077052868391452,
	"Orb": 0.6047886491279929,
	"Pelvis Bone": 0.5998737107977268,
	"Bread": 0.5973698845235369,
	"Magma Legs": 0.5953177257525083,
	"Brass Armor": 0.5731336446181754,
	"Red Dragon Scale": 0.5698558985084232,
	"Knight Legs": 0.5682954842166,
	"Brass Shield": 0.5639324042294407,
	"Sacred Tree Amulet": 0.557966302098729,
	"Time Ring": 0.5567907604752501,
	"Half-Digested Piece of Meat": 0.5430281757443592,
	"Coat": 0.5427233080277822,
	"Blank Rune": 0.5406415577906462,
	"Broken Shamanic Staff": 0.5092592592592592,
	"Frost Giant Pelt": 0.4932192164826623,
	"Studded Helmet": 0.4868381204449208,
	"Wyvern Talisman": 0.48056300268096513,
	"Strong Mana Potion": 0.47188078694376556,
	"Collar of Red Plasma": 0.4623706769139817,
	"Broadsword": 0.44769374976614323,
	"Ice Cube": 0.4469816360246143,
	"Terra Hood": 0.43717728055077454,
	"Ring of Healing": 0.42887827317476773,
	"Magma Monocle": 0.4167224080267558,
	"Roll": 0.4133241920407382,
	"Cucumber": 0.39504579591690414,
	"Brown Mushroom": 0.394269463969523,