{
	"Platinum Coin": 2435.9351307537336,
	"Gold Coin": 2094.2878115298745,
	"Great Health Potion": 435.4787904534893,
	"Small Emerald": 406.1927388955473,
	"Crystalline Arrow": 382.32635120361846,
	"Deepling Warts": 250.2111720888032,
	"Vortex Bolt": 242.6697331408067,
	"Opal": 203.35156764846056,
	"Deeptags": 193.34510729907626,
	"Knife": 192.66147531087773,
	"Deepling Filet": 188.97138748856358,
	"Meat": 174.80045272787254,
	"Great Mana Potion": 162.04476928766871,
	"Deepling Ridge": 141.36932419694662,
	"Small Enchanted Sapphire": 127.17773911701538,
	"Cobra Crest": 123.43132872306134,
	"Fish": 110.31215268785729,
	"Axe": 98.1666297669395,
	"Werehyaena Nose": 97.1926406926407,
	"Halberd": 79.80230686945548,
	"Scimitar": 76.82425676379101,
	"Eye of a Deepling": 76.32366036227494,
	"Protection Amulet": 71.2641468629367,
	"Red Crystal Fragment": 70.77178763656839,
	"Heavy Trident": 68.98569319794873,
	"Earth Arrow": 60.72039356535077,
	"Skull": 60.423151555974854,
	"Red Gem": 59.17721094747856,
	"Ultimate Health Potion": 52.924675021750105,
	"Ice Flower (Item)": 51.39663616179085,
	"Great Spirit Potion": 51.048964774978714,
	"Dagger": 50.058666906729194,
	"Banana": 46.134883807972656,
	"Warrior's Axe": 45.18890412205277,
	"Ice Rapier": 44.313866789786395,
	"Warrior's Shield": 43.88235467112173,
	"Yellow Gem": 42.72321119284046,
	"Green Crystal Fragment": 42.69966374023759,
	"Strong Mana Potion": 42.45941554838827,
	"Bone Sword": 41.9815044341965,
	"Dream Essence Egg": 41.9269159237572,
	"Plate Shield": 40.039992096530895,
	"Gold Ingot": 37.989301909049075,
	"Green Crystal Shard": 37.38379402149901,
	"Life Ring": 37.366672176570844,
	"Worm": 37.22212748746198,
	"Cheesy Figurine": 37.15104669887279,
	"Vampire Teeth": 36.82257794652867,
	"Strong Health Potion": 36.60177275848014,
	"Dragon Ham": 36.462619742274114,
	"Heavy Machete": 36.188579017264274,
	"Combat Knife": 35.78265377070348,
	"Life Preserver": 33.39160839160839,
	"Torch": 32.890614567727184,
	"Terra Rod": 32.811357258000875,
	"Ham": 32.09992073773073,
	"Bone": 31.205171182318118,
	"Small Enchanted Amethyst": 30.72027972027972,
	"Dark Mushroom": 25.498190827003945,
	"Small Stone": 25.460811855436532,
	"Small Amethyst": 25.3086276431997,
	"Mace": 25.1941582140885,
	"Spear": 25.08623515115082,
	"Fish Fin": 24.48469493480892,
	"Green Crystal Splinter": 23.927971997785804,
	"Mouldy Cheese": 23.60786046624055,
	"Cheese": 23.390006622877547,
	"Machete": 23.29244957436628,
	"Chain Armor": 21.79334864857419,
	"Terra Boots": 21.575381686645592,
	"Carlin Sword": 20.318725099601593,
	"Ratana": 20.034965034965037,
	"Terra Hood": 19.560003319994642,
	"Bolt": 18.92376499288473,
	"Blood Preservation": 18.78620817626166,
	"Small Enchanted Ruby": 18.73921643210346,
	"Brown Bread": 18.31283219438117,
	"Stone Skin Amulet": 18.212491236203604,
	"Morning Star": 18.006240017999495,
	"Leather Boots": 17.16095795537006,
	"Sabre": 16.635386215092485,
	"Moonlight Rod": 16.460949843758275,
	"Brown Crystal Splinter": 15.883916336866507,
	"Sword Ring": 15.782839319907904,
	"Essence of a Bad Dream": 15.083537060764852,
	"Cyan Crystal Fragment": 14.817543259834645,
	"Sacred Tree Amulet": 14.686175535125964,
	"Orange": 14.55334158168168,
	"Miraculum": 14.287713959680488,
	"Brass Helmet": 14.112360356967447,
	"Small Enchanted Emerald": 13.941972366914182,
	"Life Crystal": 13.004659990553204,
	"Carniphila Seeds": 12.811683019852007,
	"Hailstorm Rod": 12.763171700435784,
	"Rope Belt": 12.732723407552427,
	"Snakebite Rod": 12.677272118340392,
	"Elven Astral Observer": 12.256962025316454,
	"Northwind Rod": 12.244406843348738,
	"Cultish Robe": 11.975842512498538,
	"Elvish Talisman": 11.894389480240044,
	"Glacier Amulet": 11.753047556225354,
	"Hellspawn Tail": 11.301348474095102,
	"Soul Orb": 11.063977223751458,
	"Wand of Starstorm": 10.274540841985052,
	"Sword": 10.18751881258127,
	"Tiger Eye": 9.728946367440091,
	"Glacier Mask": 9.524097024322353,
	"Green Gem": 9.523812092221535,
	"Drill Bolt": 8.98385469223007,
	"Doublet": 8.321428571428571,
	"Black Shield": 8.302415822361644,
	"Minotaur Horn": 8.244505074828268,
	"Tooth File": 7.75480818677363,
	"Necklace of the Deep": 7.7146134134477,
	"Wyrm Scale": 7.526668443228088,
	"Rotten Piece of Cloth": 7.213519169969275,
	"Small Ruby": 7.101380838465044,
	"Spider Fangs": 7.07200906245073,
	"Battle Shield": 6.982017961431149,
	"Dirty Cape": 6.828425321812731,
	"Black Pearl": 6.752202430534121,
	"Giant Shimmering Pearl (Brown)": 6.7281606077048295,
	"Glacier Robe": 6.7071105917223335,
	"Demonic Essence": 6.670584782638351,
	"Longsword": 6.534899904828102,
	"Wand of Cosmic Energy": 6.413837189921161,
	"Girlish Hair Decoration": 6.223798767164807,
	"Poison Arrow": 5.992467316925654,
	"Violet Crystal Shard": 5.889437563426377,
	"Assassin Star": 5.797577386576592,
	"White Mushroom": 5.796783002704526,
	"Vampire's Cape Chain": 5.666975213411498,
	"Wand of Voodoo": 5.622095385865751,
	"Lump of Earth": 5.6035454216237515,
	"Knight Legs": 5.573268074469801,
	"Two Handed Sword": 5.568209033507437,
	"Shadow Herb": 5.389643114002318,
	"Emerald Bangle": 5.3747800376184784,
	"Silver Amulet": 5.36816180724837,
	"Swamp Grass": 5.3247968980797635,
	"Elven Amulet": 5.3213771050068335,
	"Violet Gem": 5.161903605625035,
	"Steel Shield": 5.035674029778754,
	"Kongra's Shoulderpad": 4.867057494856907,
	"Rusted Armor": 4.546745578926521,
	"Knight Axe": 4.511064666830587,
	"Small Diamond": 4.456514403999349,
	"Red Mushroom": 4.448403122782115,
	"Gemmed Figurine": 4.4085729788388495,
	"Magma Clump": 4.274512225240801,
	"Shrimp": 4.220915804756078,
	"Small Flask of Eyedrops": 4.213249760596153,
	"Medicine Pouch": 4.171676514032496,
	"Mino Shield": 4.122694861076961,
	"Ring of Blue Plasma": 4.0589764670749195,
	"Glacier Kilt": 4.045854732208364,
	"Corncob": 4.018171973798339,
	"Werehyaena Talisman": 4.006993006993007,
	"Small Topaz": 3.9824891679454173,
	"Plate Armor": 3.915123941568443,
	"Banana Sash": 3.839050603825014,
	"Glacier Shoes": 3.8052090975788704,
	"Quara Tentacle": 3.6724207403882874,
	"Wood": 3.5487998522895126,
	"Brass Armor": 3.5352188525114885,
	"Serpent Sword": 3.4687777335311747,
	"Pelvis Bone": 3.4061390748749063,
	"Crossbow": 3.3604847604330073,
	"Protective Charm": 3.3285143564999475,
	"Beastslayer Axe": 3.3260388492746498,
	"Energy Ring": 3.268009468539292,
	"Broken Crossbow": 3.213966253303517,
	"Fiery Heart": 3.1507779698691034,
	"Burst Arrow": 3.1490063424281396,
	"Mind Stone": 3.080039180707286,
	"Crystalline Spikes": 3.0223621912366827,
	"Dark Shield": 2.9874600442586674,
	"Small Sapphire": 2.9838431236722798,
	"Orc Leather": 2.945140042692644,
	"Book of Necromantic Rituals": 2.9206349206349205,
	"Viking Helmet": 2.907286065550546,
	"Dead Snake": 2.8302200083022,
	"Magma Amulet": 2.8238721808855733,
	"Blazing Bone": 2.779081254630773,
	"Wyvern Talisman": 2.7632372654155497,
	"Spellbook": 2.6940987484391745,
	"Grave Flower": 2.671525203067953,
	"Minotaur Leather": 2.6675111691980793,
	"Royal Spear": 2.652140754027422,
	"Piece of Warrior Armor": 2.5852958554908416,
	"Quara Bone": 2.5715882205262317,
	"Piercing Bolt": 2.560073185606831,
	"Blue Crystal Splinter": 2.538924758065088,
	"Ghoul Snack": 2.5179676715500734,
	"Mantassin Tail": 2.467828456026824,
	"Brown Flask": 2.440344702026945,
	"Axe Ring": 2.4040020238735558,
	"Lamassu Horn": 2.374985161764489,
	"Battle Hammer": 2.353581627966914,
	"Tower Shield": 2.3484899531017986,
	"Piece of Iron": 2.3477340856991713,
	"Sickle": 2.288819931028631,
	"Obsidian Lance": 2.286963873006899,
	"Elder Bonelord Tentacle": 2.203758459819962,
	"Hatchet": 2.1564606630742187,
	"Hunting Spear": 2.1292874259079246,
	"Cape": 2.0972121057239015,
	"Underworld Rod": 2.0857234192685694,
	"Bloody Pincers": 2.0770133905867465,
	"Heavy Old Tome": 2.018104613278502,
	"Katana": 1.989103670789347,
	"Green Mushroom": 1.9167051277362823,
	"Blue Crystal Shard": 1.8789401788129663,
	"Sling Herb": 1.8767088808259638,
	"Troll Green": 1.8654357459379614,