{
	"Platinum Coin": 4914.604750156248,
	"Gold Coin": 2790.0326894143586,
	"Great Health Potion": 1122.7323987763507,
	"Ham": 589.2229785775526,
	"Flask of Demonic Blood": 466.01891762521956,
	"Small Amethyst": 464.7380676533937,
	"Soul Orb": 460.14596572448335,
	"Small Emerald": 392.80221266530873,
	"Small Diamond": 379.347528744895,
	"Assassin Star": 368.03805403381136,
	"Meat": 335.9822380395751,
	"Great Mana Potion": 308.95225083401704,
	"Small Ruby": 284.61986224973907,
	"Werehyaena Nose": 258.5,
	"Knife": 255.01205322469562,
	"Axe": 240.6853779182178,
	"Great Spirit Potion": 202.6006597180592,
	"Golden Lotus Brooch": 197.4386732501925,
	"Small Topaz": 194.84109958749696,
	"Onyx Arrow": 178.85708737201418,
	"Demonic Essence": 178.7862466899793,
	"Halberd": 178.03343316875308,
	"Peacock Feather Fan": 169.97044574287742,
	"Red Crystal Fragment": 167.33231490093786,
	"Red Gem": 152.60741469044945,
	"Yellow Gem": 102.97532994851943,
	"Combat Knife": 91.37379289629797,
	"Fish": 90.83190670887993,
	"Life Preserver": 87.82051282051282,
	"Small Enchanted Amethyst": 83.82119458136475,
	"Green Crystal Fragment": 62.45693426815875,
	"Fafnar Symbol": 61.905491716974964,
	"Opal": 57.18212435232835,
	"Green Crystal Splinter": 54.36509173061341,
	"Ratana": 52.69230769230769,
	"White Pearl": 52.48638142120352,
	"Small Sapphire": 50.278120499958554,
	"Secret Instruction": 47.88583735157903,
	"Banana": 41.40176712921374,
	"Small Enchanted Emerald": 41.028122575640026,
	"Bone Sword": 39.603421513850385,
	"Cowbell": 39.22654345656905,
	"Protection Amulet": 35.935541140665336,
	"Violet Gem": 35.61820204262056,
	"Silver Brooch": 34.90124207612218,
	"Black Pearl": 34.588066007973616,
	"Brown Crystal Splinter": 34.323536430162264,
	"Green Gem": 34.25900207042067,
	"Bone": 32.83417483134247,
	"Hellspawn Tail": 31.996025550035483,
	"Cultish Robe": 31.73688520632355,
	"Cobra Crest": 31.293561202802294,
	"Sword Ring": 30.8617982150203,
	"Minotaur Horn": 29.98983633292777,
	"Plate Shield": 29.592106831610902,
	"Giant Shimmering Pearl (Green)": 28.477077032758984,
	"Wand of Starstorm": 27.144052052404675,
	"Minotaur Leather": 25.19780962975511,
	"Torch": 24.871372752500612,
	"Hailstorm Rod": 24.327526662326907,
	"Dragon Necklace": 23.364759988502442,
	"Doublet": 22.75,
	"Titan Axe": 21.156139803725523,
	"Plate Armor": 20.403468180797248,
	"Empty Honey Glass": 20.39635027439932,
	"Strange Talisman": 20.05084214339287,
	"Scimitar": 19.742828799949194,
	"Sniper Arrow": 19.512460277757526,
	"Bronze Amulet": 19.42942228183377,
	"White Mushroom": 18.987915647030178,
	"Lightning Pendant": 18.56133356498944,
	"Tribal Mask": 18.465953893477685,
	"Poison Arrow": 18.44800085345224,
	"Magma Amulet": 18.39739967515974,
	"Morning Star": 18.368385019702373,
	"Wand of Voodoo": 18.344323765192655,
	"Spear": 18.245928335461684,
	"Red Piece of Cloth": 17.963592838326036,
	"Magma Boots": 17.635789261105987,
	"Lightning Headband": 17.616319245084203,
	"Earth Arrow": 17.372053122640878,
	"Snakebite Rod": 17.19338914675848,
	"Battle Shield": 16.705909932253007,
	"Necrotic Rod": 16.5586962243143,
	"Spiked Squelcher": 16.329531060175277,
	"Ultimate Health Potion": 16.0363429022106,
	"Mino Shield": 15.990848585690516,
	"Black Shield": 15.17397939717665,
	"Mystic Turban": 15.146930156620984,
	"Cheese": 14.737677795337811,
	"Lightning Legs": 14.609945386605345,
	"Worm": 13.93923120742331,
	"Gold Ingot": 13.612688516958872,
	"Mouldy Cheese": 13.213552163088957,
	"Underworld Rod": 13.210047345473853,
	"Leather Boots": 13.118645497016818,
	"Steel Shield": 13.072153135865719,
	"Knight Armor": 12.864136716069238,
	"War Axe": 12.828200199070992,
	"Damaged Armor Plates": 12.655887099512988,
	"Red Mushroom": 12.594180269694819,
	"Plate Legs": 12.552907329353507,
	"Falcon Crest": 12.552802373973273,
	"Blue Crystal Shard": 12.484756947316724,
	"Two Handed Sword": 12.450828705324614,
	"Small Stone": 12.057354898263137,
	"Tarantula Egg": 11.960075841591243,
	"Shrimp": 11.586963787569305,
	"Elven Amulet": 10.64558139284451,
	"Werehyaena Talisman": 10.538461538461538,
	"Piece of Dead Brain": 9.903396444572914,
	"Green Crystal Shard": 9.767794780310188,
	"Cheesy Figurine": 9.491143317230273,
	"Silver Amulet": 9.37540141573159,
	"Quara Tentacle": 9.219798374227945,
	"Heavy Machete": 9.087354286557474,
	"Steel Helmet": 8.726288615945048,
	"Pelvis Bone": 8.615298389842769,
	"Terra Rod": 8.558149421778591,
	"Longsword": 8.341074292832754,
	"Golden Armor": 8.14490963352453,
	"Bolt": 7.9617016395603795,
	"Kongra's Shoulderpad": 7.9557670589007135,
	"Ring of Healing": 7.846431550523232,
	"Lump of Earth": 7.313445207372304,
	"Quara Bone": 7.164438844143239,
	"Quara Pincers": 6.839376314812523,
	"Mysterious Fetish": 6.815460506350593,
	"Scale Armor": 6.765427214037488,
	"Mastermind Shield": 6.708665982718342,
	"Blank Rune": 6.6340305348678825,
	"Purple Robe": 6.460514018691589,
	"Blue Gem": 6.398840225861524,
	"Wand of Inferno": 6.394773603405391,
	"Orc Leather": 6.3923057928609195,
	"Bonelord Eye": 6.2868649384013375,
	"Mantassin Tail": 6.258216564137617,
	"Knight Legs": 6.191635467333207,
	"Strong Health Potion": 6.0552929926964705,
	"Terra Hood": 5.9706964274824434,
	"Lightning Boots": 5.966657085369359,
	"Oriental Shoes": 5.936016626775614,
	"Spider Fangs": 5.934638641670323,
	"Machete": 5.819241552309282,
	"Wand of Decay": 5.7163308274992035,
	"Focus Cape": 5.548188892837461,
	"Chain Armor": 5.496534870371416,
	"Northwind Rod": 5.483223911184277,
	"Ruby Necklace": 5.354070548971741,
	"Strong Mana Potion": 5.3102495727981935,
	"Carlin Sword": 5.230329581984697,
	"Violet Crystal Shard": 5.127565005683942,
	"Lamassu Horn": 5.078170028818444,
	"Rotten Piece of Cloth": 4.858084338958899,
	"Orange": 4.676563916075094,
	"Golden Mask": 4.596238361932663,
	"Rusted Armor": 4.579701916252661,
	"Stone Skin Amulet": 4.4412238325281805,
	"Double Axe": 4.405968863639937,
	"Moonlight Rod": 4.361046959199384,
	"Spellweaver's Robe": 4.349525725783272,
	"Golden Sickle": 4.2510148849797025,
	"Blue Robe": 4.176396170597501,
	"Sacred Tree Amulet": 4.074726085564326,
	"Hatchet": 4.061333478522601,
	"Swamp Grass": 4.001292466765141,
	"Unholy Bone": 3.9966634890371786,
	"Brass Legs": 3.9689352289906155,
	"Sea Horse Figurine": 3.881405580204599,
	"Clerical Mace": 3.8525798525798525,
	"Werehyaena Trophy": 3.7916666666666665,
	"Terra Boots": 3.679644833388548,
	"Crystal Ring": 3.6177653472814613,
	"Spellbook": 3.5985823631637803,
	"Magma Coat": 3.5316213696739336,
	"Warrior Helmet": 3.492354008415513,
	"Assassin Dagger": 3.3458900565501137,
	"Dead Snake": 3.3019233430192334,
	"Wand of Everblazing": 3.260487144790257,
	"Relic Sword": 3.219215155615697,
	"Brass Armor": 3.1863732832182583,
	"Medicine Pouch": 3.1347858197932053,
	"Terra Amulet": 3.090551506893779,
	"Spider Silk": 3.048329920514345,
	"Lamassu Hoof": 2.998919308357349,
	"Fir Cone": 2.9886228944157693,
	"Closed Trap": 2.9533112175942993,
	"Cyan Crystal Fragment": 2.8638090070537165,
	"Small Flask of Eyedrops": 2.8464860572872093,
	"Haunted Blade": 2.844110420581009,
	"Wood": 2.666728212703102,
	"Taurus Mace": 2.514953271028037,
	"Mino Lance": 2.456461453133666,
	"Knight Axe": 2.425881792183031,
	"Dowser": 2.3954465380478216,
	"Spellbook of Mind Control": 2.3374858749200214,
	"Death Ring": 2.3089530705796295,
	"Fish Fin": 2.3083766213523162,
	"Quara Eye": 2.284956831831832,
	"Viking Helmet": 2.281620759604686,
	"Piercing Bolt": 2.266820096220872,
	"Sphinx Feather": 2.2072366765638365,
	"Warwolf Fur": 2.1631646401475604,
	"Brown Mushroom": 2.1389993679352752,
	"Mace": 2.040177687227527,
	"Mammoth Whopper": 2.0014299332697805,
	"Bone Toothpick": 1.9580552907530981,
	"Broken Helmet": 1.905451783324092,
	"Crystal Coin": 1.894189180797996,
	"Skull": 1.8685554025058886,
	"Venison": 1.8047765514745795,
	"Heavy Mace": 1.785723061801204,
	"Sphinx Tiara": 1.781490614463288,
	"Giant Shimmering Pearl (Brown)": 1.7493217580032556,
	"Skullcracker Armor": 1.7064438529627122,