{
	"Gold Coin": 2094.2553019815496,
	"Platinum Coin": 1593.6646019764394,
	"Meat": 143.62070172059438,
	"Great Health Potion": 120.39824107026928,
	"Frazzle Tongue": 109.3027267668336,
	"Skull": 105.63471714791322,
	"Brown Crystal Splinter": 93.97934149543023,
	"Frazzle Skin": 93.35837506956038,
	"Great Mana Potion": 91.30070001510799,
	"Bone": 85.61059280243836,
	"Fishbone": 71.32999443516974,
	"Fish Tail": 63.777406789092936,
	"Ham": 63.44654240770834,
	"Silencer Claws": 63.21583178726036,
	"Remains of a Fish": 62.990035858240084,
	"Piece of Iron": 60.001112966054535,
	"Crystal Rubbish": 59.1619365609349,
	"Banana Skin": 54.33667223149694,
	"Strong Mana Potion": 42.44655155442051,
	"Fish": 40.76648932382766,
	"Red Crystal Fragment": 40.169330020105754,
	"Worm": 36.60890605253831,
	"Fish Fin": 36.14208928647386,
	"Silencer Resonating Chamber": 35.60296846011131,
	"Cheese": 35.52965276031752,
	"Hardened Bone": 31.469115191986646,
	"Assassin Star": 30.667903525046384,
	"Dagger": 30.400000000000002,
	"Elven Astral Observer": 26.833886331939986,
	"Big Bone": 26.643850862548693,
	"Two Handed Sword": 26.081722104594352,
	"Violet Crystal Shard": 24.178272933447428,
	"Dream Essence Egg": 21.772460923643713,
	"Hydrophytes": 21.732804981602037,
	"Arrow": 20.64745274270324,
	"Iron Ore": 20.140233722871454,
	"Dragon Ham": 19.627682621072122,
	"Haunted Blade": 18.563559343907542,
	"Two-Headed Turtle Heads": 16.921313331446363,
	"Spear": 15.280206841439892,
	"Elvish Talisman": 14.598442001108886,
	"Glacier Shoes": 14.520911868104427,
	"Heaven Blossom": 14.325902821182144,
	"Rope Belt": 14.204117908346815,
	"Gold Ingot": 14.056204785754035,
	"Halberd": 13.952992456553687,
	"Hand Axe": 13.030532938564026,
	"Cultish Robe": 12.24696571385737,
	"Brown Bread": 11.22399392558846,
	"Leather Boots": 11.049498527467364,
	"Poison Arrow": 10.69232176589734,
	"Winter Wolf Fur": 10.600000000000001,
	"Glorious Axe": 10.560961394214644,
	"Sabre": 9.53829254999511,
	"Orichalcum Pearl": 9.36869340232859,
	"Strong Health Potion": 9.302058452038057,
	"Grapes": 9.276653514912393,
	"Giant Shimmering Pearl (Green)": 9.258472697729237,
	"Crystalline Arrow": 9.132607575509638,
	"Leather Helmet": 8.712276906137388,
	"Spike Sword": 8.506321870033508,
	"Small Sapphire": 7.98799523238043,
	"Plate Shield": 7.976794737237089,
	"Belted Cape": 7.971035273874391,
	"Small Diamond": 7.863541235975704,
	"Small Tropical Fish": 7.838947070478348,
	"Combat Knife": 7.825711826871489,
	"Small Enchanted Ruby": 7.813529921942758,
	"Sai": 7.762381747356705,
	"Titan Axe": 7.757221837256261,
	"Staff": 7.389391979301422,
	"Seeds": 7.325233628794902,
	"Lump of Dirt": 7.134013075398509,
	"Plum": 7.015412780485391,
	"Terra Boots": 6.928954627381304,
	"Twigs": 6.861578266494178,
	"Magma Amulet": 6.74137133180301,
	"Shrimp": 6.673922348081227,
	"Stealth Ring": 6.616796157348472,
	"Longsword": 6.56528966495044,
	"Dragon Necklace": 6.564699786015132,
	"Flotsam": 6.531694695989652,
	"Black Pearl": 6.485490716794439,
	"Mace": 6.42068151209839,
	"Lump of Earth": 6.38830733949052,
	"Blank Rune": 6.339463746938836,
	"Studded Helmet": 6.222561654573449,
	"Wand of Draconia": 6.218090381250441,
	"Earth Arrow": 6.043382727007047,
	"White Pearl": 5.961159574840041,
	"Scimitar": 5.853350584725488,
	"Scroll": 5.790109611836631,
	"Dark Shield": 5.780748224810187,
	"Cluster of Solace": 5.731945532804106,
	"Knife": 5.706831430590228,
	"Coral Brooch": 5.514293801302009,
	"Rope": 5.504811250925241,
	"Ultimate Health Potion": 5.484112848911172,
	"Diamond Sceptre": 5.406806226355098,
	"Leaf Star": 5.344319167389419,
	"Chain Armor": 5.274925076382809,
	"Elven Scouting Glass": 5.250519706418904,
	"Wand of Dragonbreath": 5.003550246671904,
	"Small Emerald": 4.966843206612284,
	"Crystalline Spikes": 4.945683585660026,
	"Quara Bone": 4.944471878352377,
	"Knight Legs": 4.909815146051485,
	"Soul Orb": 4.882276843467012,
	"Quara Tentacle": 4.836615540578594,
	"Drill Bolt": 4.801715438950555,
	"Scale Armor": 4.622984502863061,
	"Coral Branch": 4.61836998706339,
	"Nightmare Blade": 4.615470228158041,
	"Silver Brooch": 4.418256253451451,
	"Gemmed Figurine": 4.270874610812341,
	"Studded Armor": 4.247560861379561,
	"Lightning Headband": 4.225040654030272,
	"Girlish Hair Decoration": 4.161921349465585,
	"Blue Crystal Splinter": 4.154604149561054,
	"Melon": 4.143942408566364,
	"Great Spirit Potion": 4.064129547199396,
	"Miraculum": 4.043478260869565,
	"Plate Armor": 4.032398250801097,
	"Green Crystal Splinter": 3.9820164504609092,
	"Shadow Sceptre": 3.877551020408163,
	"Wooden Shield": 3.78695662365028,
	"Studded Club": 3.6750228029764034,
	"Magma Clump": 3.541738700913806,
	"Cultish Mask": 3.501261988894498,
	"Mantassin Tail": 3.406371041239462,
	"Torch": 3.3660022362740945,
	"Sword": 3.3173577172656845,
	"Ring of Blue Plasma": 3.3158939947428587,
	"Terra Legs": 3.29004329004329,
	"Small Stone": 3.2785589170777794,
	"Quara Pincers": 3.2710060636059892,
	"Rotten Piece of Cloth": 3.238722892639266,
	"Assassin Dagger": 3.1469115191986643,
	"Heavily Rusted Armor": 2.937245199835775,
	"Heavy Old Tome": 2.922750180095464,
	"White Mushroom": 2.914085473397974,
	"Terra Amulet": 2.8707648140141773,
	"Double Axe": 2.861079353774017,
	"Emerald Bangle": 2.78826203250924,
	"Bow": 2.759101005321349,
	"Banana": 2.7574709804890096,
	"Spellbook of Enlightenment": 2.7470238266957825,
	"Gold Nugget": 2.703085196716671,
	"Bread": 2.643490214520855,
	"Wyvern Talisman": 2.643096514745308,
	"Fiery Heart": 2.6106446036058286,
	"Small Ruby": 2.596026506056782,
	"Sun Fruit": 2.595243064117104,
	"Magma Boots": 2.519320175118599,
	"Blazing Bone": 2.3026673252654977,
	"Axe": 2.295476652697901,
	"Morning Star": 2.2560757076140163,
	"Protective Charm": 2.224097893915345,
	"Carrion Worm Fang": 2.1975831061561624,
	"Cape": 2.000283045570337,
	"Pirate Voodoo Doll": 1.9803358117349128,
	"Wand of Inferno": 1.9477767650726125,
	"Shaggy Tail": 1.9456920079144011,
	"Plate Legs": 1.8239572214921242,
	"Bolt": 1.8022633326556887,
	"Spider Fangs": 1.7750506080517943,
	"Essence of a Bad Dream": 1.7426378119207966,
	"Holy Orchid": 1.7167170240441403,
	"Crystal Sword": 1.7096002733173898,
	"Brass Armor": 1.708668349109986,
	"Glob of Tar": 1.6930420414907288,
	"Silver Amulet": 1.6662028831338755,
	"Boots of Haste": 1.6560676701262476,
	"Wood Cape": 1.6461405030355594,
	"Striped Fur": 1.644016408061352,
	"Pelvis Bone": 1.6065179424817257,
	"Clay Lump": 1.5933739042279689,
	"Sword Ring": 1.5645362772010383,
	"Green Mushroom": 1.5475308260136977,
	"Book (Orange)": 1.5336622569962826,
	"Chicken Feather": 1.5277731162946804,
	"Orc Leather": 1.5199367232920515,
	"Voluminous Piece of Cloth": 1.4427836314628768,
	"Wolf Tooth Chain": 1.4241506106250832,
	"Ludicrous Piece of Cloth": 1.4089683901004655,
	"Brass Helmet": 1.404329029177875,
	"Power Bolt": 1.3949504072541652,
	"Green Tunic": 1.386354592482726,
	"Yellow Gem": 1.384477418519653,
	"Small Amethyst": 1.3653176717665911,
	"Ominous Piece of Cloth": 1.3638814016172507,
	"Luminous Piece of Cloth": 1.3582455280568488,
	"Carrot": 1.3209723939019364,
	"Obsidian Lance": 1.31681426542926,
	"Obvious Piece of Cloth": 1.3018867924528301,
	"Energy Ring": 1.2586972885773984,
	"Viking Helmet": 1.2332112858881448,
	"Steel Helmet": 1.218438126776773,
	"Life Ring": 1.2036389643266092,
	"Quara Eye": 1.2026088588588588,
	"Vampire Teeth": 1.2007707685663451,
	"Rusted Armor": 1.191575895480745,
	"Dubious Piece of Cloth": 1.189169321244793,
	"Collar of Blue Plasma": 1.183868169991327,
	"Leather Legs": 1.156626867178542,
	"Gloom Wolf Fur": 1.154508382419574,
	"Ghoul Snack": 1.1305160974306452,
	"Wand of Cosmic Energy": 1.1234770086638945,
	"Health Potion": 1.1141109079791942,
	"Mercenary Sword": 1.109399236551314,
	"Battle Shield": 1.0987214763186737,
	"Fire Axe": 1.0695652173913044,
	"Small Enchanted Sapphire": 1.0147441457068518,
	"Cookie": 1.00553141050968,
	"Tarantula Egg": 0.9966729867992702,
	"White Gem": 0.9731106708180016,
	"Sling Herb": 0.9424836921613244,