{
	"Gold Coin": 11186.435037865753,
	"Platinum Coin": 10821.949637244203,
	"Ham": 4242.0908230145105,
	"Great Health Potion": 2174.408334107947,
	"Cowbell": 1540.3811210637305,
	"Great Mana Potion": 1446.2729766387376,
	"Meat": 1214.7432290566835,
	"Cultish Robe": 1165.928745802773,
	"Plate Shield": 1133.979933689462,
	"Minotaur Horn": 1111.933319955401,
	"Minotaur Leather": 925.8623747858178,
	"Lost Soul (Item)": 918.8700295739743,
	"Pirate Coin": 873.0023679145379,
	"Bronze Amulet": 850.3529999173181,
	"Mino Shield": 700.8702163061564,
	"Pirat's Tail": 646.0925334712318,
	"Ice Rapier": 591.669921836794,
	"Small Emerald": 552.2210128207129,
	"Cyan Crystal Fragment": 428.5741596167389,
	"Red Crystal Fragment": 404.3636628415531,
	"Small Amethyst": 358.8958534797517,
	"Small Diamond": 358.3785321931659,
	"Small Ruby": 349.50290017990017,
	"Mouldy Powder": 347.320747525672,
	"Crystal Sword": 316.60262740567833,
	"Small Topaz": 290.44611485590906,
	"Strong Mana Potion": 289.4835352873816,
	"Red Gem": 285.4039976912509,
	"Ring of Healing": 277.4760703762483,
	"Shark Fins": 259.10804684565767,
	"Knife": 225.56088105490494,
	"Strong Health Potion": 210.22028979454993,
	"Axe": 206.66991195777112,
	"Yellow Gem": 200.7324595541912,
	"Werehyaena Nose": 196.24891774891776,
	"Springsprout Rod": 184.98743073479224,
	"Knight Axe": 183.2656701789187,
	"Fire Sword": 182.43025247737873,
	"Crowbar": 179.93760774977426,
	"Wand of Inferno": 178.7622993123137,
	"Grappling Hook": 167.70206896551724,
	"Wand of Starstorm": 165.21707928795226,
	"Wand of Cosmic Energy": 156.97830149426412,
	"Terra Boots": 145.12978758903273,
	"Flask of Demonic Blood": 141.1273101909851,
	"Purple Robe": 138.98387850467287,
	"Halberd": 132.45725270045259,
	"Onyx Chip": 131.46069088892486,
	"Terra Rod": 130.27282505474147,
	"Dragon Ham": 124.44923876223464,
	"Death Toll": 120.72105940598286,
	"Moonlight Rod": 117.61469386492989,
	"Knight Armor": 113.56895532089939,
	"Weaver's Wandtip": 112.43925850225735,
	"Mino Lance": 107.66537252726935,
	"Opal": 107.51845243548073,
	"Snakebite Rod": 107.19918116540993,
	"Bone Shoulderplate": 98.36247074882995,
	"Green Crystal Shard": 95.44699884015895,
	"Gold Ingot": 93.88374357973751,
	"Hailstorm Rod": 92.73943394314092,
	"Focus Cape": 88.66165465978071,
	"Red Piece of Cloth": 87.73453706706714,
	"Wand of Voodoo": 82.47900974864623,
	"Magma Boots": 80.9345126201362,
	"Ensouled Essence": 80.8527228076739,
	"Worm": 76.74142982930107,
	"Combat Knife": 68.30303030303031,
	"Demonic Essence": 67.95470450553839,
	"Small Treasure Chest": 67.74356385663806,
	"Brown Mushroom": 67.17077297013695,
	"Life Preserver": 65.67599067599068,
	"Zaoan Halberd": 65.29650936037442,
	"Cobra Crest": 64.91058352428854,
	"Small Enchanted Amethyst": 60.421911421911425,
	"Warmaster's Wristguards": 57.05426092043681,
	"Ultimate Health Potion": 56.59946666718844,
	"Taurus Mace": 54.103738317757006,
	"Wyrm Scale": 52.611033066332965,
	"Green Crystal Fragment": 52.28692360472289,
	"Ring of Blue Plasma": 49.5440084835631,
	"Jalapeno Pepper": 48.42648490749757,
	"Protection Amulet": 47.856441498944505,
	"Necklace of the Deep": 46.661109140357105,
	"Skull": 46.02303052698719,
	"Machete": 42.287484417958964,
	"Green Crystal Splinter": 41.75,
	"Cursed Bone": 40.39017973276576,
	"Scimitar": 39.74004235295835,
	"Ratana": 39.40559440559441,
	"Soul Orb": 39.15496707658102,
	"Brown Crystal Splinter": 37.30821226795803,
	"Wood Cape": 37.06404724467035,
	"Dagger": 36.835778337760225,
	"Lightning Boots": 35.32699507063,
	"Blue Glass Plate": 35.02476609796368,
	"Warrior Helmet": 34.63558538656539,
	"Dark Mushroom": 33.1138129877877,
	"Earth Arrow": 32.089533011272145,
	"Skull Staff": 31.842382220021047,
	"Small Enchanted Emerald": 30.18770764119601,
	"Zaoan Shoes": 27.84750687375229,
	"Might Ring": 27.042026704356857,
	"Glacial Rod": 25.758011115052618,
	"Bone": 24.29550209451358,
	"Sword Ring": 23.857142857142854,
	"Burst Arrow": 23.430872196076034,
	"Scythe": 22.801028758475567,
	"Small Sapphire": 22.352978619691388,
	"Fairy Wings": 22.211162421324836,
	"Draken Sulphur": 22.156820132034547,
	"Green Mushroom": 22.094276942075197,
	"Crossbow": 21.92077380865549,
	"Dark Armor": 21.129943502824858,
	"Bone Sword": 21.006787664158182,
	"Cheesy Figurine": 20.8805152979066,
	"Minotaur Trophy": 19.081729261775756,
	"Heavy Machete": 18.907628679897357,
	"Doublet": 18.277037933817596,
	"Tower Shield": 16.341539018982175,
	"Slightly Rusted Legs": 16.326192794547225,
	"Green Glass Plate": 16.03954802259887,
	"Terra Amulet": 15.676488530378304,
	"Poison Arrow": 14.304128920991388,
	"Blue Crystal Splinter": 13.830508474576272,
	"Brown Bread": 13.586940015186029,
	"Green Gem": 13.537156971792035,
	"Zaoan Legs": 12.823642582608853,
	"Mystical Hourglass": 11.9920505026888,
	"Black Shield": 11.928571428571427,
	"Luminous Orb": 11.360732011263039,
	"Magic Light Wand": 11.292962356792144,
	"Garlic Necklace": 10.955672761259601,
	"Sabre": 10.843092918931761,
	"Carlin Sword": 10.52058432934927,
	"Bat Wing": 10.496876501681884,
	"Fire Axe": 10.41756949173528,
	"Ivory Comb": 10.103076827833839,
	"Stone Skin Amulet": 9.770692431561997,
	"Talon": 9.718141326238111,
	"Sword": 9.612312939842429,
	"Lightning Pendant": 9.444081301384823,
	"Mercenary Sword": 9.120287253141832,
	"Frazzle Tongue": 8.901322614107883,
	"Werehyaena Talisman": 7.881118881118881,
	"Frazzle Skin": 7.775414937759336,
	"Remains of a Fish": 7.4896265560165975,
	"Sacred Tree Amulet": 7.4396135265700485,
	"Haunted Blade": 7.255721129672854,
	"Guardian Shield": 7.031824896395105,
	"Dark Shield": 6.829553425298106,
	"Drakinata": 6.750438767550702,
	"Giant Shimmering Pearl (Brown)": 6.664712095417638,
	"Warrior's Axe": 6.6043459419302915,
	"Zaoan Armor": 6.462126406351456,
	"Terra Hood": 6.311720021703744,
	"Voluminous Piece of Cloth": 6.293882218410521,
	"White Mushroom": 6.272090451533191,
	"Ludicrous Piece of Cloth": 6.146369353916524,
	"Slightly Rusted Armor": 5.96913724573299,
	"Ominous Piece of Cloth": 5.949685534591195,
	"Luminous Piece of Cloth": 5.925100057175529,
	"Obvious Piece of Cloth": 5.679245283018868,
	"Violet Gem": 5.612768299394606,
	"Orichalcum Pearl": 5.378767206399848,
	"Dubious Piece of Cloth": 5.187535734705546,
	"Fish": 5.185268631552245,
	"Spear": 5.099097265125582,
	"Girlish Hair Decoration": 4.769009835012985,
	"Shimmering Beetles": 4.65594475922542,
	"Assassin Star": 4.562984067882276,
	"Zaoan Robe": 4.5001875735741175,
	"Silver Amulet": 4.429339403918559,
	"Shockwave Amulet": 4.388129012076303,
	"Small Enchanted Ruby": 4.215527922733697,
	"Big Bone": 4.048835100408394,
	"Ring of the Sky": 3.8428541152001436,
	"Fish Fin": 3.828578838174274,
	"Wand of Draconia": 3.760944628236717,
	"Piece of Iron": 3.732494813278008,
	"Spellweaver's Robe": 3.7319810787852132,
	"Blue Robe": 3.727775031171391,
	"Short Sword": 3.716071194807504,
	"Lightning Legs": 3.6604283509532656,
	"Prismatic Quartz": 3.603675458128312,
	"Rainbow Quartz": 3.553672316384181,
	"Epee": 3.409206257428287,
	"Book of Necromantic Rituals": 3.4062119366626065,
	"Mastermind Potion": 3.3440621888150077,
	"Twiceslicer": 3.066303473039064,
	"Glob of Tar": 3.00985251820574,
	"Werehyaena Trophy": 2.9821428571428568,
	"Noble Axe": 2.9444985394352483,
	"Glorious Axe": 2.9269024505716708,
	"Hatchet": 2.882072971962579,
	"Spider Silk": 2.871517813097816,
	"Two Handed Sword": 2.8398458998348928,
	"Glacier Amulet": 2.689265536723164,
	"Underworld Rod": 2.6350245499181666,
	"Lump of Dirt": 2.601013181525533,
	"Protective Charm": 2.5497394191502374,
	"Cyclops Toe": 2.4931867873810645,
	"Cheese": 2.4261363636363638,
	"Nightmare Blade": 2.1433118450808486,
	"Iron Ore": 2.0983121688401285,
	"Gemmed Figurine": 2.0720293000542593,
	"Carrot": 2.0655737704918034,
	"Chain Armor": 2.006901109483701,
	"Pick": 2.0044760268710373,
	"Broken Ring of Ending": 1.976036747936141,
	"Yielocks": 1.976036747936141,
	"Violet Crystal Shard": 1.944519804666305,
	"Silencer Claws": 1.9374260278907012,