{
	"Platinum Coin": 11730.92941484363,
	"Gold Coin": 8899.470059728223,
	"Ham": 1322.83241977564,
	"Great Health Potion": 929.1817221954515,
	"Flask of Demonic Blood": 735.8455884501332,
	"Meat": 725.2334949486515,
	"Small Emerald": 699.5404824139997,
	"Opal": 675.4589050927251,
	"Soul Orb": 640.8915670086374,
	"Golden Lotus Brooch": 524.1552604782288,
	"Demonic Essence": 483.64718484509586,
	"Peacock Feather Fan": 448.6859833922071,
	"Cowbell": 423.62980023884575,
	"Knife": 422.9307550941017,
	"Lost Soul (Item)": 411.1463933744863,
	"Great Mana Potion": 384.6654479818264,
	"Cobra Crest": 363.0159708990127,
	"Cultish Robe": 327.7282206733673,
	"Minotaur Horn": 312.7931646470751,
	"Small Ruby": 303.03961683854027,
	"Plate Shield": 302.7953880076816,
	"Small Diamond": 276.5610412083607,
	"Scimitar": 273.0792141116628,
	"Axe": 263.77172265090474,
	"Minotaur Leather": 260.8052137070797,
	"Blue Glass Plate": 232.54815630159604,
	"Small Topaz": 229.1110619679412,
	"Bronze Amulet": 223.50424874245482,
	"Protection Amulet": 218.4249820969309,
	"Dark Armor": 213.96177044394764,
	"Assassin Star": 195.6762263964011,
	"Earth Arrow": 192.52334306746874,
	"Mino Shield": 190.46504739457677,
	"Ice Rapier": 183.629176445992,
	"Small Sapphire": 167.7741334468117,
	"Small Amethyst": 165.13425949575594,
	"Gold Ingot": 151.83403894181774,
	"Green Crystal Shard": 146.4185260524608,
	"White Pearl": 145.02758080203236,
	"Great Spirit Potion": 143.29769674180073,
	"Green Glass Plate": 141.94475831763967,
	"Red Gem": 137.77882602957186,
	"Bone Sword": 134.87619890807142,
	"Brown Crystal Splinter": 131.69986987883047,
	"Cheesy Figurine": 125.01191626409017,
	"Blue Crystal Splinter": 122.3954802259887,
	"Heavy Machete": 121.59447411435168,
	"Ultimate Health Potion": 120.8184912402277,
	"Red Crystal Fragment": 115.97030940398739,
	"Yellow Gem": 112.80380132888273,
	"Black Pearl": 99.99797347678987,
	"Silver Brooch": 96.13251920944244,
	"Machete": 95.23345174731142,
	"Fish": 94.48149586482745,
	"Beetroot": 90.84922788570998,
	"Pirate Coin": 87.7051191332361,
	"Lancer Beetle Shell": 83.19626849355004,
	"Ring of Healing": 81.2723349935098,
	"Hellspawn Tail": 80.87068843151171,
	"Scroll": 78.9273251912495,
	"Halberd": 76.48881206520028,
	"Werehyaena Nose": 72.44372294372295,
	"Poisonous Slime": 72.38087006120658,
	"Red Piece of Cloth": 71.52583069397467,
	"Green Crystal Fragment": 71.3154347622502,
	"Wand of Cosmic Energy": 71.11011984481551,
	"Carlin Sword": 67.5484727755644,
	"Pirat's Tail": 65.02034307448201,
	"Guardian Shield": 62.826298334897764,
	"Ice Flower (Item)": 61.080179890794426,
	"Stone Skin Amulet": 59.306870813455866,
	"Morning Star": 58.34079536914376,
	"Sword": 58.323256713998845,
	"Weaver's Wandtip": 58.2203278009909,
	"Crystal Sword": 56.67501335507211,
	"Lion's Mane": 56.57371948277399,
	"Death Toll": 53.94189131633613,
	"Warrior Helmet": 53.78970391446306,
	"Rare Earth": 53.406637806637804,
	"Cyan Crystal Fragment": 52.298751586961686,
	"Springsprout Rod": 51.49184098265695,
	"Bone Shoulderplate": 49.78394659223869,
	"Dream Essence Egg": 49.42161071407776,
	"Arrow": 48.8795671600079,
	"Bolt": 48.73097769127115,
	"Tribal Mask": 48.52816214518342,
	"Bone": 47.91924249813889,
	"Purple Robe": 47.54275700934579,
	"Moonlight Rod": 47.52150805947543,
	"Small Enchanted Ruby": 47.51860322303878,
	"Wand of Inferno": 45.72636936967732,
	"Sacred Tree Amulet": 45.65699540612983,
	"Hailstorm Rod": 44.23998968436322,
	"Green Gem": 43.62120602630527,
	"Necrotic Rod": 42.28702115494568,
	"Mystic Turban": 42.140570688548046,
	"Strong Mana Potion": 42.074478693776854,
	"Battle Shield": 41.518847577092835,
	"Blue Robe": 41.1531631528454,
	"Coal": 39.945350077650076,
	"Terra Boots": 38.52688312155092,
	"Worm": 38.47562261846685,
	"Terra Rod": 38.421389297939456,
	"Glacier Amulet": 37.21639984585569,
	"Mouldy Powder": 36.63792508148728,
	"Ensouled Essence": 36.29574891193772,
	"Red Rose": 35.629445711984964,
	"Violet Gem": 35.51854705558613,
	"Grapes": 35.31824587303718,
	"Snakebite Rod": 34.66799065420561,
	"Rainbow Quartz": 34.157799811128484,
	"Glob of Acid Slime": 33.49033189033189,
	"Wand of Starstorm": 33.073036153311705,
	"Zaoan Halberd": 33.048355840483616,
	"Red Mushroom": 31.83207948899929,
	"Thorn": 31.488384233881494,
	"Crossbow": 31.36188052103608,
	"Combat Knife": 30.612347304505132,
	"Two Handed Sword": 30.086104191639787,
	"Essence of a Bad Dream": 29.564061350905597,
	"Warmaster's Wristguards": 28.876727647230886,
	"Silver Amulet": 28.79983730100219,
	"Mino Lance": 28.296912553152154,
	"Bloody Pincers": 27.753332909310583,
	"Northwind Rod": 27.447424138158887,
	"Small Enchanted Amethyst": 27.424285378830835,
	"Life Preserver": 27.33100233100233,
	"Talon": 27.19899560577527,
	"Focus Cape": 27.17330103104456,
	"Stonerefiner's Skull": 26.87734487734488,
	"Shark Fins": 25.499236176067352,
	"Throwing Star": 25.177366286632488,
	"Knight Axe": 24.313442217177133,
	"Giant Shimmering Pearl (Brown)": 23.254815630159605,
	"Bow": 23.1309943021564,
	"Chain Armor": 22.428010361320283,
	"Onyx Chip": 22.355789358457727,
	"Lump of Dirt": 22.244674107960734,
	"Terra Amulet": 22.099183929692405,
	"Small Enchanted Sapphire": 21.93932680716968,
	"Blue Gem": 21.257295040767907,
	"Fire Sword": 21.183360880741134,
	"Werebadger Claws": 20.44136698682153,
	"Prismatic Quartz": 20.28082324173642,
	"Sniper Arrow": 20.16340088578714,
	"Necklace of the Deep": 19.871901187384243,
	"Scroll of Heroic Deeds": 19.870810449985605,
	"Half-Digested Stones": 19.71005291005291,
	"Werebadger Skull": 19.11023006477552,
	"Glorious Axe": 18.83249855863885,
	"Knight Legs": 18.804036597850693,
	"Rapier": 18.740084079692927,
	"Taurus Mace": 18.507476635514017,
	"Cheese": 18.335093029144005,
	"Mysterious Fetish": 17.990934592756258,
	"Skull Staff": 17.763711318163782,
	"Miraculum": 17.428984404716623,
	"Brass Legs": 17.176291421972678,
	"Leather Helmet": 16.7632282928175,
	"Crowbar": 16.7605286922256,
	"Cursed Bone": 16.627084072366088,
	"Grappling Hook": 16.415689655172415,
	"Ratana": 16.3986013986014,
	"Skull": 16.30129580992652,
	"Underworld Rod": 15.93084247070303,
	"Golden Idol of Tukh": 15.216266726470808,
	"Elvish Talisman": 15.146979701638543,
	"Wand of Voodoo": 14.551285074097994,
	"Lightning Pendant": 14.44946641556811,
	"Zaoan Shoes": 14.421340347247522,
	"Oriental Shoes": 14.074877990391508,
	"Badger Fur": 14.046690118324273,
	"Rat Cheese": 13.934968734968736,
	"Green Tunic": 13.933532411756811,
	"War Hammer": 13.782969459828951,
	"Ruby Necklace": 13.433387239930711,
	"Ankh": 13.407055382928167,
	"Magma Coat": 13.228110652881972,
	"Dragon Ham": 13.062716415208174,
	"Life Crystal": 13.048650805588181,
	"Leather Boots": 12.907542942494398,
	"Tiger Eye": 12.869365191048889,
	"Elven Astral Observer": 12.561482820976492,
	"Brown Mushroom": 12.376374779617853,
	"Wedding Ring": 12.267126546434838,
	"Fur Armor": 12.004492468511119,
	"Small Enchanted Emerald": 11.612973760932945,
	"Rusted Armor": 11.575301632363377,
	"Tower Shield": 11.521672075150947,
	"Draken Sulphur": 11.472659534558813,
	"Twin Hooks": 11.133084391336817,
	"Doublet": 11.053465704828627,
	"Green Crystal Splinter": 10.916666666666666,
	"Dark Shield": 10.66220367867693,
	"Knight Armor": 10.620349598905545,
	"Glacial Rod": 10.60358283079106,
	"Plate Armor": 10.27349606954607,
	"Ring of Blue Plasma": 10.111873047938623,
	"Ultimate Mana Potion": 9.94277539341917,
	"Glacier Mask": 9.756781193490054,
	"Sword Ring": 9.523463254648593,
	"Serpent Sword": 9.456734154779957,
	"Crystal Ring": 9.233546056255847,
	"Ivory Carving": 8.94780662395377,
	"Wand of Draconia": 8.82724078642446,
	"Scythe": 8.82300678045359,
	"Belted Cape": 8.789849027286667,
	"Broken Gladiator Shield": 8.78039635779325,
	"Magma Boots": 8.463022416894182,
	"Brass Armor": 8.424757557489434,
	"Hunting Spear": 8.402384138081306,
	"Bony Tail": 8.060102338482139,
	"Assassin Dagger": 7.869489447169094,
	"Death Ring": 7.722617692838335,
	"Terra Hood": 7.681829358249324,