{
	"Gold Coin": 14672.059768639285,
	"Platinum Coin": 12486.917879537466,
	"Ham": 4071.9693615677015,
	"Great Health Potion": 2411.568993138657,
	"Great Mana Potion": 1737.490927898129,
	"Cowbell": 1197.1442068795614,
	"Pirate Coin": 1052.8057107116852,
	"Cultish Robe": 938.3858320861802,
	"Meat": 926.8985354454506,
	"Plate Shield": 910.9053941928424,
	"Minotaur Horn": 878.0676709566285,
	"Pirat's Tail": 779.3215798045835,
	"Minotaur Leather": 724.3853852707058,
	"Ice Rapier": 708.1974707716145,
	"Small Emerald": 676.840310874921,
	"Bronze Amulet": 660.0492931363788,
	"Mino Shield": 543.8128119800333,
	"Cyan Crystal Fragment": 531.8568801297163,
	"Great Spirit Potion": 530.4881435175079,
	"Crystal Sword": 517.4084420242478,
	"Small Diamond": 506.77648984572687,
	"Fairy Wings": 486.73376199596146,
	"Red Crystal Fragment": 456.2691732350884,
	"Mouldy Powder": 424.16185977817895,
	"Soul Orb": 409.68565266672994,
	"Lost Soul (Item)": 343.49610033923784,
	"Small Ruby": 340.86359548484234,
	"Small Topaz": 330.8338786632917,
	"Flask of Demonic Blood": 317.7342649804229,
	"Shark Fins": 313.79494461401043,
	"Red Gem": 311.59199850660593,
	"Small Amethyst": 303.4955103356471,
	"Bone": 303.4605488240454,
	"Lion's Mane": 297.06922470961746,
	"Knife": 283.2775999615542,
	"Skull": 277.32400789286476,
	"Frazzle Tongue": 255.21028915975103,
	"Opal": 239.83977241342063,
	"Yellow Gem": 238.85465100944216,
	"Axe": 237.19204949969054,
	"Fire Sword": 223.47081360615888,
	"Frazzle Skin": 222.92933091286307,
	"Knight Axe": 219.70609966341024,
	"Ring of Healing": 216.14452021883127,
	"Crowbar": 216.05053417818937,
	"Remains of a Fish": 214.73547717842322,
	"Terra Boots": 213.78778024587146,
	"Golden Lotus Brooch": 213.47132022281116,
	"Wand of Inferno": 207.01254765892185,
	"Dark Armor": 205.0633469970217,
	"Demonic Essence": 203.94760218241547,
	"Grappling Hook": 196.44879310344828,
	"Peacock Feather Fan": 182.71858086566644,
	"Assassin Star": 178.18273790559877,
	"Onyx Chip": 176.9501264348111,
	"Werehyaena Nose": 174.41341991341992,
	"Worm": 171.17134223763924,
	"Fish": 156.92854725920228,
	"Green Crystal Shard": 152.750190673162,
	"Wand of Starstorm": 151.583345923815,
	"Knight Armor": 136.32268589295396,
	"Springsprout Rod": 130.52807156141714,
	"Cobra Crest": 128.767557788171,
	"Halberd": 122.77692730139636,
	"Strong Mana Potion": 118.05040754806576,
	"Big Bone": 115.57136032762953,
	"Dragon Ham": 112.68523985054851,
	"Purple Robe": 110.99015419358926,
	"Fish Fin": 110.15427932779903,
	"Piece of Iron": 107.01455523858921,
	"Rapier": 106.00219338329373,
	"Black Pearl": 105.51591459067367,
	"Gold Ingot": 103.9764235224091,
	"Leather Helmet": 103.03473602511977,
	"Focus Cape": 98.21783654727845,
	"Magma Boots": 97.66631318487099,
	"Moonlight Rod": 91.97844495765973,
	"Small Sapphire": 90.85793679401394,
	"Scimitar": 89.9867197875166,
	"Protection Amulet": 87.41841860091799,
	"Wand of Voodoo": 87.12606329992049,
	"White Pearl": 83.96244617481386,
	"Silver Brooch": 83.91150145140799,
	"Mino Lance": 83.53873174339064,
	"Small Treasure Chest": 83.06410903584049,
	"Glob of Glooth": 82.32211854693116,
	"Small Enchanted Sapphire": 81.06266457356325,
	"Snakebite Rod": 79.17960942131086,
	"Red Piece of Cloth": 76.2847412987289,
	"Ankh": 75.83622738073478,
	"Combat Knife": 71.60592427985735,
	"Earth Arrow": 71.38208420585764,
	"Green Crystal Fragment": 64.40347052303937,
	"Iron Ore": 61.77610932321164,
	"Life Preserver": 61.13053613053613,
	"Ring of Blue Plasma": 59.81477553905974,
	"Slimy Leaf Tentacle": 59.79299653474375,
	"Small Enchanted Amethyst": 56.49867976409225,
	"Ivory Carving": 55.10184262605323,
	"Wand of Cosmic Energy": 53.28095085845568,
	"Leather Boots": 52.09444820146335,
	"Silencer Claws": 50.644316369062935,
	"Serpent Sword": 50.23815980331879,
	"Bone Sword": 48.72846532050449,
	"Bolt": 46.35879298840954,
	"Strong Health Potion": 46.085294060311064,
	"Green Crystal Splinter": 45.78441229509046,
	"Death Toll": 45.06854221750754,
	"Wood Cape": 44.9847766237728,
	"Cheesy Figurine": 44.743961352657,
	"Brown Crystal Splinter": 43.72103207392948,
	"Heavy Machete": 43.439806819455605,
	"Small Enchanted Ruby": 42.931113737875016,
	"Lightning Boots": 42.66041966146979,
	"Taurus Mace": 42.63518471983375,
	"Hailstorm Rod": 42.27053294153284,
	"Machete": 42.14362016919036,
	"Morning Star": 40.40072878093499,
	"War Hammer": 38.91295238667437,
	"Ratana": 36.67832167832168,
	"Rope Belt": 35.64090977066596,
	"Twin Hooks": 35.170425690814035,
	"Hellspawn Tail": 34.7846699787083,
	"Doublet": 34.75063494694807,
	"Ultimate Health Potion": 33.62872402940752,
	"Wood": 33.33903901663436,
	"Terra Rod": 32.96477235860898,
	"Steel Helmet": 32.65357385092574,
	"Bowl of Glooth Soup": 32.635783330293634,
	"Glorious Axe": 31.162436980666868,
	"Warrior Helmet": 30.627536814544296,
	"Ensouled Essence": 30.319992238843,
	"Blue Glass Plate": 29.323059988992846,
	"Dark Shield": 26.25028382453256,
	"Blue Crystal Splinter": 25.401004007068373,
	"Small Enchanted Emerald": 24.402919269354207,
	"Carlin Sword": 23.94309500688922,
	"Battle Shield": 23.43053594194238,
	"Spear": 23.201955476556055,
	"Haunted Blade": 23.092489412171787,
	"Mace": 22.74499865469532,
	"Rainbow Quartz": 22.65895914290353,
	"Rotten Piece of Cloth": 22.08220154072227,
	"Lump of Earth": 21.93699815735784,
	"Moonlight Crystals": 21.818150159785624,
	"Stone Skin Amulet": 20.946162787123885,
	"Chain Armor": 20.195673422750133,
	"Tribal Mask": 19.864867992527568,
	"Hand Axe": 19.243803056027165,
	"Sword Ring": 18.904761904761905,
	"Lightning Headband": 18.708977657585013,
	"Torch": 18.539204808932205,
	"Crossbow": 17.395421375588047,
	"Stealth Ring": 17.363840095369227,
	"Necrotic Rod": 17.283590623213264,
	"Steel Shield": 16.853332089388577,
	"Mystic Turban": 16.833401327786103,
	"Wooden Shield": 16.502546689303905,
	"Necklace of the Deep": 16.099207756887786,
	"Sacred Tree Amulet": 16.041928077333683,
	"Sword": 15.976894045254756,
	"Spirit Cloak": 15.942307692307693,
	"Cheese": 15.530593369491038,
	"Coal": 15.4244742133392,
	"Skull Staff": 15.1203821533171,
	"Spiked Squelcher": 15.01834564451741,
	"Minotaur Trophy": 14.941922166033603,
	"Green Glass Plate": 14.886377903327055,
	"Cursed Bone": 13.935585905167317,
	"Red Mushroom": 13.691838183108587,
	"Glooth Whip": 13.0778770745942,
	"Green Mushroom": 13.014936350383334,
	"Brass Helmet": 12.985429750856497,
	"Terra Legs": 12.526491263367985,
	"Shadow Sceptre": 12.405878000448698,
	"Silver Amulet": 12.194435671739166,
	"Cultish Mask": 11.73952549217567,
	"Dragon's Tail": 11.712382261180716,
	"Wyrm Scale": 11.310126305128328,
	"Titan Axe": 11.214735223766633,
	"Burst Arrow": 10.366826905758979,
	"Coral Brooch": 10.174059164074643,
	"Voluminous Piece of Cloth": 9.911296250918893,
	"Ludicrous Piece of Cloth": 9.67900024503798,
	"Diamond Sceptre": 9.652856196442048,
	"Glooth Club": 9.598440949794822,
	"Black Shield": 9.534658518246136,
	"Green Gem": 9.534183615400476,
	"Ominous Piece of Cloth": 9.369272237196766,
	"Luminous Piece of Cloth": 9.330556236216614,
	"Vein of Ore": 9.230748898678414,
	"Obvious Piece of Cloth": 8.943396226415095,
	"Glooth Axe": 8.926129995505807,
	"Glacial Rod": 8.887134917819557,
	"Crab Pincers": 8.793935217091661,
	"Demonic Skeletal Hand": 8.741880598508732,
	"Plate Armor": 8.719979585985081,
	"Rope": 8.627164685908319,
	"Scythe": 8.624736965162498,
	"Magma Legs": 8.594772436483277,
	"Glooth Blade": 8.469660249119752,
	"Throwing Star": 8.426379518960328,
	"Nightmare Blade": 8.199434660036264,
	"Violet Gem": 8.195927352779307,
	"Dubious Piece of Cloth": 8.169076206812056,
	"Two Handed Sword": 8.161662619601437,
	"Health Potion": 8.070093185422577,
	"Battle Stone": 7.937143102485939,
	"Crown Helmet": 7.9267417318478,
	"Blue Robe": 7.905076087461438,
	"Broken Crossbow": 7.805346615165685,
	"Ghoul Snack": 7.70806430066349,
	"Mysterious Fetish": 7.6671505479110795,
	"Bony Tail": 7.562565157094352,
	"Ultimate Mana Potion": 7.556509298998569,