{
	"Gold Coin": 6367.394571240659,
	"Platinum Coin": 4529.400998982496,
	"Flask of Demonic Blood": 541.6649928727272,
	"Soul Orb": 457.9141201030842,
	"Golden Lotus Brooch": 395.0888826320156,
	"Great Health Potion": 370.69351002356166,
	"Demonic Essence": 367.0892536093958,
	"Peacock Feather Fan": 337.62097863030795,
	"Great Spirit Potion": 289.7890345695785,
	"Great Mana Potion": 220.14669013746283,
	"Small Diamond": 180.37449668767994,
	"Arrow": 169.234203659842,
	"Small Ruby": 150.59996843507452,
	"Assassin Star": 149.94870708382044,
	"Meat": 131.1756570625206,
	"Small Topaz": 124.61745176307602,
	"Small Sapphire": 117.54640241209242,
	"Small Emerald": 116.74044124226782,
	"White Pearl": 101.71027161333116,
	"Bone": 85.58515797738676,
	"Ultimate Health Potion": 83.27448611677582,
	"Worm": 80.39230633620559,
	"Black Pearl": 79.78774774143807,
	"Poison Arrow": 79.62218229348467,
	"Mutated Flesh": 74.60940265701893,
	"Silver Brooch": 72.50161368622737,
	"Hellspawn Tail": 69.5693399574166,
	"Tainted Glooth Capsule": 66.80564289504291,
	"Ham": 63.31464221749512,
	"Plate Armor": 62.445350868300274,
	"Glooth Bag": 61.8297571045603,
	"Vampire Teeth": 61.3955037579456,
	"Small Amethyst": 55.927794007193995,
	"Strong Mana Potion": 52.109360743385075,
	"Strong Health Potion": 50.35874390622744,
	"Spider Fangs": 46.79356951725022,
	"Leather Helmet": 46.117159138743034,
	"Scroll": 45.88148709833765,
	"Silver Amulet": 44.06173804893139,
	"Dragon Ham": 43.596701835655544,
	"Two Handed Sword": 42.91560919889699,
	"Plate Legs": 39.778994865571136,
	"Red Gem": 38.41381288267938,
	"Bolt": 38.099822847553135,
	"Fishbone": 37.650249946509504,
	"Red Piece of Cloth": 37.375977716116445,
	"Morning Star": 36.884401733019594,
	"Battle Shield": 36.35166012228201,
	"Tribal Mask": 35.05017441187654,
	"Bow": 34.60755785085478,
	"Cheese": 34.37453426377069,
	"Necrotic Rod": 34.05088622069754,
	"Small Stone": 33.899808949824404,
	"Mystic Turban": 33.096180617635206,
	"Blood Preservation": 31.396059521255843,
	"Steel Helmet": 30.904753293765037,
	"Yellow Gem": 30.521394737654404,
	"Life Crystal": 30.41005566836173,
	"Skull": 30.098802750590362,
	"Scale Armor": 29.7338647151148,
	"Leather Legs": 28.14908563359461,
	"Essence of a Bad Dream": 27.458478023406492,
	"Wand of Cosmic Energy": 27.445110738207926,
	"Red Mushroom": 27.383676366217173,
	"Protection Amulet": 27.10926545430248,
	"Crossbow": 25.799791090347902,
	"Glooth Capsule": 25.583712659521563,
	"Fish": 25.395927353729324,
	"Glob of Mercury": 25.270998415213946,
	"Roll": 23.721336352952825,
	"Brown Crystal Splinter": 23.666185366213323,
	"Dark Mushroom": 23.538683325324364,
	"Tarantula Egg": 23.122813293743068,
	"Small Enchanted Ruby": 23.10454636359194,
	"Red Crystal Fragment": 22.97238169707476,
	"Orange": 22.918528864059592,
	"Green Mushroom": 22.15538386623055,
	"Strange Talisman": 21.27650691686131,
	"Glooth Steak": 21.228584177865265,
	"Lion's Mane": 21.057223513028497,
	"Glooth Sandwich": 20.594908329968455,
	"Grapes": 20.468385055950314,
	"Red Rose": 19.748892766071666,
	"Underworld Rod": 19.65204010013873,
	"Sword": 19.518069380275612,
	"Wand of Inferno": 19.256367258385957,
	"Small Axe": 19.12026860522512,
	"Ice Flower (Item)": 17.967847114608627,
	"Short Sword": 17.91095084175833,
	"Ice Rapier": 17.87877981657965,
	"Sword Ring": 17.22329293526456,
	"Knight Legs": 16.409302395600697,
	"Mind Stone": 16.358711371739687,
	"Moonlight Rod": 16.13884530934348,
	"Spider Silk": 16.119589673430525,
	"Energy Ring": 15.505553929057907,
	"Bone Club": 15.375600123692685,
	"Dagger": 14.520750109891676,
	"Mysterious Fetish": 14.360747755811017,
	"Halberd": 14.324401983373361,
	"Dream Essence Egg": 14.147096256047835,
	"Dark Armor": 13.168840592561812,
	"Elven Amulet": 13.142300275474124,
	"Garlic Necklace": 13.005128116473228,
	"Sniper Arrow": 13.003554293881244,
	"Axe": 12.957573014006083,
	"Torch": 12.771460734838449,
	"Glacier Amulet": 12.656075234478745,
	"Rusted Armor": 12.533834388019635,
	"Tooth File": 12.514655970379513,
	"Platinum Amulet": 12.345197503776292,
	"Northwind Rod": 11.988181824272141,
	"Wand of Voodoo": 11.916436261917445,
	"Death Ring": 11.845496982371685,
	"Focus Cape": 11.696721311475411,
	"Hunter's Quiver": 11.569832402234637,
	"Bony Tail": 11.343847735641528,
	"Stone Skin Amulet": 11.329338793454124,
	"Orb": 11.26446764894633,
	"Terra Boots": 11.117228128997095,
	"Terra Amulet": 11.09154954822569,
	"Golden Idol of Tukh": 10.883157658667862,
	"Oriental Shoes": 10.78680615904392,
	"Ruby Necklace": 10.671047838174673,
	"Crystal Sword": 10.64125309202306,
	"Magma Coat": 10.184441200968468,
	"Dragon Necklace": 9.785057900364729,
	"Life Ring": 9.595836867912613,
	"Frosty Heart": 9.262790774736564,
	"Axe Ring": 9.20484776825303,
	"Vampire's Cape Chain": 9.145325516815797,
	"Knife": 9.023086106751446,
	"Burst Arrow": 8.782844685011131,
	"Ice Cube": 8.731830105485448,
	"Small Enchanted Sapphire": 8.664656068771658,
	"Power Ring": 8.57073603310671,
	"Glooth Spear": 8.358189450600708,
	"Glooth Axe": 8.34435135178995,
	"Glooth Club": 8.330311558929498,
	"Glooth Blade": 8.304490248021022,
	"Green Tunic": 8.233920183656886,
	"Blue Gem": 8.222437835885435,
	"Glooth Amulet": 8.18024898579244,
	"Blue Robe": 7.9039621366334725,
	"Leather Armor": 7.868182702764967,
	"Crystal Ring": 7.799573699036773,
	"Bat Wing": 7.665160980297934,
	"Terra Rod": 7.645633682580674,
	"Heavily Rusted Armor": 7.482036918169263,
	"Rapier": 7.473039663681228,
	"Emerald Bangle": 7.339103999229613,
	"Magma Amulet": 7.2616021282885015,
	"Blue Ectoplasm": 7.122181169575742,
	"Scroll of Heroic Deeds": 7.06182345054104,
	"Werehyaena Nose": 7.03030303030303,
	"Hailstorm Rod": 7.020453848771412,
	"Brass Legs": 7.013200729796444,
	"Plate Shield": 7.011557830564605,
	"Terra Hood": 6.761202652739923,
	"Miraculum": 6.687866108786611,
	"Assassin Dagger": 6.686320483320486,
	"Rotten Piece of Cloth": 6.6246604622166805,
	"Warrior Helmet": 6.478699351111886,
	"Giant Shimmering Pearl (Green)": 6.462054855987413,
	"Wand of Draconia": 6.313523211482395,
	"Twin Hooks": 6.292885504182765,
	"Brass Helmet": 6.109226430419322,
	"Brass Armor": 6.00002826393927,
	"Sacred Tree Amulet": 5.8501921371563705,
	"War Hammer": 5.828800513983818,
	"Blank Rune": 5.766358453909376,
	"Rubber Cap": 5.680688399864721,
	"Mouldy Cheese": 5.565916922282707,
	"Ring of Blue Plasma": 5.3780068180009275,
	"Terra Mantle": 5.357060376189031,
	"Ankh": 5.346371778468288,
	"Wedding Ring": 5.314188725125049,
	"Shadow Herb": 5.311243091084314,
	"Hexagonal Ruby": 5.017014437318111,
	"Combat Knife": 4.8537135177902595,
	"Collar of Red Plasma": 4.8478864912799295,
	"Serpent Sword": 4.831631267371353,
	"Red Ectoplasm": 4.698811392688944,
	"Tiger Eye": 4.669359510782105,
	"Grave Flower": 4.522518577490032,
	"Elven Astral Observer": 4.50498457503147,
	"Time Ring": 4.280355579843039,
	"Beastslayer Axe": 4.235961057345105,
	"Spellbook of Mind Control": 4.186712325993251,
	"Terra Legs": 4.086089561808966,
	"Spiked Squelcher": 4.070526480615653,
	"Steel Shield": 4.068402907099353,
	"Elvish Talisman": 3.9714043414552194,
	"Ring of Healing": 3.9089591494012725,
	"Book of Necromantic Rituals": 3.82703886152162,
	"Ivory Carving": 3.8056536585160803,
	"Onyx Chip": 3.7666324752260385,
	"Health Potion": 3.7518657889863753,
	"Leather Boots": 3.7474182614334186,
	"Necklace of the Deep": 3.477386934673367,
	"Gold Ingot": 3.454206205308516,
	"Glob of Acid Slime": 3.4450755752382785,
	"Glacier Mask": 3.4058472062112126,
	"Life Preserver": 3.37995337995338,
	"Katana": 3.324852121246427,
	"Berserk Potion": 3.316114503394376,
	"Poison Spider Shell": 3.3103075839398923,
	"Longsword": 3.235926978535372,
	"Small Enchanted Amethyst": 3.142838324656507,
	"Bone Shield": 3.139373706442494,
	"Acorn": 3.0112612980873807,
	"Springsprout Rod": 2.996846067758673,
	"Skullcracker Armor": 2.964841260706375,
	"Prismatic Quartz": 2.954922628392016,
	"Voluminous Piece of Cloth": 2.948296986032835,