{
	"Platinum Coin": 6990.158338981746,
	"Gold Coin": 4551.690651276609,
	"Great Mana Potion": 670.4665672335034,
	"Great Health Potion": 589.5337312062009,
	"Ham": 566.5878256566024,
	"Meat": 546.4096895459363,
	"Great Spirit Potion": 442.16394912657995,
	"Bone": 362.01460800512746,
	"Soul Orb": 285.4312351021657,
	"Dark Mushroom": 232.68813070639115,
	"Lion's Mane": 231.77666475761276,
	"Green Mushroom": 173.82990528371363,
	"White Mushroom": 157.75023832221166,
	"Axe": 149.19745242385196,
	"Dark Armor": 146.3399828790998,
	"Crystal Sword": 144.6105933578022,
	"Werehyaena Nose": 109.07359307359307,
	"Belted Cape": 106.64819469586838,
	"Fish": 105.64634690449965,
	"Knife": 102.82468235105571,
	"Knight Axe": 101.37984861604747,
	"Pelvis Bone": 100.29377388614589,
	"Terra Amulet": 97.45875702706124,
	"Dragon Ham": 96.51835939496058,
	"Poison Arrow": 95.30862708326299,
	"Rare Earth": 94.85656565656565,
	"Red Crystal Fragment": 90.29018645935952,
	"Bat Wing": 86.95461971954043,
	"Coal": 85.61406948533472,
	"Halberd": 83.32370032895477,
	"Rapier": 80.24894900383842,
	"Glob of Glooth": 79.7941056375692,
	"Garlic Necklace": 79.05430081691495,
	"Terra Boots": 76.21384106615551,
	"Slimy Leaf Tentacle": 75.52799562283421,
	"Brown Crystal Splinter": 73.31529964318105,
	"Leather Helmet": 69.60404543431687,
	"Ultimate Health Potion": 68.13027949939001,
	"Throwing Star": 66.3856226547612,
	"Ice Rapier": 64.86207871083776,
	"Unholy Bone": 64.56148713060057,
	"Small Topaz": 63.43665621560948,
	"Small Enchanted Sapphire": 60.96610521729768,
	"Plate Shield": 60.87996985819873,
	"Strong Health Potion": 59.96571074274223,
	"Glob of Acid Slime": 59.48282828282828,
	"Frazzle Tongue": 59.29020589872009,
	"Pirate Coin": 59.211069148909026,
	"Mace": 57.88274072645632,
	"Ankh": 57.700686412561964,
	"Skull": 54.86074172276278,
	"Black Pearl": 52.698958043279426,
	"Small Emerald": 51.57085167175906,
	"Strong Mana Potion": 51.11851732266595,
	"Frazzle Skin": 50.641346688925985,
	"Scimitar": 50.36336557804285,
	"Yellow Gem": 50.202276069351974,
	"Poisonous Slime": 48.77013702279732,
	"Stonerefiner's Skull": 47.73737373737374,
	"Small Ruby": 46.29871092556441,
	"Leather Boots": 45.883949178352296,
	"Red Gem": 45.31725708189242,
	"Combat Knife": 44.991295180169615,
	"Small Amethyst": 44.8262157027735,
	"Small Diamond": 42.488807965794436,
	"Ivory Carving": 42.43889618551049,
	"Worm": 41.47048843543432,
	"Pirat's Tail": 41.38350004964419,
	"Bowl of Glooth Soup": 41.224147364581434,
	"Life Preserver": 39.57268877998218,
	"Fishbone": 38.692264885920984,
	"Tainted Glooth Capsule": 38.54625811369921,
	"Serpent Sword": 37.45367789278505,
	"Glooth Bag": 36.30124988639063,
	"Silver Brooch": 36.21134020618557,
	"Small Enchanted Amethyst": 36.02797202797203,
	"Sword": 35.50175443453469,
	"Half-Digested Stones": 35.007407407407406,
	"Fish Tail": 34.59543683917641,
	"Piece of Iron": 32.54702281580412,
	"Mammoth Whopper": 32.33079122974261,
	"Small Enchanted Ruby": 32.21649484536082,
	"Crystal Rubbish": 32.09181969949917,
	"Bone Toothpick": 31.63012392755005,
	"Heavily Rusted Armor": 31.48767078187636,
	"Green Crystal Splinter": 31.40323999758614,
	"Remains of a Fish": 30.840011129660546,
	"War Hammer": 30.47067218241412,
	"Rat Cheese": 30.286396711791802,
	"Silencer Claws": 29.944341372912803,
	"Small Sapphire": 29.66648789055,
	"Banana Skin": 29.474401780745687,
	"Green Crystal Fragment": 29.469776601295173,
	"Silver Amulet": 28.51106337271751,
	"Chain Armor": 27.479057381021345,
	"Twin Hooks": 27.200149365197905,
	"Battle Shield": 26.072838707222672,
	"Torch": 24.640141506956105,
	"Plate Legs": 24.434497069666715,
	"Steel Helmet": 24.284310706986744,
	"Doublet": 24.13622974963181,
	"Ratana": 23.92487077276884,
	"Assassin Star": 23.812725885573407,
	"Lump of Dirt": 23.809274507810645,
	"Crowbar": 23.651928748870525,
	"Hunting Spear": 22.616569539720082,
	"Flask of Warrior's Sweat": 22.57619506798947,
	"Broken Gladiator Shield": 22.162164205879844,
	"White Pearl": 21.40356288756524,
	"Two Handed Sword": 21.3916858488908,
	"Spear": 21.279158547551148,
	"Dark Shield": 21.172656504026165,
	"Shark Fins": 19.83088416386175,
	"Skull Helmet": 19.821470935316245,
	"Brass Helmet": 19.175829553982187,
	"Fish Fin": 18.890929326655534,
	"Glorious Axe": 18.886600039452055,
	"Lump of Earth": 18.487034176306217,
	"Short Sword": 18.155817602297553,
	"Spider Silk": 18.10655209452202,
	"Protection Amulet": 17.444979883658366,
	"Hardened Bone": 17.09060368655169,
	"Silencer Resonating Chamber": 16.864564007421148,
	"Moonlight Crystals": 16.792834571037165,
	"Wand of Starstorm": 16.6776306168099,
	"Glooth Whip": 16.51942367317162,
	"Glooth Club": 16.445416740311117,
	"Bolt": 16.220369993901198,
	"Wyrm Scale": 16.10329040999501,
	"Obsidian Lance": 15.89136846235504,
	"Glooth Axe": 15.697024970343378,
	"Glooth Blade": 15.147214405312658,
	"Mouldy Cheese": 14.983659377846454,
	"Knight Armor": 14.916165948796303,
	"Big Bone": 14.890979823709255,
	"Glooth Capsule": 14.770831392746121,
	"Striped Fur": 14.590645621544498,
	"Rainbow Quartz": 14.43298969072165,
	"Cheese": 14.423240157329573,
	"Lightning Headband": 14.203545318179017,
	"Crossbow": 14.047249229430921,
	"Glooth Steak": 13.930189173805491,
	"Small Enchanted Emerald": 13.809523809523808,
	"Cyclops Toe": 13.485447224494125,
	"Plate Armor": 13.159058667007876,
	"Green Crystal Shard": 12.884291760978178,
	"Iron Ore": 12.752686832434872,
	"Titan Axe": 12.510883103398132,
	"Spirit Cloak": 12.5,
	"Brown Mushroom": 12.360245154362257,
	"Glooth Amulet": 12.29704042880955,
	"Mutated Bat Ear": 12.178217821782178,
	"Glooth Sandwich": 11.884833495154737,
	"Blue Crystal Splinter": 11.866798825256975,
	"Glooth Spear": 11.62392535733766,
	"Wand of Inferno": 11.50663813019357,
	"Star Herb": 11.366336633663366,
	"Onyx Chip": 11.293531987007485,
	"Sword Ring": 11.085366539168117,
	"Spiked Squelcher": 10.744153240568227,
	"Grappling Hook": 10.55844827586207,
	"Focus Cape": 10.52937697000122,
	"Minotaur Horn": 10.395144977852379,
	"Wand of Voodoo": 10.132386704145908,
	"Cyan Crystal Fragment": 10.028906306715351,
	"Violet Crystal Shard": 10.01446855870896,
	"Steel Shield": 9.938609180215622,
	"Haunted Blade": 9.601043999326851,
	"Battle Stone": 9.584474689794341,
	"Slime Heart": 9.32169167803547,
	"Mouldy Powder": 8.891834570519618,
	"Vein of Ore": 8.717929515418502,
	"Burst Arrow": 8.363591854433121,
	"Hailstorm Rod": 8.285714285714285,
	"Gold Ingot": 8.180198736462021,
	"Terra Mantle": 8.153766796005137,
	"Carrion Worm Fang": 8.091101436302234,
	"Poisoned Fang": 7.998908594815825,
	"Magma Boots": 7.993851323259916,
	"Sabretooth": 7.955368289637953,
	"Coral Brooch": 7.860824742268042,
	"Stealth Ring": 7.833456086822662,
	"Double Axe": 7.525467572388419,
	"Demonic Essence": 7.3212910094230494,
	"Dark Helmet": 7.267062446538717,
	"Springsprout Rod": 6.95902583884641,
	"Dragon's Tail": 6.926881123280912,
	"Magma Legs": 6.672144923839271,
	"Fire Mushroom": 6.568484362676559,
	"Arrow": 6.555275130114438,
	"Pick": 6.44105096780055,
	"Pulverized Ore": 6.170176211453745,
	"Crown Helmet": 6.054896087747608,
	"Drill Bolt": 5.958737151248164,
	"Black Shield": 5.782135356392782,
	"Noble Axe": 5.670103092783505,
	"Heavy Old Tome": 5.3381748093994315,
	"Soft Cheese": 5.267479994490702,
	"White Silk Flower": 5.134092223853232,
	"Lion Figurine": 4.872507711702001,
	"Fig Leaf": 4.86990171990172,
	"Ring of Blue Plasma": 4.863909508660305,
	"Glooth Cape": 4.849874116652321,
	"Werehyaena Talisman": 4.699300699300699,
	"Banana": 4.560669340623264,
	"Talon": 4.3590957538594255,
	"Swamp Grass": 4.339863367799113,
	"Life Ring": 4.224028529834307,
	"Sai": 4.210628825820812,
	"Giant Shimmering Pearl (Green)": 4.124521828766436,
	"Flask of Demonic Blood": 4.089202159025004,
	"Terra Legs": 3.9179746842851286,
	"Viper Star": 3.830832196452933,
	"Brass Armor": 3.683820639524654,
	"Centipede Leg": 3.663312758941405,
	"Wood Cape": 3.6099328384588194,
	"Lightning Boots": 3.6039513108579553,