{
	"Platinum Coin": 7562.218251872433,
	"Gold Coin": 3486.969123809482,
	"Great Mana Potion": 1548.4385941214427,
	"Great Health Potion": 628.7434803887354,
	"Dark Mushroom": 564.0288322921672,
	"Meat": 549.4361736393503,
	"Green Mushroom": 386.1428159538683,
	"Pirate Coin": 370.4485885938745,
	"Ham": 304.72151527264305,
	"Dragon Ham": 282.5038893648667,
	"Pirat's Tail": 273.8292082140909,
	"Ice Rapier": 255.24515515822446,
	"Terra Amulet": 226.33464680442094,
	"Poison Arrow": 215.37703837039462,
	"Garlic Necklace": 194.50652305282335,
	"Bat Wing": 183.67092743873138,
	"Cyan Crystal Fragment": 177.4584569417345,
	"Book Page": 174.33351800554016,
	"Small Emerald": 164.1504230980997,
	"Opal": 164.0414614302883,
	"Lion's Mane": 163.2345012528862,
	"Red Crystal Fragment": 163.21369454483792,
	"Morning Star": 158.3142802523418,
	"Small Diamond": 154.54517606523913,
	"Great Spirit Potion": 152.8391457985107,
	"Crystal Sword": 144.1729094291781,
	"Mouldy Powder": 143.5139827834202,
	"Skull": 138.42920816780565,
	"Dagger": 134.4,
	"Knife": 131.82005571674338,
	"Terra Boots": 121.37367460446596,
	"Red Gem": 117.58149634426177,
	"Glowing Rune": 115.9601108033241,
	"Strong Health Potion": 115.13290604915025,
	"Shark Fins": 111.97062130051597,
	"Protection Amulet": 108.47783725738707,
	"Strong Mana Potion": 105.42338514343407,
	"Small Sapphire": 102.6361928276736,
	"Beetroot": 93.23152719449635,
	"Cobra Crest": 91.3209159258129,
	"White Mushroom": 86.30388292414916,
	"Knight Axe": 82.14313407282775,
	"Silken Bookmark": 80.71578947368421,
	"Crowbar": 80.18389294803383,
	"Scimitar": 78.92144439207576,
	"Yellow Gem": 75.76957753761518,
	"Wand of Inferno": 75.6466563556078,
	"Fire Sword": 75.29555779909137,
	"Spear": 71.90677413419678,
	"Grappling Hook": 70.67224137931035,
	"Small Amethyst": 70.5582836762795,
	"Silver Amulet": 65.98289146467339,
	"Green Crystal Shard": 60.784993211244455,
	"Onyx Chip": 56.15199769622899,
	"Small Topaz": 56.11230644421713,
	"Small Ruby": 55.978468337481914,
	"Wand of Voodoo": 51.77298309860516,
	"Knight Armor": 50.66052108223537,
	"Brown Bread": 49.62186788154897,
	"Life Crystal": 49.086417145843306,
	"Axe": 48.91949647934752,
	"Sea Serpent Scale": 48.8673402066194,
	"Wand of Starstorm": 48.74965622382097,
	"Werehyaena Nose": 47.66233766233766,
	"Earth Arrow": 47.300805152979066,
	"Wyrm Scale": 42.87371581687739,
	"Spider Silk": 41.509774436090225,
	"Focus Cape": 39.56155807722512,
	"Sabre": 38.99589977220957,
	"Fish": 38.04404062036623,
	"Halberd": 35.166239551744994,
	"Springsprout Rod": 33.68142403501964,
	"Magma Boots": 33.656740537328396,
	"Battle Axe": 33.198357415143924,
	"Bone Sword": 32.56691048843514,
	"Stone Skin Amulet": 31.311122855325884,
	"Gold Ingot": 30.92598288241808,
	"Cheesy Figurine": 30.77842190016103,
	"Bolt": 30.638062585465427,
	"Throwing Star": 30.54510037425414,
	"Fox Paw": 29.77218598779718,
	"Leather Boots": 29.448689689163544,
	"Heavy Machete": 29.031282278294228,
	"Brown Mushroom": 28.66151355686516,
	"Heavily Rusted Armor": 28.46014146434716,
	"Worm": 27.999745095654585,
	"Small Treasure Chest": 27.99091367995962,
	"Chain Armor": 25.578955872951482,
	"Plate Legs": 25.091148865955894,
	"Girlish Hair Decoration": 24.238079336968266,
	"Brown Crystal Splinter": 24.026799730881365,
	"Green Crystal Fragment": 23.852304923733932,
	"Battle Hammer": 23.59672657577196,
	"Ankh": 23.399174632288105,
	"Big Bone": 23.321154857415433,
	"Burst Arrow": 22.557178656561334,
	"Werebadger Claws": 22.08264462809917,
	"Thorn": 22.072739928652226,
	"Wand of Cosmic Energy": 21.68672654952238,
	"Mana Potion": 21.436897626333398,
	"Werebadger Skull": 20.644628099173556,
	"Ring of Blue Plasma": 20.47366560622128,
	"Troll Green": 20.018359961944203,
	"Crossbow": 19.7908679155895,
	"Machete": 18.590674339678323,
	"Small Enchanted Amethyst": 18.278660733206188,
	"Essence of a Bad Dream": 18.021791102664626,
	"Combat Knife": 17.87878787878788,
	"Glacier Amulet": 17.22497925817501,
	"Life Preserver": 17.19114219114219,
	"Carlin Sword": 16.300132802124836,
	"Wereboar Hooves": 16.223380154055278,
	"Wereboar Tusks": 15.937924784775712,
	"Wood Cape": 15.214144392941856,
	"Lightning Boots": 14.59042466785439,
	"Werefox Tail": 14.367346938775508,
	"Hunting Spear": 13.95390077630236,
	"Badger Fur": 13.945634793732012,
	"Blue Ectoplasm": 13.243725315326794,
	"Protective Charm": 12.926209628449197,
	"Serpent Sword": 12.772530072897919,
	"Terra Mantle": 12.081203007518797,
	"Dragon Necklace": 11.68719700398485,
	"Small Enchanted Emerald": 11.170909565200347,
	"Torch": 11.061187093220449,
	"Scythe Leg": 11.051175565089883,
	"Sacred Tree Amulet": 10.966183574879228,
	"Small Enchanted Ruby": 10.691740609765816,
	"Platinum Amulet": 10.533842914654018,
	"Ratana": 10.314685314685315,
	"Brass Legs": 10.0568067547983,
	"Hailstorm Rod": 9.892297471925449,
	"Soul Orb": 9.842088075437255,
	"Red Apple": 9.680111265646731,
	"Soldier Helmet": 9.585029429834123,
	"Werebear Fur": 9.028642590286427,
	"Might Ring": 9.000035268347698,
	"Orb": 8.94381449866225,
	"Golden Idol of Tukh": 8.867758092247888,
	"Spirit Cloak": 8.748919123574098,
	"Werebear Skull": 8.468244084682441,
	"Broken Gladiator Shield": 8.416711301553294,
	"Belted Cape": 8.391919810237967,
	"Green Crystal Splinter": 8.333333333333332,
	"Warwolf Fur": 8.224178168967127,
	"Shovel": 8.173598315649876,
	"Wand of Draconia": 8.048234197527055,
	"Lump of Dirt": 7.903078513096811,
	"Brass Armor": 7.858902746958451,
	"Arrow": 7.614396310156137,
	"Plate Shield": 7.328604699338375,
	"Bone": 7.2278361766371795,
	"Scale Armor": 7.166088547578123,
	"Plate Armor": 7.131127011021166,
	"Ring of Healing": 6.981134079210882,
	"Acorn": 6.961784457946914,
	"Magic Light Wand": 6.769688957021657,
	"Terra Rod": 6.725583288117201,
	"Emerald Bangle": 6.464703059813911,
	"Moonlight Crystals": 6.380130589740913,
	"Crown Helmet": 6.217802749832746,
	"Hexagonal Ruby": 5.909538935803818,
	"Bloody Pincers": 5.888719282864539,
	"Flash Arrow": 5.792169675490087,
	"Assassin Star": 5.732014026214613,
	"Blank Rune": 5.579444406342918,
	"Green Gem": 5.500715647055037,
	"Cheese": 5.435546945152833,
	"Mace": 5.3949910663188705,
	"Ultimate Health Potion": 5.244277997475461,
	"Stealth Ring": 5.171585061043453,
	"Moonlight Rod": 5.0285714285714285,
	"Health Potion": 4.953534033396125,
	"Sword Ring": 4.761904761904762,
	"Battle Shield": 4.675107519274564,
	"Ruby Necklace": 4.6415512465373965,
	"Rusted Armor": 4.62719100873331,
	"Fairy Wings": 4.193437105851299,
	"Scarab Coin": 4.17454633432106,
	"Violet Gem": 4.109450084887734,
	"Grapes": 4.1031352085189425,
	"Brass Helmet": 3.927696828453899,
	"Glacial Rod": 3.869919734998089,
	"Red Ectoplasm": 3.8286611347835837,
	"Glob of Tar": 3.762315647757175,
	"Elven Amulet": 3.705148573123076,
	"Cookie": 3.6929352493175447,
	"Scarab Pincers": 3.580320685190718,
	"Doublet": 3.571428571428571,
	"Shockwave Amulet": 3.195631822453573,
	"Two Handed Sword": 3.1878594434412886,
	"Sword": 3.1435984952352802,
	"Piercing Bolt": 3.1045799560038843,
	"Terra Hood": 3.098366080313006,
	"Northwind Rod": 3.0687608392974917,
	"Scroll": 3.047426111492964,
	"Snakebite Rod": 2.9757746060303236,
	"Lightning Pendant": 2.941091641928816,
	"Wolf Paw": 2.869250463405327,
	"Werewolf Fangs": 2.800663418679382,
	"Pear": 2.72681281618887,
	"Hatchet": 2.7212647210680303,
	"White Pearl": 2.6287610353473685,
	"Dwarven Shield": 2.460869220555302,
	"Black Shield": 2.412516294768966,
	"Prismatic Quartz": 2.4077147342453467,
	"Werewolf Amulet": 2.402985191001471,
	"Magma Coat": 2.368244000897062,
	"Frazzle Tongue": 2.3424533195020745,
	"Tortoise Egg": 2.341390817405856,
	"Elven Scouting Glass": 2.3223452547622077,
	"Turtle Shell": 2.2909442177269668,
	"Dark Helmet": 2.218838472721708,
	"Elvish Talisman": 2.185896445306733,
	"Melon": 2.1810223202980863,
	"Honeycomb": 2.1115047305307106,
	"Obsidian Lance": 2.1092276824154546,
	"Terramite Legs": 2.096607541856013,
	"Werehyaena Talisman": 2.062937062937063,