{
	"Platinum Coin": 6452.741769818473,
	"Gold Coin": 6001.968258549951,
	"Great Health Potion": 667.4765946259134,
	"Flask of Demonic Blood": 551.5227005296699,
	"Soul Orb": 529.917412897746,
	"Great Spirit Potion": 489.31601782066326,
	"Golden Lotus Brooch": 407.82376621359714,
	"Demonic Essence": 371.94141159238734,
	"Peacock Feather Fan": 349.3065072581443,
	"Meat": 330.2032130034267,
	"Small Emerald": 302.5959077631051,
	"Ham": 269.9846683960155,
	"Great Mana Potion": 241.9609610353096,
	"Opal": 230.86081130698318,
	"Small Diamond": 213.52087305130837,
	"Knife": 195.1315888699402,
	"Small Ruby": 192.18448031313338,
	"Dragon Ham": 172.9823008835032,
	"Assassin Star": 172.8784967051047,
	"Small Topaz": 170.0134289098858,
	"Small Sapphire": 152.62159799814796,
	"Cobra Crest": 145.78189740446257,
	"White Pearl": 116.26894640322234,
	"Lion's Mane": 111.84884729511562,
	"Protection Amulet": 110.58840817741431,
	"Strong Health Potion": 109.74854365462404,
	"Axe": 99.89065345512195,
	"Black Pearl": 93.00155224639596,
	"Red Gem": 90.72823352166844,
	"Silver Brooch": 88.98700033134206,
	"Strong Mana Potion": 87.82256171811383,
	"Red Crystal Fragment": 85.9494974220639,
	"Glob of Glooth": 85.82600845129092,
	"Scimitar": 85.09897407745086,
	"Small Amethyst": 82.7374983490585,
	"Slimy Leaf Tentacle": 78.6749954404523,
	"Yellow Gem": 75.77136439023315,
	"Crystal Sword": 74.50032746957558,
	"Werehyaena Nose": 72.90259740259741,
	"Dark Armor": 72.07971576118734,
	"Earth Arrow": 70.2729581187123,
	"Halberd": 64.14716662286658,
	"Hellspawn Tail": 63.25819730305181,
	"Brown Crystal Splinter": 60.48524265264515,
	"Spider Fangs": 51.943150205208894,
	"Silver Amulet": 51.4927008198299,
	"Terra Rod": 51.18383060128801,
	"Wyrm Scale": 50.96439617122701,
	"Green Crystal Shard": 50.845879082145146,
	"Gold Ingot": 50.557706762315306,
	"Ultimate Health Potion": 50.507702875024236,
	"Crossbow": 48.89178412229569,
	"Cheesy Figurine": 45.693075684380034,
	"Terra Boots": 45.47761398607978,
	"Green Crystal Fragment": 44.72457600993616,
	"Bone Sword": 44.718311937435445,
	"Bowl of Glooth Soup": 42.941820171439,
	"Leather Helmet": 42.05624839171922,
	"Heavy Machete": 39.887855983473514,
	"Rapier": 38.74483641016268,
	"Tribal Mask": 38.52786457041777,
	"Ice Rapier": 38.3785511797393,
	"Bone": 37.11772774707851,
	"Stone Skin Amulet": 36.98949997463231,
	"Wand of Cosmic Energy": 36.91897910611292,
	"Life Crystal": 36.770641357807584,
	"Red Piece of Cloth": 36.120100326146556,
	"Bolt": 35.1578825839788,
	"Essence of a Bad Dream": 33.632692876145434,
	"Combat Knife": 33.430755652114875,
	"Pirate Coin": 32.974758807280544,
	"Battle Shield": 32.36323633782825,
	"Necrotic Rod": 32.11338937042745,
	"Morning Star": 31.647228652308883,
	"Mystic Turban": 31.210294080993155,
	"Cyan Crystal Fragment": 30.55261265855469,
	"Energy Drink": 30.487032759463077,
	"Energy Bar": 30.278883449089832,
	"Life Preserver": 30.06993006993007,
	"Scroll": 29.632807513447005,
	"Small Enchanted Sapphire": 29.410241737273687,
	"Blue Crystal Splinter": 28.429818751682916,
	"Worm": 28.116087625774306,
	"Ankh": 27.718881374520198,
	"Poison Arrow": 27.674924482628494,
	"Small Enchanted Amethyst": 27.664335664335667,
	"Sword Ring": 27.48888138169841,
	"Small Enchanted Ruby": 26.581507418873294,
	"Two Handed Sword": 26.27968799065447,
	"Plate Armor": 25.695830017805662,
	"Machete": 25.542865574738087,
	"Burst Arrow": 25.171792097946597,
	"Red Mushroom": 24.899503193754434,
	"Sacred Tree Amulet": 24.210077954421152,
	"Wand of Inferno": 23.12441130966365,
	"Underworld Rod": 22.925463752495546,
	"Pirat's Tail": 22.875110827108408,
	"Steel Helmet": 22.810252853018405,
	"Leather Boots": 22.500226714124086,
	"Carlin Sword": 22.395750332005314,
	"Serpent Sword": 22.123969744038348,
	"Mind Stone": 22.064045557543075,
	"Green Mushroom": 20.86546158548282,
	"Green Crystal Splinter": 20.63458689202553,
	"Arrow": 20.455403963314954,
	"Ivory Carving": 20.430856606625,
	"Energy Ring": 20.412024925521337,
	"Skull": 20.365431556736343,
	"Focus Cape": 20.30273110245047,
	"Wand of Voodoo": 20.280100706249172,
	"Lump of Earth": 20.091217228843885,
	"Frazzle Tongue": 20.005008347245408,
	"Terra Hood": 19.20374389582203,
	"Ratana": 18.041958041958043,
	"War Hammer": 18.02567121623352,
	"Snakebite Rod": 17.80710797612588,
	"Glooth Whip": 17.207732992887106,
	"Frazzle Skin": 17.086811352253758,
	"Plate Legs": 16.71436628425334,
	"Elven Amulet": 16.26741411919249,
	"Coal": 16.094085967367203,
	"Platinum Amulet": 15.607728849427756,
	"Orb": 15.438052530096577,
	"Twin Hooks": 15.046783736015817,
	"Knight Axe": 14.34932505311194,
	"Crowbar": 14.190684784127676,
	"Death Ring": 14.114267250411801,
	"Mysterious Fetish": 13.614754098360654,
	"Life Ring": 13.307974613802212,
	"Grapes": 13.249760063230639,
	"Fishbone": 13.0550918196995,
	"Red Rose": 12.826600456314589,
	"Glooth Club": 12.555970492624478,
	"Axe Ring": 12.48422584429006,
	"Violet Crystal Shard": 11.971565205407131,
	"Knight Legs": 11.920238122148248,
	"Shark Fins": 11.858468106066825,
	"Silencer Claws": 11.811379097093385,
	"Glooth Axe": 11.779501130164242,
	"Northwind Rod": 11.739225313693398,
	"Hailstorm Rod": 11.728518763268411,
	"Green Gem": 11.726443317413707,
	"Fish Tail": 11.672787979966612,
	"Power Ring": 11.617558380135975,
	"Hand Axe": 11.474648408586232,
	"Battle Stone": 11.231806277102743,
	"Glooth Blade": 11.183191267197454,
	"Glacier Amulet": 11.013504905083451,
	"Piece of Iron": 10.981636060100167,
	"Oriental Shoes": 10.851986626040762,
	"Fish": 10.840047043929154,
	"Crystal Rubbish": 10.82804674457429,
	"Doublet": 10.715390279823268,
	"Spider Silk": 10.500934616690111,
	"Golden Idol of Tukh": 10.480077745383868,
	"Remains of a Fish": 10.40567612687813,
	"Ruby Necklace": 10.149180327868853,
	"Slime Heart": 10.09849931787176,
	"Knight Armor": 10.060447215787622,
	"Blue Ectoplasm": 10.00637023824691,
	"Banana Skin": 9.944908180300501,
	"Dark Shield": 9.939065598123037,
	"Garlic Necklace": 9.862234750477535,
	"Magma Amulet": 9.843038723026899,
	"Wand of Draconia": 9.829139925659673,
	"Magma Coat": 9.74975164830693,
	"Giant Shimmering Pearl (Brown)": 9.708946969584055,
	"Vein of Ore": 9.670308370044053,
	"Scroll of Heroic Deeds": 9.652348242346294,
	"Ring of Blue Plasma": 9.522741670545134,
	"Rusted Armor": 9.054364797728885,
	"Spiked Squelcher": 9.008993594907674,
	"Onyx Chip": 8.924160812297945,
	"Steel Shield": 8.872570605717161,
	"Dark Mushroom": 8.845747236905334,
	"Frozen Lightning": 8.841879029782008,
	"Bow": 8.829759547003206,
	"Dragon Necklace": 8.770599248825935,
	"Spark Sphere": 8.744530014790637,
	"Blue Gem": 8.720953964144952,
	"Poisoned Fang": 8.665484311050477,
	"Blue Robe": 8.609219209079829,
	"Sparkion Claw": 8.537126804010136,
	"Spear": 8.392505921475781,
	"Tarantula Egg": 8.37205308911387,
	"Glorious Axe": 8.303106809734203,
	"Instable Proto Matter": 8.250844335277863,
	"Double Axe": 8.140908897725865,
	"Moonlight Crystals": 8.10271464399253,
	"Glooth Amulet": 8.049578327486385,
	"Wand of Starstorm": 8.016240412649474,
	"Pick": 7.880268667813327,
	"Sparkion Stings": 7.852649553817341,
	"Small Enchanted Emerald": 7.806365403304178,
	"Lightning Headband": 7.36813852511961,
	"Glooth Spear": 7.329420360542036,
	"Sniper Arrow": 7.258824318883371,
	"Assassin Dagger": 7.18020375611354,
	"Crystal Ring": 7.137964539285029,
	"Terra Amulet": 6.968846644806059,
	"Rainbow Quartz": 6.927835051546392,
	"Collar of Red Plasma": 6.9252765406964265,
	"Pulverized Ore": 6.844229074889868,
	"Violet Gem": 6.826762352625446,
	"Silencer Resonating Chamber": 6.652133580705009,
	"Drill Bolt": 6.609691629955947,
	"Energy Ball": 6.609456555112066,
	"White Mushroom": 6.584030381683836,
	"Sparkion Legs": 6.408339759832544,
	"Fish Fin": 6.3739565943238725,
	"Gemmed Figurine": 6.3042593597395555,
	"Dragon's Tail": 6.149315965229751,
	"Rope": 6.141172214103275,
	"Cheese": 6.128728763334651,
	"Hardened Bone": 6.128362184307785,
	"Titan Axe": 6.107700783408743,