{
	"Platinum Coin": 9983.362557122582,
	"Gold Coin": 9151.630459711052,
	"Great Mana Potion": 952.9720941717692,
	"Flask of Demonic Blood": 772.2956018605049,
	"Soul Orb": 660.8682879065946,
	"Great Health Potion": 568.9403168752638,
	"Golden Lotus Brooch": 564.0218113641043,
	"Opal": 536.5242264419077,
	"Small Emerald": 513.8744605227887,
	"Demonic Essence": 510.2294684430697,
	"Peacock Feather Fan": 481.95353824750015,
	"Ham": 445.99777271542496,
	"Cobra Crest": 339.5960695979197,
	"Dark Mushroom": 330.1507140050186,
	"Knife": 277.8678820073243,
	"Green Mushroom": 226.0808562965192,
	"Meat": 221.56024880355542,
	"Assassin Star": 210.6896029947206,
	"Cheese": 210.5421388419956,
	"Small Diamond": 207.84083640840427,
	"Small Ruby": 203.63638751802793,
	"Scimitar": 200.1280791085664,
	"Piece of Crocodile Leather": 199.9345653603785,
	"Small Topaz": 180.6915127611052,
	"Protection Amulet": 166.5093603831876,
	"Earth Arrow": 156.74799837636127,
	"Tainted Glooth Capsule": 154.08955058451295,
	"White Pearl": 143.81160728195778,
	"Glooth Bag": 143.0229912030757,
	"Small Sapphire": 136.3725080454207,
	"Terra Amulet": 136.29183112100972,
	"Garlic Necklace": 112.16113145406518,
	"Terra Rod": 111.87455487445348,
	"Poison Arrow": 111.10507209998237,
	"Ultimate Health Potion": 109.71634985981382,
	"Gold Ingot": 109.12081897962399,
	"Bat Wing": 107.45872176838058,
	"Bone Sword": 105.755201416556,
	"Fish": 105.4957824130785,
	"Cheesy Figurine": 101.96199677938809,
	"Green Crystal Shard": 97.75061942247115,
	"Heavy Machete": 94.33156263833554,
	"Silver Brooch": 91.59421749441307,
	"Terra Boots": 91.18726488166803,
	"Black Pearl": 89.53754325502281,
	"Hellspawn Tail": 87.03506032647267,
	"Worm": 77.49456805916893,
	"Red Gem": 77.48413789859089,
	"Great Spirit Potion": 74.07969743907897,
	"Small Amethyst": 70.19627353336723,
	"Machete": 61.11768992074392,
	"Silver Amulet": 60.064248982665404,
	"Compass": 59.88330944947455,
	"Terra Hood": 59.04309488513611,
	"Glooth Capsule": 59.015798182754935,
	"Green Crystal Fragment": 56.51224989599271,
	"Battle Shield": 55.306108298088944,
	"Plate Shield": 54.77960072847658,
	"Carlin Sword": 52.964143426294825,
	"Red Piece of Cloth": 49.44809275368291,
	"Tribal Mask": 49.30876688323497,
	"Glooth Steak": 49.06092867423261,
	"Necrotic Rod": 48.654659805603195,
	"Stone Skin Amulet": 47.96358064177543,
	"Mystic Turban": 47.61725865955984,
	"Glooth Sandwich": 47.504027195747824,
	"Yellow Gem": 47.10020062155871,
	"Snakebite Rod": 44.60085779459486,
	"Morning Star": 43.45621286319841,
	"Cyan Crystal Fragment": 42.11310275250038,
	"Hand Axe": 42.00888230940044,
	"Spear": 41.796419855288335,
	"Torch": 41.305978056518214,
	"Dragon Ham": 38.67462257808202,
	"Sacred Tree Amulet": 36.35399181280136,
	"Bone": 35.58575220734083,
	"Red Mushroom": 34.25848119233499,
	"Green Gem": 32.01191676132528,
	"Red Crystal Fragment": 29.139671106993276,
	"Mace": 27.732844932196596,
	"Crab Pincers": 26.981392143349414,
	"Strong Health Potion": 26.38657931599747,
	"Sabre": 25.91782511414265,
	"Leather Helmet": 25.780903034789045,
	"Frazzle Tongue": 25.711368716619678,
	"Chain Armor": 24.549414313463092,
	"Leather Boots": 23.833807094268643,
	"Giant Shimmering Pearl (Brown)": 23.580157434815888,
	"Worn Leather Boots": 22.846153846153847,
	"Frazzle Skin": 22.121971309374544,
	"Spider Silk": 21.741207364622404,
	"Wand of Inferno": 21.093374257289145,
	"Mysterious Fetish": 20.775998345033123,
	"Throwing Knife": 20.751923076923077,
	"Skull": 20.70782195635794,
	"Strong Mana Potion": 20.308636083167148,
	"Glooth Spear": 20.168520113702527,
	"Glooth Axe": 19.50527900013845,
	"Glooth Club": 19.458707496778295,
	"Glooth Blade": 19.37459664946347,
	"Glooth Amulet": 19.01403151826519,
	"Focus Cape": 18.464154883223724,
	"Violet Crystal Shard": 17.865450865220588,
	"Terra Mantle": 17.821223375422004,
	"Rope": 17.746854182087343,
	"Brown Crystal Splinter": 17.199186564451942,
	"Wyrm Scale": 16.62523684371371,
	"Fairy Wings": 16.24364609874592,
	"Remains of a Fish": 16.045301990177265,
	"Underworld Rod": 15.734099678233125,
	"Ruby Necklace": 15.509525673446195,
	"Oriental Shoes": 15.452941058273003,
	"Gemmed Figurine": 15.25366250678242,
	"Lump of Dirt": 15.00584527803192,
	"Giant Shimmering Pearl (Green)": 14.6114702954449,
	"Tarantula Egg": 14.551425607269344,
	"Violet Gem": 13.834718524455324,
	"Knight Legs": 13.436344295044302,
	"Rubber Cap": 13.094290352828786,
	"Piece of Iron": 13.03618469189659,
	"Blue Gem": 12.963413493591515,
	"Sword": 12.66352677414007,
	"Rusted Armor": 12.45762952448545,
	"Emerald Bangle": 12.25025269096467,
	"Fish Fin": 12.227514225710145,
	"Shrimp": 11.967904249756923,
	"Brass Helmet": 11.904994181430608,
	"Fishbone": 11.352253756260435,
	"Wooden Shield": 11.35159141376758,
	"Blue Robe": 11.100806836288385,
	"Studded Club": 11.031828275351591,
	"Magma Coat": 10.932124107179801,
	"Silencer Claws": 10.471767973947625,
	"Crystal Ring": 10.284581154293706,
	"Terra Legs": 10.271784663613607,
	"Fish Tail": 10.15025041736227,
	"Axe": 9.528325855732497,
	"Crystal Rubbish": 9.41569282136895,
	"Quara Pincers": 9.157035848711846,
	"Northwind Rod": 9.08439522251104,
	"Winter Wolf Fur": 9,
	"Serpent Sword": 8.861916001829881,
	"Burst Arrow": 8.816362080557422,
	"Heavy Old Tome": 8.668273357956862,
	"Banana Skin": 8.647746243739565,
	"Assassin Dagger": 8.610766835706267,
	"Warrior Helmet": 8.445844334676455,
	"Spider Fangs": 8.110096203988409,
	"Short Sword": 8.044926211309912,
	"Big Bone": 7.994323126285856,
	"Halberd": 7.9884186852367165,
	"Scale Armor": 7.888487788767033,
	"Beastslayer Axe": 7.711210717747749,
	"Deepling Scales": 7.200137472791843,
	"Quara Eye": 6.871502166835235,
	"Death Ring": 6.821437710116605,
	"Steel Shield": 6.722703349045411,
	"Crossbow": 6.708101583032822,
	"Brass Legs": 6.67409824026248,
	"Treasure Map (Pirate)": 6.1252540534139355,
	"Cookie": 6.005764879135088,
	"Quara Bone": 5.916631239142756,
	"Bloody Pincers": 5.8977159223109386,
	"Glooth Cape": 5.594539698429534,
	"Spellbook of Mind Control": 5.404838176159146,
	"Cyclops Toe": 5.2109181141439205,
	"Two Handed Sword": 5.200013428793489,
	"Iron Ore": 5.152502506771313,
	"Royal Spear": 5.035790374190789,
	"Hardened Bone": 5.0083472454090145,
	"Silencer Resonating Chamber": 4.871985157699443,
	"Glob of Glooth": 4.8171083572426845,
	"Tortoise Egg": 4.698968745042043,
	"Light Shovel": 4.551024498886415,
	"Skullcracker Armor": 4.171925224514546,
	"Berserk Potion": 4.143793708504384,
	"Skull Staff": 4.036834576695056,
	"Pelvis Bone": 3.9676549957171225,
	"Spiked Squelcher": 3.929457215287396,
	"Ring of Red Plasma": 3.8750402576489535,
	"Battle Hammer": 3.7618911629382836,
	"Haunted Blade": 3.525525530428137,
	"Plate Armor": 3.51195923742609,
	"Studded Helmet": 3.452275118497943,
	"Turtle Shell": 3.422370299857211,
	"Mantassin Tail": 3.4137298838867385,
	"Onyx Chip": 3.373647856314668,
	"Hook": 3.0508976757616457,
	"Hailstorm Rod": 3.047815988317963,
	"Peg Leg": 3.0445332820768076,
	"Lamassu Horn": 3.043335646249921,
	"Minotaur Horn": 3.018178950917376,
	"Pirate Bag": 2.8981009948311836,
	"Eye Patch": 2.854877765722834,
	"Banana": 2.8465316251091792,
	"Sphinx Feather": 2.7958331236475265,
	"Fafnar Symbol": 2.6282973308632,
	"Pirate Shirt": 2.6125,
	"Magma Amulet": 2.532600126941703,
	"White Mushroom": 2.5039720368605023,
	"Studded Armor": 2.48347827931741,
	"Pirate Knee Breeches": 2.3870824053452115,
	"Sphinx Tiara": 2.256554778320165,
	"Centipede Leg": 2.238691130464192,
	"Bunch of Troll Hair": 2.238341968911917,
	"Studded Legs": 2.235007313505607,
	"Secret Instruction": 2.07236654024281,
	"Lightning Pendant": 2.013696402393477,
	"Double Axe": 2.01111807442559,
	"Viking Helmet": 1.9132236319412539,
	"Wand of Draconia": 1.8827836931658988,
	"Glorious Axe": 1.8527264968664356,
	"Mouldy Cheese": 1.8212703101920236,
	"Carrion Worm Fang": 1.7980225414004964,
	"Lamassu Hoof": 1.7919005866397526,
	"Stealth Ring": 1.77107034792844,
	"Steel Helmet": 1.7104979671442881,