{
	"Platinum Coin": 23980.887201193396,
	"Gold Coin": 10817.414892400267,
	"Great Health Potion": 2109.900804998607,
	"Great Mana Potion": 1423.8684343685763,
	"Flask of Demonic Blood": 1393.210389597825,
	"Soul Orb": 1327.647026903834,
	"Opal": 1202.1932090722269,
	"Lost Soul (Item)": 1044.8396845276568,
	"Small Emerald": 1023.2010956520361,
	"Knife": 1021.4066253546819,
	"Golden Lotus Brooch": 961.4264353898038,
	"Demonic Essence": 900.1426341740989,
	"Peacock Feather Fan": 822.7038779344773,
	"Cobra Crest": 762.7636755929616,
	"Meat": 681.486653983144,
	"Scimitar": 532.945043173473,
	"Dark Mushroom": 430.44305622296974,
	"Werehyaena Nose": 416.94805194805195,
	"Protection Amulet": 404.41720973656004,
	"Axe": 402.55079681506135,
	"Bone": 395.07182552113966,
	"Earth Arrow": 360.0695652173913,
	"Small Diamond": 354.7766772060947,
	"Assassin Star": 349.2406939959632,
	"Red Crystal Fragment": 348.7999225517652,
	"Terra Rod": 342.75287369828584,
	"Small Ruby": 337.9694026375437,
	"Red Gem": 323.50769316015635,
	"Green Mushroom": 299.71753133605625,
	"Halberd": 296.438007401524,
	"Green Crystal Shard": 277.03536392006276,
	"Small Topaz": 274.1451113679042,
	"Yellow Gem": 252.2950591552434,
	"White Pearl": 248.5447531151261,
	"Gold Ingot": 238.17580938708485,
	"Cheesy Figurine": 234.49133977995277,
	"Small Sapphire": 233.20008840515743,
	"Bone Sword": 232.60734838424082,
	"Small Amethyst": 232.49241581615067,
	"Green Crystal Fragment": 217.59244586128003,
	"Heavy Machete": 207.4811863656485,
	"Ultimate Health Potion": 206.06246407471977,
	"Cheese": 188.43750091023708,
	"White Mushroom": 186.3176739156526,
	"Terra Boots": 184.60413959096783,
	"Rare Earth": 183.73477633477634,
	"Small Enchanted Ruby": 175.0213066223741,
	"Wand of Cosmic Energy": 174.35190358216354,
	"Terra Amulet": 174.28308830150112,
	"Machete": 173.17376299845432,
	"Belted Cape": 171.2164097919211,
	"Dragon Ham": 169.41540885929842,
	"Poison Arrow": 168.76038158599124,
	"Worm": 167.25279489744696,
	"Elven Astral Observer": 165.23085747060512,
	"Black Pearl": 164.4729476167707,
	"Silver Brooch": 163.21098014708622,
	"Ham": 157.97642689629464,
	"Tunnel Tyrant Shell": 157.07957746478874,
	"Small Enchanted Sapphire": 156.0949043800909,
	"Hellspawn Tail": 153.9625266146203,
	"Combat Knife": 152.0791861859823,
	"Great Spirit Potion": 151.14015931779068,
	"Garlic Necklace": 147.66129698045842,
	"Life Preserver": 145.62055022775277,
	"Cave Devourer Eyes": 143.87633419212366,
	"Cave Devourer Maw": 141.0496871549503,
	"Bat Wing": 140.16991830850552,
	"Coal": 137.54580260293733,
	"Death Toll": 137.1206506433202,
	"Cyan Crystal Fragment": 136.7639186923193,
	"Small Enchanted Amethyst": 133.76456876456876,
	"Dream Essence Egg": 132.52099202733473,
	"Hailstorm Rod": 120.72508169551787,
	"Glob of Acid Slime": 118.66181439197709,
	"Carlin Sword": 116.49402390438247,
	"Terra Hood": 114.89721119432829,
	"Tunnel Tyrant Head": 114.55915492957746,
	"Springsprout Rod": 114.43148546329597,
	"Pelvis Bone": 114.08387200367441,
	"Violet Crystal Shard": 112.92219553829074,
	"Cave Devourer Legs": 112.78321678321677,
	"Crystalline Arrow": 112.21788737578211,
	"Stone Skin Amulet": 110.86617486409027,
	"Fish": 110.84177889095344,
	"Green Crystal Splinter": 106.96969612253369,
	"Silver Amulet": 104.32758559906563,
	"Lump of Dirt": 100.51381160808502,
	"Flash Arrow": 99.94295632155058,
	"Knight Axe": 99.79788630115166,
	"Snakebite Rod": 99.37113402061856,
	"Stonerefiner's Skull": 92.46608946608947,
	"Ensouled Essence": 92.17582835593194,
	"Poisonous Slime": 89.94320329599809,
	"Ratana": 87.47139604539232,
	"Slime Heart": 86.49539933750461,
	"Sacred Tree Amulet": 85.69321800819957,
	"Wand of Starstorm": 85.17810557356987,
	"Tribal Mask": 84.94645307411265,
	"Red Piece of Cloth": 83.30072859744992,
	"Battle Shield": 81.55490259651643,
	"Mystic Turban": 80.12131147540984,
	"Morning Star": 79.02084822732877,
	"Crystal Sword": 78.50672196089293,
	"Heaven Blossom": 77.99791847354726,
	"Necrotic Rod": 77.79977323550649,
	"Throwing Star": 76.6824718199516,
	"Green Gem": 75.27797896034308,
	"Violet Gem": 72.57259644825474,
	"Unholy Bone": 69.78789323164919,
	"Half-Digested Stones": 67.8084656084656,
	"Brown Crystal Splinter": 67.61740793453122,
	"Strong Health Potion": 66.42646176396543,
	"Strong Mana Potion": 64.02384824927802,
	"Thorn": 62.51370399373532,
	"Tainted Glooth Capsule": 60.948577013474264,
	"Red Mushroom": 60.602271114265434,
	"Small Enchanted Emerald": 57.26190476190476,
	"Glooth Bag": 57.027512953964276,
	"Elvish Talisman": 54.29653078924545,
	"Giant Shimmering Pearl (Brown)": 53.69072164948454,
	"Sword Ring": 52.368229030898476,
	"Rat Cheese": 51.84619010643863,
	"Two Handed Sword": 51.299128539825226,
	"Necklace of the Deep": 51.005243195996535,
	"Blue Crystal Shard": 48.052999631947,
	"Seeds": 47.565337813500754,
	"Lion's Mane": 45.88932459791739,
	"Skull Staff": 44.6291931510107,
	"Wand of Inferno": 43.12552120210109,
	"Cursed Bone": 43.01084900082772,
	"Wand of Draconia": 42.305592120366335,
	"Crystal Ring": 42.17409365470536,
	"Magma Amulet": 41.81158434147969,
	"Wyrm Scale": 39.71145894250402,
	"Dragon Necklace": 39.66599751457796,
	"Doublet": 37.42970431630225,
	"Blue Gem": 37.33598910988397,
	"Focus Cape": 36.30780389524273,
	"Gemmed Figurine": 35.18041237113402,
	"Mysterious Fetish": 35.12468343994034,
	"Mammoth Whopper": 34.948045757864634,
	"Spider Silk": 34.71820400756931,
	"Bone Toothpick": 34.1906577693041,
	"Ice Rapier": 33.2627168303298,
	"Wand of Dragonbreath": 32.111732605162864,
	"Pirate Coin": 32.06715803024892,
	"Wand of Voodoo": 31.397650839861576,
	"Leaf Star": 31.120381613183003,
	"Underworld Rod": 29.28528379287274,
	"Skull": 28.25025558824845,
	"Plate Legs": 28.177444732108203,
	"Serpent Sword": 27.86798423617841,
	"Dark Armor": 27.85289452815226,
	"Glacial Rod": 27.42928934610382,
	"Dagger": 27.235778337760223,
	"Emerald Bangle": 26.868758338756404,
	"Mace": 26.113281785272104,
	"Ruby Necklace": 26.0712204007286,
	"Oriental Shoes": 25.92478943328033,
	"Sword": 25.672387574990456,
	"Flask of Warrior's Sweat": 25.27175162897662,
	"Mana Potion": 25.07722916011935,
	"Hunting Spear": 24.661387532563886,
	"Broken Gladiator Shield": 24.526638558834804,
	"Striped Fur": 24.45474406991261,
	"Miraculum": 24.39940916371728,
	"Black Shield": 24.13269404147201,
	"Scythe": 23.693242927285482,
	"Knight Legs": 23.683345535534425,
	"Crossbow": 23.56466458779931,
	"Ring of Blue Plasma": 23.466318962214597,
	"Glooth Capsule": 23.34985392915189,
	"Obsidian Lance": 23.225858947917622,
	"Energy Vein": 23.192957746478875,
	"Rusted Armor": 22.894802278051408,
	"Magma Coat": 22.656909796467886,
	"Pirat's Tail": 22.22423096938883,
	"Burst Arrow": 22.105506425191102,
	"Leather Helmet": 21.92180578743403,
	"Suspicious Device": 21.634920713089727,
	"Skull Helmet": 21.4232602478551,
	"Plate Shield": 21.390899919275945,
	"Magma Boots": 21.358291299696102,
	"Energy Ring": 20.83613798376125,
	"Stealth Ring": 20.510846607789475,
	"Fire Axe": 20.509819955372404,
	"Northwind Rod": 20.345881069285323,
	"Spider Fangs": 19.53066115010045,
	"Glooth Steak": 19.353021803870572,
	"Blue Robe": 19.027979514129655,
	"Onyx Chip": 18.902618015960496,
	"Glooth Sandwich": 18.79102114335651,
	"Bloody Pincers": 17.492737317647595,
	"Werehyaena Talisman": 17.447552447552447,
	"Brown Mushroom": 16.90099558736274,
	"Rapier": 16.21074757813928,
	"War Hammer": 15.882305147382132,
	"Sun Fruit": 15.757161570193226,
	"Essence of a Bad Dream": 14.938833815296416,
	"Death Ring": 14.549343604012257,
	"Chain Armor": 14.512143828554759,
	"Terra Mantle": 14.169765037975555,
	"Mutated Flesh": 13.764836319075686,
	"Assassin Dagger": 13.755861739402487,
	"Leather Boots": 13.755331744169867,
	"Ivory Comb": 13.66699684269176,
	"Warrior Helmet": 13.40212040328364,
	"Sabretooth": 13.333645443196005,
	"Mercenary Sword": 12.904224462624926,
	"Mystical Hourglass": 12.461304652794015,
	"Dark Shield": 12.316759744938917,
	"Tarantula Egg": 12.259077737631022,