{
	"Gold Coin": 3927.124531364233,
	"Platinum Coin": 3338.5966368542067,
	"Great Mana Potion": 751.3574491480797,
	"Ham": 593.3538651323151,
	"Great Health Potion": 437.29672538414974,
	"Great Spirit Potion": 404.792507487508,
	"Meat": 347.7405403353479,
	"Pirate Coin": 327.4116130549916,
	"Skull": 247.93037502798632,
	"Pirat's Tail": 241.3914825420924,
	"Fairy Wings": 230.02712607826058,
	"Lion's Mane": 228.6205328239871,
	"Ice Rapier": 225.8993598615465,
	"Crystal Sword": 224.81327181521408,
	"Flask of Demonic Blood": 168.95768061725508,
	"Cyan Crystal Fragment": 162.43628046879806,
	"Dark Armor": 136.6540200864976,
	"Small Diamond": 133.99191638387398,
	"Mouldy Powder": 126.81032427360026,
	"Frazzle Tongue": 123.68153526970954,
	"Dagger": 120.83577833776023,
	"Soul Orb": 119.25437462910212,
	"Bone": 113.78760886618977,
	"Dark Mushroom": 111.32619794436418,
	"Frazzle Skin": 108.03734439834025,
	"Terra Boots": 106.57227083830747,
	"Remains of a Fish": 104.06639004149378,
	"Red Crystal Fragment": 98.44724886421,
	"Shark Fins": 98.33887318243451,
	"Fish": 87.38058350470386,
	"Rapier": 78.29446170718333,
	"Green Mushroom": 76.16107640557425,
	"Knight Axe": 72.97006642190044,
	"Crowbar": 71.70414323044872,
	"Leather Helmet": 68.42689903744333,
	"Strong Health Potion": 67.57923018591487,
	"Fire Sword": 64.90762241292276,
	"Wand of Inferno": 61.03257057057765,
	"Red Gem": 60.323069156991416,
	"Grappling Hook": 60.26793103448276,
	"Black Pearl": 59.46805374104089,
	"Small Enchanted Sapphire": 59.38845115560449,
	"Striped Fur": 57.747952148548116,
	"Onyx Chip": 57.21155847722275,
	"Ankh": 56.013525863644674,
	"Big Bone": 55.83298755186722,
	"Demonic Essence": 55.64102992378432,
	"Fish Fin": 53.19709543568465,
	"Piece of Iron": 51.86203319502074,
	"Ultimate Health Potion": 48.684161539879454,
	"Small Emerald": 46.96119732399056,
	"Scythe": 46.79167640869768,
	"Bat Wing": 45.862793237516925,
	"Knight Armor": 44.98005089894097,
	"Terra Amulet": 44.64123017779913,
	"Brown Bread": 44.60060744115414,
	"Yellow Gem": 43.97519327616969,
	"Poison Arrow": 43.775712957167684,
	"Assassin Star": 42.27690011835538,
	"Green Crystal Shard": 41.254622423101615,
	"Ivory Carving": 40.850455418382936,
	"Axe": 38.57082009503238,
	"Garlic Necklace": 37.82040708902924,
	"Wand of Starstorm": 36.868169573056555,
	"Leather Boots": 36.830351473838896,
	"Spear": 36.7691428417659,
	"Serpent Sword": 36.22208005849022,
	"Sabre": 35.49160389619465,
	"Orc Leather": 34.435375429868834,
	"Silver Brooch": 34.37291831879461,
	"Cultish Robe": 34.047303194068775,
	"Magma Boots": 31.69087998118325,
	"Dark Shield": 31.63002297110654,
	"Twin Hooks": 31.62808065720687,
	"Sabretooth": 31.373283395755305,
	"Small Enchanted Ruby": 30.59312198552152,
	"War Hammer": 30.46835830841416,
	"Focus Cape": 30.355389541088577,
	"Iron Ore": 28.96058091286307,
	"Springsprout Rod": 28.31379310344828,
	"Heavily Rusted Armor": 27.673783575690738,
	"Orcish Gear": 27.27883644527659,
	"Mystical Hourglass": 24.609773205517886,
	"Small Treasure Chest": 24.12922766279657,
	"Silencer Claws": 23.28786085524623,
	"Magic Light Wand": 23.175122749590834,
	"Wand of Voodoo": 22.70448256053846,
	"Bug Meat": 22.12635617879689,
	"Steel Helmet": 21.60974346621821,
	"White Pearl": 21.116934089823943,
	"Glorious Axe": 21.018545192343428,
	"Orcish Axe": 20.544575227111693,
	"Ring of Blue Plasma": 19.34252386002121,
	"Halberd": 19.123601068499955,
	"Battle Shield": 17.943949076202912,
	"Girlish Hair Decoration": 17.57184280031217,
	"Life Ring": 16.612338703047744,
	"Small Ruby": 16.375322760175155,
	"Moonlight Crystals": 16.220914033984197,
	"Doublet": 15.045796986518637,
	"Orc Tooth": 14.60443946224359,
	"Chain Armor": 14.602485728083833,
	"Wood Cape": 14.35577942735949,
	"Red Mushroom": 14.04931938187569,
	"Lightning Headband": 13.908310798030593,
	"Lightning Boots": 13.751325556733828,
	"Obsidian Lance": 13.73481584004619,
	"Rainbow Quartz": 13.700237906423474,
	"Silver Amulet": 12.918367346938775,
	"Slightly Rusted Armor": 12.249707739069441,
	"Battle Axe": 11.988550438553311,
	"Spirit Cloak": 11.865384615384617,
	"Shamanic Hood": 11.820252168727297,
	"Small Topaz": 11.280937568335363,
	"Mutated Bat Ear": 10.495049504950495,
	"Green Piece of Cloth": 10.033162258191867,
	"Broken Shamanic Staff": 9.957980582240353,
	"Star Herb": 9.885236274942248,
	"Spiked Squelcher": 9.62959134763464,
	"Protective Charm": 9.38557453985171,
	"Haunted Blade": 9.247105439201357,
	"Titan Axe": 8.318001586042824,
	"Spider Silk": 8.204081632653061,
	"Worm": 8.0102837395495,
	"Stealth Ring": 7.929731095572906,
	"Nightmare Blade": 7.49115116365933,
	"Coral Brooch": 7.461736716891356,
	"Hunting Spear": 6.944850692123477,
	"Brown Mushroom": 6.669518541185265,
	"Dragon Ham": 6.6236595174262725,
	"Plate Shield": 6.620123216676707,
	"Magma Legs": 6.380809934551261,
	"Orichalcum Pearl": 6.290390460603227,
	"Crown Helmet": 5.850301590202888,
	"Mysterious Fetish": 5.839377101636864,
	"Broken Helmet": 5.692302410146315,
	"Shadow Sceptre": 5.659599650079762,
	"Underworld Rod": 5.542176615911671,
	"Arrow": 5.501472545006823,
	"Noble Axe": 5.382236320380651,
	"Corncob": 5.084427653820237,
	"Terra Legs": 5.010137395152576,
	"Green Crystal Fragment": 5.004303635996268,
	"Berserk Potion": 4.9983174929346275,
	"White Silk Flower": 4.9273572963695385,
	"Combat Knife": 4.88738636879033,
	"Studded Legs": 4.842515845928816,
	"Studded Helmet": 4.751114301637285,
	"Lion Figurine": 4.689163038447552,
	"Heavy Old Tome": 4.616151933166751,
	"Skull Belt": 4.59859894406082,
	"Bolt": 4.550072371992039,
	"Diamond Sceptre": 4.422528688313694,
	"Red Apple": 3.403164116828929,
	"Sword Ring": 3.184846243615365,
	"Warrior Helmet": 3.1733575413251103,
	"Sai": 3.1151452282157677,
	"Brown Crystal Splinter": 3.0975176988462154,
	"Torch": 3.0430899686793316,
	"Boots of Haste": 2.9380435341944113,
	"Silky Tapestry": 2.671660424469413,
	"Plate Armor": 2.537062694622246,
	"Earth Arrow": 2.4173530908028185,
	"Lump of Earth": 2.394362843257168,
	"Terra Mantle": 2.387755102040816,
	"White Mushroom": 2.3776233446041846,
	"Blank Rune": 2.3368157676156804,
	"Fir Cone": 2.2411696697360264,
	"Grapes": 2.1407661957490136,
	"Cluster of Solace": 2.0197095435684647,
	"Throwing Knife": 2.013990159391714,
	"Energy Ring": 1.952411970121798,
	"Warwolf Fur": 1.9210277659217603,
	"Scroll": 1.8284556668957785,
	"Dowser": 1.8027182222869673,
	"Glacier Kilt": 1.7657236380640635,
	"Thorn": 1.6979030714347865,
	"Pelvis Bone": 1.6407487541130772,
	"Brass Legs": 1.6323662266758003,
	"Small Amethyst": 1.577469801972661,
	"Cheese": 1.5503551416974966,
	"Machete": 1.5402242808386153,
	"Small Stone": 1.5178891122400109,
	"Green Crystal Splinter": 1.5170861657174353,
	"Rusted Armor": 1.4947494749474948,
	"Blue Crystal Splinter": 1.4895278339151203,
	"Crystalline Arrow": 1.4840161675546573,
	"Bone Toothpick": 1.4798545970899892,
	"Plate Legs": 1.4327355468438074,
	"Wolf Tooth Chain": 1.3542784353001383,
	"Piercing Bolt": 1.3370951691695314,
	"Honeycomb": 1.3219102750594256,
	"Wyvern Talisman": 1.321548257372654,
	"Melon": 1.3086133921788519,
	"Guardian Shield": 1.278871216564042,
	"Elvish Talisman": 1.2389009937968674,
	"Health Potion": 1.2248205211485383,
	"Angelic Axe": 1.223470661672909,
	"Elven Scouting Glass": 1.211658393788978,
	"Crystalline Spikes": 1.089932022781554,
	"Venison": 1.0828659308847477,
	"Wand of Decay": 1.0815071708169322,
	"Bear Paw": 1.0609206204675339,
	"Acorn": 0.9869378615413323,
	"Bloody Pincers": 0.9674027339642481,
	"Bow": 0.9364393416462844,
	"Beetle Carapace": 0.9014748054076198,
	"Death Ring": 0.8905295506614247,
	"Rotten Piece of Cloth": 0.8832880616288907,
	"Skullcracker Armor": 0.8828618190320318,
	"Leather Legs": 0.8415265788278056,
	"Throwing Star": 0.8365032709415974,
	"Bread": 0.8347863835329017,
	"Lamp": 0.790297037351771,
	"Studded Armor": 0.7679067442524845,
	"Swampling Club": 0.7464956271406379,
	"Longsword": 0.6731695731316661,
	"Elven Hoof": 0.6698706350642302,