{
	"Platinum Coin": 10659.499672773,
	"Gold Coin": 6379.671381563759,
	"Great Mana Potion": 1569.7674560051935,
	"Meat": 1403.4635119277789,
	"Skull": 1088.637366571439,
	"Dagger": 1073.6000000000001,
	"Opal": 1072.2126940962298,
	"Great Health Potion": 933.7877195792626,
	"Small Emerald": 780.8417682702805,
	"Knife": 679.7266483640105,
	"Cobra Crest": 594.7899624219011,
	"Pirate Coin": 508.4178184402092,
	"Scimitar": 495.02016431576465,
	"Protection Amulet": 488.79208441301347,
	"Dark Mushroom": 484.7169629985584,
	"Brown Bread": 396.3842065299924,
	"Great Spirit Potion": 395.18015033762265,
	"Pirat's Tail": 376.405657572661,
	"Green Mushroom": 345.2724727795222,
	"Ice Rapier": 343.8290961081125,
	"Sabre": 315.35342883343054,
	"Earth Arrow": 315.2692431561997,
	"Dragon Ham": 312.8055477404368,
	"Spear": 291.2844086111953,
	"Red Crystal Fragment": 284.6603743522363,
	"Cyan Crystal Fragment": 266.2053677050811,
	"Ham": 258.15490550773853,
	"Red Gem": 250.2571739109347,
	"Green Crystal Shard": 238.6386243523513,
	"Terra Amulet": 210.5248273500868,
	"Book Page": 209.32299168975067,
	"Bone Sword": 207.80342474848752,
	"Cheesy Figurine": 205.14428341384863,
	"Mouldy Powder": 202.09311791820812,
	"Gold Ingot": 200.88715283792368,
	"Poison Arrow": 195.0818806571719,
	"Crystal Sword": 187.7044577620885,
	"Heavy Machete": 185.73906876494775,
	"Small Diamond": 184.07462385323987,
	"Garlic Necklace": 174.0356435481646,
	"Girlish Hair Decoration": 162.12742794292674,
	"Bat Wing": 157.84372897645363,
	"Terra Boots": 153.5952420873548,
	"Shark Fins": 153.38750300915092,
	"Yellow Gem": 149.138981006944,
	"Throwing Star": 143.29176544518614,
	"Glowing Rune": 139.23379501385043,
	"Stone Skin Amulet": 134.60667645750155,
	"Torch": 132.37348438064467,
	"Werehyaena Nose": 127.14718614718615,
	"Life Crystal": 126.13792300440578,
	"Axe": 120.27482176201502,
	"Machete": 118.7395895048119,
	"Green Crystal Fragment": 116.07079060206192,
	"Strong Health Potion": 116.02758491617125,
	"Knight Axe": 111.17822174801401,
	"Essence of a Bad Dream": 110.76953997320233,
	"Lion's Mane": 108.6781701112146,
	"Fire Sword": 107.43960219212565,
	"Crowbar": 106.94360068959857,
	"Carlin Sword": 104.03187250996017,
	"Wand of Voodoo": 101.2123001309228,
	"Wand of Inferno": 97.92109295127585,
	"Silken Bookmark": 96.91578947368421,
	"Grappling Hook": 95.41137931034483,
	"Halberd": 86.9232365291583,
	"Protective Charm": 86.57105176450462,
	"Onyx Chip": 85.83194776541413,
	"Strong Mana Potion": 84.52271232267317,
	"Chain Armor": 83.60900529040421,
	"Wyrm Scale": 82.45233964671243,
	"Wand of Starstorm": 79.71163038374297,
	"Small Amethyst": 77.62069916559167,
	"Sacred Tree Amulet": 76.77958516313963,
	"Hunting Spear": 70.55003745392396,
	"Rope Belt": 69.72951916491378,
	"Rare Earth": 68.95036075036074,
	"Knight Armor": 68.34100557914142,
	"Scythe Leg": 68.19740955783833,
	"Beetroot": 65.03457787016309,
	"Silver Amulet": 61.50921299882821,
	"Bolt": 59.0864417349944,
	"Focus Cape": 56.83772996790306,
	"Combat Knife": 55.288076623781436,
	"Cultish Robe": 55.07059616009634,
	"Wand of Cosmic Energy": 54.005937403745406,
	"Magma Boots": 53.987090693706726,
	"Burst Arrow": 53.8996044774489,
	"Coal": 51.55882635882636,
	"Brass Armor": 50.79887905582417,
	"Terra Rod": 50.056903346176576,
	"Plate Shield": 49.65830388849784,
	"Broken Gladiator Shield": 49.40921264059989,
	"Belted Cape": 49.263677404545106,
	"Green Gem": 48.21136412254633,
	"Small Sapphire": 47.876515176574614,
	"Crossbow": 47.838448122860214,
	"Soul Orb": 47.36276890712153,
	"Brass Legs": 47.17937664761935,
	"Springsprout Rod": 45.93704169228005,
	"Leather Legs": 44.86341431100889,
	"Short Sword": 43.276840794844574,
	"Glob of Acid Slime": 43.237518037518036,
	"Life Preserver": 41.78321678321678,
	"Small Treasure Chest": 39.87884906612822,
	"Small Ruby": 39.71885368713991,
	"Small Enchanted Amethyst": 38.44055944055944,
	"Red Apple": 37.73730876216968,
	"Glacier Amulet": 37.705057969168045,
	"Spider Silk": 37.66684030052862,
	"Small Topaz": 37.381693790857696,
	"Bone": 36.42983433871909,
	"Plate Armor": 36.18299183147232,
	"Stonerefiner's Skull": 34.699855699855696,
	"Blue Ectoplasm": 34.257102815645304,
	"Green Crystal Splinter": 34.12127761767531,
	"Terra Hood": 33.91211666382086,
	"Dragon Necklace": 33.80966355092156,
	"Poisonous Slime": 33.73458393458394,
	"Compass": 31.617103440996825,
	"Leather Helmet": 30.340939521383653,
	"Violet Gem": 29.904446087645383,
	"Hailstorm Rod": 28.854980041971245,
	"Ring of Blue Plasma": 27.871332626369743,
	"Violet Crystal Shard": 27.178321743930226,
	"Big Bone": 26.732132963988917,
	"Lamassu Horn": 26.077089337175792,
	"Half-Digested Stones": 25.446560846560843,
	"Ratana": 25.06993006993007,
	"Platinum Amulet": 24.88966921438537,
	"Plate Legs": 24.603784793123854,
	"Cookie": 23.473889831386213,
	"Orb": 23.134666836539687,
	"Sword": 22.979498092696197,
	"Steel Shield": 22.24126717908068,
	"Mace": 22.19881297050808,
	"Wood Cape": 20.71402323487054,
	"Small Enchanted Emerald": 20.14335586833647,
	"Blue Crystal Shard": 19.984382557202785,
	"Lightning Boots": 19.84397345953603,
	"Cheese": 19.782723770697892,
	"Snakebite Rod": 19.664010694977243,
	"Two Handed Sword": 19.368652892348205,
	"Morning Star": 18.621590818365906,
	"Brown Crystal Splinter": 18.107142857142858,
	"Rat Cheese": 17.99066859066859,
	"Sphinx Feather": 17.51074430073977,
	"Sword Ring": 16.585955485375994,
	"Badger Fur": 16.269907259354014,
	"Ankh": 15.577655784286465,
	"Lamassu Hoof": 15.399855907780982,
	"Minotaur Horn": 14.349063125173329,
	"Raspberry": 14.197176541263048,
	"Magma Amulet": 14.164010020423628,
	"Sphinx Tiara": 14.133158874742085,
	"Dark Helmet": 13.49225658499499,
	"Blue Gem": 13.161398730747036,
	"Crown Helmet": 13.09525144009411,
	"Dragon's Tail": 13.079118928534408,
	"Brass Helmet": 12.783886369321458,
	"Thick Fur": 12.70446892537934,
	"Elven Amulet": 12.701687054675052,
	"Cyclops Toe": 12.47560653227742,
	"Magic Light Wand": 12.367721706385987,
	"Mammoth Tusk": 12.366327166909166,
	"Doublet": 12.071428571428571,
	"Hexagonal Ruby": 11.678557778060899,
	"Terra Mantle": 11.047089532958497,
	"Worm": 10.965125844060301,
	"Giant Shimmering Pearl (Brown)": 10.361367335865436,
	"Glacial Rod": 10.010192381195056,
	"Lightning Pendant": 9.847718862849113,
	"Broken Crossbow": 9.641898759910552,
	"Scarab Coin": 9.49860696565273,
	"Rotten Piece of Cloth": 9.127309970165205,
	"Acorn": 9.109019729146064,
	"Winter Wolf Fur": 9.1,
	"Corncob": 8.648144789016685,
	"Wolf Tooth Chain": 8.352188286547571,
	"Pirate Voodoo Doll": 8.312232063948638,
	"Scarab Pincers": 8.306343989642466,
	"Health Potion": 8.228785905359656,
	"Black Shield": 8.062244508639015,
	"Battle Shield": 7.988034556172827,
	"White Pearl": 7.876589275439683,
	"Piercing Bolt": 7.833532147240437,
	"Ring of Red Plasma": 7.79645732689211,
	"Witch Broom": 7.775010578492414,
	"Broken Shamanic Staff": 7.435185185185185,
	"Lightning Headband": 7.333824721431251,
	"Star Herb": 7.008825485099437,
	"Orc Leather": 6.957214953918758,
	"Gemmed Figurine": 6.945386132994868,
	"Shockwave Amulet": 6.914194388659865,
	"Carrot": 6.880698654179244,
	"Rainbow Quartz": 6.707492795389049,
	"Fish": 6.635955433626145,
	"Snake Skin": 6.287174107973676,
	"Book (Orange)": 6.274295999439703,
	"Heavy Old Tome": 6.017859010937336,
	"Longsword": 5.8790701268846055,
	"Wand of Draconia": 5.585222492818683,
	"Ruby Necklace": 5.5731301939058175,
	"Shamanic Hood": 5.479828042328043,
	"Power Bolt": 5.389280054313336,
	"Scarf": 5.256049602384161,
	"Emerald Bangle": 5.221391105866235,
	"Piece of Warrior Armor": 5.170591710981683,
	"Piece of Archer Armor": 5.061089652368368,
	"Wand of Defiance": 5.018469125861809,
	"Werehyaena Talisman": 5.013986013986014,
	"Diamond Sceptre": 4.988387673068334,
	"Magma Monocle": 4.778924060188214,
	"Minotaur Leather": 4.707597480983134,
	"Energy Ring": 4.677487217558036,
	"Bony Tail": 4.676849505045191,
	"Serpent Sword": 4.562602453066946,
	"Life Ring": 4.560954854175163,