{
	"Gold Coin": 7408.064436151086,
	"Platinum Coin": 5605.319588204713,
	"Flask of Demonic Blood": 862.6026705621186,
	"Soul Orb": 713.6489190891372,
	"Golden Lotus Brooch": 571.8392251556941,
	"Demonic Essence": 532.7210197970609,
	"Great Health Potion": 509.21443785488344,
	"Peacock Feather Fan": 487.6920687751995,
	"Meat": 414.34821438660555,
	"Rare Earth": 379.4262626262626,
	"Rat Cheese": 369.75302288857307,
	"Small Emerald": 322.23858520132063,
	"Cheese": 318.57928612627296,
	"Small Diamond": 287.65477886994546,
	"Coal": 283.75661794029224,
	"Great Mana Potion": 274.88096349563506,
	"Assassin Star": 274.6592782360649,
	"Soft Cheese": 266.92429618708286,
	"Small Ruby": 256.63442752857117,
	"Glob of Acid Slime": 237.93131313131312,
	"Worm": 226.0044898428737,
	"Lost Soul (Item)": 207.3390612420819,
	"Small Topaz": 193.81003564972892,
	"Stonerefiner's Skull": 190.94949494949495,
	"Poisonous Slime": 185.63771043771044,
	"Small Amethyst": 165.17298926280571,
	"Earflap": 161.66137931219941,
	"Ham": 160.67471778868895,
	"Bola": 154.08207776169246,
	"Opal": 144.73848710177722,
	"Cheese Cutter": 144.2588356703479,
	"Half-Digested Stones": 140.02962962962962,
	"White Pearl": 136.3893067569119,
	"Great Spirit Potion": 124.6984257218683,
	"Small Sapphire": 124.46686849194892,
	"Silver Brooch": 107.53165404436272,
	"Hellspawn Tail": 107.28942512420156,
	"Bone": 102.45712701157315,
	"Black Pearl": 93.66782448599346,
	"Morning Star": 84.5240552190532,
	"Cobra Crest": 78.31688302234342,
	"Knife": 75.38607623971048,
	"Protection Amulet": 70.33757938521677,
	"Ultimate Health Potion": 63.05522426925635,
	"Flask of Embalming Fluid": 62.92509220399339,
	"Battle Shield": 59.5255985554126,
	"Scimitar": 54.611281211906956,
	"Red Piece of Cloth": 54.10109821816378,
	"Necrotic Rod": 52.73584905660377,
	"Mystic Turban": 52.17098171700738,
	"Gauze Bandage": 52.05869261096274,
	"Dragon Ham": 51.011193520348286,
	"Tribal Mask": 46.57392253136934,
	"Red Gem": 44.86237324601145,
	"Wand of Cosmic Energy": 43.89857088058428,
	"Cheesy Figurine": 43.37670967591921,
	"Onyx Arrow": 42.97117087731943,
	"Earth Arrow": 42.88339474185874,
	"Red Mushroom": 42.23094393186657,
	"Pirate Coin": 41.977089462666,
	"Shadow Herb": 38.058044250204865,
	"Magic Light Wand": 37.23899852496915,
	"Plate Shield": 33.076081509979495,
	"Yellow Gem": 32.09004485901264,
	"Gold Ingot": 31.685628109808604,
	"Pirat's Tail": 31.179886796698252,
	"Throwing Knife": 30.629490334210352,
	"Wand of Inferno": 30.606146728686504,
	"Green Crystal Shard": 30.226586841146887,
	"Skull": 29.46087004726572,
	"Bone Sword": 29.058517251355507,
	"Ice Rapier": 28.796203125043927,
	"Springsprout Rod": 27.416712237575855,
	"Death Toll": 27.224037889616802,
	"Silver Amulet": 26.436153131316406,
	"Strange Talisman": 26.146701981113257,
	"Heavy Machete": 25.57326250553342,
	"Machete": 25.153129057108284,
	"Blank Rune": 24.55448553096349,
	"Life Crystal": 24.488570233345897,
	"Cyan Crystal Fragment": 23.467335373386415,
	"Cape": 23.401597924064465,
	"Mysterious Fetish": 22.96158915733287,
	"Focus Cape": 22.265986442939102,
	"Life Preserver": 21.399317936193064,
	"Ratana": 20.90147535097733,
	"Hailstorm Rod": 20.518119629642932,
	"Stone Skin Amulet": 20.13984160366696,
	"Mace": 19.91346607333238,
	"Terra Rod": 19.259076320465304,
	"Combat Knife": 18.424236216301228,
	"Crystal Ring": 18.422902761722995,
	"Ensouled Essence": 18.269733004472037,
	"Piece of Scarab Shell": 17.649288655934107,
	"Chain Armor": 17.321798893688403,
	"Red Crystal Fragment": 17.096593453892787,
	"Mouldy Powder": 17.03420003286792,
	"Ruby Necklace": 16.965809826451657,
	"Underworld Rod": 16.777961066435413,
	"Knight Legs": 16.59615922663758,
	"Wand of Voodoo": 16.037065654338633,
	"Oriental Shoes": 16.010834874766633,
	"Brass Shield": 15.757666426545905,
	"Crystal Sword": 15.593574635190398,
	"Rusted Armor": 15.356706884315116,
	"Plate Armor": 14.559855855871492,
	"Carlin Sword": 14.384180126224296,
	"Wand of Starstorm": 13.77054189715323,
	"Bony Tail": 13.43350389747023,
	"Small Stone": 13.128850038006961,
	"Shark Fins": 12.749273815059667,
	"Blue Gem": 12.172284593733234,
	"Green Gem": 12.10513941271233,
	"Vampire Teeth": 11.87762148699516,
	"Fish": 11.646184915898283,
	"Magma Coat": 11.576805398900236,
	"Brass Helmet": 11.185900573156275,
	"Spike Shield": 11.051619259950172,
	"Brass Legs": 10.934094990083798,
	"Green Crystal Fragment": 10.870793593563194,
	"Violet Gem": 10.742417268091955,
	"Blue Robe": 10.517762692894287,
	"Spear": 10.203576316082872,
	"Necklace of the Deep": 10.16684403452761,
	"Leather Harness": 10.045791861533441,
	"Steel Shield": 9.92279578703351,
	"Warrior Helmet": 9.907002730534808,
	"Sacred Tree Amulet": 9.66183574879227,
	"Bolt": 9.389564349518757,
	"Stone Wing": 9.360329299183789,
	"Fire Sword": 9.327677720816558,
	"Axe": 9.068168266171766,
	"Knight Axe": 8.891336301851272,
	"Cursed Bone": 8.80049071774861,
	"Knight Armor": 8.672072446333448,
	"Crowbar": 8.618340037763732,
	"Voluminous Piece of Cloth": 8.447602711753655,
	"Spiked Squelcher": 8.341527876495778,
	"Ludicrous Piece of Cloth": 8.249612023196928,
	"Ominous Piece of Cloth": 7.985624438454628,
	"Luminous Piece of Cloth": 7.952625990361839,
	"Skull Staff": 7.940169366704984,
	"Grappling Hook": 7.938103448275862,
	"Potato": 7.738530819026176,
	"Blood Preservation": 7.700450004245323,
	"Sword": 7.699941263620016,
	"Arrow": 7.659750875125722,
	"Studded Helmet": 7.655648150564066,
	"Obvious Piece of Cloth": 7.622641509433962,
	"Assassin Dagger": 7.567286678904617,
	"Glacial Rod": 7.561625882152204,
	"Death Ring": 7.5153229107470665,
	"Glacier Amulet": 7.342336603388967,
	"Giant Shimmering Pearl (Green)": 7.301767013480817,
	"Longsword": 7.078555211617576,
	"Torch": 6.964047541986744,
	"Dubious Piece of Cloth": 6.962672547578207,
	"Scarab Coin": 6.874842560204273,
	"Beetroot": 6.867005116725296,
	"Short Sword": 6.838187279613425,
	"Onyx Chip": 6.708375662116203,
	"Bone Club": 6.699966524795562,
	"Blue Ectoplasm": 6.6709134921646065,
	"Terra Boots": 6.36617434305226,
	"Throwing Star": 6.291313278972076,
	"Broken Helmet": 6.277825448413071,
	"Dragon Necklace": 6.1273121685173555,
	"Crossbow": 6.072815390603321,
	"Rotten Piece of Cloth": 6.035801754464087,
	"Orc Leather": 5.898909834778517,
	"Dragon's Tail": 5.825279162469544,
	"Heavy Old Tome": 5.6984167644178765,
	"Studded Armor": 5.400030569453766,
	"Health Potion": 5.194542602128096,
	"Titan Axe": 5.184420690502519,
	"Demonic Skeletal Hand": 5.149326927888705,
	"Berserk Potion": 5.08431511710433,
	"White Piece of Cloth": 5.0439087680961485,
	"Spellbook of Mind Control": 4.952708600302184,
	"Yellow Piece of Cloth": 4.922739412438,
	"Platinum Amulet": 4.8531866002414645,
	"Poison Arrow": 4.830572624831423,
	"Ghostly Tissue": 4.818150778475826,
	"Burst Arrow": 4.70776833604532,
	"White Mushroom": 4.61438847035949,
	"Orb": 4.505032488215059,
	"Cyclops Toe": 4.429280397022333,
	"Studded Legs": 4.283764017552413,
	"Miraculum": 4.186974532441111,
	"Strong Health Potion": 4.174656789645741,
	"Magma Boots": 4.062147241177976,
	"Skullcracker Armor": 4.024113181078255,
	"Tarantula Egg": 3.9866919471970808,
	"Scythe": 3.9653963058218378,
	"Minotaur Horn": 3.926541264894084,
	"Thick Fur": 3.9031802120141346,
	"Mammoth Tusk": 3.7992932862190814,
	"Grapes": 3.746340842560774,
	"Book (Orange)": 3.725006828735318,
	"Plum": 3.6079265728210586,
	"Katana": 3.600324536080876,
	"Obsidian Lance": 3.558802272602061,
	"Small Treasure Chest": 3.457849570923776,
	"Steel Helmet": 3.426122346996201,
	"Green Mushroom": 3.4019596232710185,
	"Bone Shield": 3.198362108125219,
	"Northwind Rod": 3.1325695581014728,
	"Damaged Armor Plates": 3.0407877273447093,
	"Falcon Crest": 3.0289742968703126,
	"Hatchet": 3.018179920563316,
	"Grave Flower": 3.0027397387153263,
	"Ice Cube": 2.987055977187095,
	"Leather Boots": 2.8927868107487713,
	"Strong Mana Potion": 2.810495712262631,
	"Pelvis Bone": 2.71312687369615,
	"Poison Dagger": 2.6575487982400317,